analysis_type_uid,Axis.1,Axis.2,Axis.3,Axis.4,Axis.5,Axis.6,Axis.7,Axis.8,Axis.9,Axis.10,Axis.11,Axis.12,Axis.13,Axis.14,Axis.15,Axis.16,Axis.17,Axis.18,Axis.19,Axis.20,Axis.21,Axis.22,Axis.23,Axis.24,Axis.25,Axis.26,Axis.27,Axis.28,Axis.29,Axis.30,Axis.31,Axis.32,Axis.33,Axis.34,Axis.35,Axis.36,Axis.37,Axis.38,Axis.39,Axis.40,Axis.41,Axis.42,Axis.43,Axis.44,Axis.45,Axis.46,Axis.47,Axis.48,Axis.49,Axis.50,Axis.51,Axis.52,Axis.53,Axis.54,Axis.55,Axis.56,Axis.57,Axis.58,Axis.59,Axis.60,Axis.61,Axis.62,Axis.63,Axis.64,Axis.65,Axis.66,Axis.67,Axis.68,Axis.69,Axis.70,Axis.71,Axis.72,Axis.73,Axis.74,Axis.75,Axis.76,Axis.77,Axis.78,Axis.79,Axis.80,Axis.81,Axis.82,Axis.83,Axis.84,Axis.85,Axis.86,Axis.87,Axis.88,Axis.89,Axis.90,Axis.91,Axis.92,Axis.93,Axis.94,Axis.95,Axis.96,Axis.97,Axis.98,Axis.99,Axis.100,Axis.101,Axis.102,Axis.103,Axis.104,Axis.105,Axis.106,Axis.107,Axis.108,Axis.109,Axis.110,Axis.111,Axis.112,Axis.113,Axis.114,Axis.115,Axis.116,Axis.117,Axis.118,Axis.119,Axis.120,Axis.121,Axis.122,Axis.123,Axis.124,Axis.125,Axis.126,Axis.127,Axis.128,Axis.129,Axis.130,Axis.131,Axis.132,Axis.133,Axis.134,Axis.135,Axis.136,Axis.137,Axis.138
C15,2.868766066877845e-4,-0.005064917886846503,-4.114349690714737e-4,-0.0032263820724992833,-0.003425242408336261,-0.003402652992258337,0.002282629133734118,-0.004287283016173842,-0.001025641813863164,-0.0013181017152837531,6.915461112838736e-4,0.004319651944036576,-0.006648560854971307,-0.0049928889339154875,-0.0032202893804009875,0.001549653799750811,-0.0016901658494499244,0.003369122355652688,-8.999959226359608e-4,0.0034693116311874626,9.15592275294872e-4,0.008407709924317866,0.0012235575597325068,-0.005195028281370817,-0.0010521250680516371,-0.0022876597076121248,-0.003299993164138956,9.687575786684512e-4,4.23136200315615e-4,0.002636766506327403,-0.0012361618063882283,-0.006111500541132671,-0.0012394922150519136,7.551944643751446e-4,0.002311283919668965,-2.2627277734257726e-4,-0.0010492561829565008,0.001722850820318315,0.0013461491724201628,-0.0032128600076410233,-1.5864548950135805e-4,-0.0013756371658973955,0.0010580261246379878,-4.91458229041255e-4,-5.822857368134185e-5,0.003466207995496208,-0.0010584989223724661,-7.774914700543773e-4,0.0012580880215031915,5.676319624250078e-4,-2.099804088030712e-4,-0.001867561158179085,-0.0014085835719025357,-8.120348200359341e-5,6.425678643952045e-4,7.905480925289314e-4,-0.00276551522823787,0.0014064096659038112,-0.0012417793594200614,-0.0028705668645273626,-7.730411110809507e-4,0.0023568781619231313,-6.48591270081794e-5,-4.500835243162117e-4,1.699654110951516e-4,7.519161018365426e-4,4.091960404362826e-4,-6.938476457957591e-4,-0.0013871721459350508,-2.5055051471689556e-4,4.745098073556137e-4,-8.790257613785854e-4,-0.001818461578671081,-0.0012859563958635978,-3.713294810555906e-4,-2.97778100070949e-4,4.864451161237067e-4,8.449556553400484e-4,-2.857000499972655e-4,1.6755090053630824e-4,4.977478361074771e-4,-0.0012599135519512862,-7.482200907388454e-4,-6.08826441514066e-4,7.450069647989193e-4,-5.090509475101818e-4,4.383333746327451e-4,-4.533998100198248e-4,9.486902105806385e-4,-2.7337271802285176e-4,-8.299925158421612e-4,0.0011491590285101756,-4.569702056613611e-4,-5.961388871763479e-4,-3.889718291521899e-4,1.330818914413601e-4,-5.152369933858188e-4,-1.3248742586005854e-4,-1.8789493754660196e-4,4.058943054909605e-4,-1.913999867265802e-4,-5.611283945553739e-4,2.6190943675891924e-4,-2.724424290637373e-4,-2.0956042076779652e-4,2.753937475522256e-4,8.880488456471347e-4,-0.0012589618742933463,-5.117304732608864e-4,4.7253458922125364e-4,2.7630577374585316e-4,-5.592259398882134e-4,2.3689382801681718e-4,5.562430810436305e-4,4.7948353379968444e-5,7.004906427549078e-5,2.8755340403210434e-4,2.4014257546807585e-4,9.655170522905758e-5,-1.2687768253525622e-4,-4.5677397220699106e-5,5.341369127992975e-5,-2.4405638647204524e-4,1.558430505629319e-4,1.1656572642136762e-4,-9.032458726399584e-5,1.2716203908510532e-4,-1.382292125207769e-4,-6.0748520470607674e-5,1.7045343160991505e-5,1.7600918269621916e-4,-9.910976832458255e-5,1.5872967460706856e-4,1.0036097506383705e-4,-2.144567058106537e-4,-2.330887107694316e-5,-4.6423809312299425e-6,7.200665634427872e-6
C15-C116-C15ct-C15ch,-0.07266301070606072,0.05442745293335972,0.0417894233837266,-0.0038449217064936547,9.74792366010964e-4,-0.0023520535090193065,0.004127839542884275,0.0011275610677281098,0.014530928782018735,0.009898202513810673,0.008081471449905113,-0.004546117955563847,-0.007782943553188053,-8.943761809368727e-4,7.870858627448071e-4,0.002365968331485731,-0.0018363332502315706,-0.05888774159266809,0.018160921677689127,0.0030844240992930743,0.0024252305524841418,0.018056692828678004,0.01151995689893987,0.003265955051782536,-0.00678559275396487,5.671058111589888e-4,-5.897504816433871e-4,0.0036750266791598218,-0.0020627262984874717,0.0031809705876514487,-0.018018724285081944,0.005160780977929039,0.00830893570053907,0.024802668072347163,0.0027240248757497117,0.004601125673182627,-0.001272891207967618,-0.005749764078955867,-0.006062346078955395,0.012306967284169135,-0.011842597480716558,-0.009470586895555867,0.0032280155620675217,0.0016937193337545494,-4.2806481813892317e-4,-0.0014394424663277407,-4.930363247690962e-4,9.369830438305711e-4,3.681582489189229e-4,0.001506328290037344,0.0019106463046388335,-0.0021697666987476666,-0.0017486385487035351,-0.009306716975876924,0.0089523482221416,-0.0017405584331809014,0.0018348113172709925,7.014548336791198e-4,0.009537410092599072,0.0027756982749593023,-0.002759037549828287,-0.0020734192801213124,0.0021980526500366294,-3.9353391996868636e-4,8.053859994363959e-4,6.331006444308607e-4,3.0970477143181627e-4,4.353284161787809e-4,-9.062511873297788e-4,0.0053662825078732365,-8.930782276293734e-4,-0.0018108998560146944,-8.697522555918412e-4,-1.9020267440135818e-4,-3.3466064407988244e-4,-0.0015012378829099087,-1.0526128415284642e-4,-0.0032985659363250837,5.252387408740354e-4,0.0012939893053652268,8.196052018309404e-4,7.421645131846599e-4,0.00453882142921585,-6.673476093743769e-4,2.6169899135451946e-4,-4.28463898584055e-5,5.029290741617066e-4,-0.002621348614874286,3.578340079664204e-4,-7.22499699891303e-4,-4.961135580241506e-4,9.954379679472415e-4,0.0018950064550030251,-0.001620054291185685,4.8165281548628934e-4,-4.545901687142495e-4,-8.915013167066965e-4,2.4290272299775734e-4,2.5662780358573506e-4,4.932114140855363e-4,3.476784755528648e-4,-9.067245003159289e-5,-1.5456057015451628e-4,5.331579916642373e-4,-7.548877503994263e-4,-0.0010309216187675114,1.5462610008663602e-4,1.796308455414111e-4,7.727549397862089e-4,0.001087304500097302,-0.0011494388080365919,2.9272152234806575e-4,0.0012705716590412476,-1.7394407238607672e-4,-9.669372338890764e-5,0.0012440322721105625,-1.228896812556104e-4,2.2141983126570673e-4,6.139959440632603e-5,7.308927224628315e-5,1.0804913516317936e-4,-4.274062688382033e-4,7.352999607370368e-7,-6.852194235397589e-5,-8.385882595739256e-6,1.4841689704305724e-5,-3.0471447236094044e-4,7.732424006253372e-5,-1.376323253278557e-4,1.3301268712168955e-4,-6.560988930231057e-6,7.253771224537871e-7,2.637395262348456e-5,-1.9204243841997376e-5,7.558823278801291e-6,1.367646473672039e-5,-3.33103857177651e-6,6.099080546368399e-7
C15-C116-C15yi-C116ca,0.0029434795590610016,0.015145921539057309,-0.0027169650584735064,-0.008798577285022022,6.264650072491401e-4,0.003079508042278915,-0.009850452311764298,0.016301923725103074,0.03380937136427952,0.033926852139228476,0.01584087048274987,0.041000371431886,-0.006596964072935164,-6.528002443749016e-5,-0.0035574424754746155,-0.0013732846122010388,-8.26512896191655e-4,-0.0637940612101536,0.014325446485354514,-0.0019379571252305407,5.800834016377004e-4,0.007284998366581247,0.02328000244795068,-0.0038736421924043638,0.008516690802371394,-0.0049589447454878675,-0.016486116867771898,0.0015475124449610468,3.9796114576204074e-4,-0.004359140056969331,0.004667585689588734,-6.39563551544817e-4,-0.0020790603336518394,-0.004631083970992748,0.001262866054895012,6.562657581174762e-4,2.8139685029890323e-4,0.0021589115254327896,-6.678654200219851e-4,0.002407862026167378,-0.0032385942716137203,0.0013985071455109024,3.528776787146831e-4,0.0026920323788624996,-0.001226193121636755,-2.958929856493306e-4,0.0015005211534565171,-0.0014393670022344789,-5.582712053469441e-4,0.0027821306307136023,-0.004447135036807443,0.0013475165856325644,3.9090024963462446e-4,0.002189586543832765,0.0013784199284883024,-4.505697613056256e-4,0.0049182658216556045,0.004956156435807771,0.003289434355535587,0.0022338422544352075,-0.004613531016455299,-0.0011706044874341278,0.00385548830096713,2.686248871847843e-4,5.911045591984241e-5,0.001756361218008197,-0.0010566484025808177,0.00291754074633279,-0.004195204571691226,0.041480378597545116,-0.003791799825286944,-0.0013702990377979086,0.007790225140093939,0.004631323898587779,0.0024451697651618237,0.008186892272596282,9.846303519790017e-4,0.006967467008721495,0.0034046668225311215,-0.00405415231597058,0.0023069387692403894,-0.0048317315321335305,-0.013872574743533848,3.0435607371549794e-4,1.6628392789788747e-4,-5.121118549744745e-5,0.017293691989581722,0.011665692468107058,-0.0030061656779947015,-0.0037956505501477895,-0.0020964036872414,0.0011840464696027118,4.541566092582443e-4,-0.001828547885907358,5.100273004699068e-4,9.447547629222588e-4,0.0053943633245190125,-9.355290484139332e-4,-2.617258538344023e-4,-0.001634163831924783,0.0017769149319756972,-0.0015652738713162772,-5.395409668578041e-4,2.9282643414352884e-4,-2.1947788603527975e-4,-3.8443594553684904e-4,4.6430914851253294e-4,2.0971758611213203e-4,6.6636490361789785e-6,-5.100404510503039e-4,6.116619267505281e-4,2.0873618644836253e-4,0.0010954929478422784,-1.6342929189290276e-4,9.038178534268238e-5,-0.0012486126028257818,-7.914296814927257e-5,3.7143479930603284e-4,-8.572679056825504e-5,-1.6426033010874296e-5,1.2685742385799633e-4,3.082434981671354e-4,8.061524344939378e-5,4.728247056497415e-6,-1.4636645326388702e-4,1.3978191341542109e-5,4.302138624994162e-4,-4.4064922121112354e-5,2.228801938097212e-4,-8.420304186222874e-5,7.258721652129597e-5,1.0916545909163982e-7,-2.9327662670462207e-5,8.605613455929409e-6,7.743893722335453e-6,-1.9777161294921467e-5,-1.6245495130992219e-6,-6.591054596413339e-7
C15-C116aa-C15ad-C93l-C15tf-C116,0.006141385181803493,0.006804497102325784,-0.0065306606004948645,-0.0024925532567456753,0.0014803766924580822,-0.004021951457204732,-0.006217624872677141,0.007473261835524748,0.012641436541900258,0.014051559087458514,0.007711910302757656,0.017552692271766143,5.618682797155123e-4,-0.009269269932134446,-0.016750237997653353,-0.004426546759152411,0.002439160975419006,-0.028111515980554284,0.012167193629306152,-0.004041136004231326,-0.004274309339418934,-0.02822785846586795,-0.051613133762830554,-0.007759597681003485,0.022776045932266772,0.02881509857172073,-0.001537201862880829,0.009219377126392161,-0.011160364784656401,0.029039180935122706,-5.480134160809142e-4,0.017011394662536487,0.006234759361120364,0.01453208349358301,-0.00993384981737932,-0.0014753577143232965,-0.0010241083611410321,-0.005719162394610799,0.004870601986475927,-3.3682255721607886e-4,0.006594391080213941,0.008518305151987727,0.008313370122201095,-0.004154783498212415,0.005111029319472852,-0.0021885219543437136,-0.008067642411287856,0.01824510061067904,0.011965832216891487,0.004363150430656121,9.744923857877063e-4,7.503276222234055e-4,-3.0130968654871364e-4,1.2145516508574117e-4,-7.523148653195976e-4,0.001194233736424972,9.547287268487156e-4,-0.004175573747248563,0.0013223838454374563,-0.0017463906497292652,0.0016970091268565493,0.0036375442909106523,4.3989409699659454e-4,3.61893794566497e-4,-1.166618881207704e-4,-8.372203737702077e-4,-8.950781037670559e-4,0.0025530374672075528,-0.0012475779051408095,5.87685334165856e-4,8.923913807682589e-4,0.0016495912368850714,-0.004912001274883235,-0.0010386610179149082,-0.0027669310151895716,-0.004668090800190678,-0.003419271441809873,-0.0012061083473601261,-0.004278044881522747,0.0056205268836729836,0.0031277013566348958,0.0046338735096718734,-0.002744539222860837,2.3540359880407866e-4,2.77528015231499e-4,0.00145484272448807,0.001975704018956043,-0.0023504748485131542,-0.001449329413670486,-9.155964858055404e-4,-1.010878276628322e-4,-0.0013241018102299897,-4.376440068966459e-4,5.094663079247747e-4,4.707508622209941e-4,-1.9571183862942076e-4,-0.0011973607384945372,7.712573773688541e-4,-5.099701169158658e-4,4.7192121102484325e-4,-0.002190049732007642,-0.001888581874454084,0.0022365570425402284,0.0019037998355143707,-0.0010302106149506518,-5.309520297847263e-4,6.588998306564797e-4,-2.1820033670944628e-5,-9.01732448699637e-5,2.953741115414201e-4,-4.119765884149856e-4,-0.0011175711572569214,-6.552389534971687e-4,0.0011003551811638692,2.401224861049465e-4,-0.002894195051384704,1.4405068526542113e-4,0.0014804092932843888,4.4458087048732006e-5,3.4897642389348214e-4,1.9540396151995995e-4,4.413129903046029e-4,5.012288867138078e-4,-6.467677059417385e-4,-7.218112261412693e-4,1.1533389972174807e-4,6.23673191007336e-4,7.810768343079559e-5,2.199312959594401e-4,-2.32207179445786e-4,1.3255705566801184e-4,-2.027307779184615e-7,-6.44895395562958e-6,2.8273383669494323e-5,-3.911866517436977e-5,-9.240279722560523e-6,6.050053121273389e-7,1.5122143199667169e-6
C15-C116aa-C93l-C15tf,0.007233846869856467,0.0011428237873051554,-0.00740724485205139,0.0025745411974435264,0.0010446226441105672,-0.005195535590002497,-0.0037139671379975937,0.0015668300732071705,-8.504797947658273e-4,9.099511585441949e-4,0.0012948782744854133,0.0020734953339078006,0.002408081566720124,-0.009296058876172667,-0.014073209508580278,-0.006979210989960445,0.001857045769815759,-0.006306000046807332,0.006148578914991286,-0.004047830284731318,-0.00507796886832363,-0.027158923393270692,-0.03211300525165596,-0.018257843906753595,0.033788418325209575,0.028971427966543506,-6.454107814459588e-4,0.0070141425546252955,-0.009497867219813482,0.028695792402401377,0.004921732499591453,0.014972824583088124,-0.004873400785016852,5.429427784259632e-4,-0.003423558329943557,0.006688265469478057,-0.0012049598113674758,0.018836949169883384,0.0012435337137537122,0.014892758349281238,-0.005820138156750307,0.014630256336380796,0.013227886897751106,-0.006128897495697927,0.006146678451569899,0.0012463574356929717,-0.00760059098661007,0.023627190307828488,0.010947974456758424,0.0036787688157716427,0.00448447392192807,0.0036817531886051175,-0.001992108479560024,6.027975010638854e-4,5.2829662713981116e-5,3.50390285132807e-4,7.424337916507735e-5,2.086626832376323e-4,-0.0016435418697122322,-9.309979858622884e-5,-0.002546236204888856,-0.002936710108234837,5.147574273868799e-4,-3.282521950311428e-4,-8.074321948806048e-4,3.329550179820284e-4,-0.0014505193506775993,-8.887830866147841e-4,0.0011623563013135813,7.570810518351402e-4,-5.131172209409115e-4,8.276227340692696e-5,-0.0011393404714161307,-1.6342088165414222e-4,-4.8229006170514763e-4,-0.0011252094728422077,5.034657924182661e-4,-6.316269988987055e-4,-0.0018661755588531902,0.00122789224998547,0.0011799833498177218,0.0025321615004946195,-0.004175126400146167,-0.0017181104818848208,0.003264410285888839,-2.3717170367289426e-5,0.0013332483260779658,-0.0050358231929172196,-0.008297166502701448,-0.007253041084463155,-0.0022651952386471357,-0.0030051748624993,-1.9014817477089761e-7,-0.002089900084343464,0.0035317816261022515,-7.872336326727242e-4,-0.004379555646968967,0.002455789621390539,0.001268537630090618,7.529585116882286e-4,-0.004826575858200164,-0.003714742748759612,0.0038440914756619235,0.0034042020636264603,-0.004114503890118538,0.0012691940884909565,0.003731925213452994,-3.0836138592926955e-4,-6.053508220467402e-4,3.459307565412171e-4,0.0022764509053409833,0.0035862009241749812,-0.00195471269391205,-0.0019277670490407644,-3.342638626933466e-4,0.00216592948154051,4.5553138535508146e-4,-0.0025490481717190586,-3.0846361942872106e-5,-5.743250960412554e-4,-8.551820514637353e-4,5.544436536625364e-4,-4.2797812165435963e-4,3.339943525786516e-4,5.858165882226161e-4,-1.1426399621265965e-4,-1.6529438607630067e-4,6.909179331477479e-5,1.1348963355302105e-4,1.528621824647199e-4,-8.352922865155805e-5,-3.572445587032393e-5,-2.1158495967867392e-4,4.669752575422707e-5,7.110663874957379e-5,-9.49626885659483e-5,-2.1440986792400032e-5,-2.0583570020131376e-6
C15-C116aa-C93l-C15tf-C15ad,0.007146190687666622,7.847362055237059e-4,-0.007228558708181244,0.001540767875924944,4.890140806885375e-4,-0.004524302334530373,-0.004143340449736626,0.0022321192922645453,1.8374409181000812e-4,0.0018967586773051166,0.0019217370974194373,0.004191355104537152,0.0033032841382428487,-0.00908641298601537,-0.016229013736978125,-0.004901469608321438,0.002403043162448736,-0.01076725503339536,0.007757194140661745,-0.004136852859843474,-0.004565974268773099,-0.028395859425207625,-0.045710734468794444,-0.00914937442411724,0.022488290819661604,0.024823696263774966,-0.0015913512081923574,0.006944203289401395,-0.00888297670014043,0.024746033311739073,0.001486884171750664,0.01440526956007141,0.0019394300611793411,0.006144389371644118,-0.00769047609902914,6.578912206033502e-4,-2.818124111803525e-4,0.005837767821315096,0.0071886571798832535,-0.004223265028444051,0.010365854654397976,0.007839671912435767,0.008161075860756886,-0.004204335452696623,0.00630504011481634,-0.0015858217975920127,-0.00728724269479646,0.018338271619354158,0.010480627035850001,0.0013780106083112723,0.002708113974587038,8.402892221382592e-4,-0.0017087808595956243,3.334588309429045e-4,-4.519052098527181e-4,5.280023134454903e-4,3.0157750128629235e-4,-0.0014019486086173448,9.637401452924502e-4,-0.001592887433834214,2.1529706030810975e-4,0.0023692602714789584,3.892816044317501e-4,1.5346183448595774e-4,4.024145272799531e-4,-4.587432094114621e-4,-5.52597896154516e-4,8.11140787094961e-4,-0.0011306541573197972,1.724289350675199e-4,6.337430868722212e-4,-1.5471859948517814e-4,-0.002810298895702426,-5.271032990300635e-4,-0.0010084899599175103,-0.0020485321605512906,-9.80148841957007e-4,-8.046529016470297e-5,-0.00208886477447253,0.0017479308309924502,0.001560074135350521,0.0019595139868425343,-0.004956235763002901,-0.001299482989758052,0.0029088339158711567,-0.0017170739678380627,0.001297395668187423,-0.004540757170155342,-0.0035266593099291584,-0.0037287146231302763,-0.0013380216344572467,-0.002009343574974819,-0.0021349522003905087,3.415067310633157e-4,-6.684370835594298e-4,0.001273298070884173,0.0042845023329264745,-2.6568756185279554e-4,-1.458809801391628e-4,-0.0023729681147287396,0.0016137708074358253,-0.0015211108504997128,-7.312662109904802e-4,4.796235297656581e-4,0.0014425673854434717,-5.573643268643549e-4,-3.017491645909396e-4,3.82999431052158e-4,-5.187753226343113e-4,-8.154682082788151e-4,0.0021474634472361358,-6.722721866248527e-4,9.620943492289676e-4,9.620671783120706e-4,1.1368388856834297e-4,-2.4916442694775776e-4,-4.05401318822802e-4,0.0021078685968360213,-2.8549656279409368e-5,2.830688835981333e-4,9.68988583619605e-4,-4.946662139554099e-4,-6.404409252442653e-5,-3.145927406209275e-5,-1.9020560448858054e-4,3.7713917533525404e-5,1.939990916002647e-5,-8.693843806034276e-5,-1.31439474649606e-4,-1.1113868470223314e-4,6.512135997092869e-6,6.0372325727930404e-5,2.222174689474371e-4,-5.245116106657518e-5,-6.395451764933798e-5,1.0260733805359547e-4,2.2338856867201764e-5,1.3839912508682209e-6
C15-C116f-C15dz,0.0018317623443395734,0.021233722619205826,-0.0029131870754798704,-0.010740715557855416,5.857254225456354e-5,0.00625906019625114,-0.021610302151708827,0.03823238625543051,0.0753535650705524,0.05415378838879383,0.03831399274714794,-0.002252670285817496,-0.019333946757982463,0.002137692287104806,0.014634768900752812,0.0063723584023832654,-0.0012233149016851522,-0.001362807934271475,0.024485645600957028,0.00821514707780309,0.001011615040715254,0.018776870009271283,-7.747112387680949e-5,-0.0037107682543982543,-0.009359389671323399,0.006632659727424389,0.03280553476963815,-0.004013475649667239,7.710654361699147e-4,0.010611331076656856,-0.011240546972336262,-5.469176682449169e-4,-0.0041705635435168595,-0.001025286307196109,-5.68804891416795e-4,2.951117112344145e-4,-4.278210432693146e-4,-0.004247454844665853,-0.005471001584933101,0.0056811223768469905,-0.005134944849172217,0.0020060654136951754,2.3130259565726924e-4,-0.002063233493632275,0.002536707226145184,5.507927245826147e-5,0.0014433590284641086,-0.0023810902986611147,-0.001876818166849115,0.004665600997662791,-0.005822685232762899,6.388434260743218e-4,0.0015560199122956256,0.002309288754397575,-8.239985738498329e-4,0.0016817460118444373,0.0028519957864970337,0.0011136205135230633,-6.100383616278064e-4,0.0023577953784647073,9.21828233064786e-4,-0.0016328710863151626,-0.0016301966208919847,-5.140251252507752e-4,-2.62833623320212e-4,-3.5636871124385735e-4,8.505191234526473e-4,-0.002766885086294856,0.001269457437692631,-0.005617036156418339,0.00120734779608638,-0.0031545552347282298,9.442665631416852e-4,-1.4223411402231484e-4,4.8179117857214895e-4,0.001099938127593781,8.890393646616441e-4,-4.213530283784822e-4,0.0014615188276272523,-0.0014627555982439978,-6.581197764888077e-4,-0.001006249672871987,-0.001662253391362295,3.479785617958462e-5,1.3347654891335368e-4,-3.7011632789563597e-4,0.0010548554953747865,6.481223204684668e-4,-7.713039327115709e-4,-6.430300050916555e-4,-1.8623664440684283e-4,-1.3848187001607273e-4,2.700755306775903e-5,-7.58606094270413e-5,2.693002251829062e-4,6.617750509262935e-6,3.118463836982633e-4,-9.491987678472313e-6,1.7458552161348862e-4,9.670779398048467e-5,6.0804713898736495e-5,3.796703757665726e-4,1.73459688909669e-4,-5.267902572746144e-5,-8.526682800278066e-4,1.8586896644005266e-4,-0.0011492060441208303,-5.243697484709633e-4,-9.600226600334088e-4,-6.355436163821603e-4,0.0011291074746271573,-8.56118097037093e-5,3.532610858849149e-4,-2.2815569082166025e-4,-7.175940440837265e-5,0.0012239905352345157,-5.841510311820187e-5,-0.001061866619614515,-1.3616710451354339e-5,1.2259988874726623e-5,-2.9091691252867974e-4,-4.4010347254299175e-5,-8.994578437310665e-5,6.446877214414835e-4,6.304045570181214e-4,-1.9112235154779243e-4,1.0945360883452008e-4,-3.151848921488339e-4,-1.7024677658249586e-4,-3.8290796005684445e-4,-2.2055505892135086e-4,1.0821476637335596e-4,3.018321033737391e-4,-9.219840566859987e-5,-7.308415226856217e-5,1.0496891303573139e-4,1.6098329536469605e-5,5.406480554339059e-6
C15-C116f-C15dz-C15cq,-9.178076919344845e-4,0.025221295822683315,-0.001256747947041665,-0.010755461032708183,1.2688728003040547e-4,0.006848315302957491,-0.023417184157592544,0.041040016511762825,0.07979840854332243,0.0541495940168678,0.042191437120357604,-0.02386104292211464,-0.018361731017480776,0.0028617178616297044,0.014674959935173261,0.006522245102628079,-0.0015266826193354917,-0.004692265636273309,-0.0014743424543153273,0.008145955654487502,0.0021530642004240264,0.014342864135799625,-0.005543493997091429,-0.0038578964337723054,-0.0021340382034667803,0.009059328838855409,0.021588899078916562,-8.01916747037574e-4,-0.0021617333491793793,5.59539766663142e-4,0.03026036119635507,-0.01777221896887686,0.002635764791434691,0.01453976089020502,0.0015933914204190583,-0.002374412765287019,-6.556890581288942e-4,-0.012826412907629009,-0.006091456536001028,0.007721270267171599,-0.008417286542960542,-0.0027963612438482066,-1.1974994288568553e-4,-8.922684024236214e-4,-2.126177791575822e-4,0.001255101971878477,-4.5419214596778566e-5,-0.0025967886192550934,5.200257113125764e-4,0.008834493181685778,-0.003626079997189108,-0.0014863358006196857,0.004344027751286029,-0.0022157816031569137,-8.12058515508522e-4,0.003880307148961755,-0.0017581767737293401,-0.010561578825648961,-0.0039119502577061845,0.0013688499818776435,0.006364580101861776,-0.004445848074538461,-0.005652812122872774,1.6721425555300416e-4,-2.016086674314702e-4,-7.941270867638504e-4,6.112224683937502e-4,-0.0030688932178750787,0.003852288261747182,-0.009320334129489813,0.002193026344149077,-0.006615616643098122,0.0025986658213134352,1.738012577466954e-4,6.32442785005798e-4,0.00268448445024909,8.775978384195898e-4,8.044705196226222e-4,0.0018886196800625547,-0.001312846563572018,-0.0017174130283427417,-0.0020625319795767702,-0.007597001088674237,6.716367355014658e-4,-6.911676246225462e-4,-2.351346626780854e-4,0.0013545415576513202,0.0016065309395706354,6.388889443757816e-4,2.366287692732841e-5,3.084516784143679e-4,-9.196304742879478e-4,-0.0017076217121964937,0.0016107026495768239,-0.001463375906156489,-2.7889364630932802e-5,-0.0010883160141462352,-7.870699811278977e-5,1.1018959816948675e-4,2.835174061655769e-5,3.5171368104476275e-5,7.698451163256758e-4,-8.110813305520297e-5,-0.001011516342004055,7.685771968246304e-5,8.689594651256975e-4,-0.0017927099321115893,-8.307465792391423e-4,-0.00200064213927539,-6.518207366319205e-4,0.002683709495414261,4.57519106059998e-6,5.380838399491393e-4,2.8556377911247366e-5,6.563716443075072e-5,-5.034684331111341e-4,-2.6596922142296744e-5,3.5199043420578325e-4,1.2974606441366906e-4,3.9508833918684016e-4,-8.793737944994666e-5,-4.4600133788045356e-4,2.388039294208889e-4,-3.136636526808921e-4,-8.552028447509555e-5,3.172581807087214e-5,-3.0051752216375617e-4,1.223934323858458e-4,-4.4742556871358514e-5,1.7761450809897748e-5,-2.5204955473545547e-5,2.4944734254824436e-5,-9.805179322779782e-5,4.5552843388453056e-5,-3.1784749363365472e-6,-3.055280249243018e-5,-1.4649798308156136e-6,-2.2547042685138665e-6
C15-C116f-C15dz-C15dl,0.002451731799495807,0.024218356973202,-0.0036849644484205656,-0.011211735496951035,2.199788868511356e-4,0.007755544277940923,-0.025087974509135275,0.04408546562333593,0.08582025699719807,0.061801822943343056,0.043498700930901475,-0.0037008167143906356,-0.020802960753285193,0.0030898936560068173,0.016662978552233008,0.00726628643376495,-0.001574955550629725,-0.004469751546531153,0.026702018656550364,0.008544268041616936,8.875676949853821e-4,0.01988999309900273,6.316403254725981e-4,-0.004309974429123639,-0.00888467396311984,0.007698840363441529,0.036593130131972476,-0.00472107891768722,6.707741175482176e-4,0.009685482076948622,-0.001960010973627258,-0.0057827921446303035,-0.004066907747100852,0.0028712439214069125,-7.810080053965795e-4,2.110845953851914e-4,-2.8030739298538836e-4,-0.008155458175575484,-0.007602576871549542,0.0077190418788651086,-0.01021952674802866,0.0024930787164684255,0.0021479757706181005,0.001249193062912299,0.0031198135137842017,-0.004536322940585801,0.004095968492501464,0.0019794593100929,-0.006608794035416964,-0.023205523015982606,0.006400061396290142,0.005944632711559502,-0.009352567568769461,0.008743456700141115,-0.002980517189467613,-0.004048877527397662,0.005162488679728779,0.0172572824476981,0.003519952793723198,3.4603798829631425e-4,-0.007608528911183299,0.0026250187633610673,0.0040914021215985195,-0.0014871876656907127,4.591759916361967e-5,3.3678275498104875e-4,5.471570867392039e-4,-0.0027067316774312153,-0.0023183198889194837,-0.005034234875129698,2.5395217066929965e-4,5.114211156622899e-4,-0.002857472596831847,-6.600205099117003e-4,3.4458184404490986e-4,-6.14549586521492e-4,0.002271149130934581,-0.0011877645916685883,0.0011848792336639812,-0.0035502310643735183,5.721013136360926e-4,-8.764927908237402e-4,0.002213627134998855,-0.0024598530926383355,0.0035897205837151203,-0.0016818361791773523,1.7703621171898828e-4,-0.0032155687677378367,-0.003134072046373204,-0.003464005836502847,-0.0022165694250758598,6.863001623258312e-4,2.9799556590883684e-4,-0.0025425391967467893,9.655639506575365e-4,0.001060989656865765,0.004775734011023275,-3.7010279198029523e-4,-4.048441901591148e-4,-0.001826159632574914,0.0021388101438483,-0.0012956492921004394,-0.0016346438996990838,1.6392294802940947e-4,9.072859745214391e-4,-0.0012418480306341903,0.0022657876447960772,0.001134908225704976,0.0018536681630994909,5.613945343590028e-4,-0.0029476462416586154,-5.630336891401668e-4,-0.0015361552233600151,9.136327925745494e-5,-2.2897822545794095e-5,-2.1905480645721955e-5,-2.231659069278704e-5,0.0011020005221620613,1.1240420574442905e-4,3.162316397671445e-4,3.353671668907981e-4,-8.754354031390674e-4,2.9861695104927403e-4,-4.580948614286135e-4,-5.580860833760241e-4,1.880308389812418e-4,-5.560888820308776e-4,2.6530448216497495e-4,-6.382621189738002e-5,4.1923639931776865e-4,1.0594099535793018e-4,-6.75249959204809e-5,-1.2596879706153698e-4,2.104335817006816e-5,5.079953275566567e-5,-3.380407426320478e-5,-1.0378690902814746e-5,-1.8410614629030707e-6
C15-C15.8-C15adx-C15ady,0.01153054401775278,0.001526190108904517,-0.010922164911691642,0.002542309679373245,4.47917863728111e-4,0.0011067310718094027,-0.00827962769663474,0.007017358104891709,-0.0030217047510417917,-0.003108199393255519,-0.005810430330228089,0.002243152929956501,0.01421575674986106,0.02970798810343674,-6.460357349326115e-4,-0.0015630736781201073,0.001512121848071409,-0.004445432967380363,8.144166446906193e-5,0.018893445629173798,-0.01826443565480006,-0.052777809728029465,0.018999640794958163,-0.0682745305294814,-0.06777853614834034,0.0028567733762369946,-0.002100144668727406,0.011205315577347245,-0.005617910650171047,0.005350093052496099,0.005653484518728892,0.005096740382441014,0.00611894813797686,-0.0011872163009589755,0.002278975404888056,-1.443385056648436e-4,1.2513723660572632e-4,7.082935654987001e-5,-0.0036217120742532594,-0.0026819816855196328,-6.250809847431052e-4,-0.0014320530862497554,0.00869814306997964,1.844568180114154e-5,-0.0029908526709371747,0.0017621001790486567,1.6390871783597422e-4,-0.0013136619163159353,4.2748126834816905e-4,5.036718886764878e-4,-3.3914249117572576e-4,3.934013212257214e-4,0.0012871731228090415,0.0016542960918121353,0.00328767605216427,-0.0013267868682434298,-0.0019806977909811777,-6.643797374487765e-4,-4.5690954696625205e-4,-0.0018273654886111468,-3.8044411985601717e-4,-9.643071764023705e-6,-1.526974491143596e-4,9.843981954607582e-5,-6.010136171427334e-4,-1.7607254829885672e-4,-8.233802980727802e-4,6.157432113467687e-4,1.3423021321760212e-4,-1.8396838651882862e-5,5.816471132373396e-4,-8.465825723794375e-4,8.24906691169377e-4,3.8088765447475754e-4,0.0011986109572443714,0.00036253801937942615,-3.986257670674913e-4,0.0013560814304090902,-6.43189572911036e-4,9.485087182436081e-4,0.0013790561458958011,-8.525235974220403e-4,8.550095059069195e-4,2.978978379956627e-6,-1.3623129101764778e-4,1.5603605232727285e-4,0.0018231172233373152,-0.002146852126480221,0.0016734241906716646,0.004263003489770799,9.102826575681783e-4,0.0021123615038635174,-0.010136730518145582,0.007317928525354348,0.0263798252166203,-0.0027485409404644314,-0.0014880298150071604,-5.888316684221583e-5,0.0061521647493803025,-0.005440698675836823,0.006152926584923151,-0.001093156265544872,3.443372531998477e-4,-0.0032616721607294187,-0.0010064562268372402,-0.0012317755379227125,-0.0024327241990002306,-3.6480666655908393e-4,7.18655502627894e-4,0.002579652933210928,3.2496725938230796e-4,0.0020971348989862783,6.18885994183194e-4,0.0011140530866295927,-2.074956369763877e-6,-4.888691687201697e-4,0.001503054250844293,4.896132156540287e-4,8.562405080050743e-6,-5.734534043131127e-4,1.0649925507224555e-4,7.801186371081292e-4,-2.0257528832247197e-4,-2.579521030364841e-4,-1.6366579767057465e-5,-1.4744536548804411e-5,-4.6661447075661146e-5,3.163625908273932e-5,-1.5118561054923844e-4,1.2015715414104069e-4,-2.174929507443531e-5,2.4779894757344084e-5,-9.235355827625568e-5,5.5210413440550514e-6,3.6951880707639466e-5,-2.0284849470960924e-5,-1.0650077087414214e-5,1.1154204557040687e-6
C15-C15.8-C15n-C15l,0.006013418108788966,-0.002074455809198976,-0.006637860163135428,0.0017016222597776877,-1.1242160452913273e-4,-0.0045395294107385175,-0.0016741837008991854,0.0014462122660464376,-0.0020856976599983785,-0.005059664621916512,-0.007977812675497025,0.005411112583055769,0.0024607664767206006,0.030298724536571064,0.005906860412089825,0.0038440977557379703,-8.740650082825991e-4,-3.867143376258093e-4,-1.5424376872698306e-4,0.02045086736011767,-0.007629643316698961,-0.009083109668001764,0.0031493631120232462,-0.012026362944290244,-0.004137554901913515,0.004663893192574548,-0.0011373809056681857,0.002217489886882167,-3.4299885381027445e-4,-0.0013407779907758986,-0.0038764678922488956,-0.00566347822331672,-0.0037250088515165146,0.002144756701020756,0.005367173978286375,-9.114011118935551e-4,-6.755040719014014e-4,7.403486354573742e-4,-4.973476883081769e-4,3.8832325889768057e-4,5.163817210729445e-4,-0.0038669837383984696,-0.009859047170956517,0.001810627285431913,1.883635159089975e-4,2.654757508431844e-4,-0.0015604453207731877,0.0011426225152237318,0.0019336777036247676,0.001857097500381996,0.00118666528930684,-0.0014917130667061577,-0.003473577052482808,-0.004086459873195367,-0.005478697160617348,0.0010390763376688498,0.001622500489730842,9.545067139541031e-4,2.3098660314555992e-4,9.109061223632874e-5,-0.0011985994135418046,0.0018161628049257496,-2.491213058489564e-4,0.0031628383700002503,0.0072577594666374335,-4.968911808537769e-4,-0.0014110832279818158,0.001125313825739755,6.880506129270862e-4,-7.448497812320925e-4,3.6974941319592474e-4,4.3858022237030234e-4,3.6831704386700557e-4,2.886278046857549e-4,6.908727897949147e-4,4.2667784674525294e-4,4.776433568298526e-5,0.0013704113273280995,2.8753228799681033e-4,-0.001653199955035097,0.0021426305212890145,2.6946965248549694e-4,1.51606329141248e-4,-0.0011816077712867511,0.002455054004510476,-5.031554595224699e-4,0.0019732857679537067,-0.0018861165422037183,0.001852386549283838,9.395912416013408e-4,-4.1841093435107275e-5,0.0010456355170620187,0.0010917938111338287,-7.402305167749031e-4,-0.003271621258055231,4.290895759906389e-4,-7.075589212708803e-4,-1.3433076071724665e-4,-2.1646114342160867e-4,-2.4081273843764737e-4,-1.1947448815115526e-5,-8.968972928654297e-4,0.0010091998843428812,-0.001315248470583257,7.926706577808982e-4,-0.001482283177988001,-6.304896117979566e-4,-5.177789318025034e-5,-5.23197432598036e-5,0.00681713302731087,0.0020518865023694817,-7.434877392903216e-4,-0.001316249360977809,0.0013773803560643996,4.328234843993438e-5,8.382419852454132e-4,-0.0033718567981865415,2.0692203526756583e-5,-1.0750262935065655e-4,4.891402417347306e-5,-4.880805640298779e-4,0.0011418400442358748,2.7569548064283967e-4,-3.234977487978734e-4,-3.171120433690463e-5,9.354563378026927e-6,3.874649132293833e-5,1.5733320131099666e-4,-3.225072536732044e-4,1.6611080491383388e-4,-6.253637174500714e-4,-8.308689688108487e-5,-8.908988118770374e-5,8.723298338239427e-5,-3.8334663803729e-5,-3.692766749842846e-5,2.8615071609110515e-6,1.1832589874644152e-7
C15-C15ad-C116ab-C116-C15gu,0.004482198968575275,0.007449118761668143,-0.0040723415311993034,-0.007574769501111125,-3.2233118855079404e-4,9.443146242325701e-4,-0.00682285401144732,0.00965980528426811,0.017453850282009853,0.017808894514133415,0.009108036310501385,0.023581911968933673,-5.048839013481862e-4,-0.0028975120228165955,-0.010816526388069835,7.730044139585561e-4,0.0020071617098159113,-0.03123457356462941,0.009656238461648954,-0.00184752230327722,-4.323387258893401e-4,-0.009412390602906863,-0.03341917502995714,0.00896164073352723,-0.007899057084778229,0.0024012185716725232,-0.001953817105317867,0.003023737956604621,-0.0025955716239526583,0.0058459020341897405,-0.007400285804653315,0.004290872201064494,0.013898923395402989,0.019674705449498838,-0.011443598340557864,-0.009719078466168268,8.02186486863743e-4,-0.03138171389555566,0.006765317925613654,-0.02512618319969764,0.019361093214109785,-0.006396919332287308,-0.006258586946015649,0.004148441235798221,-3.325880691640634e-4,-0.00650308383243519,0.0021417734890034654,-0.014640060825622315,-0.0018112541689586643,-0.004964642693445385,-0.006870958468995498,-0.004860844579859451,0.0024981258051096035,8.351743197664541e-4,4.3402529500565466e-4,0.0022492497618229117,0.007253797539786063,-0.006117248001492356,0.006663171166967576,-8.907249840506119e-4,0.009539367429859317,0.011798322801309229,-9.2928894366566e-4,9.348339673127104e-4,-4.950605296275734e-4,-0.0022131778916483877,0.0016640483961973328,0.005111152092316445,-0.002526879151566197,2.787533525934714e-4,0.006659917571429956,0.0012300750527823026,-0.002181535292111212,-0.0012168614209599167,-0.003485206054458794,-7.321757178389359e-4,-0.0050928669695667035,2.400600915719466e-4,0.002584822002476173,-6.89213464207537e-5,-3.3795979171198057e-4,-0.002323216625811213,0.002738829525685146,0.0014953442948788386,-0.0013923038644475141,0.009623214212770815,-8.585670696137354e-4,0.003161477015431241,0.004693279134115447,0.0032228529094663417,-4.890793728122958e-4,8.635556318948252e-4,0.00111435299589253,-0.003045347831859755,6.577028200623431e-4,-0.001009906796224795,-0.005190869237896746,4.284034793550312e-4,-8.928786049216467e-4,0.001413928644481173,-0.0014777950668282455,0.0016542255249443233,7.331284909923073e-4,-3.6876544972786786e-4,-0.002620305107556824,0.001851397188618755,0.00213186459107795,-3.956527813984609e-4,4.048076605905005e-4,0.0013797200015902287,-7.279638648510474e-4,0.0018100421307927974,-0.002151717596165287,-4.851782218285626e-4,1.0151911360667483e-5,-0.0010066092747327638,5.35259618234931e-4,-3.831391895576809e-4,2.2631490744548993e-4,2.363617594488957e-4,-7.395976792846556e-4,1.9383444506855828e-4,-1.1640430557939086e-5,3.552592738681086e-4,7.032368128136836e-4,-1.338146377550757e-4,-2.7063878973146525e-4,1.3644930048296405e-4,-6.257501444865449e-5,3.898278085937962e-4,-3.0620737212903534e-4,2.4243400922478777e-4,-2.713897902593372e-4,-7.75564783222977e-5,2.117661170846203e-4,-1.197959284736779e-4,-5.986321362819592e-5,3.381165348507344e-6
C15-C15ad-C15ai,0.006202169387825903,-0.0012551161105322389,-0.005560377500680262,-0.002038181591308493,-0.0020804597119817537,2.2341522098867745e-5,-0.004554146196707241,0.002754840519384823,-2.5349072506966828e-5,0.0011031474997924887,0.0011457371853950764,0.006413394738077707,0.007224497811717147,-0.003970479937596788,-0.013332322517889376,-4.7623339178311e-4,-0.0031354577063530233,-0.0100148900213293,0.0060705304915504715,-0.0030977223853849703,-5.128483910910412e-4,-0.015236390895081244,-0.04356013683286445,0.02049592514399399,-0.02020682513523762,-0.004212348572713377,-0.0017503418917215936,-1.643145112242388e-5,0.0012233394427020915,-0.00883584229776605,-0.0026048256752152746,-0.002564196640881439,0.006289367384322025,-0.0022356040533481314,-0.0011922970333061644,-0.004101303912615215,7.49400856004012e-4,-6.159953941233384e-4,0.006388934884752562,-0.012923842686901913,0.009875484989631783,-0.00525935583962095,-0.0023533310317841736,-2.5134789647347577e-4,-1.651375193545411e-4,0.00215904932049178,5.484414870043807e-4,-0.0013089680694697654,-0.002455966308676336,-5.461380494773837e-4,5.744566018971738e-4,-0.0017600687505692583,-3.173392071690841e-4,-0.001691296730150824,-0.0013438544210748167,-0.0012358301672612585,-0.006108526238091682,0.003790639844324386,-0.0010932281094610395,-5.231205710297197e-4,-0.0018123904086980464,-7.301595534786185e-4,-9.001544923393247e-5,-2.2007976155903364e-4,1.2341934891681243e-4,3.948657653519217e-5,1.178795314520997e-4,-3.283660070295066e-4,-0.0010376079684603177,-3.7067372646628087e-4,-0.002823755323605471,-8.455157146141349e-4,-6.073506408711824e-4,-3.016983506923278e-4,3.9649002199632977e-4,-0.001849646437676703,-3.1605688034683807e-4,-9.20425180746243e-4,-0.002605596940191347,0.003434143419972653,0.002606995983932777,0.0025553821423940633,-0.0014064375082518392,3.766338074308298e-4,-0.001008311915657018,-0.008144736077884185,0.001966956290266935,-0.001055309363113552,0.0012209400329648173,0.0014626168060936624,0.0019323932570363266,-9.8283447509713e-4,-0.003553121454217239,0.005117534794580207,-0.004033152603311046,0.0025522666283645684,0.010203569827091693,-0.0020795752614173363,-3.814980152826764e-5,-0.0037102876016176472,0.004374959784346253,4.2815283668534146e-4,-0.00236917948139511,-6.471190441262199e-4,0.004004969693604889,-0.0022409586424928054,-0.002806036797395616,7.573164913552888e-4,2.3535341730681825e-4,-0.0021676998854094098,0.0010616216553926952,-0.0035362631236558672,0.002444545735311704,0.0021215180413107306,1.0617017642050201e-4,0.001382089721206497,1.1389966253131798e-4,-6.250983582666443e-4,2.0035042101825419e-4,2.595215702058252e-4,-5.384394261680286e-4,-9.387702068944577e-5,-4.237595784076568e-4,8.123119551304006e-4,0.001544451150580053,-3.28253050181331e-4,-4.369564201354487e-4,-7.05742013751495e-5,-4.06454533100283e-4,4.636865753530391e-6,-1.0645928025630423e-4,8.836190904512779e-5,-6.831404486289737e-5,-8.144207981556839e-5,1.3101353871714517e-4,-3.906134501710425e-5,-2.7437992097010225e-5,2.472080999889206e-6
C15-C15ad-C15ai-C116-C116aa,0.004637746282656397,0.009461548765078782,-0.004519643501051504,-0.008392810755472062,-2.6761760349425326e-4,0.0011031358025332502,-0.008488533282604339,0.011957471422852669,0.021020095352910866,0.021721985576254575,0.010888553024507036,0.029352202854843076,0.0033941731489610335,-0.004152576830951029,-0.01358543984780378,-3.6809926760978865e-4,-0.0031940528148156726,-0.038806304839837706,0.012983798039604711,-0.0032931650001981,-1.1043281688362238e-4,-0.015535137298806711,-0.05172483204581868,0.023331737881102953,-0.01936184135193553,0.002140176076715913,-0.0014029349466892045,0.003539978840056143,-0.0025590935418988037,-0.0013351370090458087,-0.004914273170405977,0.0022901946496831998,0.010982239097583935,0.010335982576866236,-0.004055966246823448,-0.006036210322431894,-7.202620297997516e-4,-0.015477329228407735,0.0012877530296638068,-0.0022196186586121163,0.0025469416475783213,0.0016422206401835182,0.0025588841272804717,-0.0017262853437425613,-5.778896071117029e-4,0.0014868522293226924,-0.00506456621768669,0.017406460139427232,0.004473345953420297,0.0089788806514961,0.001413870955590703,0.001112212207704629,-2.890854075940114e-4,-0.0013299500718330166,-0.002196213597461285,-0.0014133564160300376,-0.009018785803454171,0.001855376955003973,-0.0024896684631925603,2.3897738233552912e-4,-0.00336947654209197,-0.003743925865186906,8.272867179608314e-4,-1.4142916362096944e-4,8.918864375909113e-4,7.940544017426787e-4,-1.782599350837646e-4,-4.3801305957888773e-4,-6.811569917813247e-4,-7.615175920639644e-4,-0.0054467348491936615,6.113291909908696e-4,-2.7853468954815527e-4,3.0849655796680856e-4,9.738172865345513e-4,-0.0021869833656131227,1.3449790883534904e-4,-0.0013620039133509516,-0.003062710277907021,0.003646857546744063,0.0017189170456458228,0.003218658231010754,0.0022489928288880415,0.0013774134488796202,-0.002921923337833972,-0.005439311153781581,9.960863367113112e-4,0.0016735835474445257,0.002468622993640618,0.0030484780334134698,0.0023511259399715953,3.796918510937478e-4,-8.900334984975526e-4,0.0038625258314063634,-0.001898151290393504,6.367924038325865e-4,0.003707133937806808,-6.881163855964367e-4,1.1510180621648133e-4,-4.327626208494327e-4,0.0012158361579664488,-6.926389886336123e-4,-2.5523303724196375e-4,1.74060721525129e-4,0.0012304997135430898,-8.929445493481396e-4,-7.893503488700552e-4,3.208061197970787e-4,1.6790364523575167e-5,-0.0011588270501046093,0.001733468366925574,1.7176454942937884e-4,3.8881125650416895e-4,-7.660066691145041e-4,-3.5375298383265584e-4,0.004559556287814133,1.0540145394508537e-4,-0.0033824644355954377,-1.32351465322852e-4,-8.356961604089782e-4,-7.125752343578575e-4,-1.7687429375486276e-4,-8.092173349824481e-4,0.0011971783792024632,0.001456385740704192,-2.6963097768872455e-4,-9.481769597032377e-4,-2.4305335266293533e-4,-3.5382154611547954e-4,3.0301878710892264e-4,-1.9952977160650877e-4,-7.022753653565877e-5,-3.2132275409307586e-5,-1.4106671150757779e-5,6.197698755378878e-5,-2.534193108241938e-5,-2.3298199432873514e-6,-3.531249922244332e-6
C15-C15adg-C116aa,0.00650262381433098,-5.765942822637132e-4,-0.005687576333753805,-9.303864016914226e-4,-0.0012747273792959215,6.532137192503699e-4,-0.004086952082151237,0.002100018360836939,-7.671026096080723e-4,1.3859168628406161e-5,1.7490961780838749e-4,0.002647488533981015,0.002291408630382175,-0.0019510060341552454,-0.007479443808091218,-0.003080523378060961,5.616784568027776e-4,-0.003018568009922737,0.0017029187236418262,-0.0025940788952016213,-0.0017658453648683112,-0.00973830172681913,-0.011096939290910879,-0.004916424419901961,0.00752538143640207,0.0027924899816765695,-0.001451069709014244,5.938303783291153e-4,-0.0014790475590823104,0.010614569320184473,-2.3951924723191134e-4,0.003652543410069647,-0.0011355306203940743,0.004126788450825658,-0.0062927003381441525,0.0020388366656089248,1.930496553943634e-4,0.00226613109575322,0.0034547538004948636,-0.0032880620405295697,0.0015694933406688227,0.01862582079009007,0.015966418147667315,-0.0027802370887247923,0.010762030218403579,-0.0036264470604526005,-0.014594798651824172,0.049648029388720365,0.02199635442927275,0.006866564676367581,0.003527288200391141,0.004951438391549154,-0.006020557786945781,0.006053332154988098,0.0011535019063147515,0.002344297140488651,-3.2691149276741155e-4,-0.0010671079653525092,0.0010136881856842416,0.0018870846944839081,-0.002513596927774842,-0.003197658247831099,0.0024158216184882084,-2.4377151221552682e-4,0.0023243881129973226,0.00289900372969391,0.002795174269876831,-0.002806577564548956,0.0015749372732188423,-0.0016633458962121543,0.0028025112593805176,-0.0015368965263280732,0.007166327781953466,0.0016220958698971496,0.00422474670816733,0.009325211605870834,0.005527984720320994,0.003468802324537935,0.010317923727078546,-0.012963141764039983,-0.007437448502092293,-0.011498501745782663,0.010203785326402794,0.0012664421307067059,-0.003675963047127245,0.003871519714358379,-0.00574964794290438,0.009991594748793055,0.010176453585090171,0.007545850021932779,9.518745868818126e-4,0.005599145216406938,0.0025636528145206072,-0.0014632894384330403,-0.0014677290692637075,-8.2980867036668e-4,-6.654585466608374e-4,-0.0018499517270590044,-0.001049376639754557,0.0016528397940348183,0.0037462273422628686,0.005049764704363115,-0.004035095894890184,-0.0045257681723765006,0.002306672075003097,-1.2511327737417966e-4,-0.0020465122390167195,2.800067464082912e-5,6.795513707284898e-4,7.817821629008999e-4,-0.0032577832217220307,-0.0014907540354543735,8.620090932069458e-4,2.3691323619356292e-4,1.1017100583305864e-4,-0.0010270767883064137,-1.0100385875176872e-4,9.191985161447161e-4,8.175587074311942e-5,3.1996927975933064e-4,1.676461046204122e-4,-3.4468580009839684e-4,3.2398294205871945e-4,-2.5426633219786113e-4,-4.079637484689014e-4,8.950187889279183e-5,6.7556660790623e-5,4.827992152367457e-5,-1.6037782529973873e-5,2.3594223281755344e-5,2.099104778435062e-5,2.5104417667906404e-5,2.0771826563043936e-5,-1.921232203974002e-5,6.462869990312127e-7,1.6331858827257083e-5,-6.061162872393308e-7,1.2662928803267513e-6
C15-C15adp,0.03904935293058879,-0.036258990344629656,0.062002294792001506,4.292134398948308e-4,0.003399591626302502,-2.684968005314183e-4,7.297080533488746e-4,3.778377980568782e-4,-3.893115585392156e-4,-4.017375908343611e-4,-3.071980581001251e-4,-9.850691301856443e-4,0.001978141941683257,0.001260981742965599,-0.00418642368474495,-0.0051828013467055565,0.0022777048557842223,-0.0011731984282871471,0.0013602255480527857,-0.002943106010197358,8.213061225978371e-4,-0.010835088035516678,0.0015706572937884693,-0.00231698883341787,0.008293525419024438,-0.022077298250340847,0.009481039266375028,0.007150651236366362,0.001423585877683589,0.0013433868545766159,-9.93675338545601e-4,-0.0035561862097287997,-0.00430593240248231,-0.003438493707781498,-0.020153472197542995,0.027688156866269013,0.11707463965809004,-0.012210475752314758,-0.0024288986281722487,0.016919086226436557,0.009040791906890224,-0.005749024805984032,-0.003883940405002681,3.3590728092304365e-4,-0.0010075428938384479,0.0192486281848462,-0.011412751263126561,-3.888206879378196e-4,-4.327931497213734e-4,-0.00247327974253447,-0.0016888353880169379,-0.0012078418911384222,-6.340261390022366e-4,0.00137674565829398,2.856477349300037e-4,4.26060643264769e-4,-1.5206943427905267e-4,-9.354445748190567e-4,0.0018490807327794208,3.5549617735087895e-4,0.001224411644422007,0.002742110795893053,-7.593618104134884e-4,-7.449994962927146e-4,0.0010421517772942744,-2.16398875706071e-4,0.0029496415452594004,-0.002288260421154672,0.005670073125251529,4.1553480606441114e-4,-0.004405800659511125,7.378438260116678e-4,-0.0024019366836217707,1.014657942949759e-4,2.9493329377930036e-4,-0.001996652879108203,-5.274857466317884e-4,4.7000651014865874e-5,-7.981431596685367e-4,-0.0017655656601475685,-3.338440079343327e-4,0.001556360705758306,-3.455559489239616e-4,-0.0022916709958623227,5.184643423607599e-4,6.689134131715362e-4,-1.9289011235095014e-4,0.001394431775794104,0.003259429538038672,-0.0019733077875761186,-0.002981143910176662,-0.001022917749322869,0.0015706091429596631,0.0015048482092380913,-1.6830418717155514e-4,-0.006287875415931663,0.001351517513905715,3.3950754391545663e-4,3.315922247489714e-4,-0.0028043660263354303,-0.0012892388336730894,0.0029264637400836517,3.061839060761816e-4,9.175970004151921e-4,1.4604179865893472e-4,-0.0013731266024941118,3.018198878840734e-4,4.065650868247901e-4,2.8817929480477896e-4,-1.6344398995548736e-4,4.92158816536058e-4,4.989214104284417e-4,-2.2035069990087116e-4,-4.529882027810505e-4,-2.918009722606506e-5,-6.526371310695279e-5,-7.902986410078672e-5,-8.782682740975795e-5,-5.9951310906594295e-5,-4.663694499718936e-5,2.3525737323573195e-5,-1.1022369077985032e-5,2.2491379461140327e-4,1.6074269456991475e-5,-1.9491291359378173e-4,2.55905122722124e-6,6.821229615045101e-5,-3.542916908116501e-4,-4.954743885582538e-4,-3.621731482617651e-5,1.4149816738682022e-4,-7.827716059283877e-6,-1.6759874661326564e-6,6.441186949036638e-7,-9.16881452492723e-7,1.7913323276064141e-6,-9.331089027001286e-7,4.523024242040732e-8
C15-C15adr-C15sa,0.005571871541858297,-0.0014522932956084428,-0.004595590728546112,-0.001192847423947034,-0.0015999614788687504,3.4825553545787016e-4,-0.002947092165066064,8.248914525477945e-4,-0.0013414628180533814,-8.167515463645078e-4,-1.747403163686562e-4,0.002165643419835674,0.0012366739924468267,-0.001741672391574327,-0.006859564518619651,-0.0021808619948334466,-0.001911555361102372,7.836029615980579e-4,-6.1101750055676e-5,-0.0011641349736998814,-8.619909051102107e-4,-0.0024304811295970457,-0.0013979430009952365,-0.0016659895208677464,-0.0012814507169354474,-0.00736376696280171,-0.0010426828085644817,-0.0012246374482677766,0.002729866184243338,-0.0025583771607636725,-6.063296297469576e-4,-0.00688074798159938,-0.0031882257454340117,-0.004620097566874896,-3.104372018721907e-5,0.0035723714619695234,0.004783282638842993,0.007005235089544361,5.6444668094102465e-5,-0.0018233773235607554,-0.01383759143918571,0.009818568654145708,0.007511993357178136,-6.264079334676627e-4,0.009237189110985483,-0.03738163806709931,-0.007916342814006563,-0.01038228588368223,0.0024643990521123036,0.0023569583780507523,0.0012354594818084956,2.9528609409368116e-4,2.6157969037359977e-4,0.0014915002914161635,6.86793056129317e-4,0.0038372146619735643,0.010625431625135472,-0.011087487285012772,0.006469043061625691,-0.0028940699890975907,0.00788976709036278,0.014699083375777022,4.4510826181497535e-4,6.234512027612488e-4,-2.79282564501396e-4,5.143954167968263e-4,-0.002392254694731698,0.003270416530094033,-0.013828968583680205,-0.006172158070155127,-0.03012263911752773,-0.004538162516858836,0.003814083706696046,0.0013968514977769134,0.004267123401124023,-1.764819698468204e-4,0.0015299486296509054,-1.1111425199380226e-5,-4.810944217366381e-4,-5.458100131689784e-4,-2.839505573876923e-4,4.618489295257379e-4,-3.3311671726255286e-6,0.0032917013891813405,0.0012264865988013299,4.7960291233650485e-5,-3.2357406254723164e-4,1.770487648180667e-4,1.5661566424785543e-4,-3.666224167055961e-5,4.8410505221850716e-5,-1.2274831613179983e-4,-4.711359388772405e-4,-2.4465698571238227e-4,-4.12544739051346e-4,2.533141468918934e-4,8.873629927199637e-4,-3.556508522184147e-4,-3.041371106245224e-4,2.9425024088432683e-4,0.0013161769007042458,-0.0013192761613817264,-0.001087914661301735,-0.0013489679610881105,-7.58216105883937e-4,0.002414197469947084,3.775682992872913e-4,-4.449867000832382e-4,-1.6274254766961027e-4,3.3324015733264973e-4,-8.206502367503903e-5,0.002121894785703246,-4.654848201408172e-4,-0.0019224855355527645,-1.229523650345902e-4,5.939134565931554e-4,-4.6186584414073105e-4,-2.2170042183928144e-4,-2.6733229061877124e-4,-4.788500660493761e-4,4.732112362756816e-4,-1.785308171882964e-4,1.1712790781284077e-6,-1.0249362616634596e-4,-4.5186224481277176e-4,5.713782017322774e-5,3.168999467536697e-5,-3.696230632339364e-4,-4.152451565863566e-4,-1.3233727960673363e-4,3.1152480282260596e-4,-1.713175660170148e-4,4.673224587921901e-5,5.491228381861708e-5,-7.859786491284724e-5,2.077554735086813e-5,1.5916566841384806e-5,-3.008003512302199e-6
C15-C15adx-C15.8,0.014418264871396897,0.0026133493653809838,-0.013640469560382713,0.0038080641085054224,6.688926156893512e-4,0.0020093449208476504,-0.010950357206647122,0.009987488571842378,-0.0037695536170992364,-0.003591110442610648,-0.007518335621033532,0.0020880260944066455,0.02033508395001368,0.038887000872119826,7.873308789569389e-5,-0.0013435976235248212,0.001974474843702854,-0.006471259751470143,9.492199223788896e-5,0.023978478314170378,-0.02480053719594644,-0.0731386524073733,0.025568607359039174,-0.09290626275639173,-0.09404311542994,0.004824950885958964,-0.002371129987112188,0.014937065993502125,-0.007905669185094449,0.0069297573773073025,0.008232696586674314,0.009129315113462547,0.009392409097389592,-0.002351079232273821,0.0031878386208049458,-3.9918817848935196e-4,3.9717530628712456e-4,-3.940055017944251e-5,-0.005926670561982567,-0.00461837496437111,-0.00123004680674342,-0.00138322552726994,0.01619513317665951,-6.602622335122916e-4,-0.00699936946787041,0.003122988908994329,3.6112162532268795e-4,-0.002772834326021247,-4.253634229368649e-4,2.933655633825536e-4,-0.0013189724497850686,0.0017661680200848988,0.0042129063658407975,0.005881260885128833,0.01102410037115881,-0.005980933978567693,-0.007367524415036663,-0.003510896312710124,-0.001325681841870598,-0.006971940483124215,0.001770253249527808,-0.0017218797047627772,0.001793065692686201,-0.006004087302071236,-0.011769672606273558,0.0020021582493084827,0.002525941876505434,-0.0010353953351848963,-0.0015415710841915412,7.370030541184372e-4,-0.0013067994916230528,0.0026829115230786026,-0.0016905533275330604,-0.0010752005654546591,-0.0015706001650375504,-9.098231099903687e-4,7.78493292378223e-4,-0.0023705714461229412,4.772118625333024e-4,-5.137611927517819e-5,-0.00219415284677519,3.008989448421505e-4,-8.507605814736719e-4,1.4433687255663126e-4,-2.5708396738931505e-4,-2.6815463340000345e-4,-0.0019019235704186902,0.002091142958867747,-0.002086190012080502,-0.003714037973034362,-7.910506607183583e-4,-0.0013980004301041842,0.007931621190306394,-0.005854601713061113,-0.018910798392516956,0.0020723036350205853,9.650255955141375e-4,-4.4947982533849614e-4,-0.0035308354210588297,0.0024898275900096145,-0.0032623504918375392,5.358193381669202e-4,5.032580461980349e-5,0.001356914518831643,7.115891421940173e-4,5.607707493045673e-4,9.577081408737567e-4,6.824028055988631e-5,-2.1076421313697538e-4,-5.498201502489789e-4,-6.603161073354394e-5,-4.7260796037908127e-4,-1.9476432428280153e-4,-2.2940651073146773e-4,4.650280006607034e-6,4.1006111318486045e-5,-1.8182592349973959e-4,-1.0996680463210079e-4,1.3552086443649658e-5,1.2303439769551015e-4,-1.723368049945482e-5,-1.755885316978347e-4,1.3403819533581719e-6,3.713605471801877e-5,-6.054188399669618e-6,9.298797775223466e-6,-1.875144527877037e-5,3.1329352359144064e-5,2.6149355128604027e-5,-3.237911065114612e-5,3.0042391203282084e-5,2.341656537455407e-6,7.3129346977002725e-6,-5.044172539162668e-6,-1.9714771289796964e-7,6.008034405817923e-6,1.453023983271232e-6,-4.488773856848367e-7
C15-C15ah-C15x-C15v,0.006980476252770682,-0.0010442089016561012,-0.004625753102933184,-6.515361873706346e-4,-0.0011719859323466946,0.001084254734238412,-0.004106660479346874,0.0020518911545136637,-0.0016588531047858192,-7.181456224173666e-4,-4.137361336551018e-4,0.001427045216060393,0.00288837364372463,-6.675774237724268e-4,-0.006702804001797208,-0.00371774844632525,6.473523807794878e-4,2.622692839225747e-4,-0.0014665305873770853,-0.007696262712725306,-0.01865490821323311,-0.0039057808499194067,0.0016929416394670489,-0.003613280031167711,0.009779231252358755,-0.0239408608653978,0.010784820842914183,0.014158951961705845,-0.003338052252994703,0.0025404515416212166,-0.0016802441768268477,-0.004344275423039733,0.0011991908890087162,1.5407458452887298e-4,0.002628750357605138,-0.0010553609056386019,-0.005740144010543899,0.0013112557592340733,0.003253116712320624,-0.006445739383007146,-0.004824793801912001,-0.002291367120364695,-0.0027267956818357213,-0.020374468568000775,-0.014232811647526036,-0.0022709717597478377,0.027631899607531808,0.010990945424731696,0.008365950767173478,-0.0024867718069582437,-0.0012438330102889875,-1.098191679584409e-4,-0.0010972635042404845,-1.8221575165938103e-4,0.006138975799892196,-0.0023813888551111394,0.007669898660471957,0.0073135779800215855,-0.002780863136814654,0.0036987598211312574,0.015304077394333631,0.017705946806202393,-0.00809306291886308,1.276406811025558e-4,3.699776665031659e-6,-0.0028249188221253175,0.012115273076001633,-0.0086579547291619,0.029070510973845814,0.005494544646312142,-0.014519166860170154,-2.2970643436171076e-4,0.0024097827003123147,0.0020583012654457533,0.006436951002918081,7.692058711223304e-4,0.0030235613607126873,-0.0025114003466262945,-7.697571122088754e-4,0.009907439991497628,3.389598816689635e-4,-0.005521470189754967,4.004033420613087e-4,-0.011250959138216637,-0.0073837154715990574,-7.910659725785223e-4,3.9836846813123204e-4,-0.004125231889352168,-0.0074082892147684445,0.005235796977615067,0.007387810884403069,0.004117004881033334,-0.0052243419875818466,-0.007258835585156963,-6.43607263336303e-4,4.429418955853698e-4,-0.0031384247453625403,-2.2990651884013054e-4,-0.0055976784625791,-0.002296652009254107,0.001362767042418269,0.005364439315872536,6.75862733652932e-4,0.0017748474196856642,-4.4324322391114414e-4,-0.005298364158112688,0.002035412443975201,0.0014978173630336052,5.945503819474563e-4,-4.2243676779927847e-4,0.0017707001312010637,-4.161705526082986e-5,-5.153805938445577e-4,9.417222900517465e-5,-4.3008626947255754e-5,-1.2584766715487415e-4,-1.9566280737239135e-5,9.601560099005131e-5,-3.858896394408324e-5,8.519743039452761e-5,-5.257069463672041e-5,-6.019852913002328e-6,3.5153463015332424e-4,1.2177437869057192e-4,-2.7421798674068427e-5,9.094414244382988e-7,-1.695168085184053e-5,1.4533681878208743e-5,7.611371589820455e-5,8.616502363078509e-5,-2.0514558333563823e-4,3.577123190637957e-5,3.5543821671163064e-5,-2.7219543693502225e-5,1.0930094737530004e-5,1.0059892217596925e-5,-4.237398145571561e-7,1.6951718039381944e-6
C15-C15ai-C15ad-C116,0.0034947372709830554,0.00626971799123186,-0.003411246122203966,-0.007762222209226329,-8.532086871525906e-4,5.113413478884323e-6,-0.005788939317162567,0.008117000131466682,0.01582479642648611,0.016320686129002823,0.008488291684896277,0.02386951191801012,0.0014156354413264612,-0.004011133533754621,-0.010783818389119765,-4.9566323694615064e-5,-0.003713935793930931,-0.02843966143521824,0.009349326798830597,-0.0014923303979246984,5.708770865578936e-4,-0.008539662065624206,-0.037742645432251996,0.019701549499152607,-0.019548447475423066,-0.0020424402338580345,-0.0016926618874524425,0.0019985524023402325,-3.7675663618278295e-4,-0.0060275500654650375,-0.0041917921037971356,-0.0022216287782221376,0.0081440515308297,0.005355200799019627,-1.910826378720846e-4,-0.004854843580727866,-5.642876505454731e-4,-0.010904351998561773,-2.781321060801076e-5,-0.001351632338897729,-0.0010635500398468614,-0.0042979261191539875,-0.0027584436504503236,6.475026500078328e-5,-0.0033881374490977788,0.003307013125692508,6.855278020048213e-4,-0.0028468239718137367,-0.003294307838582556,0.0042336536404074514,-9.913259533912322e-4,-0.0018425194623550116,0.0017933579051676984,-0.0030010011345875426,-0.0019368256210724188,-0.0015751472135904455,-0.007697833182624338,0.0020841165881928586,-0.002149946519312753,-3.740600328709827e-4,-4.494614323621335e-4,-5.130077044309229e-4,-6.929728206465751e-4,-1.0629246097701782e-5,-1.1147775568389432e-4,-8.581198674515723e-4,9.204092437744723e-5,0.001179532220789108,-0.0015289786837494994,-3.4701189251032816e-4,-0.0032594873576909642,0.0010506515699026837,-0.002150081493645496,-5.106908201003567e-4,-8.279679938449021e-4,-0.004115764909070119,-0.0025149975196963126,-0.0014660710742086835,-0.004828431312466246,0.007209716511898005,0.0032090945338928735,0.004770398653771706,0.0014500714713163044,0.0018368614692924512,-0.0027330399948956386,4.3135320556892147e-4,0.0020027514750799807,5.072787173995939e-4,0.0035660589871172902,0.004654834107273185,0.0025074738670699433,3.9901739261631185e-4,-5.0851166544136986e-5,0.002881295798310414,-0.0014799175637387192,-1.0919861323015233e-4,-0.0011532666887921256,-3.270048552295225e-4,-9.571207002872595e-4,6.226660845413538e-4,-0.0012060251834094275,5.76986107372181e-4,9.439577161565057e-4,2.9746214855756465e-4,1.1513178580091681e-4,-1.0396323853975318e-4,-0.0014837089925422058,-6.319040961312676e-4,5.524246073875317e-4,8.507383034472162e-4,-0.0030829775822888827,-0.0015733005859434742,-9.526977589174803e-4,0.0011176912602966485,5.03540233779584e-4,-0.006543089778429619,-5.733883035149703e-4,0.003964081949705362,-1.7337719719428957e-4,4.990748946416581e-4,0.0013193959917595956,4.446047778685584e-4,0.001140255319520084,-0.001744204569795027,-0.0025532399835061547,5.023725998081173e-4,0.0013271402022088127,1.9007116593815898e-4,6.539036694570791e-4,-4.759479087351633e-4,3.942083513025642e-4,-1.0044540889056779e-4,1.5866366177057779e-4,1.0334073447777168e-4,-2.1235275069541364e-4,6.411361899528827e-5,4.099833968999276e-5,-9.038985565350796e-8
C15-C15ai-C15ad-C116ab-C116ao,0.010432460365900493,0.0011523267247137384,-0.009134755626343586,-0.0012935930320493658,-0.0015239263212084722,0.0024140524502003985,-0.009171929168822672,0.007566256622470037,4.534917648606884e-4,0.002489061210574692,0.0013582275556113179,0.007564210889444677,0.01664821462815668,-0.003119374741430469,-0.02007827867886755,-0.001274841967676181,-0.004068209232377623,-0.018765663638476784,0.010301932210677638,-0.00772655690248623,-0.0016050204310502653,-0.03124850765719091,-0.0735276091983628,0.03777829909422272,-0.034322744720453754,-0.006905252532092078,-0.0010586103445946334,-0.0015579297388527032,0.0028130371468950755,-0.018560851473804367,-0.00440354005900696,-0.0012466949308003914,0.012620172430756338,-0.0044593711310806205,-0.004477024711461396,-0.007995412691365103,0.002461389261165108,-0.004232962376133138,0.011754694507947448,-0.026330191476288043,0.019143820742113044,-0.010556246539549261,-0.008407100849806467,9.662162344777265e-4,1.311916878354717e-4,4.871299099906642e-4,0.0038812697881511816,-0.0122413697718021,-0.006478242992772046,-0.0072812698499248735,-0.0019432228923974412,-0.0048202667860197295,9.368169396850093e-4,-0.0023198017986301696,-0.0026915889074262465,-0.002581246040423031,-0.007663264607513745,0.007519383047465851,0.0019076999405350007,0.0022242098468234885,0.0013424030259590284,7.051212564322884e-4,-0.0010570431249101845,-7.84971452814087e-5,-9.339845161991012e-6,-0.0024073486574799526,0.0036983736691729996,0.0016879572573212222,3.6009990600698873e-4,-3.782080111226007e-4,0.0026406787892952156,-0.0030665153694275195,0.005105076890981614,0.0014739125554636152,0.003753923545243052,0.007339594597841284,0.006890401482959219,0.003273659782870043,0.005782756104122312,-0.010319692160620652,-0.006382578412393024,-0.007248144375706832,-0.0014175854606281613,-0.002536701878742732,0.005295205256711393,0.011523408550219945,-0.0026469489853527726,-0.0025874177924231725,-0.005734942744795611,-0.006292281848168649,-0.004139937589756799,5.470956651845769e-5,0.0024128934562882617,-0.006208167297522266,0.004129715454967825,-0.0014954459110611666,-0.005868816312062245,0.0015053073981766965,-1.6902949271707917e-4,9.907855782445457e-4,-0.0015094282603790403,-0.0013369694459726658,5.656018782528898e-4,1.146256846392742e-5,-0.0022114930217285683,0.002102908342216617,0.001970283057528748,-5.407933754236265e-4,-4.157736885107749e-4,8.392488903674898e-4,6.332366963398111e-4,0.003578155200682004,-8.02306203486642e-4,-0.0026444940895777817,-1.7802861465108366e-4,7.222981590638611e-4,-7.310341856754586e-4,1.8487472983107255e-4,-3.3953246747922983e-4,-5.660387949532817e-4,8.217329612439141e-4,-3.344893298415163e-4,-6.762761701233927e-5,-2.2824405006405534e-4,-6.628776400832564e-4,1.361825537862519e-4,1.0499037094531514e-4,-4.671916247080794e-5,1.5766475787181897e-4,-8.253402638755403e-5,1.1251996578968565e-4,-1.046997574442635e-4,1.7210774185867482e-4,3.701180086635159e-5,-1.1942377434559025e-4,6.943931216535587e-5,3.3260181424083964e-5,-2.9418460148373414e-6
C15-C15ai-C15fi-C15fk-C15fj-C15fh-C15bq,0.013979645998615042,0.0027555037106999315,-0.012832924254959808,9.010972432417777e-4,-0.0016000745857306475,0.005779196097022737,-0.013502907001866927,0.011287210070390248,-0.002240558259634759,0.0015083035544855598,-0.0014492560965373383,0.004942702953810452,0.03563307021656884,0.0010666464192146867,-0.04933680553111438,-0.002698689960254026,-0.06488083325425337,-0.00474003206412785,0.0073919678864606516,-2.2544035340192557e-4,0.00259010444538166,-0.013750909762108366,-0.051981740490402224,0.04224326597455504,-0.04392397601544448,-0.018144718928552822,0.0011682083935438037,-0.004725642138055971,0.008796957402673116,-0.041432578501769846,0.0012014664486997102,-0.01637429724789508,3.461604320958268e-6,-0.034585908952453934,0.015571962846365419,0.0046731000169574185,0.00307662320942387,0.03815915807473112,-0.0056380765567309536,0.02579733576520929,-0.05309519615002336,0.0022223584209870723,0.0016219164866485426,-0.0017677515747950324,0.011659070360825172,-0.00115250823339097,-0.0054099128038654146,-0.007796493105615881,0.02403465683468928,-0.007421939144290985,-0.003760307140635016,8.467224102727074e-4,-5.55073297951244e-5,0.004435743451076435,0.00428331596067106,0.005585619771470305,0.019420243046115258,-0.012000766382718894,0.0038412224075384314,-0.0028832260531231444,0.0023991515449579724,0.003596873772276258,0.0012268441128539156,4.902673967123772e-4,2.363097766723685e-5,1.5204491314501666e-6,-0.0015560666500502793,6.961593812242903e-4,0.003219293803578451,0.002381207548366552,0.01083226825626676,0.002946078165949099,-0.0045980386341356975,-8.478687898827528e-4,-0.0027197102849128105,-0.0016969306337939905,-0.0016841377210167227,-2.38274019276782e-4,-2.7785018980666697e-4,2.8813047125608483e-5,4.4784036342554803e-4,5.571001412924472e-4,2.4092096996387938e-5,-6.931426691882349e-4,-1.3431059400324994e-4,2.28364733502711e-4,-6.239647172516952e-4,3.788809943680302e-4,-2.659276660447788e-4,-6.346730268392529e-4,-4.460054321348533e-4,3.3572609398724567e-4,6.943661147863684e-4,4.956135745180541e-5,7.538902358577874e-4,-7.182528758881814e-4,-8.898185172716453e-4,4.1777783521813433e-4,-4.3672202555226756e-4,0.0011768481777025776,-8.942955016658168e-4,-3.6213958394847615e-4,8.163232140069841e-4,7.771118504300282e-4,0.0013231581987914124,-0.0025645766787153377,-7.028166845516111e-4,8.654030308710095e-4,-8.727136750309054e-6,-2.502894607195441e-4,-4.3183771667584244e-4,-0.004213300687476933,0.0010702277720448163,0.0032424107975696542,1.9407681826519722e-4,-6.993174474998879e-4,9.749115954218649e-4,5.371221538470172e-4,4.351342902357802e-4,8.225086856324684e-4,-6.546797812386963e-4,1.7781031569694044e-4,1.272388043994346e-4,1.8080412698754137e-4,5.422987424269074e-4,-1.2371085569250618e-4,2.0626380193505407e-5,3.022600128863804e-5,-1.9873449416387282e-4,8.449121508238326e-5,-3.873966994029137e-5,1.711436634364879e-4,-1.1657193101853305e-4,-5.610923087648836e-5,9.815194642246e-5,-3.457745537682971e-5,-2.992461177116828e-5,4.587217081951359e-6
C15-C15ar,0.005459091355203571,-0.0015744505036145737,-0.0050689875036685735,-4.5802183022425916e-4,-0.0013020477802095666,-7.086790761790854e-4,-0.002195724578317996,6.368686089546158e-4,-0.0014585516995938245,-0.0013035701334461844,-6.296454539406665e-4,0.0023766784990764196,0.001883635172546473,0.004690311988795905,-0.003200370375683958,-6.370654709082866e-4,-3.7197847981468735e-4,0.002384621478387136,-6.580646715907697e-4,-0.026654636320327094,0.008375799862645583,0.005820410062564439,-0.0026464100880694546,-0.011622530176451921,-0.002922022979970983,-0.003719834412107636,-0.005883209583807872,6.453340282636721e-4,-2.2672722259722348e-4,0.006582941190097647,-0.0032391838294308496,-0.005687711103356342,-0.015467633576366204,0.005886040487345512,0.005735531976699245,-0.008250802718357934,0.0030896139184253546,0.004846895728714801,-0.006265891204214359,-0.0059516742076267575,-0.001744394171406161,-0.0010235853309185897,-0.0068159105354607345,0.0033582766160435637,0.002448799195349421,9.761809188541166e-5,-3.127892914626229e-4,0.002026809969587366,0.001013707522325328,-0.0038717412609689194,-4.161606715693264e-4,-0.005450482617724844,0.007954169579729416,1.8875889028008058e-4,-0.004471462905042818,-0.0252708995497337,0.0059632595168517735,-0.008911188541088355,-0.00804662549985881,0.01824751848783615,-0.0031702035905439518,0.0058695782534121665,0.022119722077752955,-0.0010380185906111903,-1.822975566972194e-4,0.00495047037221461,0.006946248740900939,0.005766310316382177,0.0020293508035906355,-0.0020793946081890803,0.0034951092370650357,-0.01079252346254748,7.309781492684058e-4,-4.21684938207321e-4,0.0041366066894982624,-0.0020327862636798995,0.0011487610978127847,-0.004715172715323968,0.0019386460165572812,-0.0011495275827665772,-0.0012820126348925193,1.866714214155647e-4,-0.0022099051399659796,2.459824802627091e-4,-9.077750763547546e-4,-4.94516722461198e-4,0.0010314083996668716,-6.647456086702286e-4,2.065323886510825e-4,9.370146365110153e-4,8.895223370690952e-4,2.8140260989121315e-4,5.876122579712858e-4,0.001784869402699683,-9.540444075449132e-4,5.999401202326491e-5,5.030693540421108e-5,2.2277662292682858e-4,-1.3440412326490753e-4,-8.021729974753102e-4,1.0048120449815672e-4,-3.255554779390538e-4,2.208820189104492e-4,0.0012868215834270997,-0.0014660387419269834,-1.1092039063764662e-5,-0.0027855798456587295,-0.0016524606306914159,-1.333539746175433e-4,2.0677930886466578e-4,0.00101386795818658,-2.6867449586068356e-4,-0.0017513329322384663,2.0496673021622007e-4,1.3527200462167473e-5,-9.186609657661757e-5,-0.001072088810733252,5.710873341945011e-5,2.230995024071492e-5,5.35590356324522e-4,-5.976431380397972e-4,0.002374803674169898,8.194674894864913e-4,-0.0033726190239643074,0.0019113835092546064,-6.633767411536967e-4,-0.0032145965200794787,-0.0029909055974569436,0.002170311354275612,-4.546535431129939e-4,0.0018816398053517949,7.036682207518315e-5,2.3356045384320098e-4,-6.561578110488076e-5,1.5087761490838902e-4,6.90620209298047e-5,2.0075877342490622e-6,-7.536352645169479e-7
C15-C15ar-C15ea,0.004177134844362078,-0.0023848058233282704,-0.004022263483448883,-8.94386442525783e-4,-0.0016656934413321715,-0.001561669682583711,-9.439385976013158e-4,-6.569726020917528e-4,-0.001350801053501154,-0.0013680676770713746,-4.344505290911429e-4,0.0029690735492674354,-7.371321880493887e-5,0.0035708617050026295,-0.0028497604461986984,6.5247739526696e-5,-8.244149758406338e-4,0.002788933010932852,-7.90545807290167e-4,-0.024025024661141405,0.008204366665625771,0.00796648116398421,-0.0024299567132208383,-0.011382136270636641,-0.003215901583807957,-0.00317138760737629,-0.0057407226293234685,0.0011868646242337074,-4.779911383945016e-4,0.006541733726794182,-0.0029143252783794325,-0.006226321854199977,-0.014074321671219938,0.0056372716705053345,0.005877688344160719,-0.00769558653154105,0.0023938227612817047,0.0046503550296160545,-0.005362883489706488,-0.005246642386369065,-0.0013441682100268477,-0.0018629519179969975,-0.00587000074797728,0.0024228775952494287,0.001867618898816615,9.158718717653766e-4,-6.404687488100639e-4,0.0013536686470123074,0.001386192905691989,-0.0024920907247926844,-1.4864007077712162e-4,-0.004668718612136188,0.006054601012287678,-1.6497121189284748e-4,-0.0035681311887256232,-0.01950945426308111,0.0038622128066489706,-0.0065554502908920205,-0.006167655505944808,0.012399483747244096,-0.002792349129466147,0.004591155453537304,0.015659601586562315,-7.658882258355029e-4,7.797398692097247e-6,0.003493646746095924,0.004440132416624945,0.003926292734960529,0.001129157195853084,-0.0014266485450664167,0.002198855419640368,-0.007703178047427836,-6.663203560863082e-4,-7.40141470489701e-4,0.0020826384441857506,-0.0016256310661763255,8.525581956736214e-4,-0.002876148335621017,9.41073195206516e-4,-6.375311468038965e-4,-7.886531424147878e-4,-8.791524591486267e-5,-0.0016620183057324631,-3.919453845602191e-6,-2.9398333295866107e-4,-2.665694005257605e-4,5.768574072116138e-4,-3.6593355194904683e-4,4.044053755081154e-4,2.2428993495739711e-4,2.4104289224120966e-5,5.038194935449631e-4,-3.6977002931439225e-5,4.952032756022922e-4,-3.4058261231591626e-4,-8.130715323442686e-6,-6.450857029329891e-5,4.7137930366422325e-6,-2.546751838072068e-4,8.298666024827436e-5,1.9161909258649112e-4,-1.945811200070716e-4,-3.4916938546452445e-5,-1.225674030739394e-4,-5.076015931545168e-4,-2.230667424869302e-4,-1.6162848573285152e-4,-3.8795724346495336e-4,-5.812320477575006e-4,1.2193742688701588e-4,-9.561839324727877e-6,-4.908170616458155e-4,-6.096520174328224e-5,1.828983399534057e-5,5.194905995990433e-7,9.952121709428403e-6,9.110467654386915e-4,1.8552997739681415e-4,1.4085187581485832e-4,-1.231147423459551e-4,3.1922405739765e-4,-0.002228005681133262,-6.027169226759971e-4,0.002926332448206714,-0.0017377811917315493,6.023510542163436e-4,0.002968627932937919,0.002947842848646586,-0.0022824668796572493,3.2345734496223215e-4,-0.002168282455929104,1.078216000680864e-5,-2.9183444579425436e-4,9.126055133770554e-5,-2.051653337459543e-4,-8.863636106158129e-5,1.8009555089534584e-6,6.663671248179502e-7
C15-C15az-C15ai,0.006414675486340269,-0.0011324581945234176,-0.005919125455731039,-0.0011461776491757444,-0.002545466618665212,1.7428674071553543e-4,-0.004179048298859373,0.001572344896326911,-0.0011524631885464509,-4.6490953022676435e-4,-4.6335930925949496e-5,0.004231797875469942,0.0069387273352071585,9.2688525028534e-5,-0.00855592100636279,-0.0022437430068760716,-0.0046597282485886515,-0.004116453708788296,0.002912134456288908,-0.014010696847166009,0.003392202975272034,-0.007488518577558541,-0.02490481803800907,0.01315386948134269,-0.020493712193621425,-0.010651758414534739,-0.0012523314327146128,-0.003273752741464839,0.004774164223983353,-0.013736042387217907,7.332316744676205e-4,-0.007880705501475639,-0.020317354638282114,-0.00863806063407422,0.0069798184092660824,0.030425950919280777,-0.010894011945303823,-0.0021564583876992577,0.0030225696018737263,0.008654707078255814,-0.002835705168617982,-0.004327496465109318,-0.0011164826375129689,-0.0010509153621754423,-0.004877306748600322,0.006599732364695155,-1.1945172692629176e-4,0.0027042515543694123,-0.003532636858477942,0.005270273111760389,0.002639798661608058,-6.404747100032484e-4,-0.0020358254711126227,-0.002518872478621181,-0.001505938870514987,-0.002475587521388164,-0.013767154138056903,0.007965824781102842,-0.006859616308396996,0.003075318378644401,-0.007149419128501562,-0.008258824379357614,2.825126268284196e-4,-5.477108254364642e-4,9.050799595973057e-4,0.002242053978234585,0.0013293329416795303,-0.0013846328210281491,0.001281246896236524,-0.0018346897619548816,-0.01088536931145602,-0.002519202921431235,6.576950168607778e-4,4.533926963897802e-4,-0.004661600605853593,0.0025310734749601454,-0.0012830523258102885,0.0029742431934815816,-0.0017193273831465595,0.002619878859396013,-7.331568915711904e-4,5.61617632491604e-4,0.0011827671275124894,5.750656742676768e-5,4.1067061912221045e-4,-8.604535830104641e-4,0.0019743675925859984,-5.420257955747401e-4,0.0023842405803291664,0.00237929203691669,8.368627800339246e-4,-9.861399697264387e-4,-0.003022651424840424,-0.0022038673745164977,-0.0014823101538155882,0.0016018020854584323,0.0021001221414784542,-0.0017545327208224057,0.007320431252501155,0.0017035281258255329,3.756552698580758e-4,0.004277499324453776,-0.0027739941427325212,-0.0013308588239751699,-0.00411520236183649,0.0016181287655408928,0.00594325774188269,0.0013235805046545506,-0.003327567915906281,0.0010396787891061366,1.791785037423441e-4,0.0010870389732767199,8.500212079471242e-5,2.7444964024333953e-4,9.177650015161283e-5,-6.689352028353287e-4,-5.41137625052097e-4,-9.319523831766856e-4,2.3143127769821343e-5,-3.6301337719007467e-4,-1.5107334706921028e-4,-2.383148024896483e-4,-5.825313225974744e-4,-3.569598954202559e-4,-2.566960412739246e-4,3.866001164357967e-5,5.167674635735989e-5,1.5379232442730014e-4,1.2040295271264982e-4,-3.792089985721026e-5,5.5241339054338704e-5,-1.4820492335035424e-4,-2.211719017617483e-5,9.303447811879895e-5,-5.8712538020233904e-5,-1.9593136957961116e-5,1.204316730509512e-5,-2.0631458713889675e-6
C15-C15bb-C15xo-C15xp,-0.008506511460486112,0.0098667851030389,-4.047463876032165e-4,0.0123600407131974,0.0063777508118859514,-0.013250060889507075,0.010550924816805373,-0.006323709856258879,-0.003908988868532394,-0.005633511836581315,-0.0040773941922787,0.00464882155266575,-0.0011967279189082421,0.02170363335349908,0.0071801105998010135,0.004026496217431648,-0.0012133997044333064,0.004820723524417537,0.004714810296585007,-0.01570917702788774,0.009187169360380094,0.0206879705600574,-0.0017967843962824028,0.0035623135489051064,-0.005822542410702494,-0.006983937485993194,-0.0042823484657925825,0.0029014820216701704,-0.0031654129229285836,0.012108118800643818,0.008834421479003728,0.004143155445603903,0.014321980984240661,-0.004519981737664075,-0.005383606829798755,0.0014186275371587686,-6.89547993519201e-4,-3.636882761748162e-4,0.009305754883706125,0.004859936192094518,0.0023869598787034335,8.240194678316737e-4,0.029746575961974157,-0.007418584015963569,0.0028897402602303477,0.0047067056547724275,0.0020677360948574367,-0.0069537129535972445,-0.0013189964454318143,-0.0018382076615434363,0.0013326506043992012,-0.0029663956048511624,-9.766502291634635e-5,-0.004937633531834562,0.0071445383876522755,0.002384498896196227,0.0022525617873754913,0.002496250341153615,0.005387113178440991,0.003082793356169253,-0.002262292669971378,0.0011068923556185454,-3.345912290239347e-4,0.0023889957787646913,-0.0014620753992771159,-0.001519897296960317,-0.005527609805277837,0.0054673886623494185,0.003943943327322027,7.455017235821987e-5,0.0015422901833405532,-3.1449892450737384e-4,0.004027837015723303,-0.004105925133569565,0.0027235030351137855,-1.7858893593343303e-4,-9.431226534739717e-4,0.004352628429350989,-0.002002985372880745,-2.2306203944428386e-4,-0.0035559106296647364,1.8920661928952142e-4,0.0015275715462748955,-7.18076994160731e-4,0.001015277287680079,-0.0012458954470554802,-5.178645870796068e-4,-0.004936241564282475,9.267194741797908e-4,-0.0012282721216651776,7.096560663492237e-4,-5.004244141864765e-6,-4.544168621011367e-5,-8.886885282580381e-4,3.8679566610670327e-4,3.9956999826826504e-4,-8.698225929681852e-4,-0.0030985529856020866,8.462868871951229e-4,-0.0018916885697233027,-4.0651927340559503e-4,8.437071189569988e-4,0.00103156561315524,-8.71173050677702e-4,-1.8819272292280048e-4,0.0012882231607969606,0.001167247143571599,-1.3264181838129152e-4,-6.127560922071133e-4,-0.00493594725123372,-0.001313386422528838,-0.0013043418825473842,0.0024625506594877795,-0.0018742526934623425,1.84485368030947e-4,-0.0024966491936167343,0.002281040565574415,-7.355460863627928e-4,-1.1469370600220004e-4,2.414839141406107e-4,5.417245941160661e-4,-0.0011809088963987606,-3.1823475963861083e-4,0.0011728020909979894,-1.955535708934633e-4,1.79249964323608e-5,1.0738048201618758e-4,-0.0011626864472127395,0.0010748885097113968,-4.8454509411097803e-4,3.4574582497179406e-4,-1.1173941197940949e-4,2.182134567927695e-4,9.247618798662767e-6,-1.0564984998496051e-4,1.2482776518671575e-5,4.3475808480178875e-5,-9.779699368055109e-6
C15-C15bd,0.007170014236848791,-0.0012682240615571898,-0.007868278714387642,-2.5181202771968e-4,-0.003896210361082767,0.007253091034877993,-0.02732284188860565,-0.04115515135579333,0.002060883017092583,-0.0010749443387311959,0.0018922563212510513,0.0023431309376129097,-0.009641092551084514,-0.003062103992212476,-0.0013468750968484587,1.2424567600077626e-4,-2.5450221341988255e-4,0.00224644492705544,1.6201940242727978e-5,0.0026274873964164994,0.0011385348683597002,0.005926294528073606,7.64657342531559e-4,-0.0031118854345650007,-8.213014056909196e-4,-0.0024193922463867945,-0.0013759646183370406,3.861453422444427e-4,7.503380358106258e-4,5.338211557459963e-4,4.4647470874096016e-4,-0.0010771347320264642,-0.004052799994364661,0.0014194218015602684,8.133812561614276e-4,0.00596789532681923,-0.002199722520640259,-0.0018436009137305172,0.0016983433916710033,-0.0018518131445725637,-6.886801310048338e-5,-0.0016308577807385037,6.126918143758059e-4,-0.0012113180989443465,0.0030239507655222594,0.0020997634624832645,-3.269415028734474e-4,-7.047224331837688e-4,0.0014307100643649547,-1.1244656279996484e-4,2.542837155625512e-4,-0.0018884143776780017,0.002769511700422755,-3.1351715888640737e-4,-0.0011643396049013143,-0.001976362026018236,6.518981644241721e-4,6.300711604842972e-4,0.0023669830670109107,-0.006257555271697546,0.001573545607755704,0.0019528031272807887,-0.0021762799380970204,-3.176920265117269e-4,-7.031562132382838e-4,-0.004016592827170692,-0.002199734106913802,-0.0016324475685564582,-0.002516765156271624,0.0011234616156466073,0.0065702645231857,0.0014254299873959003,0.002254362215182317,3.797429119983187e-4,0.013046253481628928,-0.0037136179404237725,0.008570367369351415,-0.004774485396210714,-0.0022946277068871556,-6.815835342038976e-4,0.0010301499170884264,0.002173209524381465,-0.0012479686065156239,3.589608296153458e-4,-0.0016722089270801096,-0.0024205419926919373,-8.813291652268013e-4,8.354186911634674e-4,-0.001266579999839827,-1.552994607116837e-4,0.0015583247853328288,0.0021701679430163215,0.003334683616028056,0.005461308079803436,1.8320106358216663e-4,-0.0013987470539837074,3.0780370363326585e-4,6.433783606860754e-5,-0.0029163207285544776,4.0614504547200367e-4,0.00120300460822418,-1.4980122024064622e-4,-7.017794967423948e-4,-0.0013593062209958792,-0.0018056557507428518,8.654514844307939e-4,0.003988361014617325,0.0016570801423374632,-0.004706388033310291,0.0015573094101552858,-0.001287952237920739,0.0014704621917260316,5.372285496540092e-5,0.0017341574687067519,-2.9410757336906984e-5,6.108919013410022e-4,-3.813535189267069e-4,0.0013033615320119085,-7.205862743259196e-4,8.469879678210485e-4,2.0675854351364146e-4,0.0016609521557809784,0.0022630782842221796,0.0020417738141421593,1.0290815203607215e-4,3.1626473231982145e-4,-6.942865405016885e-4,1.788656247839465e-4,1.1291636918011988e-4,-2.3954101619556398e-4,2.4410661493345196e-4,-1.7203952883382913e-4,-3.570375073069684e-5,3.656267152153699e-5,-7.005777679560002e-5,6.852700327190981e-6,1.808110058054698e-5,-3.282297204379131e-6
C15-C15be-C15bc-C15bf,0.012748269197560174,0.001995955265619229,-0.01102055293611515,6.701508414857817e-4,-0.0011579614720858714,0.004725700320361068,-0.010866837136145604,0.008835522592581174,-0.005036835834659916,2.2299244994607268e-4,-6.787062659182212e-4,-2.953338452100095e-4,0.01479681317687833,6.940418276087834e-4,-0.008913960724413084,-0.005973970532032089,0.002584194533212089,-0.0021310129961193297,1.6334659170677196e-4,-0.011575603617431231,-0.00514537677319197,-0.029902116138641764,0.006522064362015525,-0.009856532856667249,0.01775344203605785,-0.044373081477876074,0.00679007703623641,-0.13184544421784608,-0.07329435000982391,0.016393047903387158,-0.0071192650139971815,-0.006377693945780895,0.020838793928849696,0.0016642530665602097,0.0067459070091622384,-0.002168455006050581,-0.0026896300351501967,-0.002860500945378243,0.00654024161179497,8.731439640597872e-4,-0.007145770787995038,-0.00884397542661545,-0.0030703302213508934,-0.0027622033078860634,0.0029566915426231864,0.004805206091030217,-0.0016572476216296893,-0.002183629635254836,7.220633643622497e-4,0.005071720145788582,0.004733044854638676,0.0031457622659250184,0.0013472576290899758,-0.0012092522585025812,-0.0020953837367843416,-0.0013169496008120988,-0.0040852667174728135,3.302520270131984e-4,0.0015912529909063464,-5.463172171521209e-4,0.0012348777529142447,0.0027050587922182673,0.0011358624265460303,5.335827599207502e-4,-1.033062575336024e-4,0.003225872039196158,-0.0026778233482725976,-0.0010891454738464722,-4.70154834185759e-5,6.254386577759846e-5,-1.1581529207603732e-4,5.197420643695934e-5,-5.257773202042872e-4,1.1226801492997048e-4,-3.617334560082355e-4,-2.655548154009585e-4,-5.329573122801791e-4,5.6383745985643455e-5,1.7020536279304454e-4,-5.860735050096832e-4,-1.1652414113933722e-4,-7.622777739184685e-5,-5.55508681062979e-5,-1.6501528287555725e-4,-5.2243698570421135e-5,-0.003922087649625696,-6.870264005775402e-4,9.102445478761275e-4,1.499260453190878e-4,-4.4956107597846865e-4,-4.420021111187377e-4,3.372629126369109e-4,2.3496514786653668e-4,-7.532279698497552e-4,6.727118704943722e-4,-3.1239861629320974e-4,-7.928614940710399e-4,2.3417913524587084e-4,-2.0896960815021417e-4,5.395070576859187e-4,-2.5654603513216017e-4,-1.4255654883493313e-4,1.0034505983753837e-4,-7.125283037805019e-5,-2.1931425769648688e-5,-1.641914129913264e-4,1.6860046996789368e-4,1.1860585414842081e-4,-3.260447755880434e-5,1.2868509756167734e-4,-8.829578419336779e-5,-1.1593739644711201e-4,-5.115031344623306e-5,5.097580853560731e-5,4.445409478880912e-5,2.4912636428971045e-5,5.475872024228257e-5,1.0462083810531502e-4,3.099887340979338e-5,4.7923565736688624e-5,-2.2769887016521352e-5,-2.6961881634932002e-5,2.1641872198255587e-5,-1.5673113645874402e-5,-4.472566300805373e-5,1.0479627767703105e-5,1.356765986522047e-5,-3.1318487369286814e-6,-1.0308902975849939e-5,2.9494839772615998e-5,1.860535624687813e-6,-4.230130638136381e-6,-1.5700571815515052e-5,8.298445915182916e-6,-4.782883061835978e-6,2.2109826914755185e-6,2.1201303481941787e-7,2.3425773511152075e-7
C15-C15bi-C15bb,0.031079394948953572,0.008696121980544352,-0.046429950552449355,0.08334394753449294,0.05373912844080583,-0.13606537688831086,0.04006291002440296,-0.02650902545485458,0.005623827966326262,0.006466349685792473,0.010072887354561744,-0.003859800448860834,-0.01612857727621215,-0.02548442076822376,7.767587881074032e-4,-8.115205974804369e-4,2.2823788182309144e-4,0.002551373923043462,-0.0012519823986166922,0.002993174850040947,0.0028318736161128404,0.011722422006615323,0.008640236860668362,0.005987979037327126,-0.012024440485673782,-0.010369936529639507,-7.835293619640599e-5,-0.0010410483319240181,0.001980182094646749,-0.005143661927507733,-6.028562394266217e-4,-0.0018780477315221988,0.0040699377702468386,4.6165354164821653e-4,0.0021378459508159166,-1.5254394337985825e-4,0.0013963916755284807,-0.0060349486498367695,0.0011420364388999443,-0.004389957041866989,0.002427396425260093,9.590489480372774e-4,0.001539809177387249,0.001178211904215145,0.0019420352880803345,-0.001519764354676209,-2.0489439811495867e-5,0.003998005214974686,0.0012459783772037168,-3.133846502851126e-4,-6.003886828152002e-4,8.102419094272802e-4,7.766495594024001e-4,0.0021412999996855823,0.0015869604603003815,6.057420372909942e-4,-3.2698845696426407e-4,-4.376118535294699e-4,1.9005138878056422e-4,4.817373533023674e-4,1.0519669832293066e-4,-9.229840574754759e-4,2.392434426181712e-4,-6.548043731248078e-4,-0.001239666411459768,4.2295533547791084e-4,0.001147730989685371,-8.564245570087406e-4,-9.747912533490228e-4,2.554489438514118e-4,5.577417684091387e-4,-6.29458714921241e-4,0.0011340605053649824,-4.168983928163641e-4,2.6934170240254166e-4,5.278721995058509e-4,2.7535299157600395e-4,-7.265428771560609e-4,3.508048285211694e-4,0.0017095137768837123,4.268190201301039e-4,-0.001056739363203387,2.721852343387854e-4,9.070291985886663e-4,-0.0015791607523723166,6.732117618552621e-5,-1.8513838863709075e-4,4.4186130698917273e-4,-9.507565488799146e-4,3.70379463789425e-4,5.635490393546856e-4,-1.1673517433319183e-4,-2.4986339444487825e-4,4.5605487604124276e-4,3.673108581406294e-4,8.728062413712259e-4,0.0010042832882622731,0.001473171487978941,-2.2718439084418014e-4,-0.0011698535868429182,-8.184102045255097e-4,3.2183908158296064e-4,7.165619148553786e-4,5.483386306675988e-4,0.0011762537786134935,5.527654807180432e-4,-2.7688151306240884e-4,-2.4355870909458963e-4,4.921374790041143e-4,0.0038166111364458977,0.0013133454786254492,0.0023700808570773922,-0.001507945216747646,0.0018322059879092212,8.900095280275596e-5,-0.001089571835489322,0.001712002186224022,-0.002010465678171478,-1.3551407049735854e-4,0.0013457688853224074,4.723295101313055e-4,2.8769284653338157e-4,-0.0017340190195293678,-1.4580822158595326e-4,6.802852799145966e-5,4.2572269056074565e-4,-0.0018647987370646,0.004749629172278476,-0.0017398224411553653,-0.0017326771644784501,0.0027554066314264864,2.8873230171178304e-4,5.541618827441104e-4,-3.427774297967224e-4,6.454520474551781e-5,1.9307955926090072e-4,1.2905913306234259e-5,5.575361800485657e-6
C15-C15bi-C15bj-C15bb,0.03688388218547714,0.010005832564432686,-0.056575017117120215,0.10377645332323099,0.06595485477989795,-0.16793312981912234,0.052295531574943384,-0.03389013470619318,0.00721132143584,0.007644782191681906,0.011977871973799585,-0.0038179374379272595,-0.020254575219588688,-0.02712776535589723,0.004627015383052481,0.0024704463015606613,-0.001060101273826826,0.003671003127983232,-0.0020733848268573497,0.0013977258007712415,0.00515076166816124,0.020180687527745197,0.009716306209460688,0.008931065729901589,-0.016736529310126622,-0.011595011038441976,-0.0011375533631823567,-2.8395151046087552e-5,6.305028243074332e-4,-0.002632401773784356,0.0022621355411447243,7.083921014362641e-4,0.011831698453101874,-0.002060336215811265,0.0053435042479336205,0.001294599935041378,0.0011711113443661672,-0.007993900435613906,0.003071432937956006,-0.005253711038224736,0.003312635302728758,0.002431514746260074,0.0105687829076259,-0.00239850036346885,3.971113821170132e-4,0.0011227757839263536,-6.55703303357583e-4,0.0011326311413639408,0.001427948158403659,3.325736498956143e-4,-4.492275657226271e-4,1.9060682123641203e-4,-2.9423312096043256e-4,0.001196407045705171,2.871011890238668e-4,0.0011079296599027157,-5.238770131139526e-4,-2.2441620597792549e-4,-2.8634078042521127e-4,-6.030263058818671e-4,-4.4860433523237936e-4,0.0019366858604194567,3.4209375467620544e-4,0.0021304674431142064,0.00419728490975772,-2.7561534811518923e-4,-0.0010212431408236128,0.001494533717646932,7.659981904333744e-4,-5.395532275736146e-4,6.841579078488786e-4,7.599784392619563e-4,1.4291396991465103e-4,-4.471533781482975e-6,8.183003995884752e-4,-4.2795040028960335e-4,-3.2957734494816834e-4,8.089539453861281e-4,-3.9153297292370893e-4,-8.376603863383371e-4,-0.0011777145860851809,5.494222959398251e-4,8.109457671811638e-4,-4.607390658167101e-4,9.425090818790706e-4,-2.0712396854437277e-4,8.027453134613601e-4,-1.0011249472269846e-4,9.669318825013556e-4,1.1232745760412096e-4,-9.474024365742123e-5,1.917210845513025e-4,-2.5007134687227346e-4,1.822390758209281e-4,7.009680559766782e-4,-6.556731476471886e-4,-0.0011197484655827684,-0.002073625473386596,3.517634406126135e-4,4.8662744192663824e-4,4.543871131032196e-4,-0.0011925051930197965,-9.061127025336273e-4,0.0019494541167807244,-0.0016284759733463635,-1.2360148604319908e-4,0.002061670015352765,2.619100496712333e-4,-0.002007515135826053,-0.0068612580455991974,-8.113975434069029e-6,-0.006802688188008597,0.0017795839725918343,-0.006506102869172036,3.919243145543157e-5,-2.955570105489015e-5,-0.003984394809599639,0.0012211859371014438,-3.783674481290719e-5,-0.001736903495367049,-5.891334453577248e-4,0.003333602085126642,-8.636880832869068e-4,-7.74562484855793e-4,-5.962435818733996e-4,1.7528031317686477e-4,-7.005716414708449e-4,2.622285631745247e-4,-5.599550338683319e-4,8.348464947791796e-4,-7.154970071647316e-4,-2.4418596227750804e-5,-2.1013748103883553e-4,7.966870301962271e-5,5.392740212460373e-6,-4.802356654070874e-5,-6.285553334760524e-6,-1.3564600993173054e-6
C15-C15bn,0.004707824425369995,-0.0022516441100253297,-0.004356130964436616,-0.0017895651388083475,-0.0022641277401994793,-3.115680660400903e-4,-0.0027803790917932964,1.9270978449990192e-4,-0.001714991631240414,-9.973226887619367e-4,2.286677271790858e-4,0.0030823459877615434,0.0038986599387262682,-0.005165715004643795,-0.004389123492840213,-0.002858988770990789,-4.6168918147212497e-4,0.003930617985364035,1.5492198408298543e-4,-0.006819963948041753,-3.789943273254944e-4,-0.014051764457369723,0.02286000583615505,0.02467783403953475,-0.007445376154779033,0.0097509305978266,0.001136933025132618,0.005213268642395045,-0.004677360533312106,0.020773603715896805,0.0021072570988819313,-0.011436472473390082,-0.005004351226795872,0.0020800048156505713,0.001471953631566373,2.2717910954486072e-4,-9.41551967734867e-6,0.0017563408048094202,0.0023990331373209437,-0.004490067755085515,-0.0017142146255286622,-0.001397017420716523,-3.224623154363395e-4,2.3921876876778852e-4,0.001069473833456034,0.0016913437823670788,-4.7218187053250975e-4,-8.974492470522676e-4,6.104575937777029e-4,7.269326790330542e-4,-9.026847566193337e-4,-6.537243816872685e-4,-0.0010802639255037148,-2.776877773691097e-5,7.218882596366664e-4,6.602382944676398e-4,-9.296829960896345e-4,0.001737359659282452,3.8649792571544486e-4,-0.002841147963578649,-4.852117483794479e-4,5.212506648542667e-4,-5.070735965040774e-4,-2.8603819255879667e-4,5.714882255564019e-5,-4.908684742761975e-4,-6.641761511756085e-4,-0.0011617402142529165,-8.586884935686546e-4,-4.953550285315348e-4,-3.4998914068844086e-5,-0.0019020709103868597,1.5137945472455517e-4,-1.2620354018673226e-4,0.002380600785326341,-0.0026732855317167137,-0.0056242825077642035,-1.4634139922396815e-4,0.0025073018892872376,-9.431170325869834e-4,-1.0461587912311228e-5,-0.0018151363199918238,-8.773942724354087e-4,-9.71717729191693e-4,-5.362373503258956e-4,-6.580232210376246e-5,1.8964055183305964e-5,-5.538626038377212e-4,-7.297045657899173e-4,-1.4541243848342684e-5,3.481253045712707e-4,8.384056665720627e-4,4.0856556189391774e-4,7.857920536544628e-4,-1.586416361628347e-4,-4.785869296949601e-5,-1.2189671211094783e-5,-1.0464621146441121e-4,1.187094746568334e-5,2.800829454550291e-4,-3.099338061490255e-5,-1.601862879950412e-5,-5.74049350822826e-5,-1.4194273437481873e-4,-4.482269854093198e-4,5.908915617672288e-4,-5.5431862398934815e-5,-8.511979023575931e-4,4.7730218217427087e-4,1.3272582961048907e-4,3.8567748507542407e-4,1.97703502441309e-4,-3.9935140889088463e-4,-0.0012134627503982626,-8.520183486159949e-5,6.136003175792349e-5,7.056315485675769e-4,0.001212297103449444,8.831305069560697e-4,0.0013655869064573766,-0.0013194893589316204,4.883372117172577e-4,2.8121518352501606e-4,-2.112693383692369e-4,2.2772975110353145e-4,-9.681855376070744e-5,5.247926485550688e-4,1.513499072019555e-4,-2.437858663816125e-4,-5.701897457516994e-4,-6.662186947794515e-4,-0.0017125914766655606,-2.7549653862624427e-4,-5.337935873278411e-4,0.0010277565266097988,1.4623397968721705e-4,-1.941853503186855e-4,2.1482861747256722e-5
C15-C15bn-C15abf,0.007263415701293268,-7.076743377221202e-4,-0.00653982167002682,-9.938564287657722e-4,-0.0016892098319879637,0.0013806973675964257,-0.005507754067416133,0.0028110665905136047,-0.0020489574406743305,-8.58545095634115e-4,-4.863560127702307e-5,0.0021629747033508825,0.00909329414053403,-0.004592432958026991,-0.005086520060563798,-0.004751893953051537,3.248486929923106e-4,0.0036601452230529538,6.314659201377738e-4,-0.011064453176857393,-0.0011779909413910086,-0.023730626542335518,0.030143056365640058,0.035301224451989174,-0.00939543781541161,0.013295664839102732,0.0028495601470126227,0.005937132522603548,-0.006261702918940183,0.02749188029986894,0.003447464758452827,-0.01306070081186977,-0.007061937066136707,0.0024112706842942797,7.407629935305483e-4,6.323753548019979e-4,6.224190802327341e-4,0.0019027687253179066,0.0025118973923191983,-0.00529397163201943,-0.0021959349592896023,-2.509419598276089e-4,-7.273174590899543e-4,9.618726238047894e-4,0.0013653063999313018,3.9773131998782965e-4,8.558688000457141e-5,-6.528946468379659e-4,-1.1527783725352786e-4,2.4125019421044415e-4,-0.001515168879212133,7.296249351101843e-5,-9.736584133298206e-4,5.228207289907891e-4,0.001160706842387034,8.447237530484371e-4,1.9714440137056316e-5,0.0032308737833823932,0.001561060790809235,-0.0030231303315860934,6.368774911606087e-4,-7.140351775664231e-5,-0.0015041337612934063,-3.4526074479152946e-4,-2.3767772801396627e-4,-0.0018262757550387735,-0.0015962997891624034,-0.002710683426062061,-0.0016729398539697814,-0.0010560000711812298,-2.953737570850765e-4,-0.0030670063763281992,0.003811403986244803,0.0015227879180966179,0.009315440077091458,-0.009839878973977216,-0.026461037655899088,-2.906411638085532e-4,0.01260202438992227,-0.00500068848577089,-4.6060664143934816e-4,-0.00771325302405133,-0.002241150905546534,-0.004361763856264091,-0.0036771530199807994,0.0028188907007649414,-8.244218430994026e-4,-0.0030603085743962375,-0.008969746060797317,-6.333629736137125e-4,0.0050342464132465915,0.004037942504854353,0.006051317536392121,0.010159139601017688,-9.901987287405686e-4,-0.001214756578809523,0.0029872472716267443,-5.3727023727084536e-5,0.005646919766421264,0.005537715140694852,-0.0022926870358796142,7.458142369407285e-4,0.001066295221706263,-1.1777409644383056e-4,-7.604716846401272e-4,-0.0032942752178664486,-0.0013649445342719417,6.179381659930719e-4,-0.002718581649399487,2.940991422997969e-4,-2.5092540103655714e-4,-0.0013217894785668453,-6.613389107648167e-4,0.0016273249721531745,1.9918858272017034e-4,-8.401408434727224e-4,-8.906571061614025e-4,-0.0018465211057357882,-0.001462526406930241,-0.0024914361150455908,0.00204814081340112,-3.6068562479011604e-4,-4.635579750417423e-4,9.772706149208208e-4,-7.309022642407075e-4,2.5665932293195414e-4,3.497496968937721e-4,-9.466321759039171e-5,5.975515112339625e-4,0.001444404281172984,0.0010480734538390465,8.141890025629406e-5,1.3397506467922413e-4,2.1091606073465966e-5,-1.0081069960150911e-4,8.648133758487861e-6,3.793109589096525e-5,-7.189229604165866e-6
C15-C15bn-C15by,0.006569802988861268,-0.0019039084410732644,-0.006183347708547023,-0.0018886121488075592,-0.0029019159576019566,7.396760880178229e-4,-0.00620112314808133,0.0020287577543984187,-0.005036785308537626,-0.0011248088927479395,5.435967119589104e-4,0.004834768006049656,0.02462004865643023,-0.016034775049154376,0.012113318978176227,-0.004061326734306348,-8.502936214733941e-4,0.0037113512840097913,5.759387069588866e-4,-0.00448085786924101,5.886342405910846e-4,-0.010498847550859272,0.023040256811505438,0.025556566794148073,-0.008293147611672545,0.009632491797150942,0.004438258638127646,0.0038569561345874895,-0.0055637017829662915,0.014850817240959269,0.006484316791178928,-4.0928086993103274e-4,-0.006126243067756606,0.004129144856753543,0.0037471728193936623,-0.0040474101553896165,-3.1607638606179596e-4,0.0019786145666324494,-0.006649148894256031,0.008262516236179686,0.011357066351076571,9.713354613564169e-4,2.221556749559654e-4,-5.910851254472206e-4,-0.005386769693663409,-0.0028671561818923133,-2.639839306173952e-4,-7.229897593780044e-4,0.0027485459574766464,8.101813263412548e-4,2.0942751419798832e-4,0.0018303185710023006,-9.645962116237064e-4,5.905576994477667e-4,9.360124533264063e-4,-0.0012654955957828351,0.0013659325153355531,-1.6479952306359011e-4,0.001531645611093356,3.3568726363007533e-4,0.003280549677930105,0.004593061474271527,-0.0013419601454416393,7.134969380408921e-4,-6.516460886306577e-5,-9.89119887206667e-4,-0.0021728817899067795,5.568479731615022e-4,-0.002402528958121397,-1.0802887283994242e-4,0.002582247860223841,-7.710782493315323e-4,-0.0010455899155591127,-3.6561290128501144e-4,-4.590380731815174e-4,-0.002488246367460126,-0.007212858160716016,1.815443005764568e-4,0.003056731909535243,-0.0014535667834874176,-1.685663013766507e-4,-0.0020322062512391887,-6.974762350126942e-4,1.829299516954558e-5,8.152515158490037e-4,0.0029898175225958725,-5.673505361724579e-4,-6.83822952921832e-5,4.566966518779367e-4,-0.0015495617526467796,-0.002124097087177021,-9.966131689836163e-4,-0.0011214683067779726,-0.0023202747217700172,8.295917725593352e-4,-1.2018146536345259e-5,-8.431487082682455e-4,4.6106237441168035e-4,-0.0033233179643205055,-0.0017304175420487552,5.612442019611827e-4,-1.4744841456543057e-4,-8.005502025449539e-5,-9.576325622116714e-5,-7.72659686312082e-5,-4.8034391926664226e-5,8.079616886398064e-4,5.799353591460138e-4,-7.721403115887138e-4,7.457684480029578e-5,1.2397840841425336e-4,-0.002243917111090021,0.0014126903379609512,0.0038502734762985453,1.5987851690898324e-4,2.6621129419660477e-4,-7.352795167180818e-4,-0.0011541687908721333,-4.867032614803716e-4,-9.408561321234856e-4,6.711158929411535e-4,-3.4409986296529357e-4,-5.283433008867894e-4,4.123986255829908e-4,-3.6609085837881997e-4,1.187071063904979e-4,-3.1398605237045637e-4,-1.3696864895461572e-4,2.604292681349619e-4,2.175362863819242e-4,4.5480133815257545e-4,9.048066386573926e-5,1.1411695553140453e-4,8.744447130891015e-5,-1.2152999695501253e-4,1.884764425859025e-5,2.897644851506548e-5,-2.1043109193912558e-6
C15-C15bn-C15by-C15ai,0.006970153995351394,-0.0017713891069247364,-0.006557589581912611,-0.0020478222404311684,-0.0029770164255529673,7.250410671993371e-4,-0.006736092592947414,0.002720271367660063,-0.004767440922479035,-7.348021432201706e-4,7.098236560812159e-4,0.0061077331176015515,0.026647819204116317,-0.015620263226880761,0.009437017627884372,-0.003858991758707211,-0.0036596158641815824,-1.1655779363758625e-4,0.0024648762009894924,-0.003797780692121213,9.288192012927116e-4,-0.011342070632630765,0.0029657234071080855,0.030831779907696432,-0.01814318100054731,0.0032859919370382368,0.0041645382866431465,0.0016328049516395838,-0.002685828848379015,8.824122062905544e-4,0.006481052961887998,-6.77408361129946e-5,-0.0049126726367173185,-0.0019216342113180338,0.007007149579224103,-0.0042856310666215865,-3.69685314716619e-4,0.007031623641130402,-0.008089648087872981,0.013236537833562455,0.006767609971373579,-1.970556174883649e-4,-2.8488625967659043e-4,-0.0020847100273453534,-0.0071052455196179126,0.0014062389150334912,9.167329482790402e-4,0.003150241568958502,-0.0032255084633132035,0.00449735883563403,0.00268601860637518,0.0022277715593467767,-2.254131420984983e-4,-0.0017603093370989835,-0.0010651068289382398,-0.003075175378854095,-0.006879560469633393,0.004450387396877018,-0.0020458659449313047,7.459748216251562e-4,-7.123039199869052e-4,-0.001153079596190275,-6.606032128377426e-4,1.1624076339714561e-4,2.55806908210944e-5,-1.354919778249466e-4,-0.0013207733670301254,-3.48512295372521e-4,-0.002210467806161974,-8.256001606326082e-4,-0.002944048550899174,-0.0010321621909976592,8.46269813224416e-4,6.205959309924157e-4,0.003067954701784439,-0.003709640797913035,-0.006034325797089371,-7.491134329828331e-4,0.0014187116333095166,-4.96605720433674e-4,3.3775133157142213e-4,1.6089952746369576e-4,-3.519500027272646e-4,4.473404564845344e-4,-4.366718240640131e-4,0.0013659932804758995,-4.657632474683861e-5,9.205940197568332e-4,0.002070738808684324,2.476653958456489e-4,-0.0012904365005731672,-0.0015034484224417757,-0.0022824184079575237,-0.002680797510384615,-1.5185937435637887e-5,5.099836465602337e-4,-2.9896076821652563e-4,1.8271518102041333e-4,-0.004641475835727014,-0.0032367029508682693,0.0016672255884239374,-7.71218384612157e-4,-3.579295299683724e-4,-5.513480266520423e-4,1.9282830856020224e-5,0.002150455809948438,-8.610541246668838e-4,-8.836003686961387e-4,0.0013230490330145752,-1.1238313161316812e-4,2.399685654236839e-4,0.002743107748863265,-9.913184082444358e-4,-0.002063389166838979,-3.134108135488632e-4,3.1776199283570217e-4,1.5462694253043325e-4,0.002533276547161711,0.0026596370271333323,0.0039027022415669965,-0.00470600295751396,0.0016787368277369468,-5.133340732769525e-4,0.0027034286626420757,3.4369877069886894e-6,1.727463305550905e-4,5.848592202868756e-4,-1.1246018463553348e-4,2.834859362165535e-4,0.0024160992732168785,0.0015777565263947726,6.792688625048344e-4,-1.5561281521201447e-4,6.596854090091476e-5,-1.309951573951593e-4,-6.874063850129685e-6,-6.790164708298136e-6,6.904794107037347e-6
C15-C15bn-C15cn,0.008742912354329035,6.749852711827891e-4,-0.008186528122559721,-0.0010030031041937347,-0.0016744468944404093,0.0028774312098015795,-0.009409588027122488,0.008442738824311525,0.00703425717771716,0.00480901659400638,0.005409033042950799,-0.00597766146147708,0.00947676286862676,-0.00380093376736991,-0.0031708210891028344,-0.004829459752793254,2.510892053424201e-4,0.020876330188362383,2.3715310221973906e-4,-0.01701868317810422,-0.0019687849948233495,-0.036400788198819686,0.03892227719308826,0.04617083682545617,-0.005657102244268882,0.01123325059629711,-0.029287053449980685,0.013913750878315447,-0.009046726360114221,0.026892971239499606,-0.012764277223013078,-0.0037967000474346097,-5.06244269881692e-4,0.0024136883891508754,0.0011754667698213102,-3.1924436542925174e-4,-7.735578469487801e-4,-0.0038823061659071976,0.0024353589170173578,-4.6448427439454683e-4,-0.0050192997762424155,-0.004241835319824506,-0.0014209759380919556,6.483329829819369e-4,3.029790252983468e-4,0.001664774031819659,-0.0010764304322817182,-0.0016807762948651854,0.0022906998339468914,-0.0024458135221923213,0.004690134235675044,-0.001998836158606751,0.0036368324433523782,-0.0022963161254363988,-0.002538697352144146,0.004318259701508551,-0.0026617755792265256,-0.005763405328504318,-0.004100069241592663,-8.5725700979711e-4,0.001347775322694821,9.92463438955414e-4,4.977162376040595e-4,-2.1970501501317074e-4,-7.724838531762785e-4,-5.140646341371378e-4,0.001115047519129609,-6.234657158677733e-4,-0.0021022727728731115,0.0027515827434845303,-7.470546518630713e-4,0.01482828341897566,0.001595896039421287,0.002291433880976571,9.904585650204463e-4,0.0012360765838081208,-4.5104893464710527e-4,0.00438609057272522,-0.0019372779293521194,3.1791612680867165e-4,0.0016839832381432493,5.4845007804561e-6,0.004311387548255048,-0.0010988048794671119,0.0011920672646868623,-1.3906722458603124e-4,-0.001347448092477064,-6.210329364458293e-5,-0.0019512408629151895,-8.986374207989121e-4,-2.205875993390711e-4,3.1079424755409894e-4,8.337459000259132e-4,-5.586011571981337e-4,7.806067165469272e-4,-1.3331933016921284e-4,-5.256119229408533e-4,-8.872661247868015e-5,9.97515981531387e-4,-4.0142908559484796e-4,6.897448943665634e-4,-0.0010642059135840592,-6.117533349699329e-4,3.6201900311372086e-5,0.003778993231061151,-2.5031632813098968e-5,0.003560613765238951,0.002137215037409514,0.002534464413832091,-6.473254018882041e-5,-9.281512656265245e-4,9.284714840745731e-4,0.001810761414443411,-4.24090067401272e-4,-1.0161629076960778e-4,0.0011295090481600939,5.439439633378758e-5,6.923604872948778e-4,2.619164478568326e-4,5.601601371372396e-4,-1.0939848855449902e-4,-3.869523592172048e-4,2.1787677385915358e-4,-5.438033326257322e-4,2.976623963957497e-4,-9.307531650884465e-5,-6.275239739185027e-4,-1.2827384317393037e-4,-1.274009538044863e-4,-3.8552518767863094e-4,-1.436635211146809e-4,1.817316540432595e-4,5.039534386704785e-5,2.1349000942709806e-5,-5.860592291765524e-5,9.410096083375178e-6,5.792352466184168e-6,1.4487156659091736e-6
C15-C15bn-C15ij-C15ac,0.01036446929989834,0.0010220533853456419,-0.009406260203343664,1.452015929687921e-4,-0.0011479141178704355,0.0035203859809786295,-0.008824041317534866,0.005662916395565057,-0.0025195308079337363,-4.5507572262509576e-4,-5.535194200240635e-4,0.001526571172092682,0.01601086140076662,-0.004650328351285248,-0.006452207944299007,-0.007455379134251287,6.754182487426116e-4,0.004649773531166257,0.0011324244425667527,-0.020144483684716767,-0.0023082770754358473,-0.042338762961721954,0.0502176769663669,0.05988080287689431,-0.013684114152329807,0.025587331345645097,0.006081329876412101,0.01047420430299569,-0.010829173170741222,0.044618407577182696,0.004152536908634268,-0.02229329665490962,-0.00759534382176144,0.0029659967427312878,-8.351007927256024e-4,0.0026294311202761512,9.162033146372769e-4,9.835030286910551e-4,0.006894897292254056,-0.010117163002077257,-0.005796006438299765,-8.980016508207426e-4,-0.001170160053436143,0.0027347191377264358,0.0042767903762745635,-3.824682019848016e-4,-5.038346894604598e-4,-0.0017233680112420172,5.258292678921864e-4,-0.0018162966227982767,-0.004565495823825124,-0.0017804585172733719,-0.0011539777495252347,0.0010599720447514668,9.327299466968688e-4,2.1695351700202735e-4,0.005185219461464521,-0.0014537826316140593,0.0042471280844914765,-0.0011107329801007854,-5.177548656394983e-4,-9.300402419624644e-4,-0.001528553083318275,-4.652144207118285e-5,6.955550869237487e-4,-0.00301890634694738,-4.452335367181871e-4,-7.038183964266561e-4,0.0034774667499135434,4.022688999541077e-4,0.0024333339081147516,-0.003862389108383983,-0.003067059872809598,-0.0026266917152151263,-0.008451436778285708,0.009227518467040336,0.023224806838555614,-0.002084525980955349,-0.008054849318758928,0.003919967949636584,-3.4954850959036544e-4,0.0049227569962597105,-9.254561724815799e-4,0.0032033274940661926,0.0015842480972905614,-0.0016144252240113451,0.0014890596039801348,7.323973679415654e-4,0.003648849341101698,0.0011329527962520185,-6.801256615804436e-4,-0.0012377098405896335,-8.148634503580013e-4,-0.001528513439569749,-4.107463647429071e-4,1.9135465224076424e-4,-0.0010208406822635246,-1.8536981232518854e-4,4.8304862285044215e-4,-5.909178230643761e-4,-1.751351658707334e-4,0.00245663111696182,-4.951688956609673e-4,-9.921730250126234e-5,-0.004155977368378067,0.0024779352917156045,-0.0016892311153345312,-0.0027778606416665945,0.0032153319766356054,-2.0876649385040272e-4,0.0015382638271867568,-0.0018854070977223844,-0.0010630324200766432,0.001824630915208662,1.4137686979258585e-4,-7.955360247367579e-4,-0.0012257327887702002,-0.0011583298835837097,-7.466669435053544e-4,-0.0015129000050609872,8.38890245110807e-4,1.1170722973588e-4,-6.488530733158917e-4,0.0014398927340363462,-8.975771574949864e-4,3.2034509790260094e-4,5.21621576030529e-4,-1.1678381973409977e-4,6.630592989326529e-4,0.0013667537694719105,9.884359074179404e-4,-5.379841358378043e-4,6.390136053020425e-5,-1.5638432460232166e-4,2.0776414191537765e-4,5.397154023409261e-5,-1.322344801834452e-5,-2.3323020067110164e-6
C15-C15bn-C15ij-C15ev,0.01034513934436684,4.416830534271602e-4,-0.009557475821673683,-3.485622645305762e-4,-0.0016528803531295547,0.0029284797895216884,-0.009093884605956665,0.00545238929617458,-0.0032972340507047963,-9.967735634825573e-4,-3.8794292235613896e-4,0.002727106083945594,0.01829184695546549,-0.0068921189784429985,-0.006835149531002864,-0.008759598030038321,7.201842941905424e-4,0.005757106621620034,0.0014529088350692,-0.03121213600144028,7.42905268069701e-4,-0.044674094225031845,0.05578822725266306,0.04751739572423502,-0.0018471879852379194,0.04307192900397331,0.022846286826218313,0.008085750316854668,-0.004325958160177513,0.006849935324312663,-0.005395387905011865,-0.019643335363948917,0.02044970283682686,-0.0036961185484848482,-0.004356646358288487,0.0072567625979647905,-0.001970582788914962,-0.0069485741403657745,0.011332538757492822,-0.005858604611568412,-0.003235364190819836,-0.002572159883477017,0.0022728514233663283,3.34388586176919e-4,0.0019551084762374662,0.00127542248839379,-0.001316926519730625,-6.59038383504727e-4,0.0016191994566579061,3.033264366459191e-4,-0.0017164444939763866,-0.0017424919366653931,-1.675072114071952e-4,1.1881588264475491e-4,-8.06082926453651e-4,-0.0031794188929643564,0.0022480604264634905,-0.003744784414546769,-9.945204631300428e-4,0.0043272526043537166,-0.0024084141774394657,6.2688808820909046e-6,0.0028096604667669665,4.0478990047760537e-4,3.661571947007448e-4,0.0036219328157244134,0.0016028135152167345,0.0040947387209502575,0.0019618739171376,-5.905102460341533e-4,-7.743960095805364e-5,-0.002823630400049231,-0.0033333053050864404,-0.0012454879332943487,-0.003379082414918718,0.0015553450846366094,0.006141267045531471,-6.490650883349966e-4,-0.002574917622156033,9.39803439849568e-4,-3.56995214034216e-4,0.001290982769609753,-1.7031726349393966e-4,5.743282750359662e-4,1.24118034234394e-4,9.945857255934445e-6,-1.1621975309759841e-4,6.741921734193489e-4,0.0015959225382927251,-1.4196835376855215e-4,-8.48249311356955e-4,-1.2113217443691622e-4,-0.001513073521195086,-0.0010540713801859925,1.2113018805347323e-4,1.4701687843206594e-4,8.547899202252991e-4,3.420641510177858e-4,-0.00139404852462073,5.571723711659056e-4,-9.858219042768364e-5,-0.0020192864871711905,8.389544583044435e-4,1.6385717818796409e-4,0.00243788925065549,-0.0030529299766710854,-3.893983474017596e-4,0.001994975573583609,-0.0056641871897522055,3.04640761758585e-4,-0.0012444561294960123,0.0013387381183184446,-1.3761881834990625e-5,-0.001219270419518285,-3.5179220260686436e-5,-9.231397538296569e-5,8.821346061731623e-4,-1.0455153609438644e-4,-1.0421158152418506e-4,1.488125568270294e-5,2.0578939932154995e-4,-3.630587373161103e-5,3.255482650910365e-4,-4.967053946259762e-4,2.5751530349368655e-4,-9.357071165329235e-5,1.50062710095551e-4,1.5018160308998712e-4,-1.698054322743349e-4,-9.419890748743975e-5,-1.6332645734804321e-4,7.564135122993965e-5,-3.732708117328653e-5,2.943532341199009e-5,1.3135816301645427e-5,-1.0958651881698553e-5,-7.712030097138935e-6,1.6898553395569822e-6
C15-C15bq,0.004275858821848236,-0.0021499451380797207,-0.0037898759967945205,-0.0016112900185354185,-0.0019823902691110374,-5.371279825846885e-4,-0.0018582775653568778,-2.066648709721569e-4,-0.0013424550578151832,-9.671842515704783e-4,-2.1077535595533305e-5,0.0025895489586074986,-3.178974475366238e-5,-0.0023623836469499324,-0.006577436896755825,-0.0012197450290114874,-0.0031329348597101537,0.001279553690741285,2.647982400367392e-5,1.484057839229675e-4,-5.077802315091795e-5,-1.427264377052898e-4,-0.0028831745319851834,-3.447206388036621e-4,-0.003514488947739824,-0.005488656345442928,-0.00168685512685703,-0.0012708525686989766,0.0023997142002357727,-0.003842766430212081,-6.013043036196654e-4,-0.006345450007090576,-0.0020630576243724427,-0.005390463450868893,0.002300465383472439,0.001738506169298477,5.722596532423612e-4,0.008153436760930888,-3.868248108233086e-4,0.0016739664494241123,-0.013040661137170208,0.0031129994969164316,0.002386605491950763,0.001073351158194923,0.005474686388608351,-1.4553779376043688e-4,-0.001993184231133618,-0.002686232437490773,0.01027140320346533,-0.005890120094954752,-0.003734299879650662,-7.390338539234932e-4,-0.0012584414751100202,0.004271594491307211,0.004298853791803489,0.0044951561673029555,0.014472559554060816,-0.007426196284512766,0.0032283743514206634,-0.002497513586487219,0.0035397898047581575,0.005137231797127343,4.350210132186443e-6,2.79656279425284e-4,-2.6799501819547105e-4,3.657887354122617e-4,8.37414850755987e-5,-4.674631789326649e-4,0.0053802987023293105,0.003939347221279167,0.02370773618215797,0.003992841694856937,-0.007376171853495616,-0.003762208946473815,-0.009349672729964627,-0.0028199169926692983,-0.00919626028293904,-9.436682118245747e-4,0.0022450170027761957,0.0019735170590843582,0.0032457794457516603,-0.0015111594880508475,-7.940520773981689e-4,-0.008123462236738342,-0.0053353894323435996,-0.004057278857979539,7.63756967710188e-4,0.0016591810717433138,0.004574642785929707,0.003479488446346661,0.0015249107544768022,-0.0013997960696061507,-0.005488155517328043,-0.0012255112394141082,-0.004097137088152463,0.0025794980652299316,0.00517883817679738,-0.0017413263324464665,2.3038727041472688e-4,-0.002573793059724491,0.004593517736924789,5.55646388998981e-4,-0.0037384629518078046,-0.003519142711697355,-0.0034198933511562957,0.006564985631134126,0.002422739851591565,-0.0017206335007834079,-7.576691659947185e-5,9.187596690429554e-4,0.0010522830536844623,0.009486871721816144,-0.0024937546173243183,-0.007118763073741933,-4.4814948951296717e-4,0.0017136802217434287,-0.0017615991332901744,-7.554862843245594e-4,-7.793973344051204e-4,-0.0014935170984347347,0.001282176803206856,-4.813061053264536e-4,-1.7724842201878078e-4,-3.1391394684901816e-4,-0.0010253261489585098,2.3422082708565557e-4,-5.5604938531406805e-5,-7.058052133684122e-5,2.9048456333085324e-4,-1.0034552449315689e-4,2.197115541869542e-5,-2.7265713552910415e-4,2.0752250716420188e-4,7.783213654757614e-5,-1.5319842063128312e-4,6.138039925083051e-5,4.865915979745566e-5,-6.871485594045831e-6
C15-C15bt-C15bv-C15bl-C15bw-C15bs,0.022478796638298167,0.004972079540082025,-0.026790292343115567,0.024896868909304145,0.011990307808500047,-0.01304993166076135,0.00552542683321908,0.004303449526390445,-0.003004878132219019,-0.0069073282041922585,-0.009889233805685247,0.005745988300970826,0.02508901403450586,0.07868324062877907,0.01797459876775432,0.009301192297914804,-0.003137909478716461,0.003405038745823078,-0.001996586191240835,-0.173215842962347,0.05728532931440903,0.042463160204233,-0.020911975399281232,-0.03593951006814288,-0.017800127225073483,0.00514603478618528,-0.006317224806542316,0.005378609771539083,-0.006173194421548857,0.016827186554998087,-0.0023677910897018524,-0.006569560563130482,-0.0339928038345939,0.013763279424853326,0.013947062841096416,-0.019429679530437366,0.005574158545341317,0.007714748942215712,-0.011586983402030255,-0.0018816415159737948,-1.1285540242568642e-4,-0.004557495375345282,-0.008078071704152586,4.4912775845918333e-4,2.8881288970529663e-4,-1.2707501650542776e-4,-6.450622666205817e-4,2.236609794871982e-4,0.0012798195386581974,9.053115257395133e-4,4.1662897113596125e-4,-4.673387590654371e-4,0.002456964444001217,-7.702266846039757e-4,-0.001545655607550873,-0.004221611454600316,9.765103051784287e-4,-2.9141993483261443e-4,9.247113631410936e-4,-6.740139507828719e-4,-7.279649815558264e-4,-0.0011189603000261335,-0.0018763193540846923,2.595476659899144e-4,3.3030057195639447e-4,-0.001000042760603466,-0.002128883926180529,-5.630960782115461e-4,1.2947032187676216e-4,-7.300781833470897e-5,-0.0010758366614374156,-4.5268660927399383e-4,-0.0014147319369192297,-4.2103719199272866e-4,-0.0015946970870467263,-1.1758458730793298e-4,-1.1113921429124223e-4,4.56569398590375e-5,-1.7104815188518052e-4,3.542356497522841e-5,-2.216967099691627e-4,1.5192695137165204e-4,-3.8380620197624946e-4,1.4255675100707298e-5,1.9248843582896807e-4,2.735557565612162e-4,-2.536943419683831e-4,2.7965849682530384e-4,1.8616157971376834e-4,-3.3314773952745674e-4,-3.463205782799386e-4,-8.375017776487696e-5,-2.6755251552400587e-4,-4.937598359680075e-4,1.6992205063424626e-4,-9.329412992857164e-5,5.409552905149048e-5,-7.075852767639938e-5,-4.1520486817624416e-5,3.263379653076152e-4,2.0481879792837052e-4,1.6977317650166928e-4,-1.881242774444794e-4,-5.127379588598447e-4,-0.00019678763128705935,-1.747796220939411e-4,3.103620145272509e-4,2.354852650319103e-4,-4.1961242957675273e-4,-5.323256444670111e-5,-2.382030729599667e-4,-1.505533658620426e-4,7.289734549886917e-5,-1.0233047909482217e-4,-6.764153813251241e-6,2.0200111920422475e-6,2.1990937687209919e-4,3.651523010121641e-5,4.747507992141877e-5,3.718211773429035e-5,1.6497200234406084e-5,-3.361902391097768e-4,-3.245001174793734e-5,2.1397038784886957e-4,-1.3187837273812713e-4,4.41271601227508e-5,1.4419883745769654e-4,1.7252916592439742e-4,-1.2601420678064914e-4,-3.9899117296606115e-5,-7.446813202589e-5,1.5684378522446783e-5,5.937680882573349e-6,7.239413743728734e-6,-5.9156332639051155e-6,7.828994606806433e-7,3.4712363580444e-7,3.668984250227944e-7
C15-C15by,0.003510845855775658,-0.0036379936294158735,-0.003327163129753758,-0.0027303789253488833,-0.003463539310326694,-0.00132124337455379,-0.0024666319392305687,-0.00098471214503736775,-0.00422842918142572,-0.0013780219369897858,7.021735683870556e-4,0.005271466049542013,0.016615275178695422,-0.014951519791168552,0.013591235465502425,-8.800704214542653e-4,-0.0017640753439780183,0.002332693697710723,-3.0039059440431943e-4,0.004660301159443712,0.001415449154947874,0.008700306714542371,0.0014034076091682692,-0.0028605213257118216,-0.0015101998914695187,-0.00220501820591902,-7.290376883180664e-4,8.809313036280234e-5,-4.3120347240925544e-4,-1.660739774026617e-4,0.001992147024199233,0.0015592116187596338,-0.0023876751439248205,0.0019306561230491195,0.0030187015491471773,-0.0027180623096346966,-6.114768573603679e-4,0.001775770508815295,-0.004953750380214233,0.0056042691654414325,0.008018754122324438,8.469335214501105e-4,0.0011576282792884315,-4.6114344317813304e-4,-0.0041216510617298665,-8.162669314449417e-4,-1.8765096822963935e-4,1.3071018724727573e-5,0.0017554235012850325,1.1392443375223693e-4,-1.2802202539593228e-4,-1.1160278589367038e-4,-0.0010086518357464956,1.6344139925907134e-4,6.568906441870552e-4,-3.141910634702499e-4,-7.480110280577334e-4,5.146555204030294e-4,-3.2654275210029516e-4,-2.3744471047638976e-4,0.0013100368605527656,0.0029763652295213224,-5.295922152330845e-4,2.5451805839222385e-4,-7.61173729806294e-5,1.2972017467429128e-5,-5.045693989266239e-4,0.00059675029660194705,-0.001908391315545884,-1.116933115464476e-4,0.001221635394060625,-4.928793881161992e-4,-0.0010335286712205814,-5.793375269989222e-4,-8.105333850365197e-4,-7.497108314293483e-4,-0.002023203906996119,4.4188630801846577e-4,4.563634531117618e-4,2.5106882372482467e-5,1.4872483564619507e-4,-7.046339611962543e-4,-3.6279337831073407e-4,4.5186585703492347e-4,9.348416766109283e-4,0.0017636000131042876,1.4712948845620828e-4,1.0316692888654546e-4,0.0019551013494730637,-4.78757273491387e-4,-0.00210757935688222,-0.0010884270110652365,-0.0019466632054407382,-0.003271685388181064,2.5369498157076076e-4,4.539574164053217e-4,-0.0010796985850595445,9.132218074200816e-5,-0.0037932401264104522,-0.002812565355094791,0.0010757919569488682,-3.678351882265582e-4,-3.669102083601591e-4,-1.2765150782703208e-4,-0.00061392222583596205,0.0018027112096291192,6.090557793406406e-4,-8.463851917859356e-4,6.186950234306261e-4,-5.600462389860509e-5,5.642187388467577e-4,-8.246718695185415e-4,4.6632070424763476e-4,0.0014945139304640544,7.963920086055147e-5,-1.6603239109693672e-4,-3.7395838025634445e-4,1.2080922500649997e-4,9.035578333833885e-5,5.695498085277133e-5,-1.0742727060239387e-4,-4.814853508839591e-6,-1.5676278714550426e-4,-2.1257122161726498e-4,1.9724306629752945e-4,-1.1827010720354448e-4,-2.944016938125219e-4,-1.6849784392509082e-4,-4.644785738675802e-4,-0.0019613456781344993,-0.0011551792093136785,-0.001783754622217951,5.948691565792228e-4,-1.4396648622873792e-4,5.081420610003463e-5,3.60763436067164e-5,1.0420909963150624e-4,-3.7895300356074344e-5
C15-C15by-C15ai,0.006363730440294552,-0.002175632106699802,-0.00588286709715751,-0.0023564141980031788,-0.0032464732793046408,2.716703684735022e-4,-0.006128881762764568,0.0021552952309318264,-0.004911402242263972,-7.780523047633537e-4,7.958728579130045e-4,0.006759441011216008,0.028746655534372733,-0.017313025239588543,0.013996035820612132,-0.002701983433237168,-0.005140778108241357,-0.0026356962968414666,0.002590500624470712,0.002473580320057315,0.0015493624070213928,5.354218051805477e-4,-0.01732128002503585,0.013368714190187803,-0.016039086886727203,-0.006684647680942618,0.0012434424787122046,-0.0017642078122738398,0.0015777899807505027,-0.013911540382495731,0.003925029103225076,0.0030592218466764984,-0.0021432764420525937,-0.004969495099148731,0.007082551165065761,-0.003705967875118543,-4.257475217141039e-4,0.008086818233004122,-0.008827664835751417,0.014729237886474606,0.0050455938538207755,7.231278313843357e-4,3.108829962982806e-4,-0.0011150818730663989,-0.006436040843642133,0.002071805760580933,4.249130066807962e-4,0.0031814365296331825,-0.0018849169557317656,0.0031587666708813916,0.0019066202862156744,0.0010167019084012495,2.0311584752042582e-4,-0.0017595145023889516,-0.0019983790581129,-0.0038009376598104505,-0.009925868340260388,0.005910752630219316,-0.0012810997376032115,0.002862089822839591,6.0439075929126e-4,1.9582269769203314e-4,-0.0012687469984605903,3.716856270698835e-4,-6.914368307572379e-5,-7.723887217295684e-4,3.832687302411236e-4,6.964648344386007e-4,-0.0013339885754194934,-2.392483909577946e-4,-0.0012511260389608688,-4.850416077700627e-4,0.001170301199722582,-4.830807593406785e-5,-9.257184594643827e-4,0.0024430215267592765,0.004626474217085119,1.782136176453933e-4,-0.0021453436006288987,0.0020081049097619,1.8584300566915952e-4,8.570617819995811e-4,5.355426065724691e-4,0.001344153535249954,2.2236308956339874e-4,-2.1451945428818797e-4,8.302793332280501e-4,-3.4393292919000985e-4,7.515390291752867e-4,9.44942088893276e-4,4.330325549643574e-4,-1.2824349599373997e-4,-5.96409350899313e-5,0.001164227146426139,-6.471473898776868e-4,4.5984186621017927e-4,0.001039322961620276,-4.043939934800544e-4,-5.148323592698629e-5,-0.0010091419896473544,3.602487691362626e-4,5.331147401366925e-4,-2.1552436812643814e-4,1.1681322123231996e-4,1.6961484436824474e-4,3.023554654017306e-4,-4.048015751229641e-4,-1.77317061491024e-4,2.436926569145864e-5,-3.4756470993923676e-4,2.699068769303915e-4,-4.803062045223394e-4,2.993846764566634e-4,7.289820268387545e-4,-1.9507375492739903e-5,6.59288214870782e-4,-7.037096245112024e-4,-0.0030261239233493617,-0.001360496591989733,-0.002413759540775022,0.0016066975680679794,-3.752766159109313e-4,-3.3182466337348926e-4,2.4980297309743567e-4,-7.808659936261094e-4,2.5086374761600734e-4,-7.394726892967753e-5,-5.0675500342559964e-5,6.348060114898862e-4,0.0012014711845503869,9.747960303449628e-4,2.193431173744058e-4,-4.922118565657144e-6,1.8317329719856295e-4,-1.7251945914534763e-4,-3.5412207012684486e-5,3.988793378741443e-5,-5.439562291262967e-6
C15-C15by-C15bd,0.009742593942059698,-7.637461619526212e-4,-0.010061050875978889,-6.301957865424614e-4,-0.0045285632575928604,0.007378771139622117,-0.027365238932548035,-0.029096156076426773,-0.0036193180136821295,-0.0014540966879521113,0.001841812970588771,0.005064500781967452,0.02682106838483762,-0.02049678900154302,0.025390474819053082,-0.0026415474599680304,-0.0012364782478907293,0.0015034127748057434,5.964361362538794e-4,0.005467115566436054,0.0022444576872441466,0.009247308036319372,0.0014063801246588443,-1.6031857832552316e-4,-0.002486869070604325,-0.0025846316728956814,0.0024853012915873884,-5.916596786533164e-4,-2.2636452969973533e-4,-0.004861027355150799,0.0068307931870869145,0.01322458444758052,-0.008243215579158157,0.004037749390492878,0.0031594656834896487,0.002746868787707459,-0.002907981360716647,-0.0023553164246973117,-0.008670284721897308,0.01266945763484061,0.013799837476294242,0.0012081775812478374,6.596515656812136e-4,-0.00247863323744968,-0.0016363890034831196,-0.0022303099843018277,-3.60034387676844e-4,-3.021947971077388e-4,0.0031089063615741294,-8.354423937706389e-5,0.0011899431770965386,0.0021679289789803095,0.005813388433594944,-0.0012068086649499453,-0.0030267146113929183,-0.006434168510229675,3.5328500044704063e-4,7.014761231847784e-4,0.0076869675306701244,-0.004296896909619962,0.00919169658540541,0.009175508084533096,-0.004948689476682641,9.461490403345976e-4,-0.0012614704931667702,-0.007365725003703845,-0.004420340818922459,-1.6801450269283795e-4,-0.00502902223507602,0.0020936143804389717,0.011660093629244982,0.0028020492944480554,0.00255415186635217,3.2422562203045837e-4,0.012743120541925336,-0.0023581524221509436,0.012453654634777864,-0.005855409729712067,-0.00292231549891983,-8.533675376135497e-4,0.0011767613097675665,0.0028022090442634097,-0.0013651379417051709,0.0015952608811459444,-0.00121763539329369,-0.0031451029025982473,-0.0013958225481266414,0.0012011840148353522,-0.0017857704088515489,-7.961231793120488e-4,0.0014808975428303242,0.002031574350705341,0.004438169682544777,0.006990829351497744,2.884094976920245e-4,-0.0016895430802356666,9.950120403480996e-4,5.740049005379798e-5,-0.0019789735500347185,7.990236407402861e-4,0.0011300272807414967,9.606300857853992e-4,-9.305716612226718e-4,-0.001611727067059663,-0.0017496942411627653,2.1476250597838177e-4,0.0037363696542465274,0.002104029367438466,-0.004104839366375006,0.0013275214088947548,-0.001294578755006543,0.0011903046626245025,1.2357547661596488e-4,0.0016066168074496295,-5.627965892877613e-6,4.966075151341276e-4,-6.279331991439512e-4,2.875421409101979e-4,-5.316868119001017e-4,-1.844397018835766e-4,4.89943591088149e-4,3.023965936172569e-4,5.865435693847283e-4,6.229951078822206e-4,-2.170238913796548e-4,1.6344164997653907e-4,-3.0983729554036386e-4,4.029379100935644e-5,1.9528610365517898e-4,-5.306933613023066e-5,3.353510271951915e-5,2.868140201742525e-5,-1.885301888797539e-5,1.440256616105494e-5,-2.273830168894221e-5,3.4320286099022403e-6,3.630422517937597e-6,-7.845560720480571e-7
C15-C15by-C15bn-C15ai,0.008101474611148496,-0.0012989411414473851,-0.007605738162028464,-0.0019493211367005256,-0.0030405108822086076,0.001383243458452088,-0.008356188640761493,0.0038899976764533023,-0.005374939457932161,-6.317504940150108e-4,7.711960096164664e-4,0.006768415194166327,0.03357853471305821,-0.01820946748489526,0.012405380235532492,-0.004777763713360241,-0.004612393584423505,-0.0012829249752457294,0.0032633466936861917,-0.004529049407466878,0.0010159063827689546,-0.014111291832073596,-3.1529857217036635e-5,0.03701468793490149,-0.022361049899940647,0.0030659597914293522,0.004984069735759207,0.0015300698363794416,-0.0028910747867714717,-9.95226067919331e-4,0.0076291465026278975,8.30950340798836e-4,-0.005499890298403253,-0.002998633633239065,0.008262025815894662,-0.00497285855730947,-3.975740113977333e-4,0.00845162008524042,-0.009838610709858421,0.016503636403291572,0.007439013479093759,-1.2897533184217766e-4,-7.331016099117092e-4,-0.0020624939470155214,-0.008018575486093088,0.0015642145677992516,5.694050715058907e-4,0.0033468031102826933,-0.0025474492875561007,0.004658760462006024,0.002237023914958206,0.0016362460694032642,1.3207598698187353e-4,-0.002518096741874407,-0.002147294194566913,-0.00406566600197387,-0.0107426578804751,0.00661887602954555,-0.0011817913801851793,0.001674792003463656,5.835260461730245e-4,7.689640766582469e-5,-0.0014261095971792213,3.365625035295712e-4,-6.779982710417346e-5,-0.0012822879983239196,-7.20525391340961e-4,4.4641285227877016e-4,-0.0025412703707141577,-7.339737410335669e-4,-0.002496746894051383,-0.0011696290960668417,0.0012838910945751562,4.977384992343405e-4,0.0019304759441815468,-0.0017136415554814147,-0.003656098640474167,-1.2064377615057857e-4,8.064498754715237e-4,4.259170889207659e-4,2.5384803845465427e-4,-3.796681044797669e-4,-1.4348415898267696e-5,4.940487401847644e-4,-3.6065841519216854e-4,8.566175922421007e-4,3.901403855139499e-4,-3.2355083174714217e-4,0.00025003712911086403,5.542046737731523e-4,3.097494017019194e-4,-6.213067107002934e-5,-3.6304021313219193e-4,0.0012250334566138372,-6.098789184837795e-4,4.1601932549377923e-4,0.0014668984986497566,-4.621047829646582e-4,-9.272965609789607e-4,-0.001214278543718655,0.0011028754866020147,2.303736430346593e-4,-6.83530051355339e-4,-3.3913832287607934e-4,4.8633027670577135e-4,3.7279894115698533e-4,3.4657341205728816e-5,-1.9779553950791665e-5,1.603661142492659e-4,-3.368616791123868e-4,3.8932829592406e-4,-5.593758153375243e-4,6.880509333867157e-4,2.80178524884089e-4,-1.453625814376041e-4,0.0013310592903599718,2.5738506982615045e-4,-0.001966561204892628,-5.916553338104055e-4,-0.0010743446109091328,8.242882781327226e-4,-5.569297314449287e-4,3.441036546707708e-4,-0.002082573497826381,-3.789021433602195e-4,-3.7286426877718404e-05,-5.609359398280782e-4,1.452384291861471e-4,-2.938211561371522e-4,-0.0025301858968719225,-0.0016164305023837816,-8.982701895407799e-4,-8.248734681380822e-5,5.64295256556945e-5,1.1422558894292038e-4,-2.3928019006750176e-5,-8.503284816920635e-7,-7.60815078594294e-6
C15-C15by-C15bn-C15ai-C15he,0.00844078741900619,-0.0013072212265584447,-0.007963864922897695,-0.001905075642471893,-0.0032444546788938733,0.001610400400083334,-0.00905956548356076,0.0046413024820844626,-0.0070240380900753515,-2.196295033949278e-4,9.390164335923957e-4,0.0069074581348339764,0.03750150559543342,-0.019440698456964813,0.007294968899872474,0.006679394489525665,0.004254467839443963,-5.1313169880818256e-5,0.002966062116483147,-8.907525509790347e-4,0.0019688761800021313,-0.006833762686058766,-0.0015480607875688105,0.02978952896353338,-0.01954123829861054,0.0010064247851425641,0.0048717005732246575,0.0010484430817487924,-0.002417840978202248,-0.0036769938954259052,0.008347977799831326,0.005411621140860394,-0.005488243839940566,-0.0011356648552121465,0.00800479502136353,-0.006610531128923675,-1.7386240079155315e-4,0.007081221048278256,-0.01182934474974947,0.017246718283833794,0.014355198456266075,-8.301637571936086e-4,-9.444649572129368e-4,-0.001784024865047356,-0.010110768164068843,-4.699305275476683e-4,0.0023561460066323044,7.665310942084882e-4,-0.0030518816351353018,0.005831187955335923,0.007238499809543548,0.008851370704512421,-0.002194138145457867,0.0011540493534021273,0.001981329917962853,-0.0017387581810707053,0.0010406498032716606,7.629561739975585e-4,-0.004882981312581885,0.0014183339936636983,-0.004914296052156512,-0.00729679043655733,7.273828836907533e-4,-1.6565077820389996e-4,4.745967359292488e-4,0.003797570442678595,-0.004534680778613126,-0.005775282956023025,0.0013913132825904065,-5.051956056131046e-4,-0.005324042346157797,4.608239551540755e-4,0.0018252403728498655,0.0011385520920125086,0.0020578364248143325,-0.001174392749451115,-0.0015417649942446193,-7.709582030260802e-4,2.8837241913002106e-4,-5.810455693406746e-4,2.817194308817226e-4,0.0012236290983394069,5.731699028080134e-6,5.435312609346794e-5,-0.001232993738022502,-0.01013741258745475,-9.77847138406422e-4,0.002333123888770271,-2.1916220614662577e-4,1.5878458702923813e-4,9.302264497173728e-4,0.0013712629556903,0.002551372917510413,0.0010911610805130851,0.0011392319878524675,-0.0012927360039220604,-0.0028840091051235343,6.45546956226562e-4,7.95355171791582e-7,0.0018893684765917526,-0.0013001566831664661,-6.713049517787797e-5,7.733746652528416e-4,-2.64141236483146e-4,-0.001181300463593507,0.0010935249375426568,-2.1306403984595683e-4,-7.361655470007846e-4,0.0012429671215914116,7.695312280369946e-4,-0.0010620929810799848,0.0034606727191915845,-0.0021578601893370675,-0.003556976692483261,2.031216842039209e-4,-0.001955362537264748,-6.611699315378533e-4,0.002520381919295809,-8.122104231277965e-4,-6.077020456804971e-4,0.002173700749928914,-5.336143300631987e-4,8.082192938073333e-4,-8.266824992199468e-4,6.743794662481033e-4,-2.336154299238788e-4,4.488340391844333e-5,5.2000228371787576e-5,-3.691311614031172e-4,-5.915454776947351e-4,-9.460586065705544e-4,2.069731078587539e-4,1.2548587209583505e-4,-2.877273981932105e-4,2.0975420364373516e-4,2.8738205572832254e-5,-4.339928542172296e-5,7.059036015530904e-6
C15-C15by-C15df-C15er,0.008209521501768235,-0.0011736444358706726,-0.007115419136504522,-0.0015664985973468193,-0.00274635192790018,0.0017250824997877025,-0.00812245845563857,0.003468300887788206,-0.006436179083167271,-0.0014523165840118184,2.672685227579549e-4,0.004747109954353909,0.03441444909012005,-0.019213940834419862,0.02095249383206723,-0.005395623174447349,-3.284366785756835e-4,6.170855275832855e-4,7.522901504524326e-5,5.599559925590324e-4,-0.005785765784922603,0.002964625481855932,0.002832365349525423,7.093790383345185e-4,0.002132152938410185,-0.014000539229915624,0.00958248417438903,0.005763200349881614,-0.0026736621360281213,-0.0048773551635583395,0.006683981011299848,0.013693522240030143,-0.004096062818905317,0.0038080447929736967,0.005860857069796837,-0.008500141344579335,-0.006968776233016917,0.002719252130565348,-0.015912789087764414,0.01994716768866041,0.023335758304897605,0.010923531469263682,0.005600915497658199,0.026131484222032812,0.008545491208619265,0.0031499089353997653,-0.009964025450049317,-0.006629652941150202,-4.775291985995554e-4,6.683655882124095e-4,7.275247604936001e-4,0.001545211294670848,-6.837148866312848e-4,0.004634730025801619,-0.003392743612875671,-0.0020199946572816954,-0.00794301673857769,-0.0019852884080627294,0.014615683070321307,0.007057765286132807,0.009889312061483144,0.013203437067226572,-0.0033541892992737326,3.7554174547253804e-4,5.226972256395863e-4,-0.002454652050824847,0.0032830771481472216,-0.001020513732857385,0.005052326271429266,0.0010301510669006421,-4.612082200592535e-4,0.0015242622506060968,-0.0025534574702162404,-0.0014994346072745217,-0.006400656096713224,0.004178700779975992,0.004822220689977365,0.0012995207200662696,-5.239260023791549e-4,-6.647312305230788e-4,6.4149355194649076e-6,-9.740665361842721e-4,-4.858615749563712e-5,-0.004274189728332771,-0.001860282108489527,-0.0012940291970738858,-6.371617806351957e-5,-7.140184397353996e-4,-0.003062598712479112,8.653387919180651e-4,0.00306823400945778,0.0015851655444103323,-7.892792543584368e-4,2.1108620113788337e-4,-8.071900092702706e-4,3.3928662769828495e-4,0.002311323228389916,1.6435204404057825e-4,0.007484728137714297,0.005933151686223216,-0.002072278908215177,-0.0017158857654432367,0.0010734030689160858,1.0769724602154413e-4,0.0019282865923899372,-0.0024417214264326474,-0.001778698046463571,-6.033602563076434e-5,7.595553544243336e-4,-2.2251211872481238e-4,2.965801958938953e-4,-2.819463531189354e-4,-3.796720242952736e-4,-6.259196409084411e-4,-4.646959290862293e-5,-2.633252789668193e-4,1.7608434236801484e-4,-1.4911972125418157e-5,1.0512543421655356e-4,1.2908855679455935e-4,-2.0547973804325615e-4,-2.0592137651996686e-5,4.6284058298287547e-4,-4.971695935665407e-5,-3.7711728060558976e-4,-3.901210889466379e-5,1.3500745714464433e-4,-4.952425190412646e-4,-6.77724854663433e-4,9.590736967024356e-5,-1.2574227522997556e-4,2.3720203316422215e-4,9.662276700797437e-6,-6.644919964470546e-5,7.33835034280472e-5,1.671884037407069e-5,-3.0093030716631192e-5,6.007277639406633e-6
C15-C15by-C15er,0.006842730352954392,-0.0018794200839705676,-0.006125830204399366,-0.002094985696713347,-0.0031649100336078903,8.005368733567784e-4,-0.006592381173280077,0.002167864599035881,-0.006079069819162789,-0.0015724517799175985,5.003576330593154e-4,0.0050805031589008206,0.03219747273631262,-0.019917773768926183,0.02296474162182443,-0.00322636816578534,-0.001372400936008549,0.0010086522955780083,1.7499330155422836e-4,0.004336104562249961,0.001224198737031758,0.006397227475438518,0.0012154142386173494,-0.0013845222093298018,-0.0012457258637207755,-0.003452296293348603,0.0014302373547794235,-7.939745412711347e-4,-1.0712215560222077e-4,-0.0027274798805020906,0.004501572117152084,0.00788804793943163,-0.004061400135831587,0.0025039615859218903,0.0029548329390438046,-0.0042842635413047865,-3.6873455523214483e-4,0.0017954961083193166,-0.010377242819195458,0.012381430034449496,0.014965802792191557,0.005282332497345681,0.0019984784540684193,0.0029574317389911148,-0.005177027559526631,-0.0036207634364234993,-7.477006411857374e-4,-1.1827674627413655e-4,0.001555687034346175,-2.6854607387200914e-4,6.010036515338237e-4,0.002685646646765434,1.0978781907142939e-5,0.0020585423353015617,-5.005184205163104e-4,-0.0031635021789034085,-0.001955668351125524,0.001521883183656568,0.006969322125038718,0.005222079969878044,0.011058932029306313,0.012598053110580976,-0.003717888986617732,0.0015956248124161746,-9.096539677433456e-4,-0.002728557026863492,-4.333217530764016e-4,0.0018052416421484873,-0.0021343029035254283,9.904455465676895e-4,0.006789792350709707,5.41115687418152e-4,5.841156452941702e-4,-0.0017807379003129098,-0.006612841842405723,0.006597379359302762,0.005895920795913444,7.294898263547661e-4,6.46615140270835e-4,0.001157541509712082,5.226517208387193e-4,-0.0023887645765019814,-2.28647824691615e-4,4.975267713382047e-4,3.002005033760711e-4,-0.002148540205048,5.622031731073418e-5,-0.0012778364929835132,-0.003158603073834175,-1.0003719683197966e-4,0.0022841142357664036,0.0011343607226038121,0.0017387600712705082,0.003473050234192455,-8.407457410617642e-4,9.216826504301359e-4,0.00376492057265674,3.1381426976264087e-4,0.013612388631082042,0.0066806667001765,-0.005381065745189448,0.0030853647031410547,0.0024045993657220814,0.0012757546997336157,0.0033461638078226014,-0.005762385795353346,-0.003231094450512962,4.2923097416844443e-4,6.087427212007559e-4,7.672551405977612e-5,-0.0011836547315754783,0.0017036673696713205,-6.403230833516258e-4,-0.003865894205610154,-7.719589468062117e-5,1.0010617194489049e-4,8.892398380263116e-4,0.0026891803173622517,0.0019407669715109136,0.002563592578761979,-0.00239851925650869,2.7426524057309106e-4,-0.0012404242768710497,6.322846694662977e-4,0.0010506326753989233,-1.181531196910734e-4,5.156004516897327e-5,5.035226034851649e-4,5.305227925572799e-4,-1.2102849591062027e-4,1.2604442460179485e-4,-5.190670738558171e-4,9.43732736522435e-5,1.5615129891372217e-5,-9.241817323585898e-5,1.839925742614435e-5,4.3418207454108745e-5,-9.430656717858057e-6
C15-C15by-C15ev-C15kl,0.006895153401644052,-0.0020596158656735852,-0.006430455517329298,-0.0019174634178255674,-0.003059953972953602,3.715245556636516e-4,-0.00647310244165702,0.001647343650291981,-0.005705418970559991,-0.0022527114912573878,3.864147512822645e-4,0.005468660614719048,0.025308788705717605,-0.015164118610098316,0.013498857958368212,-0.003533050666144276,-4.7919815730598e-4,0.0026080236872611726,5.986485786603709e-4,-0.006556527590094525,0.0027823723592203457,-0.002152308361728859,0.013254945048313142,4.095072622342173e-4,0.0045175198336174244,0.011269554578258756,0.01630048333568494,-0.0033581023002267943,0.0035128214209787954,-0.024965291738049008,0.005611071117183289,0.023529380188742604,0.007422059668550259,0.001523185498625933,-0.0016167131982046065,-0.0035184484089277454,-2.0812081464763348e-4,-0.004716925225825446,-0.002128100037691014,0.003837399229365105,0.0024852540203883634,-7.79073479729847e-4,-3.201160550483811e-4,-0.004677598054778391,-2.737523824166422e-4,-5.225924821250996e-4,-1.1551075947653414e-4,8.381347653829478e-5,9.467289863009693e-4,0.0011819932668645538,0.0013602620126031398,9.023461816182298e-4,-0.0011266981988098308,-2.493500763892003e-4,9.460646423848233e-5,0.002695199038540395,-9.148695967890787e-4,-0.0010137542887751366,-0.002318466062049161,0.0033342246991195706,-6.018797137902156e-4,0.001809367459819966,0.0048644154533225535,3.9268413499912285e-4,1.0851937494142182e-4,0.0062438956372211,0.0038201989306179784,0.0055042371269671915,6.022109583917329e-4,-9.612725088934248e-4,-8.483305498747583e-4,-0.002230228258636336,-0.0025254347847407546,-8.829173620069907e-4,-0.0048953712627273025,8.627914959247646e-4,-0.0011856400596546178,0.0012632211374084305,-3.085655378691534e-4,8.308930727672499e-4,-4.7406914160755135e-4,-6.450238308818191e-4,3.2418595071429483e-4,6.417359160953016e-4,6.539121066255438e-4,0.0015957676037528454,-9.686460713895661e-5,2.487758352350628e-4,0.0017559039013293068,-7.369786670813042e-4,-0.0019316321407347487,-6.328659223017916e-4,-0.0020453451664586507,-0.0021532338642124434,7.08270464198321e-4,1.3456285164326602e-4,-1.4510000132736322e-4,5.912069313851148e-4,-0.004641280279931359,-0.0011797540335825765,3.228789139023609e-4,-0.003290211966845982,0.0014357538847621788,3.2182983873979846e-4,0.003880673958684826,-0.004081086960212521,-0.0012543067396923887,0.002950779739074327,-0.008942685146725735,2.8282983406558625e-4,-0.0025131954494063535,0.002115781601716709,-3.104447268568041e-5,-9.206893852219455e-4,8.385494788286923e-5,-7.463517102914443e-4,-0.001955830256721947,2.2522392569233718e-5,-9.219467967117416e-5,-2.982830218971617e-4,-1.0413683818537093e-4,-1.8821767287682852e-4,-9.331394110663549e-4,0.0023600919067066563,-0.0012888431585843807,4.892340679500399e-4,-8.365622261875995e-4,-5.113708224645643e-4,6.841971924208619e-4,-8.350829375159289e-4,2.98575248037085e-4,-9.545305767093905e-5,5.464322316105155e-5,1.3577080595978998e-5,-1.2380001637219462e-5,8.85942033804293e-6,1.8118711875809906e-5,-4.775503755584164e-6
C15-C15by-C15jr,0.004089225812100144,-0.0032682871087463847,-0.003884317628498229,-0.002564794931078659,-0.0034169810675709488,-9.030063356727467e-4,-0.0033798091378581373,-3.374856016939734e-4,-0.004748998959954822,-0.0014578167935551905,6.8910278659773e-4,0.005396819306753802,0.02098782567832634,-0.01672790374209603,0.016967235841102702,-0.0014198444971653449,-0.001855010476008943,0.0020481057029548334,-2.0477904083350938e-4,0.005057212324991602,0.0014342440574081653,0.009039860027376957,9.227908624170704e-4,-0.0031408831507894718,-0.0012147035353972876,-0.00237956359559493,-7.721836950262934e-4,3.4561953186949514e-4,-4.033989951912479e-4,-1.4221209110545666e-4,0.0020682611334542776,0.002002494953932938,-0.002517218045551816,0.0019849569971161743,0.002811809768280914,-0.0026686636963581733,-5.194990429165612e-4,0.0016621750071881334,-0.005213584006439945,0.005941623189248681,0.008103931693434284,0.0010770439120898986,0.0012085694184776877,1.1028839535027294e-4,-0.0036878365139225437,-0.0010168039439386566,-2.667048839025647e-4,-2.452106383096544e-5,0.0016605348649918223,1.437359078816226e-4,5.930962274882017e-5,2.207719615151646e-4,-6.625968069522332e-4,2.6628903491390994e-4,4.0944699805900696e-4,-6.719915000092904e-4,-9.796275374289738e-4,6.664696218914948e-4,9.041815619206552e-4,2.2133221289250758e-4,0.002625486156051962,0.004242922754800528,-9.865308915437952e-4,4.3584860231528735e-4,-2.3037694162847413e-4,-4.7823583697586224e-4,-3.874830072432477e-4,8.124776784991717e-4,-0.0018178145537587032,1.2312357694615824e-4,0.0020373688870746194,-3.289408123637983e-4,-6.625854487502569e-4,-7.353445959743657e-4,-0.0018570372129252922,7.941569237888874e-4,-1.466415687710574e-4,5.46796082611338e-4,1.7839158702532605e-4,5.903937756918628e-4,2.1871784493591355e-4,-0.0010625919491104052,-1.099047072276012e-4,5.257790432544831e-4,7.311891815219503e-4,8.39752781916678e-4,2.9636707021258246e-4,-4.916507772924774e-4,6.487116496962566e-4,-2.1293626065098254e-4,-9.160623605068509e-4,-1.3471834115271906e-4,-4.98606088783603e-4,-8.137422192882578e-4,2.107681277889061e-5,3.122033860631386e-4,-3.1365747746778537e-4,-1.1260279075480941e-4,-0.0011859995925728023,-0.0014108607687673149,4.235044398948779e-4,3.503112783721932e-4,-0.00033838446946966757,4.948381579397862e-5,-6.084999003159917e-4,0.0012064256405868521,6.81176499195098e-4,-5.794876044807304e-4,7.276416367731318e-4,7.373551680694892e-5,4.356308066409841e-4,-7.185655603599377e-4,3.7752453506284365e-5,5.653735720341852e-4,5.610172324907852e-5,-1.4928861271029217e-4,1.2116855573443727e-4,-0.0010859433137407554,-0.0013196080575351354,-0.0017516938356814662,0.0022668837700217867,-6.835089058616243e-4,9.271002388253855e-4,-0.0015858041277409206,-1.2785065527753004e-4,-7.434662577857812e-5,1.6958899943590557e-4,1.9742106012975792e-4,-1.3005621836326833e-4,5.258328522369002e-4,-2.2094761150621915e-4,0.001730335152418472,-6.555340200988106e-4,-5.990265019665246e-6,2.298498222524807e-4,-4.241981121416171e-5,-1.6903435924891106e-4,4.454378967838108e-5
C15-C15by-C15kl-C15pm,0.008006741433033721,-0.0014696183733084137,-0.0073390009992216464,-0.0016849650996118432,-0.003060637252854685,0.001195083197396106,-0.008191171878098558,0.00250282653554689,-0.006509360780281773,-0.002672406830141042,4.327633964820623e-4,0.005588265291918008,0.033557772577844036,-0.018156129155184168,0.021886860403306462,-0.0033121354362071155,-5.964737299220682e-4,0.0015585311366646387,5.739838840020636e-4,0.002899142618281826,0.0014304819592323966,0.003660425739567263,0.006875775030213817,0.003081121553979851,-7.863877451714456e-4,-0.002294888702987301,0.008728165825468108,-0.004336694283653831,0.002047206920611333,-0.012706139422277165,0.016300412357903873,0.039624883198524065,-0.011872353292772093,0.007482530447229483,-8.585194335033654e-4,-0.008890972515464494,0.0022831139453241057,-0.001964070273928123,-0.006079434811631513,6.606257375004075e-4,-0.0018845130300246915,4.343142633230747e-4,-0.0027769443623539562,-0.006323339942301564,0.00555500559395321,-0.00033548945982409223,5.166123141822926e-8,2.6615793869136974e-4,-1.548933483013742e-4,-3.6655914255685664e-4,0.0011504442808427937,-4.063180727271652e-4,0.0035671633890109206,8.308588284109521e-5,-0.0021025751145916293,-0.002248203663534375,-9.174985238853146e-4,0.0013471385979417062,0.0026577339157502354,0.002297735023092325,0.002934134928505729,0.0026751983830694674,-7.975991499500656e-4,6.526021984116718e-4,2.2216651520225937e-4,3.284180360036243e-4,8.638119464500914e-4,0.0010254783212366426,8.542820036762865e-4,-2.093667898681202e-4,-0.0022718497829741693,-3.689156212479963e-4,-0.0018485947680373237,-0.002002799475609894,-0.018014286659509104,0.010050362785240014,-9.042550342446459e-4,0.005894726914053119,0.001188783023854881,0.004078328518639861,-1.2435505446508632e-4,-0.005127099021086372,0.0016928567203231982,0.0013711363669736939,0.002448684839841968,-0.0012330084423254695,0.0010941062163800101,-0.004387108159358869,-0.005398227362813511,-0.0010467675334739496,0.002548903157098779,0.004922957343309095,0.009589580980142268,0.01234063441073721,-4.985020614395946e-4,-0.002640061652056585,-0.0024330110142122088,-0.0012655101591795247,-0.005539025711254987,-0.002479576556221574,0.0033078820754496438,3.4429835844624327e-4,-0.002188791096137194,-7.748672825585073e-4,-0.0028611472383033524,0.0027883034337386004,0.0020731535993994223,-5.745716349044026e-4,0.0014829507609903081,-2.3207017428052853e-5,7.354315946969208e-4,-9.12417265635559e-4,1.5492714139455775e-4,5.122188151008214e-4,-2.683595897442e-5,2.3547758006151325e-4,1.955311136145634e-4,1.248943055276848e-4,7.740964686936602e-5,1.699325286361814e-4,-1.063343653478293e-4,4.3218270566956445e-5,9.07285835428421e-5,-1.032990746929099e-4,9.074870223458607e-5,-2.9504748523308932e-5,2.5468658641734896e-5,2.2290636868881347e-5,-6.638872469953691e-5,1.2915516386645683e-4,-1.3588954299745618e-5,3.995531089333602e-5,2.7633436481978915e-5,1.470686092131176e-5,-1.172057366651606e-5,8.091449188359486e-6,2.704326948978905e-6,-1.110908175069629e-8
C15-C15cb-C15l-C15.8-C15n,0.00933237390774479,-2.0813174858029084e-4,-0.009894085872339269,0.003908045265811012,0.0013522161008189988,-0.004120206064803675,-0.0042798023210210345,0.004677451201119317,-0.002616824927458738,-0.006252248936213122,-0.011332641803665397,0.005286961664627349,0.007592277315691463,0.04394940653928416,0.00882985888973084,0.004130709169114925,-2.609001454793717e-4,-0.002291630194638454,1.7179096402824605e-4,0.025942514178925163,-0.01131955505791089,-0.01817299023982213,0.004017323547680108,-0.015056051510960948,-0.005810165306423603,0.006822661873834414,-1.420087994238277e-4,0.002382901387135772,-5.072594407410342e-4,-0.0029428543396706865,-0.004585763708924893,-0.005077622901092811,-0.004463986394031767,0.0024465137338334384,0.005730557461414281,-0.0010149347472633817,-5.86713585038458e-4,4.005344281446205e-4,6.475189360112603e-4,0.00333285934314969,8.190140072650227e-4,-0.0040622902319660615,-0.019327206173446923,0.002967078081600168,0.002409175189636907,-0.0023854066800539308,-0.0016565364302389707,0.0034643766010060257,0.001741495251733733,0.002036272184036841,0.0021130624283705927,-0.0017895931895058096,-0.005568002409811743,-0.00755951206478834,-0.011869048409890158,0.0033301833686389956,0.006047728953967141,0.0026834051956827346,0.0013521556559117907,0.004873549001828655,-0.002097258843409182,0.001841365759549532,-8.96371854515301e-4,0.007703964679623739,0.01816235312331432,-0.001543112363619909,-0.0014879599084043067,7.651436676876638e-4,0.001527879423477294,-0.0011887174300062552,2.905575418693714e-4,-3.8594524935145344e-4,0.0025311628664536844,0.001368034991778907,0.0011295575303989468,0.0015410464490255218,-4.3828991504244716e-5,5.395204002481578e-4,0.0016106830359827052,-0.0018511562771169438,0.004501327549562379,4.179739247379684e-4,2.725712610657703e-4,-6.044051020576111e-4,0.00127680921797297,-1.9774419908055328e-4,0.0023849323460889385,-0.002347237048818464,0.0023775413681405705,0.0027696416675245367,0.0012539312674276742,4.574309343917202e-4,-5.348070528404287e-4,0.0013461357132634535,-0.0033195559385357375,0.0014815054254546055,0.0012662518808559504,0.02458263135425345,-2.3946161403073604e-4,0.00144144889173094,6.467131887874046e-4,0.002443537143975508,-0.0033286777645356322,0.0034779141425858666,-0.0018519817981268363,0.003116026307700507,0.001142150694785351,-7.38499866224276e-4,-7.746871374912891e-4,-0.010532346498783731,-0.003344217062802178,0.0017124068151646926,0.00153547196586532,1.1075884968837748e-4,-2.0339682668180136e-5,-9.33809217961987e-4,0.0036027891724458878,3.67152557751851e-5,1.2638532359656924e-4,-2.1636269645983091e-4,3.536745663756512e-4,-6.414885619468485e-4,-3.8237430400254937e-4,3.169434272361562e-4,-1.0509394627405723e-4,3.9607121286995504e-5,-4.2539356880382656e-4,-2.9373402624331083e-5,2.9304766685416586e-5,-1.5197037586180267e-4,3.362139330663921e-4,4.0394622929222785e-5,7.996962466745176e-5,-5.4980177337413e-5,1.2875066758777839e-05,3.116930268547361e-5,-4.3156992126348333e-7,7.180726143761952e-7
C15-C15ce-C15cc-C15n-C15cf-C15l-C15.8,0.015862376037828713,0.0024643457720555906,-0.019498808769987577,0.019051532335448408,0.010939990692219308,-0.01615277786680989,0.005352567667541488,0.002863644373608851,-0.0025326106481921976,-0.009776064239942546,-0.01630673453115218,0.007051927788357415,0.01080926286673531,0.0777570764103276,0.022971121681075485,0.010282308928599496,-0.0012359644118625078,-0.0024646778391512257,2.258608586928699e-4,0.009764430212180531,-0.0010308462038746155,0.004164388960413746,-0.0033696711964571005,0.005545889947086968,0.005157354906429432,0.004619656999689915,-0.0010345466949154738,0.0017280666944314317,-0.002457642917037791,0.004609932919270602,0.001222228338145175,-9.976765456452747e-5,0.006559087618392125,-0.001657784377870564,0.0028858085825691935,0.001763509718930005,6.497306638377467e-5,-0.0015388218327506838,-0.006610971034176456,6.967377196886415e-4,0.003958347391130768,0.0029865086308138466,0.02253442375135814,-0.01040161654232361,0.003506103051412676,0.006206762008775772,0.002034955402871098,-0.009517722093621016,-1.4391493805204729e-4,1.5337778976926716e-4,0.0018107782812629195,-0.001438756226551833,-0.001733264768340192,-0.005477065798450855,-0.011061162173483319,0.009177748462625902,0.006996738618652975,0.004980073625043038,4.779549451801735e-5,0.007490864966318303,-0.0058852108043055814,0.005505472818837689,-0.003153648618192233,0.014041578325811065,0.016304018467938757,-0.005859605262114439,-0.016713314443920116,0.013563090288520633,0.010397723653174516,-0.0032152600172720134,0.0026289589063130756,-0.003421313180751556,0.0038582538658815074,0.0014884793522990302,0.007302875070167381,-3.3108103486081264e-4,-0.0035620092826053554,0.014017280956240894,-0.00860280208770323,9.26675445158024e-4,-0.013424951828308296,0.004052335620516784,0.005639385612772734,-0.0020201579209535732,0.004952297144383428,-0.0021396186303847303,0.005250851698519458,0.0013597179620216514,2.1901130361747352e-4,4.241898272899719e-4,0.0019872178675326138,6.220025410733747e-4,0.004518252318332996,-0.0016238177068815726,-0.006917149182758488,0.0010852691408341573,-4.39833944424242e-5,-0.002601300674926089,0.0011237159739596145,-0.0026687399478871224,6.180533162233045e-4,-0.0016795786532969926,0.002599518074232061,-0.001968928467707509,3.527426195417022e-4,-0.001253389957629567,-0.002125974143043288,-4.2868261365056146e-4,0.0011799756006975574,0.004691323301510171,0.0011368899305473571,0.003037317882965151,-0.0013900947225160816,0.0022840404439605374,-1.0051217320760631e-4,9.274205721174247e-4,1.3509621583239026e-4,3.275633144295355e-4,-3.312584945971642e-5,1.1258841456382443e-4,1.227609078524263e-4,9.57933551188335e-4,6.006550241827522e-6,-8.267323343108796e-4,1.784843324158644e-4,-4.94578317779598e-5,-2.2095512847800864e-4,4.5748300588656273e-4,-5.527263558056734e-4,4.0459954770946606e-4,-1.7945704301061533e-4,6.889334925232845e-5,-1.6447211552270426e-4,-1.7356832559073113e-5,8.65516578027549e-5,-1.167193638864575e-5,-3.508625047740925e-5,7.457887346726895e-6
C15-C15ch,-0.011129641130836776,0.006708595412578423,0.003983986447020773,-0.0011501910886999363,-0.00142175299609818,-1.8279657034563424e-4,-0.001697044809043418,1.4530434019108742e-4,-0.003643827354931885,-0.00900989915372612,7.895192301133275e-4,-0.03286989301274275,0.0032337534463641082,-9.942711067271854e-4,-0.004900511145724442,-2.0191905445823269e-4,-7.962192229794408e-4,-0.032552944357417284,-0.029672779864571515,8.949901183098404e-4,0.003075104218593208,0.005004547554683072,0.004793975440605943,0.0029812535419632678,-0.008388906665107424,-0.0032162521766827506,0.006016185293826924,-0.002060382115089414,0.0025455544453476917,0.0026947083374761036,-0.0317292849618575,0.011083199690236032,0.005825548454388755,0.029734579144879737,0.0021500290420174064,0.017074632254512653,0.0018505001487103669,0.023806712818207534,0.002002690711284495,-0.006179732483742654,-0.0020780291816568514,0.022477702812167075,-0.004134005613314692,9.015123636427972e-5,-0.0031209158636884547,0.0036125384954938822,0.001295776731462487,-0.0048318928204022695,-0.0021672422567700377,-0.007831961106029208,0.0019058141053208012,0.003619094378436557,-0.0013433470885169901,-0.001049272271888681,-4.4799174849500834e-4,-0.0014005544384636393,9.085716004241332e-4,0.004676188082117975,-0.003142317435420457,-0.0014266083284076745,-9.337669279436493e-4,0.0018834112440548705,4.528609552023909e-4,-3.6069120085498406e-5,-6.520987695051412e-4,8.345268362232525e-5,-3.155984523121421e-5,-2.941824319269209e-4,-3.794583748231779e-4,-0.0019104208051497265,3.5636947446404633e-4,0.002725701614377031,4.7670423176291127e-4,2.6216556445118606e-4,1.9797849769235136e-4,9.871284409115589e-4,-7.024432113783644e-5,0.002563635925300307,-7.658755177468877e-4,-1.449518399096319e-4,-6.133604984865216e-4,-4.045788266209693e-4,-0.00365897341829744,6.025521462089744e-4,-5.296073553101284e-4,1.810353254040853e-4,-0.0013825127380592624,5.171195056161437e-4,4.2754501728860234e-4,0.001400005948171786,4.901567167443593e-4,2.123997614504527e-4,4.048725743178271e-5,3.652118139102676e-4,-1.0962036607269433e-4,8.806873983714394e-5,-0.0011880607595521862,-2.554315690790595e-5,3.0848524666893457e-4,8.64762168367403e-5,-7.706549647091434e-4,7.795771032212476e-4,1.2765963105754096e-4,-6.591054844631364e-4,3.9066947505715725e-4,0.001031317589834669,-0.0011843754944551223,-7.31778053182655e-4,-0.0013392145525564386,-2.0126231151426787e-4,0.002117671225578423,5.08123405167164e-4,0.0026302909588811945,-2.266579787605757e-4,1.3755855747232595e-5,5.429481750652779e-4,8.370911928673384e-6,9.112569692731272e-4,1.2285650719044602e-4,2.8574451309450134e-4,4.379477700611856e-4,-8.870741699704394e-4,-1.8058810466062438e-4,-4.0604625189567177e-4,-3.2910246995134705e-4,1.1444226635977095e-4,-3.696829103563816e-4,1.5349580802597818e-4,5.527472079650258e-5,1.5603729255604207e-4,3.451908696836396e-4,-1.1272561763188005e-4,-1.8720108386556324e-4,8.513992194572744e-5,1.7692683970771868e-5,-1.621734903304619e-5,7.271873080328407e-6,-7.265896671117323e-6
C15-C15ch-C15cp-C15ln,-0.014528563462111123,0.014418162437018631,0.005817543980894872,-0.004980077511075912,5.62479252637842e-5,1.251218601639286e-4,-0.002404772405519073,0.0013842628115730059,-0.0050993880317111466,-0.013808001898392068,0.0012702980411915055,-0.056232554157406155,0.00797214750380021,1.6607503871309004e-4,-0.007190483853443346,-0.0014519051727864903,-3.7739096119356063e-4,-0.05336688404824569,-0.06051583055959584,3.6965170598170867e-4,0.005108605153592998,0.002461144290123119,0.0035470417914864505,0.0035895337678594685,-0.0071751973942716105,-6.298875862486833e-5,0.011472470815473692,-0.0037118041989162623,0.0028303198375463313,0.01075452688941107,-0.040452360900373546,0.017295086286939557,-0.005918663917178717,-0.012570612333103345,-0.004377669281737254,9.787970261965926e-4,4.461283711622266e-4,-6.031907929312757e-4,-0.0011297094310761685,-0.004575304243065927,-0.0029303496516362615,0.032153115496885834,-0.007845707713909515,-0.0011304421043605488,-0.00568565953050196,0.003827637494897469,9.432380769393804e-4,-0.006016856350072967,-0.0023603598087521523,-0.005415146909884192,0.004101206932998353,3.298664997175744e-4,-0.0021369194362211774,0.004469264602945171,-0.0011305997651479055,-0.0027184401867306356,0.004448815918669634,0.010128172583574785,-0.0038615688580303483,-8.818718620508527e-4,-0.0028570024355492516,0.003680986192067915,0.0022878953607222818,-2.3980387746914413e-4,-0.0011225960161292965,8.074721469492168e-5,3.775252263400427e-4,-4.299726250054273e-4,-0.0010518210825567517,-0.004421905810867751,3.5878773500330307e-4,0.009032924771914171,8.959284881742333e-4,0.001364804746177501,4.7602046931804657e-4,0.0023221712370527364,-7.1694382059259535e-6,0.007446938282469355,-0.002645258095915574,-0.003032136701706763,-0.002328381345988892,3.13110853276906e-4,-0.010372255174192596,0.0031900364891927413,-0.0051940957079328635,3.473957224346476e-4,-0.006771036450592633,-0.0012277349537437624,0.002318091686892545,0.004501024259451788,0.0013698771339034294,0.001046490713076246,4.972211219158709e-4,5.837792198995675e-4,6.465110265358226e-4,0.0013826613951971115,0.0037008571691592336,3.496557779187134e-5,-3.235186814005612e-4,-0.0018036314983812082,-5.912538259657589e-4,-0.0020724370337164575,0.0023108762870885213,0.002798515902511214,-1.4676333101393063e-4,8.041887811942965e-4,0.0017185680577387534,-1.2003027081749194e-4,4.938757525930262e-4,-5.653508506809388e-4,2.2387780961287e-4,1.967400797268884e-4,-0.0014522666584258837,4.3308312518213133e-4,3.045111577178067e-4,-0.0036561924132335268,-6.818346539523505e-4,-0.0028254699770183683,-1.952001702706595e-4,1.4906041009290862e-4,-0.0014546668721673983,8.896813011804083e-4,9.839916384790277e-4,7.4466224291656e-4,6.176143063339485e-4,-1.9342127438959537e-4,3.0817244537668497e-4,-2.205070046644901e-4,-4.421647576061011e-5,-2.749788595106374e-4,-6.018435904008532e-4,1.4298163200923778e-4,2.5985008166255134e-4,-8.777496307192775e-5,-6.358026996298191e-5,5.805112815852802e-6,-4.785463757966918e-6,7.829210334756186e-6
C15-C15ch-C15ct-C15hj,-0.08327043225209489,0.05968739750744657,0.05087870086328282,0.006179053846854089,-5.510226636431005e-4,-0.0032539259642591777,0.009720985658003415,-0.011670932033442114,-0.018084962449127866,-0.019254080599445885,-0.007556001298109132,-0.029644888508445027,0.003409338914015339,-1.0336349195697272e-4,-0.002101864966490619,-7.577664042975042e-4,1.9878154667058652e-4,-0.016619533765434506,-0.00708056152654845,6.557424943641978e-4,0.0015372593003875315,0.004291402814132848,0.003775077305584125,0.004179317498696698,-0.006280180630881869,-0.00176966428561242,0.001334684619991892,6.726765207056262e-5,5.505154705210589e-4,2.9024539890239794e-4,-0.022087614126084322,0.010019529811862547,0.005304168859438922,0.0198770371961722,0.0024077061842333277,0.011797379116104269,0.0012237962824117354,0.019186489133998407,0.002312094049099023,-3.4275601770652743e-4,0.0011864713762190801,-0.009502361757408411,0.0038203643417548364,0.0028153316113537882,0.0028091711796783877,-0.0045942192557387,0.0025250679637897847,0.003479558010868816,-0.0031561104973498897,-0.005541053842409281,-0.0076200639355213364,0.005696717302109254,1.4522821016959588e-4,0.00906191869677411,-0.004490310811316016,-9.044497275478805e-4,0.0025659886928687714,0.007614844175902769,0.0010128872144736431,0.0021919550762272144,-0.002119375926770914,0.002184912264767476,0.0029136680786674106,-9.194475226431456e-4,-5.137126168836474e-4,1.824419889854142e-4,0.0026082759304722853,-0.0014840362457542073,-0.0011765775098875866,-0.009880270749983874,0.0010727721095510137,0.011460214496185221,0.002776223030177761,0.002854684950385863,0.0020227730616712283,0.002891390388601681,-9.903059626218888e-4,0.0057648698943675095,-0.001730668320395538,0.002046908345763805,-3.425463299897232e-4,-0.0018046233821716368,-0.0037527731597993066,0.0032358382431910216,-0.008463812499650135,-1.5220505888047256e-4,0.00736995116518555,1.0016761088510896e-4,0.0013906406002458962,-0.006411729233277865,-0.0016941522020824044,-0.0034556975767185073,-0.006128934715078904,0.003399065439425527,-0.0025436080219448727,-0.0018107740999706798,-0.004017730137383622,1.7131235322507076e-4,-0.00149523276639417,0.002567299525846989,-5.230409693935218e-4,0.0018308082216672134,-0.0013783609203034772,-0.002412552763818534,-8.542232844521144e-4,-5.471103626229528e-4,-0.0015528198321542593,-4.137868706593689e-4,-9.469738704335143e-4,1.7868156375943652e-4,-5.248153791359052e-4,-0.001214996698916944,-0.002887294674526095,2.4638900780046857e-4,-1.0882378545405322e-4,7.740832400547264e-4,5.54286226948087e-4,3.042219734700181e-4,-2.1345204433525167e-6,-3.88434807537869e-4,1.625670416630718e-4,6.751888082964768e-4,-4.6802537529222113e-4,-3.6486253209986855e-5,6.142563482141354e-5,-1.9220084369307224e-5,2.969108321028828e-4,2.0883680898942497e-5,3.419969931628372e-5,-1.1572845304363984e-4,-1.1451807346711768e-5,-1.6936733298979564e-5,-4.261857155497288e-5,2.478803417222992e-5,-5.021808981800487e-6,-1.9118711427535896e-5,-1.0300956513476317e-6,-1.77822467640375e-7
C15-C15ci-C15n-C15cf-C15ck-C15l,0.01627129080154578,0.0030563568790837633,-0.016841421752540522,0.00855377092503451,0.0035366132337732036,-0.0037155881025197172,-0.009657236915849639,0.011958041238973998,-0.0035849602258569897,-0.009618555478362172,-0.020040503795563474,0.00552771243971077,0.01913743104416899,0.07712834329302755,0.018757167343306614,0.007969397643190669,-1.2987025979857686e-4,-0.00679234451186815,8.782384163042593e-4,0.03930165092403065,-0.01697187350725905,-0.02419828471046594,-0.007025147368698303,0.024770153506216277,0.05383373534607713,0.017555828892523027,0.006750943499053361,-0.0128022473217812,0.009523610959779456,-0.02765031102971731,-0.027498101238732506,-0.020661435414904412,-0.03829273751680407,0.010356263815559753,0.030299090409672238,0.001747067154010594,0.007338288980332678,-0.006049644700230814,-0.07718207474655905,-0.04904568849384424,-0.0011979299579744143,-0.0055283656552659885,0.041466087439879944,-0.004921659658251449,-0.0065304249722302294,0.008056368220900148,1.640137803564813e-6,-0.004573176249888436,0.002513662102553802,9.354278227908603e-4,-7.552175319500274e-4,6.864867565244374e-4,0.004012577611897943,0.004759386864159314,0.009263750509238895,-0.0020969079205863383,-0.005669791800231789,-0.0025448191677678042,-0.001102867120166036,-0.004451513559949496,-1.2994798183906992e-4,1.106784603386822e-4,7.695579268288767e-4,-0.0027344003870929975,-0.005765117798556188,9.234361457159526e-4,4.408192718806175e-4,-2.9612372878115665e-4,-0.0012178549913324259,3.6980565718790795e-4,1.0604594230382541e-4,1.652105534592886e-4,-0.0013964411195007036,-3.0947116499972354e-4,-7.415069074946121e-4,-4.953295706704328e-5,5.555317187953006e-4,-8.753924450918997e-4,8.685123572299053e-4,-6.261897513991635e-4,0.0035929917934379584,-7.5062798826316e-4,-7.979226911032783e-4,-2.679029278307588e-4,2.491266866910135e-4,2.9910939241700377e-4,4.1613827199162334e-5,-0.0013300120598192476,9.343240067517903e-4,6.882133543092685e-4,-4.6481835793217314e-4,6.155304716203595e-4,-0.0015500820902665776,6.802636551065846e-4,0.0023518980240341426,-2.7706901353003247e-4,-2.066106160775829e-4,9.924411055390063e-4,-5.83159570731106e-4,9.231788677827227e-4,-3.3620786007384156e-4,1.950813737782539e-4,-4.908717324082489e-4,5.036640910691249e-4,1.6448938159001567e-4,1.1574249146994084e-4,8.071693479127488e-4,1.3950768369522262e-4,-4.8108870844262836e-4,-0.0010127480469645433,-2.8396831820994836e-4,-0.0010854697654940583,9.976892863387844e-5,-4.191687498293017e-4,1.929994518435926e-5,1.9293319375421894e-5,-2.895128319020136e-4,-1.462446986600318e-4,1.6646486518080603e-5,1.337644664809815e-4,-2.819142344767981e-5,-4.645320417310498e-4,4.5128630460933336e-5,2.2967178016098427e-4,-2.0398051544286746e-5,1.1607726403617073e-5,3.773685295500135e-5,-6.77367440377216e-5,1.221144630779725e-4,-1.3001526652627607e-4,7.826173530466832e-5,-1.48430257595451e-5,6.647902999125412e-5,-5.493970847019999e-6,-2.4560108175110944e-5,1.1432316198289921e-5,9.522774563422984e-6,-1.458083501924273e-6
C15-C15cn,0.002883853555224602,-0.002817535255761642,-0.002786782693878875,-0.0026510771114796683,-0.002725196432779235,-0.0012009200321000109,-0.0021300166758876885,0.00157871896805845,0.005654275810006071,0.0029267799675566967,0.004526902011817039,-0.0028455064351509385,-0.004468187177288765,-0.0029094200231300216,-0.0021199936158450947,5.702367597727628e-4,-8.966071582060358e-4,0.014667509619603301,-0.001113683556024784,-6.892027387781295e-4,-1.0745164243049365e-4,-0.001721003742732982,0.0036735668887401176,-6.476986783235856e-4,0.003152887220495087,-0.006669796593938531,-0.025819721724559312,0.004717097527409848,-3.918679556031892e-4,-0.0013373483445120393,-0.011650654734265084,0.003510372613157368,0.0029261009150742543,4.146906030539351e-4,0.0015678924585151863,-6.440841340831647e-4,-0.0013846764771466014,-0.0023025307111685005,1.258160859595022e-4,9.43243695483135e-4,-0.0013895794611999998,-0.002033141934791287,6.562259300036173e-4,-6.388144751818792e-4,-4.151650291304211e-4,0.002799062121454978,-8.981920807318862e-4,-9.84316072625217e-4,0.001455555748941249,1.4970818002622216e-5,0.0020494359141388905,-0.0016460987520862899,4.758575610464382e-4,-0.0012890032754218738,-7.392309182508014e-4,0.003133579507125454,-0.0036712526432529833,-0.00235734871400604,-0.0036402697073618065,-0.0015749166823902842,8.243769429576967e-4,0.0019151766389009397,-8.637910568611549e-5,-3.8637538370491783e-4,-6.033345598272035e-4,6.222857668386599e-4,0.0014117713033573174,-7.800202823104832e-4,-0.002640960741475201,0.0017509535258131313,-3.971573089045614e-4,0.011337226873053826,7.486424914622124e-4,0.001407046406338824,5.971403322415024e-4,0.0011578806168498856,-4.340261297399021e-4,0.0048455361896512904,-0.0021976443259759133,8.251123973128261e-4,0.002389545193657091,-4.265157655288021e-4,0.004060647514023177,-8.670185931530054e-4,0.0011333414802294187,-2.499201997421106e-4,-7.508380950648199e-4,2.1462592892866478e-5,-7.525281997150634e-4,-5.794027463139362e-4,-5.357586092763255e-4,3.6988716106141903e-4,6.365653928556065e-5,-8.34703960956979e-4,3.917704011681799e-4,-4.217636880388666e-6,-0.0013039128847947773,-9.596381784512596e-5,0.0010128684338995635,-4.950458535736892e-4,6.306153467679383e-5,-0.0015914551220265838,-1.2018112828436206e-4,3.592546122866407e-4,0.004856052227295513,1.4412060953099363e-4,0.005426881768239773,0.0025639014634515054,0.0036303610351436357,2.624217567282599e-4,-0.0018884314899882998,0.0013031935561816999,0.0026826165344346745,7.290776908511872e-5,-4.918993907477873e-5,7.724713107142918e-4,-3.314427911490943e-4,2.5221447054997735e-4,-1.88616288690462e-4,-3.538499605471269e-4,4.337484954344321e-4,4.2046245193457243e-5,9.774627021442895e-6,-4.425165127423223e-4,5.3675454468617535e-5,-1.5503357576995195e-5,-8.224258363060803e-4,-5.371663777903824e-4,6.058356074905503e-4,2.9410805237998887e-4,8.077254096868875e-4,-1.335692790892484e-4,1.0972293591046086e-4,-4.175174163646974e-5,9.974422909637883e-5,5.140795480517001e-5,-6.717167212823368e-6,9.447047737249702e-7
C15-C15cn-C15ar,0.005981192868813825,-6.303078157681347e-4,-0.005718931642797681,-0.0011793072963673461,-0.001641880537748272,4.867137129607626e-4,-0.005620467052779315,0.006090704894420922,0.008817495711131452,0.004933924804853811,0.005821089504621349,-0.006826672590726235,-9.765257404120153e-5,0.0034956071423444543,-0.0010116064996076588,-1.2082393420542639e-4,-3.0593073622962164e-4,0.02049084846603701,-0.0013268293372938743,-0.02163503690293288,0.00489412080584934,-0.004934453062808285,0.0020056521436480233,-0.0037962349154638743,0.0034398920022365278,-0.009534507618397017,-0.03991229062362683,0.007101775842389034,-0.0015234576182010337,-4.69831447617317e-4,-0.018647079756493958,0.007769009164706116,-0.004205559807009634,0.004009029662583919,0.004626100702765212,-0.006769215359257854,6.809582755932101e-4,-0.0020639946864480516,-0.005422797813204409,0.0014986241444678854,-0.002904869030615115,-0.0035055643785490793,-0.004971982954181257,9.227728676149315e-4,6.642004941744933e-4,0.0015211648018349073,-8.54195725735947e-4,3.0958965935184795e-4,0.0019515619193298177,-0.0028241377563964047,0.003686654736507513,-0.004268016352014309,0.006061849977794189,-0.0020808865541467854,-0.00478506818255839,-0.013470360863821189,-6.404910900903748e-5,-0.011244588280846787,-0.00961029447803806,0.010914395774270808,-4.2139833724423104e-4,0.004557007661316171,0.014199138754742748,-7.438421877284575e-4,-8.550460403929057e-4,0.003527551599830739,0.005490142516924225,0.0035766818259638,-0.0011626807114731492,0.001348621020407754,0.0010701964699619143,0.008358886013704868,0.0017605687150609513,0.0025035403678004002,0.003549760319727458,8.88042060176659e-5,-1.1853879774432285e-4,0.00346961454526864,-0.0021731027533030034,3.051862054308528e-4,0.002141584915370742,6.079457235671097e-4,0.004035051047972206,-6.055226423243264e-4,3.1454455973516077e-4,-8.259554634326809e-5,-0.0012266020431517515,3.217713889332584e-4,-0.001225760177253435,-3.434914397710554e-4,-2.5306559234650102e-5,1.9796464792091252e-4,6.413634864453598e-4,-1.4091718917863803e-5,7.827922429850579e-4,-2.0246854345381206e-4,-2.0993191927693838e-5,1.3719246938059078e-4,-2.3715563026865092e-4,4.887510681463612e-4,-4.6220480298169033e-4,-6.398973827658419e-4,2.5529159483302892e-5,1.2580057732008138e-4,0.003311876779409388,1.4130370532748393e-4,0.002461730176237299,0.0017256601604532095,0.002308463717999207,1.0450690641425753e-4,-2.509297731469101e-4,9.464884698166115e-4,0.001889348409607081,1.2802862677060745e-4,-3.582024061171333e-5,4.446211564006182e-4,-2.2425532814113885e-4,-1.3256818738808132e-4,-3.2042732046749713e-4,-7.122836925491924e-4,4.992371696300004e-4,1.3838151927107533e-4,-3.4102044866273076e-4,9.00449547504136e-4,-4.5996956558395983e-4,1.5975616005954208e-4,8.988317753393201e-4,5.055725619336535e-4,-2.96426368417496e-4,5.312144383255268e-4,-2.098056067536341e-4,-1.5821723867217335e-4,-4.8014441019608736e-5,-4.905363274649034e-5,3.3222278645850224e-5,-7.633811185307207e-6,-9.0627100287449655e-06,9.249558520391539e-8
C15-C15cn-C15dz,0.006025826976533596,0.006537423186535677,-0.006427200273668012,-0.003050906756866947,-0.0017096441675095646,0.004870937768266493,-0.017081167429303292,0.025865098991542275,0.04476354865766451,0.025422452696932135,0.02504603122061018,-0.03418946975021735,-0.009637703352776698,0.001977202044267599,0.010699434522329684,0.004203098052237586,-3.1093274390356097e-4,0.04417637425412633,0.013690900268189693,0.0012422286692708414,-0.0010655048999271837,-3.63755757243013e-4,2.751902119179916e-4,6.999173337462105e-4,-0.002075915699253123,-0.003047678782683437,-0.006541102653906487,7.589315233123179e-4,9.913879471247944e-4,0.0023710443137017257,-0.022587374923657585,0.009931316348669209,-0.0021631947974632606,-0.01137915852476465,3.7562487436611116e-4,0.0010709750928041255,-2.0458967205339257e-4,0.008034995267023974,0.001540751572383473,-0.001996906694140792,0.006691421640777533,-0.0014422928859603185,5.62214195148696e-4,-0.003324877375474151,0.004183717011310187,9.050771855803199e-4,2.913723552986346e-4,-2.811322420727196e-5,1.268435219312613e-4,-0.005977608979651089,0.006380800454112356,-0.0012245182084936693,6.301449086673097e-4,-8.814066303222489e-4,-0.002950195513762858,0.003302443690084347,-0.002828602854839653,-0.0035672169258318155,-0.004099211046506211,1.8415237583113632e-4,0.001586292022366748,1.9751224709403518e-4,-7.799289064249327e-4,-5.5085404292674885e-5,-6.177022033748113e-4,1.371413067826117e-4,6.958743078868399e-4,-4.666991142989481e-4,-8.625115854975272e-4,0.00250116283218041,-1.3776394501327431e-4,0.004631879501141848,0.002006149474507769,0.0011069105996770114,8.412623368750503e-4,0.002064241726625768,5.698588747523238e-4,0.0027625637414200295,1.1381354225380523e-4,-0.0012832396310358343,-5.715117088399086e-4,-0.0014409056043810397,-7.260133856707917e-4,-5.157256430753472e-4,7.79501964019965e-4,-0.0010183247817880552,-5.39719658109594e-4,-2.875134089647805e-4,-0.002284534748541955,-0.002928161481122562,-8.840755052909477e-4,-0.0019860045858160298,-0.0028736247967558887,9.155251203331046e-4,-3.189648209966387e-4,4.2909359626285763e-4,0.001855441680854765,-1.364730546266704e-4,-5.501280137466025e-5,-0.0012628550666427883,0.0010783237119961393,-5.652515777650296e-4,-0.0014167563911791884,-1.852875777592698e-4,8.777572748106221e-4,-5.132557381415944e-4,0.0016218074608072438,8.39638478418343e-4,0.0011114695435375133,-4.4340280819017133e-4,-0.002614897082472088,-0.001107297597280807,-0.0030089526615161935,1.7980174757139966e-5,-6.785559702478244e-5,8.454905712013233e-4,-1.684586895481192e-4,4.1499959895261866e-4,2.517489802043074e-4,9.13120301298489e-4,1.8312466738021553e-5,-0.00209049671473692,7.830119687248354e-4,-3.593774763445222e-4,-2.8975470864699225e-4,1.4268761833120705e-4,-0.0014615450736323254,1.2344685273573083e-4,-2.91193438725784e-4,3.860814476242493e-4,-7.223681784174606e-6,-1.3345783831488372e-6,7.787752131345475e-5,-3.2485324260336137e-5,1.8398919575895708e-6,4.449830135989214e-5,-9.644098535821317e-7,1.6517514561114593e-6
C15-C15cn-C15dz-C116f,0.003900683008411136,0.018053392363821974,-0.004980585043517271,-0.010271334407345597,-1.1785172955089217e-4,0.0062255846344504975,-0.021880431791307584,0.037321670730836025,0.07146241358703112,0.049647950151147355,0.03785962927137561,-0.013975250077459282,-0.01618267986120567,0.002614434424391894,0.013163621113168149,0.005386926201162682,-9.41330743011098e-4,0.018675577500481683,0.020958819351044704,0.0015583069318189904,-6.121455744963211e-5,0.003962360826289487,0.0017087117451345072,0.0036015618235982366,-0.0032825903109838235,-0.0014240166822512554,-0.012870483922802763,0.004885208681290767,-0.001614983235319968,0.005670720917576506,-0.031389627773728085,0.01359293046549972,0.004495008422193728,0.0026336818120786714,-5.342862934410925e-4,-0.0027458452099760715,-0.0021505250093591575,-0.016045770325206606,-0.00795203312268052,0.012296109568841503,-0.009099755985570064,-0.0012845740480288304,-6.330650497931345e-4,-0.0023703876148510232,5.408830917410884e-4,8.187192733666801e-4,1.1894566366007928e-4,-0.0013359587231677383,3.3346875630099174e-4,-0.0053220560218718614,0.009625450071427814,-0.0026595473043789803,0.0033086162950915045,-0.002731671236519742,-0.005626514111924804,0.005204206810840273,-0.006324686499794891,-0.014810416045115963,-0.009821089091364183,0.0016437220997344403,0.007740184371018982,-0.0012231180260765704,-0.003570684437630694,-1.193941586322188e-5,-0.0010068756770259053,-3.4877965730690093e-4,0.0026554749755594957,-0.0020522685857400436,3.2959430435132816e-4,-0.00533291869325547,9.624077853578493e-4,0.007485338257549908,0.0024968532531811642,0.001850298444940098,8.07224841666121e-4,0.0013315076028274364,-0.0012177609966770946,0.0034233191001069693,-0.0014799983937857151,0.0011321086040829414,0.0030244302866737453,7.071464765022468e-4,0.0026366561926191344,3.911567698781691e-4,-5.36289976288609e-4,6.923553458424381e-4,0.002159293367338135,0.0021555613675657524,2.862662265953455e-4,0.0012543100620563085,7.138469253958994e-4,-1.6637755777745153e-4,1.7704498772665324e-4,3.4866284276070087e-4,-1.6593130103524276e-4,5.287835530953144e-5,-4.6819622004666615e-4,-8.161199908754157e-5,-3.280615431041338e-4,2.8144673449835225e-4,-0.0015833036742013936,-2.46402459168408e-4,0.0011445963820846986,7.826511578728815e-4,4.9020951961549345e-5,3.106531013589868e-4,7.427884597160025e-4,2.4375949776298504e-4,9.854643386693655e-4,6.128717034633357e-4,-5.147566822629086e-4,6.781772666838904e-4,6.001927658934598e-4,2.0054772646533957e-4,1.1796347638935872e-4,-0.0018308114502458106,1.414047411888346e-4,-2.1236883851825995e-4,-2.6921974296231766e-4,-7.959260414122243e-4,5.750860233294429e-5,0.0016338936057699821,-4.209419770145475e-4,2.3640924990493472e-5,-1.39337857969193e-4,7.372793903335267e-6,9.166773527855575e-4,-2.691263187531252e-5,3.789335157542113e-4,-1.021386980846345e-5,1.842234626213156e-4,-9.154044549511795e-5,-1.5624823808094404e-4,4.879161454243592e-5,4.409574123609572e-5,-7.037391868499162e-5,-7.006442200658266e-6,-3.115534179513127e-6
C15-C15cn-C15hz-C15lu,0.010850833566517707,0.002858460710670248,-0.009869894585530342,-1.8991874045056552e-4,-9.689166156722414e-4,0.004713789982681784,-0.012669114018858556,0.01424830394310512,0.01530495718455898,0.009669467750135179,0.009633220549920296,-0.015533275390573212,0.004927772991520939,0.002782367554633487,-0.002015025375791182,-0.0025885422165605586,0.001110601749950868,0.03382720489075548,-0.0020099507440102843,-0.01251469028511956,-0.0034892917431250457,-0.029067960572177167,0.008481613713866755,0.007547536207369425,0.015340215141428448,-0.020074470071883347,-0.08058376708661745,0.011504204313221435,-5.76435672073638e-4,-0.01429838087804666,-0.04071120470587703,0.031405432828322255,0.012985731226905706,-0.0013822062461629763,-0.0027421750138120634,-0.0010579538352784117,-0.0020471840830501966,-0.0149024049881862,-0.004183444540462055,0.012465090670599331,-0.008340164172167163,0.0031056137308111647,5.438983998364723e-4,6.71901565791987e-4,-0.0019178699027236064,-0.0035326153533044064,0.0022074297366605905,2.806009961770798e-4,-0.005526923021256409,-0.002430471358444179,-0.005097056117866495,0.005146403081315817,-0.021110921739017064,0.005734560369631414,0.006739484375415384,-0.008960500885190511,0.0017429552814082342,0.008628455555254511,0.010416840708600179,-0.009801654115969198,-0.001998225662569676,-0.0038743037609623673,-0.006533708652085729,0.0011361187268673864,0.0021877636440089565,-0.0019199095556233431,-0.006327476673541886,1.9457797189368148e-4,0.005414520750656628,-0.005565727155422364,0.0015209386519240008,-0.028374802491508627,-0.003463005786392368,-0.004240944675239014,-0.0020043988996309406,-0.0014715771072800823,0.0012774732306583068,-0.007204443898821065,0.004072750224950308,-0.0010493522088795314,-0.004983473937460291,-0.001523580388608097,-0.012457654953026788,0.0016132175718472175,-0.002015673063139888,1.1478977281384248e-4,0.00202677202423688,0.0014444994672236464,0.0033252043785890243,0.0012444114177080625,0.0013207481773924805,-0.0023369216284165133,-0.004986870908798492,0.005718982667690465,-0.005245357126422211,-9.365123581260715e-4,-0.00791446167989787,1.485623372933298e-4,0.0027552508598388224,-0.002122597368668452,0.0014714792946928842,-0.00312283987754457,-6.22971033652499e-4,9.57521089110875e-4,0.0036120409128328097,-7.972160487217214e-4,0.003528726117436605,0.001476901062331402,0.0019369336174531453,4.984523491934885e-4,-0.0013051177689940244,-9.181625488103411e-5,-4.03018256251301e-5,6.350508878711677e-5,-9.885071002955996e-6,2.8141008483112e-5,4.67359041589352e-5,1.285917582660719e-4,2.7620834391895353e-5,4.877782156439385e-5,9.851009175855437e-6,-9.96623586807001e-5,4.884837104842063e-5,-3.762553358150944e-5,-5.833552614032088e-5,1.8823281713682173e-5,-4.0007032803214624e-5,3.144624969464362e-5,-2.514868495567014e-5,1.9022717900256882e-5,-3.413824521529956e-5,4.3982797339554624e-6,-1.360488457056281e-5,2.6529789896600027e-6,1.0526366719693075e-6,-6.692360005172812e-6,-1.1019553448343135e-6,2.8059853281826546e-7
C15-C15cn-C15lu,0.00831680945270078,0.00124674092221796,-0.00758024771161785,-0.0010239544554683502,-0.001377118625594391,0.0029304762402487467,-0.009594387342883511,0.01073859955810599,0.013176739216699178,0.0080306856353829,0.008596046133766279,-0.012665287465164005,0.0016796871499655754,0.0011695408481631334,-0.0016524755751654708,-0.0016717971646247858,6.472145513255703e-4,0.028825043917652022,-0.0020164236682986775,-0.00838573080934887,-0.002284236263209514,-0.020075540007370683,0.006399363126917596,0.004795114792994033,0.01134388483504621,-0.015383874799061125,-0.06174226159755762,0.009150856911368379,-5.60167979785221e-4,-0.010495293037165232,-0.028693806491021732,0.02120450997676912,0.00967148324250251,-6.555709542596936e-4,-0.0010369271356236308,-7.664373546218916e-4,-0.0015868445850768726,-0.009216118589355232,-0.0022058122538930595,0.007636368213696285,-0.004273974626591811,8.74860526806138e-4,3.7011806427454766e-4,-3.4125239331088435e-4,-8.875716452550383e-4,-5.890947982730417e-4,8.199696217827586e-4,-6.649975744391586e-4,-0.002125329894351557,0.003053937926800447,-0.0055747504786017995,0.0026380994012419894,-0.009602285066482629,0.0024108203791667975,0.0036539426909344384,-0.0032846123710095275,0.0010754957250272003,0.005612388489090436,0.0046432514546857935,-0.0036126133492812686,-0.0023235530341321462,-1.7689259746076527e-4,-6.3199940071088e-4,-3.450862230860517e-5,4.732133730897705e-4,-1.4783476377465497e-4,-0.0014209435705374955,-1.8281880794875088e-4,-8.945353188052857e-4,-3.1744943972204705e-4,-5.8268668202310525e-5,-9.339676065898342e-5,-0.0016644796111511602,1.0737794555980645e-4,1.842138901123201e-4,-8.171809391629488e-4,-7.06601404074228e-5,0.0016919892354767187,-0.0019038620731048749,9.459863438297671e-4,0.0031443377280588334,7.774098153337816e-4,0.007665623618195504,-0.0010880157915130828,0.0013004157000580047,-3.2466670220526054e-5,-0.0012818884873497347,-0.0019003909887962544,-0.00248977421701342,-0.0011497415969789803,-0.001993077141161493,0.0039088517650432055,0.006320986380066802,-0.007387113659092701,0.006848136007386037,0.00146519358699062,0.012825904092765432,-1.437448376146306e-4,-0.005791692104550673,0.004270023041317435,-0.0026763639967112606,0.006319790560470803,0.0013120240377372588,-0.002126024117650088,-0.01021885218185738,0.0012737945313764836,-0.009909249169062346,-0.005185559722614229,-0.006705301757735923,-6.173701223330781e-4,0.0037480000898445754,-0.0011532513351171904,-0.0017645053979906096,-6.297587965977601e-5,6.015350525413646e-5,-6.284947327072251e-4,2.8080864133305726e-4,-1.6705950632028542e-4,1.761737446378488e-4,2.8512185171120004e-4,-4.179087870340847e-4,3.6822331229249263e-4,-4.2836611072027575e-5,-1.2122604983582119e-4,2.7819657140741225e-4,-1.0663271853806602e-4,1.9457907585569356e-4,-2.701752183640981e-5,-8.478943380636532e-5,-4.145025768061757e-4,-2.0841603376324874e-4,1.177684619896506e-4,-1.2914944017184502e-5,3.6300430188619795e-5,-5.256459639291809e-5,-1.1869305506320997e-5,6.610803645073878e-6,-1.3055732972664987e-7
C15-C15cp-C15ct-C15hj,-0.05431291295848309,0.03637686668778718,0.03111597325962189,-9.382994179508637e-4,1.918139468159731e-4,-0.003634596150810499,0.007628919732833525,-0.009345648399170566,-0.013224565738360316,-0.014438976419221965,-0.005231825485121075,-0.021157112526195176,7.261012660982086e-4,-0.0014026941439509413,-0.00292608229886818,-9.077114445386383e-4,7.694853870727562e-5,-0.007947720684464765,0.004030513766929795,6.912660342108839e-4,3.678068124616968e-4,0.0031457833965109466,9.573130570765935e-4,-0.0016820644739155984,3.749904414476339e-4,-1.8722288392694132e-4,7.068919204868265e-5,2.4695020762023645e-4,-1.2923405756471197e-4,0.006607481402600192,-0.004546690205856917,0.001095484043262778,-0.009633696356933234,-0.03681051851717713,-0.004154234975541735,-0.01560170347786652,-0.0019130229387120923,-0.023300013213205406,-0.002614606300457833,0.004699970819215945,1.1027179238825348e-4,-0.01865205741596653,0.006297836785304106,0.0014527074370278398,0.004296816345447621,-0.0046005791351646915,-0.0013572269421426926,0.006338531828311612,7.375138786600313e-4,0.0015645645699264095,0.003778368406222982,-0.007639775520983592,-0.003561972245394865,-0.004724456950185797,0.010744421096873848,-0.0019152302687114881,0.004484718357824145,0.005839194965315558,0.012550931678151266,0.005641012899586792,-0.003180178673975139,-6.232289635102692e-4,0.003811580277500512,-0.0012304853865391827,1.911157487752177e-4,7.240766838595981e-4,0.003260290591373599,-0.0013684292107425894,-0.0018546296001434568,-0.0035914505633740787,7.56051182740448e-4,0.007135201311661996,0.0026106354869224924,0.0022038509888023267,0.0014695556898764435,0.0022045758891382134,-5.137939906106676e-4,0.0034875623991684696,-6.770520118868665e-4,2.8550882352227188e-5,-4.465752370351887e-4,-5.023751625832594e-4,-0.001674478065872032,0.003510883924979596,-0.009410974917752144,-8.343396150477967e-4,0.0021871918446586176,-0.006612781750863014,0.0024618928504902536,-0.004534321377857971,-0.001458070577847037,-0.001984306915614798,-0.0033149986440043438,0.0013263029486282713,-0.0018936288724574583,-5.904846707426867e-4,-4.1353544225364745e-6,3.9086629779232397e-4,-0.0012063191758359718,3.971437678450349e-4,8.806105516488332e-5,-2.5605583973922655e-4,-1.1960523677697433e-4,0.001135381361787275,-0.0028267073932685253,-0.001870785646881804,-7.606148727112437e-5,-2.855308225600703e-4,0.001006970387083055,0.0016472288204109839,-0.0027368698626885225,-6.161621767619369e-4,-0.0029495543652822507,4.381924489608077e-4,-7.104040207758874e-5,2.0209704794970067e-4,2.4955143378354395e-4,-4.2421642879203887e-4,-1.043105861590209e-4,-7.731117184019632e-4,-2.0795507005686267e-4,0.0019789718008348927,-6.817753297714995e-4,2.6739452957492873e-4,4.689501647819733e-4,-1.7728268447885368e-4,0.001062701596069863,-1.5481181003090184e-4,-2.6743564697351828e-5,-4.8365200701233396e-4,-0.00026207864977862675,1.3638434229459976e-4,1.108446879505426e-4,-3.303484209043757e-5,-4.0133081122235973e-5,1.8038304045808088e-5,2.644087988413234e-6,5.66222779717325e-6
C15-C15cp-C15mc,0.001570252158889476,0.00238683357179684,-0.0021875705413822452,-0.005592788889400041,-0.0011352995622303389,-5.460787139819887e-4,-0.003393251226664037,-0.004838960298349263,-0.002084356347183088,-0.004630565322144483,6.645341497106621e-4,-0.013017845809647967,-3.298435817258211e-4,-0.0022060152167518356,-0.005650405819778797,-0.001645881806216223,-5.401626549272346e-5,-0.011627911990776185,-0.022855346047468618,0.0011175640660274198,0.0017136955405600614,0.001160085743137231,-2.524253121227807e-4,-0.0040456983321193385,0.001623853945395241,-0.0010045577359222193,0.0018816414059516704,-0.0013945352985615129,0.001326703388369786,0.00877872641764083,-0.005758303644511463,-8.639849743435077e-4,-0.012947105005025062,-0.0423374073953158,-0.005675259914810972,-0.016433553676973904,-0.0014284369881904728,-0.02421628094369678,-0.0022393624237530335,-0.0019248595056193245,-6.335944544659394e-4,0.006073498503320046,1.5904799399626404e-4,0.0018433280271282968,5.421962202495374e-4,2.1811982050203187e-4,7.521794573691316e-4,0.002984199352057962,1.318269934623801e-4,-0.010240773958246753,-0.015207948383790375,0.02604433635860292,0.00399007579417268,-0.017619955068494248,-0.001048593310262164,9.808992268715512e-5,-0.002984251465706449,-0.001688081595566589,-0.00128163101299638,7.635445512584197e-4,-0.0011104441643285429,1.6743661374888188e-4,0.0011526338679198867,6.572131166117677e-5,3.808721823145327e-4,8.440197870468872e-4,6.82601881443769e-5,5.239129391876012e-4,6.995028653628936e-5,-3.5116691981358725e-4,-0.0017867293615022148,6.339280542209196e-4,-0.0018834989053022565,-1.7646181811186e-4,-0.002359521317922776,-6.97584728285557e-5,-0.0012258095754387965,0.0013285381820409392,-3.622374338170461e-4,-4.645913765737942e-4,-3.640512212612969e-4,7.651875361430424e-5,-0.0016580669019996743,-1.1579745030403504e-4,3.366260989154055e-4,6.293802515646269e-4,-0.002151129917996999,-2.8526693563072335e-4,0.0016315115099939364,0.0015817369021325404,-2.2194444510052557e-4,0.0015595109217313619,0.001504190103094771,-0.0020080552401232333,9.321698706720567e-4,4.149067491649456e-4,0.0025999491910038484,-6.568144152311594e-5,3.1382463091038314e-5,-2.1824999228869444e-4,8.03738234794082e-4,-0.0013063451474789813,3.621175183946795e-4,0.0010824647192949344,-2.3118045641265349e-4,-0.0013855635488557942,0.0013928313261986499,0.00076397863776033045,0.0015783935273111554,1.6530440038635673e-5,-0.0017608588303380866,-6.494846573901898e-4,-0.001591731766457514,-2.6008451546317812e-5,-1.5197944325634792e-4,0.0013638530787221988,4.186092905600408e-4,4.5443373727206243e-4,-1.0740650534162432e-4,-3.347472377479876e-4,4.2317110691755057e-4,3.0294180968856423e-4,-2.4076693779043442e-4,9.612190358255872e-5,4.808469443847726e-5,4.938538509903753e-6,1.0806463178978869e-4,-2.507797121959603e-5,-1.0346771128441418e-5,6.20001662330818e-5,7.676608163988473e-5,3.08345138000784e-5,4.393241458079577e-5,-4.982839445855303e-5,3.7915578942615574e-5,1.4499011486034066e-5,-9.266689532398709e-6,2.5142481672933126e-6
C15-C15cq,0.0029847350679666922,0.0034436173963857,-0.003282992889859927,-0.0013233474516442674,-0.001437663101260082,0.001518995829398149,-0.006229004696377099,0.006509996188398806,0.009085410329567566,0.0032580518648970126,0.006808800124158176,-0.021290853711907327,1.7357062447549e-4,-2.6466994020589197e-4,-0.002830253737878532,-9.825330394643954e-4,-4.0550617726315373e-4,0.001964205800327447,-0.02787931763675736,-7.048914209321369e-4,6.957731853127998e-4,-0.006007865523581457,-0.0031124235865664296,-0.003127886162028782,0.009001776092840951,-0.0022581534851283365,-0.015243970533608328,0.002130962075819812,-0.0012342977028087544,-0.012617446707078506,0.04397234858527096,-0.020252955938384467,0.005758544054385848,0.016129336670032246,0.002046880589487627,-1.952711283948339e-5,4.946863160346977e-4,-0.002037180483113392,0.0020248591849011985,-0.004325403734140379,3.897307336603546e-5,0.0019919163537039553,-7.148615578115816e-4,9.797870935662736e-4,-0.0023886482465101215,0.003223552521863464,-0.0021386142043295668,-0.0020046103854097106,0.0036486730336621038,0.024182300008234382,-0.017337576839561965,-6.460227864857716e-4,0.0080675253955185,-0.003250721206864468,0.004446362452436451,0.0026617703621236236,0.003595529916241611,-0.0015547598161833754,0.0013755651879725145,0.0032383158123365932,0.0012692293639888798,-0.0013786843940314438,-7.579549593241809e-4,-1.5128646109877485e-4,-1.0933642037904106e-4,4.2751452770350496e-4,0.00149267877257122,-0.0011535901735571438,0.0010094890181069328,-0.0013096014251872063,0.00117520251954711,-0.0023217042792699942,0.0017627146077477764,-7.173679470330792e-4,-1.202551235776905e-4,0.0011644059695221757,0.001110707423711824,-0.001415109779240004,0.0023746780703914863,-0.003624097970299301,-3.972830266288767e-4,-3.653437512936172e-4,0.0062588424977106155,-1.7482467122947363e-4,-4.915020784883808e-4,-0.0018302667513564856,0.002233506207178263,-0.0035366307859800447,-0.0030371610327362677,-0.0035247553768654057,-8.519642771848248e-4,-0.0022293379391699463,-0.002612502655256346,4.492657577488595e-4,-5.638465329852999e-4,0.001245520502217224,0.0033942818865949167,-2.0065748132637836e-4,3.8428363759321425e-4,-0.0033430141450568923,4.4381154588739465e-4,-0.0026530100999091555,-3.4091255481992776e-4,0.0029334869665612437,-2.7523270105176e-4,-0.0015879735725503874,0.004072441497887443,0.0013920784326848332,0.004163717422316588,8.681081535921357e-4,-0.006354973914677813,-7.601266599797093e-4,-0.0044333678984582875,0.00026611722898578803,3.616673244901954e-5,-0.001237057841943081,1.6130031776350983e-4,-9.153573331130275e-4,-1.9227614441058826e-4,-5.399363641705611e-4,-2.5831799338468743e-4,0.0012665304234442142,-2.2126824760193776e-4,2.241045753796144e-4,1.418183620112449e-4,-3.544738552964341e-5,5.51801273898425e-4,-5.268660721564971e-5,1.3998860325171777e-4,-1.54522762878708e-4,-3.142479062578502e-5,-2.090211574658896e-5,4.053661790382324e-5,-9.598017860712622e-7,-1.692399966499797e-5,-2.34186151924522e-5,3.342427504815205e-7,1.4483424178347243e-6
C15-C15cs-C15cr,0.01227226076199607,8.726767898885129e-4,-0.016336356556392703,0.016367053736247163,0.009029280297164505,0.04517833242553257,0.04411292660852413,-0.01129839284393976,0.0016099653983267118,7.187999627129695e-4,0.002697959442421239,5.944539243229285e-4,-0.007849619434679666,-0.009276064994826647,-0.0015858551394490946,-2.588702908625758e-4,-1.510549002022862e-4,0.001485837060114772,-1.6909343698140983e-5,0.004439382838839912,-8.903280765530872e-5,0.0031519658695736224,6.458203195233347e-4,-0.002525498282341933,-4.6191283753182355e-4,-9.39580819447814e-4,-0.0011376479995196494,8.86351364553867e-4,-8.388782919859616e-6,0.0018609391974366279,3.7738633055150463e-4,-0.001870174799049056,0.002152156199479699,-0.001452250076244234,-0.0038007582090529984,0.003896636784449592,-0.001740297119623991,0.0024148838846222843,-0.008167340140416186,-0.003644458195144168,-7.485961066528633e-4,-0.002482871583106342,-0.004495676791626927,0.0014916534640714322,-3.1623919673801776e-4,4.099830062633973e-4,-7.898874555686035e-4,7.655554600844419e-4,8.679922694215181e-4,6.487183205347942e-4,1.1994621459418002e-4,-6.519980059296278e-4,-5.988162358754165e-4,-3.494097000429898e-4,1.4898118828499064e-4,2.7077380941107e-7,-9.640809469803629e-4,3.199609686397389e-4,-5.844072350197694e-4,-0.0013794145456049803,-4.354442167972179e-4,9.791258392773223e-4,-8.825216033779656e-5,-5.0724503501223276e-5,1.1786263444816638e-4,1.8884453492374993e-4,-3.060093142156352e-4,1.8229092734305311e-4,-3.800476947354067e-4,-3.261091817515121e-4,1.8174688916463032e-4,-3.8633153770782684e-4,-0.002961152445727569,0.00517249200183833,-5.313315587003215e-4,3.319498054957131e-4,2.2604234105544612e-4,-9.738328490854622e-4,3.4189026791305645e-4,-6.294981634754797e-4,2.46520857042385e-4,2.3911656425704242e-4,-5.093254410040029e-4,-5.837228114108137e-4,5.978085679939827e-4,6.044796123224138e-4,-4.867365408388303e-4,8.101441952051416e-4,0.0038400319816544073,-0.006756164408239403,0.008289022047302213,0.0014054894446411123,1.177662224032772e-4,-5.948161733765235e-4,0.0020756123212703494,7.638306488150616e-4,6.671672448171571e-5,-7.107454955411485e-5,-9.389449747386994e-4,0.0015103574312559512,2.0273322210376336e-4,9.706555552204933e-4,-0.005046212930257011,0.005872986223852179,0.001748767076960389,8.700956208503385e-4,-6.946147608486779e-4,-4.5245017020769025e-4,-5.50088879274889e-5,0.0015430339283074403,5.368130387898958e-4,8.316454482514816e-4,-2.4089842483734634e-4,4.894930958768698e-4,8.00705523788883e-5,-3.121439510504515e-4,-5.391806870585968e-4,-0.0019341724841907238,-0.0010762489517746046,0.0055597247208051094,0.0036259132966754604,0.0013083552620856912,-0.0019358940820769382,-2.5051964857755315e-4,-4.088624427594129e-4,-1.811240768034801e-5,1.4008738384634452e-4,-6.561603612010496e-4,-8.477106209143806e-5,5.28017357082909e-4,-7.731480349963635e-4,-5.9144163762673874e-5,-1.874633974692435e-4,9.147196089164035e-5,2.9349449618531166e-7,-3.437531207917412e-5,-9.820195524196664e-6,6.852983702978566e-7
C15-C15cs-C15cr-C15eb-C15gm,0.02277196141857986,0.005333251925558352,-0.03055250143810072,0.03395344987413217,0.019464242067881637,0.0891833408950136,0.08315328529532338,-0.0184896153668121,0.003873647511125699,0.002605373864994637,0.004554858376610206,-0.0021587378381702914,-0.009592834531041285,-0.014266902481275474,1.8668448366219293e-4,-4.082939973023852e-4,4.849705530344221e-4,3.2723963500656665e-4,3.924214629495175e-4,0.005924266569472207,-0.0012330809451126248,-8.526086430228581e-4,2.259834198123337e-4,-8.818845268491545e-4,-1.1443280831250963e-5,7.675631253886902e-4,3.9133920883312596e-4,6.901460727684384e-4,-3.21496380363503e-4,0.0012161305086532807,0.001385446836654584,0.0012189024376160382,0.00540774678474453,-0.003738695778492424,-0.009781383907272555,0.00806151965163143,-0.003084136354350778,0.003796453763727697,-0.018970222729196233,-0.005737661682642488,-0.0017025872645961117,-0.004343465673699328,-0.013150080685655393,0.003821593183785551,-0.0011449979539071284,-0.0023572575619683457,-0.0011393326367355632,0.003301359591041934,8.568843729623458e-4,8.605261636365862e-4,4.4002535021762826e-4,1.7878445286734402e-4,-4.3283140544127154e-4,-0.0010013770629275997,-3.0432293473646135e-4,-0.0014015316326143185,3.7833877052581945e-4,-7.913792586180575e-4,9.625923815960046e-4,6.013533641126568e-4,4.1017372781390507e-4,-0.0011680912369615515,3.2359935322107244e-4,-2.18831385318651e-4,9.436838888394868e-4,7.614537481544893e-5,0.0012932220921137456,-0.0012314070064906528,-4.411053528266578e-4,5.573306085303521e-4,-2.1912132648747e-4,8.479857880556398e-4,0.0058322703590780265,-0.015767660194978196,0.0013845817406974434,-0.002372965120174622,-2.2520612623317564e-4,0.003416473902271354,-0.0020144101331015106,0.0010697554233211443,-6.987683673913786e-4,-8.199994269398735e-4,2.0634954976937218e-4,-1.1206746755678616e-4,2.6032146897472016e-4,-6.848421082588028e-4,5.658495252634017e-4,-2.7530870338345645e-4,-0.0030964261370480424,0.005720734573043118,-0.008565455125922506,-2.371417299985229e-4,-4.828917748548172e-4,3.6248357793789576e-4,-5.860850438957056e-4,-0.0015960261753303249,-3.6026454677557925e-4,-5.992653164069937e-4,-8.307698878701105e-4,0.0035857826125594086,0.001413004952994893,-2.498190043153644e-4,-0.005535640333551221,0.0049413857306875785,8.322615185625018e-4,-4.189043350504716e-4,-9.886283271573876e-4,9.123386276119881e-5,-4.435230604339679e-5,0.0016057012227738557,9.903939426514979e-4,9.762836172083333e-4,-4.919254211454868e-4,0.0010228197736438607,-2.8758568109880484e-6,5.290137449851065e-5,4.936215416728943e-4,0.0019154682586004865,0.0011062102100274575,-0.005470949623240982,-0.003515511499423373,-0.0010490085242212486,0.001490258638164552,1.2821817660971168e-4,2.7535664149929524e-4,-5.34762857427545e-6,-6.121750219765665e-5,3.716384183222664e-4,5.49349428963045e-5,-2.1243322918947406e-4,1.9606471784405408e-4,-3.759360871342839e-6,-1.8496008457824007e-5,1.9940501763585825e-5,-1.1059494092427415e-5,-2.2419710398456193e-5,-3.0843446377488393e-6,-2.7654471317848425e-7
C15-C15cs-C15cr-C15ec,0.017071784425231103,0.003087723724943108,-0.02269936091322189,0.024183787799577763,0.013785859180403695,0.06466918055907199,0.06090709436850703,-0.014393691510199839,0.0025539125574009745,0.0016276043123712497,0.0033584357322755847,-7.120123166667768e-4,-0.008558740901129428,-0.011482414812193182,-0.0010220675773061775,-6.095113741069328e-4,1.0105845935175144e-4,9.285332831715276e-4,1.4975837943206744e-4,0.0050927396693391976,-7.103926762235732e-4,9.586898254791161e-4,4.949208985027541e-4,-0.0018784617140971266,-1.2630642739546022e-4,-2.837309220663565e-4,-3.4800926381262646e-4,8.257742674179152e-4,-9.369532497875821e-5,0.0011679184812586694,4.49816828938028e-4,-8.158690055484068e-4,0.002553173225120732,-0.0019175532119826782,-0.005551972464714908,0.0049937871266058625,-0.0020212105974546876,0.002738874047241387,-0.011865479408449658,-0.004262341789404076,-0.0010123330356291876,-0.0031358741098196944,-0.00795619201186431,0.0027313019442919287,-4.911319992749589e-4,-8.097181819606293e-4,-7.804143870981023e-4,0.0018584911366037406,9.97255801717999e-4,7.018199714052957e-4,2.115673570260747e-4,-2.9771024150873946e-4,-5.036386779304216e-4,-5.889241468423856e-4,4.037910186691373e-5,-4.913881670580993e-4,-4.112152979934067e-4,-1.1942437483108978e-4,1.1356294000753928e-4,-7.650468513953995e-4,-3.9784405345644447e-4,3.563614673548513e-4,4.551217951997653e-5,2.8812861162618136e-4,8.869727110588203e-4,1.2991689353035148e-4,-3.9030011033344377e-4,7.235136462255766e-5,-4.5893534639175105e-4,-8.676911576028387e-5,4.2541703567174196e-4,-6.861618957067564e-4,-0.0036813038284993624,0.010736808556044985,-5.129004322731559e-4,0.0018534704649466158,7.800679274787593e-5,-0.00163083587299507,0.0010654516346541446,6.0239519540121755e-6,-1.066905217314602e-4,2.484187079134626e-4,5.561045885389604e-4,3.20395831713636e-4,-2.6943985221182363e-4,-2.597129235005315e-4,1.0767935179607352e-4,-9.453959138628047e-4,-2.0724798126001368e-4,4.0715122284391803e-4,3.282455856510022e-4,-2.5132504853565477e-4,4.0397768174929365e-4,-2.0641164917137083e-4,-0.0010521978968670157,5.674975071486445e-4,-2.459413631960452e-5,-7.332312188799052e-6,6.0551395268635e-4,-0.0021005781139097524,-4.685385838873616e-4,-2.267360952579462e-4,0.0033147307562868423,-0.0031762613732840635,-5.305125852019141e-4,-1.4269473532749135e-4,4.357194260017472e-4,9.935063328824061e-6,-1.2323196157082566e-4,-5.526816340856999e-4,-2.507140495262667e-4,-3.406680620186123e-4,1.924580312057754e-4,-1.3236536411320872e-4,4.816725138989621e-7,-8.594894823411598e-5,7.466792769825624e-4,0.001624066069332131,0.001048998898619094,-0.005105235530015171,-0.003359735137810187,-0.001417009990664089,0.0016212267567432858,1.8374465435616448e-4,4.392158183249874e-4,-1.812298380287364e-5,-1.5796140009227214e-4,6.052041568165046e-4,1.597773756349301e-4,-5.941654676963205e-4,8.353227472110738e-4,5.437993232697834e-5,2.3875747972988844e-4,-1.045164977738815e-4,-3.217727421198456e-5,9.63086465623057e-5,2.650809656618117e-5,3.836224369349901e-7
C15-C15ct-C15ch,-0.08686386020824591,0.06651301336272726,0.05550482545377856,0.0070534572773148525,-7.429153123372792e-4,-0.0034943743079523994,0.011012011915441697,-0.012562985838327956,-0.0165701553764637,-0.013368105370853216,-0.008224604264929915,-0.004113140590054793,9.042540881274546e-4,-1.3257043177114226e-4,-5.796246032864246e-4,-0.0014067428085257868,8.303864355945082e-4,0.0050526570135216425,-0.007374530614378306,0.001103247567559582,0.0010341511549361558,0.0018611674272279893,0.0017605684940486955,0.0027150052753333576,-0.004492570929401858,-0.002307914154149205,0.001532359428041748,-1.0088207534712371e-4,6.136817474314514e-4,-0.0013195093227083667,-0.012245721184208374,0.005551970622030987,0.0026124589232122044,0.010357537257676516,0.0021286961764132623,0.008155835468383348,0.001223766145394591,0.016938216219173536,0.003229830052155432,-0.0019084207273826544,0.005599115675807353,-0.016863004640976592,0.0043716513559587285,0.002533867531025034,0.005647761981602226,-0.005780429250003173,0.0022708812810976245,0.006970691882779869,-0.0014153998255738915,-0.007209733437544635,-0.0056648535399030035,0.006703007197629709,4.275862368865356e-4,0.01314531670415417,-0.012325777017031147,0.0026339598659036027,-0.0044088575269323835,-0.0050991813443505805,-0.007817036109896112,-0.0031870039059317674,0.0036396454233531277,5.463197169507132e-4,-0.0032799939665899684,9.561153698996711e-4,8.622104393895756e-4,-3.328658618345116e-4,-0.00123527109262687,0.001082181857447909,0.0010075543450822006,0.0061274310696335915,-3.397740006724569e-4,-0.009141006263717508,-0.0015303261753217862,-0.0025001292145708474,-0.0018469682495447733,-0.002337043014297765,-4.165427189176722e-5,-0.005142334739162658,0.0018451738361516788,-0.0019340506609601485,0.0012263752008109402,0.0022699656459994164,0.00769912761433753,-0.0011490050525399624,0.0033184710262708257,-2.1803394054838298e-4,-8.463766423226142e-4,-6.697594443632744e-4,-0.0011030955379625876,0.0030732869120442315,0.001346307532288352,5.857064282313116e-4,0.002480453814733866,-0.0010324252242042645,3.6803037435177336e-4,0.001616741975345789,0.003966075724658841,-1.413902880133721e-4,6.709967657170671e-4,-0.0030079231821163377,-8.3888086977749e-4,-0.003806114516587304,0.00267028554080152,0.006298114241842328,-0.0056197725726286965,-0.0020062483255567348,0.0010763716177867263,-9.832212215825653e-4,0.002165524371207855,0.0027962176816360043,-0.0030216581951667495,0.0013351488602817078,0.004584300500242292,-5.950175236031953e-4,1.534929962183647e-4,-0.0015195801775339606,-6.640190924619227e-4,-0.0013266876536195244,-9.523532536921092e-5,9.540793684659347e-5,-6.760768792777398e-4,5.286667339817201e-4,3.604113387925115e-4,4.0040692511616403e-4,3.401587950784598e-4,-1.21019788432148e-4,4.032432441032431e-4,-1.2529584211635426e-4,2.000446146771074e-5,-2.761476883729616e-4,-2.922119911077469e-4,9.740660861847857e-5,1.5161295602070368e-4,-3.99457713257332e-5,-5.391176217598099e-5,1.0959596660353167e-5,7.386278714233073e-7,2.436881096471582e-6
C15-C15ct-C15ch-C15cp,-0.07967873705759092,0.056439377091260075,0.04765706750193922,9.652892664142334e-4,4.3158324831138147e-4,-0.004274242511711443,0.01041667665892792,-0.011778088752179177,-0.016871276058959137,-0.019695820426818063,-0.0063322333631542545,-0.03605985619373654,0.0025541093868813695,-7.586193116613614e-4,-0.0026371153125269845,-7.172282110003826e-4,2.339939005980053e-5,-0.02068527240262453,-0.016868819071930167,0.0015963935845425522,0.0023204857226863506,0.004668563202662844,0.0013278690320186021,0.001661654106694293,-0.0030889714936838354,0.001531115541543332,0.003656999393142228,1.656110330562249e-4,-1.3021220232035106e-4,0.006805241460191606,-0.01776489925833544,0.008509630463659336,-0.005238892041704851,-0.01875592528573479,-0.0017036789439261227,-0.005091285406065718,-7.735538224055675e-4,-0.005034879595785642,-6.571367029844828e-4,0.002752631301235623,0.001053765592259205,-0.007375921390977028,0.0013832839414345667,2.529574273592939e-4,0.001355701224745213,-0.0018459845929250888,7.27311485493837e-4,0.0010482047573866068,-8.747873588549578e-4,-0.0017908850017905342,-9.406425449856946e-5,1.4896324918265585e-4,-7.487602054441661e-4,0.0043951960627180405,-0.0026064811416244525,-2.0460607600422906e-4,-3.117247803180448e-4,0.0012013856343156867,-7.25198777087543e-4,-9.48238072721463e-4,-7.409100706280772e-4,4.511869918811164e-4,1.953918587587787e-4,1.362160843412334e-5,-3.477092451183332e-5,-8.79773365865942e-5,-7.278452769329888e-4,3.469987513124693e-4,-2.7896341811821905e-4,0.0012467235557712417,-4.325932298075158e-4,-0.001855641394036173,-0.0018241226802791744,-9.647469144375754e-4,-6.295716324161293e-4,-0.0017098463562110725,4.467253503094176e-4,-0.0029225278544949035,4.0660972744284603e-4,7.094649713477918e-4,9.301217435872144e-4,2.635765732009368e-4,0.0026236574947011973,-0.002673583377092504,0.006474020600138033,3.2171271657744504e-4,-0.00203601963816142,0.0026276986933608014,-0.002247568373229206,0.002696784353092713,4.813455436130969e-4,0.002200223211856647,0.003606808002607846,-0.002364219226991638,0.002212246205322976,7.68773800903942e-4,0.0011399505670460638,-1.438710876415288e-4,0.001260910998500233,-9.65566253862397e-4,7.938198342545226e-4,6.895698143074362e-4,-6.332408514931227e-4,-0.001670977620285124,0.0053252464861609575,0.0025772382804680983,0.0012004044045443184,0.0011711958638436749,-2.045670939575582e-4,-0.0022827270049634242,0.0030056865438917637,9.25947508090949e-4,5.783998552197827e-4,2.4232722684359707e-4,2.7487812624963357e-4,-0.003170298042680931,-0.0015701913577239924,-0.0011918232674261195,-7.600746798486477e-5,0.001434322716175358,-9.403062527596291e-4,-0.002349205604763111,0.0026536876807522693,-2.501470297712928e-4,-5.577423969259192e-4,2.891547971378936e-4,-0.0019117000652097852,6.718014642891792e-4,-4.9619561792748986e-5,0.0010799732624535935,-1.6960401424509635e-4,-1.8054972013285966e-4,-7.046053848823517e-6,-3.1413997131453746e-5,6.646478809961769e-5,-1.1326710444749712e-4,-5.525338776168217e-5,5.350303525639679e-6
C15-C15ct-C15ch-C15cp-C15cq,-0.07141692367986302,0.048122010208904414,0.04008859631390143,-3.787477508035446e-4,5.602167785045013e-4,-0.003055289260015717,0.0063531700892840446,-0.006179198958111344,-0.008124308693097188,-0.016890186625479444,-3.760556323718008e-4,-0.05766955330690718,0.002154453550330611,-3.959024704459765e-5,-0.0013206809267008936,7.112993569508304e-4,-7.70122541524065e-4,-0.02545967895321514,-0.02382446015372174,0.001481421209586626,0.0025513179554388925,0.0038696995184425865,-2.339349759781538e-4,0.0013864257300779622,8.708118008768867e-4,0.0021948227873103384,-0.0040286036361118025,0.0021691459027024756,-0.0017970065128064731,-7.069441555680866e-4,0.009479403972563897,-0.0037203241129010675,-1.3424958051619544e-4,-0.007641746460193142,-2.6291424292169274e-4,-0.007210219992722169,-0.0012062312436534588,-0.01262831306959319,-0.0015605333562824337,0.00381248070539542,-0.0015048355222168363,-0.0061354657177332015,0.0011490971890165628,-5.93605467492833e-4,-6.178676492265126e-4,8.385641432647629e-4,-0.002344904567743054,3.64183550752929e-4,0.0025352548364389726,0.0045541436399663794,0.006132927023752141,-0.006067611191266083,-0.0010061350097707034,-0.01168095071234993,0.009503000956379936,-7.322800297268557e-4,-5.2533461290168186e-5,-0.0036006032692060797,0.0069492823001984,0.0018076719051916602,-2.3527273631535753e-4,-0.0025964985444211167,1.3895403364457673e-4,2.2809219396518508e-7,5.803457032970073e-4,2.2439167996404872e-4,-1.2687593033437072e-4,2.713949452205444e-4,2.760179667156568e-4,0.0034285879026210602,-4.022866231684756e-4,-0.003225912027158874,-8.007320810046982e-5,-3.112780805767694e-4,-2.8715740641870155e-4,-3.122899633284395e-4,2.50378904344871e-4,-0.0011016062355192066,5.142489271429717e-4,-0.0011680443784805599,-8.388153123457353e-4,6.672630256030946e-4,-5.931218117098524e-4,2.0664756727889884e-4,-0.0010050555990633737,-3.9414539707595105e-4,-0.004568865430194086,-0.006096676682263173,0.0018247745820412105,0.0011325815458799935,6.687052180007189e-5,0.0012476956760768888,0.002173345755154402,-0.0016229821523765142,1.1608809860657084e-4,4.880638891250547e-4,0.0016982478368557743,1.437327550857043e-4,2.7940834155482645e-4,-0.0010793317888842856,3.685693207140633e-4,-0.0014017794819705088,8.683142473712531e-4,0.0029238367966247527,-0.0034413098269785542,-0.0017338577819939723,-3.3764958144038394e-4,-7.043808238535039e-4,8.839317744949612e-4,0.0026257367339152446,-5.657253158232929e-4,0.0019088006227072232,0.008409941465886507,-0.001159567550551575,6.51567769625984e-6,8.105757218294137e-4,-0.00099919977584770215,0.0010398594272137847,1.3318863263418038e-4,7.923842009517072e-4,3.4930068275178857e-4,-0.001988608977864103,6.959189955489874e-4,-4.680796809639956e-4,-5.214974139301216e-4,1.3980949389297124e-4,-8.69091565835402e-4,3.496986922708544e-4,-1.0893696502051813e-4,5.465744989204864e-4,3.4363402412756095e-4,-9.508358690186975e-5,-1.0380708772387998e-4,-8.332090940692403e-6,7.950004003311138e-5,2.6129061190725e-6,-1.1246436372735427e-5,-3.675639134055737e-6
C15-C15ct-C15ch-C15cp-C15cq-C3rf,-0.07639640603329462,0.054795830541801094,0.04471251363864169,4.545056201870161e-4,5.298200390894934e-4,-0.0032413567131697285,0.007213450100282524,-0.0069364898165491405,-0.008474876056220418,-0.015985428687440306,-9.423164892266068e-4,-0.05198031275257147,0.0018120268143161978,5.2422387749548704e-5,-0.001021335293984766,1.4279994250525002e-4,-4.004532106615716e-4,-0.01813725194341347,-0.024483809423564238,0.0014610982351691791,0.002239796162871853,0.002096736382654808,-0.0016210127960852266,7.330048061640584e-4,0.002986504842992643,0.0027022105063105348,-0.005795537321702378,0.0026373553214681864,-0.0022695802676693903,-0.0020954771427072394,0.0164035897931199,-0.005939349531209442,-4.169965829354215e-4,-0.00869791996412179,9.290648777438876e-5,-0.007618335478377531,-0.0011875827175372637,-0.011377172190911618,-8.890393970628943e-4,0.003976307581202116,-2.468528571696e-4,-0.01094529709625952,0.0014830687322472374,-4.4930602648541915e-5,8.162846144128277e-5,-3.8437301599821407e-4,-0.0010887082735258377,8.599878345077801e-4,0.0016790726060885493,0.004060090722731269,0.0016121280533707332,-0.002800498134635113,7.432709120491506e-4,-0.002800956813443355,0.001270616649618464,7.755209911342783e-4,-0.0023298777539476944,-0.005757186919496845,7.157740668128581e-4,-5.558707525942122e-4,0.001446466075881988,-0.001979551333555251,-0.0015483459955444691,3.5392581861234224e-4,3.309338752234886e-4,-1.261666634335746e-4,-0.0010390200063290895,5.044397534104019e-4,0.001052351133841928,0.002405935182263446,-4.427560288979697e-4,-0.004779206518485769,-0.00100129192951248,-6.664620894969662e-4,-5.662858530583844e-4,-9.605665904457921e-4,2.7797539997751527e-4,-0.0023735031013369426,5.577185841051445e-4,0.00128814315448792,-8.048775167988097e-5,-5.002903552266643e-4,-0.0023008230437811736,-0.002207648956902532,0.005680944878714143,5.994269124783297e-4,-0.0037636726233934684,0.00248436395300004,3.3366759059813225e-4,0.004000646512626711,6.9102910349707e-4,0.002999048707765923,0.004180660185333451,-0.0025464013915753926,0.0019893885559263604,5.326830058440028e-4,0.0017990557082887637,-1.3542744102405257e-4,5.794092861321833e-4,-5.000281780969036e-4,9.456842690728417e-4,3.061539177537435e-4,-2.1674944946933683e-4,-0.0013579934849219477,0.003410219737633922,9.364535597552844e-4,0.001195995792908454,0.001330871800097723,1.2929789457674596e-4,-0.002329115397531894,5.246496026051267e-4,-8.018786817022587e-4,-0.005878494813848449,8.393039208444428e-4,-9.820433618219293e-5,5.571237198548765e-4,0.0010703645911292695,-5.582150305472815e-4,-1.637608824777091e-4,-0.0013184120694451904,1.0034294911958949e-4,0.0027222943211509627,-0.001691074384775348,5.681230005212028e-4,8.331022709903429e-4,-2.6761038573816206e-4,0.0016395099852799478,-5.427499914329725e-4,2.4023489160413945e-4,-9.560617801594413e-4,-1.4506005781786359e-4,1.3967138950779232e-4,1.1138510768987384e-4,2.038273701276092e-5,-1.0182964741238063e-4,3.302618127110298e-5,3.295798607133874e-5,-4.440849421504901e-7
C15-C15ct-C15ch-C15cp-C15hj,-0.08949277673392943,0.06724517533257741,0.05530025266878729,0.0020688231155725945,4.098739658300808e-4,-0.004430462145187145,0.011595369740283997,-0.01301005154909738,-0.019415026468661858,-0.022005648008704803,-0.007577624574664529,-0.0393682024978865,0.004125588823681766,-2.8968665623295723e-4,-0.0029272967968049244,-0.001212239266774658,3.372832881302202e-4,-0.02289876911711086,-0.02307275652651081,0.0013858357348389267,0.0026746965792371455,0.003947066573759872,0.0014707855718813418,0.0026737684184984867,-0.0035100352952401113,0.00178057357130676,0.003825509162899153,-7.505305761075391e-5,-4.466027830867574e-5,0.00682800006475533,-0.020980564543601327,0.010903325413015995,-0.005363407227599168,-0.019457325549513748,-0.0017984732183219257,-0.004340020099247107,-5.710552612240514e-4,-0.0026517999740076565,-7.872676989205965e-6,0.0027326933890380882,0.002013097867531347,-0.013112648412668517,0.002734419194698825,0.0014778312026362313,0.0026371932489653196,-0.005023267765833408,0.002420323122432698,0.003941374514193453,-0.002677506186390469,-0.0037515290162788936,-0.007400045770126417,0.004643753741603073,4.975000427484594e-4,0.01755053779008624,-0.01142407275990414,4.908903329612881e-4,-1.6580383051414998e-4,0.004111169205136532,-0.004390315806541086,-8.793977788961586e-4,-6.9622654128514e-4,0.0025573904910849237,0.0010364834028870878,-2.3667646043757778e-4,-4.962316208887232e-6,-1.569669719481142e-4,6.523975760810034e-4,-3.647877746350668e-4,-4.8542972009145256e-4,-0.0058305628323512436,2.807913747836377e-4,0.0057818830109359195,1.6633387819591078e-4,0.001184982562937728,7.180087053779226e-4,6.858125833927939e-4,-8.47415478253771e-4,0.0030179030355150585,-0.001674188993874322,0.0022761203711817797,3.1649224217681254e-6,-9.46975519646678e-4,-0.00428035977862413,0.0012341755156792264,-0.003340599628731077,6.676530146840011e-4,0.004459733009443351,0.0024127988307807518,0.002301311614094113,-0.0020018847701886414,-0.001019141437699252,3.5792732049359414e-4,-7.8822066229375e-4,9.946653158470192e-5,-3.7865908189715696e-4,-0.001251005791122143,-9.50728832637255e-4,-2.2703881123904433e-4,-0.00126531905419025,0.002162910064901171,3.553242499452211e-4,-1.033147216835397e-5,-4.3209997224792114e-4,-5.69884789233611e-4,-0.0030101433962449265,-0.0024333410451869465,-5.997798416720688e-4,-1.408588251576005e-4,1.6681578544890525e-4,0.0010240794582543086,-0.0028300689875051556,-0.0014293437974514306,-4.4726605670579293e-4,-5.827466836929407e-4,-3.8877665414364845e-4,0.0044330084059765375,0.0015822361821127787,0.0026030808822574258,2.4098270684386303e-4,-6.315687053690805e-4,0.0015728989674840758,-2.5235510795409814e-4,-0.0018061332561147656,-3.251532706315577e-4,-3.066079489635477e-4,3.5468122008336695e-5,2.768216956113085e-4,-3.0464348493435987e-4,-1.3927012056615237e-5,-1.4580256273223985e-4,5.196268933552223e-4,-1.081292779390864e-5,-1.3409332608477098e-4,3.955750853092026e-5,3.104414270097591e-5,7.70154269616153e-5,3.2343007778394965e-5,-7.643462673997191e-6
C15-C15ct-C15ch-C15cq,-0.07785507981157397,0.05510364296860256,0.045816928164372786,0.004945427895268112,-4.825522104324763e-4,-0.0020983611735987473,0.00557081934025068,-0.005367186484075277,-0.00682257269221497,-0.014440919065349403,-1.7646248453108605e-4,-0.05103195180773454,0.0020572134040359232,5.71820318067445e-4,-2.1420652171912012e-4,5.666027333028933e-4,-5.034365253135384e-4,-0.016736603528294047,-0.02129018377040291,9.615806189156228e-4,0.00196525889365225,0.001816607390016731,-2.5863738370209065e-4,0.002747628530988541,0.0011226733962110872,5.415943260069254e-4,-0.008941490722609214,0.003036065957561707,-0.0020920399065894398,-0.009205568823864365,0.018324281447717528,-0.007108590909469015,0.010676105744267477,0.03127042375743006,0.004532684320215343,0.008411046354731529,6.813758936907215e-4,0.010748235234289001,0.0015511606159073776,0.0010389943726176896,-0.0014041542431950866,-0.005086322012105958,0.0010992269103784367,0.0011476416646470822,-0.0012026399317482158,5.606390831068583e-4,-3.022476764099284e-4,-0.0010052114304413577,5.460268536349276e-4,0.00332168522189571,-0.00219376230894292,5.275163368187054e-4,0.0019305773406325638,-0.004946882515687341,0.0028389187081406045,-1.2456299106395076e-4,-4.032253751936096e-5,-0.0017385130891439558,0.0015788651779883867,0.0010033042211505536,5.066232671179821e-4,-0.0011695822264966337,-9.502038986748828e-5,-1.4580191259156146e-4,-3.051744231496454e-4,-2.772508747672528e-5,4.163355730423622e-4,-5.955838155222338e-4,6.619480889380198e-4,-0.0038808732734802497,4.460747353664118e-4,0.002288683817347129,0.0014122989329404048,0.0010962032533059106,9.121585652251105e-4,0.0015518595057436315,4.9813683553320946e-5,0.002168366977626921,-2.690886288141639e-4,9.345075113723322e-4,-9.79229211828292e-4,-0.001414034918126306,-0.004347981768373619,3.44265325376633e-4,-5.175562159489233e-4,1.011228457490477e-4,3.473193192121823e-4,0.0017550086305024057,1.5586292628243786e-5,-9.84904738361867e-4,4.482256115672872e-5,-0.001488737552501899,-0.0025472292694016943,0.002048639676313299,-0.0010526843326654036,-7.526123351799815e-4,-0.0033930588490082287,1.3023043834644148e-4,5.498450807056346e-5,0.0013656796741871738,-2.0487192706769667e-4,0.00245603434021357,-9.215577748687509e-4,-0.0034022577131449776,0.003251261946180899,0.002382610265621098,-0.0017741957585076422,-2.912966739882943e-4,-0.0025327325928121013,-0.0018860683457416223,0.004195838972680124,-8.488688771656264e-5,-0.0011678548705327699,5.255947043792236e-4,1.2970638709547153e-4,-0.0014422623410165606,-2.87215196045064e-4,-4.7786992763520765e-4,-1.2188275770870262e-5,3.7812098355046716e-4,-4.5989931446220237e-4,-9.222052068948089e-5,6.682715161285192e-4,-5.422648596192687e-6,4.175253089365156e-5,4.5044852086615915e-6,-2.3233667388674698e-4,1.1505893214150353e-4,-4.026182016041067e-5,5.860752148684415e-5,-2.206131998864806e-4,4.5630884927109463e-5,2.0027762947936273e-5,-6.435610349477879e-6,-9.626221611420193e-6,-2.8158937327852705e-5,-1.4208396337864209e-5,2.970353499554972e-6
C15-C15ct-C15ch-C15dz,-0.06770517157908558,0.04722369490020909,0.03697683287417724,0.002310097922384192,-6.395407845625021e-4,3.547641313680188e-4,-0.0030524289450649692,0.010054308875086826,0.023289942753707334,0.004295729602425849,0.014617070354765508,-0.058988486248332014,-0.008856896646690282,0.0015781854055597817,0.011893696924419545,0.006467971702704592,-0.0013583255218205218,0.010994151533665206,0.02162090906794101,0.0068583667109321155,8.315938554657443e-4,0.01669321958009108,-4.7985644441477356e-4,0.00129764205008185,-0.01275870665573989,0.003791359728750899,0.02413774350293989,-0.0026227755262130032,7.435681749196098e-4,0.0052464455546521955,-0.020197509451101815,0.005804556046955913,-1.9315255212180277e-4,0.004465110554787395,0.0028467446931557815,0.0071869209325752135,3.618899883140919e-4,0.018465081589062238,0.002457779729915681,-6.426819235546544e-4,0.008172256512808269,-0.016901470214190004,0.0059749881192443744,-0.0031264479258640643,0.008188376689800865,-0.0021507003803938277,-7.628746179029289e-4,0.0040845474674682984,6.902743682418132e-4,-0.005999831348183737,0.009849024780181926,-0.00464335912187158,-0.002884704805738838,-0.012781678685547564,0.007562135325475974,0.0012447679072510901,-0.002660092967176527,-0.00666183861558824,0.007390711423444062,0.0032750618660580787,0.0016792137232918309,-0.0036364801005347976,-0.0010608453724065187,-0.00029047375569305536,4.897308861070894e-4,8.750200906324545e-5,0.00113757067966546,-5.872741450411485e-4,9.638737361427321e-5,0.002545796355106108,3.919116647107522e-6,-0.0024766813718513905,0.0019218377874054458,9.267432617993975e-4,7.119518097143426e-4,0.0010022033941864705,-2.3735736062436682e-4,-9.352223316567069e-4,0.0010840681362227784,0.0022683138156080053,3.3023039070105787e-4,-0.0017377464754229548,2.8938244825853516e-5,-0.001420287664370409,0.002759206605013457,-4.3426896704666266e-4,-0.0014199048211755857,-6.378531387160861e-4,2.060833358728783e-5,-0.0012281870559072477,3.2647718946670746e-5,-0.0021108198082283756,-0.0025278452804701817,0.0014611514666991485,-0.0013005723187036872,4.341892045278065e-5,3.1088166037718967e-4,1.0506829342320955e-4,-4.928366306660817e-4,-1.3273536895019164e-4,-3.0018484796085854e-4,3.3506290215887187e-4,-2.035334984892955e-4,3.4428545806348715e-4,-0.0016152680470568736,-4.630314279387669e-4,-7.468959113719508e-4,-4.1199400777178257e-4,1.1867125766177007e-4,6.469393902674337e-4,-6.401838747592752e-4,1.4617690160581247e-4,5.4340652152393657e-5,4.180050739218202e-5,3.3901731936783e-5,-4.2529756636075906e-4,-2.5416084777198707e-4,1.483679857676568e-4,-9.057409863133672e-6,6.737431020178803e-5,-2.3723609334453804e-5,-5.493340682530665e-5,1.6371637058287944e-4,-1.7050714793168296e-4,-1.2451503914464215e-4,4.9109121199230285e-5,-6.967571332772808e-5,1.6071801133471235e-4,3.9124536852633644e-5,1.2280683525665715e-4,5.585959883296695e-5,-4.2286739976741484e-5,-6.108657635184031e-5,1.9314262999864632e-5,1.6100275239372433e-5,-2.8667368936885513e-5,-5.622199628397846e-6,-1.6184398281448986e-6
C15-C15ct-C15cq,-0.07526292786599356,0.06213399953590613,0.04919888586569048,0.006333439295718027,-8.12903797864205e-4,-0.002488454924380822,0.007739648850138645,-0.008122935984968313,-0.008599175933592525,-0.006787682652553982,-0.004006520920183092,-0.0023559826796401267,-5.514651721639919e-4,1.0203930381837061e-4,1.3298916828575642e-4,-0.0020824456317673047,0.0012368778869390191,0.02088132952947133,-0.006885397030759192,1.9393017161957766e-4,-1.9302872051395965e-4,-0.004461704907383228,-0.0029581269376907555,-0.0012240670412087575,0.0064845191010651166,-0.001136887428853442,-0.01192162896013182,0.0027513523095793867,-0.0018973367192484279,-0.009799406342015522,0.03296178256706243,-0.012991755781700113,0.003579966012638306,0.005667168024967872,0.0023420348836480074,-0.0013249617938577176,3.524443332987883e-4,0.0010864995558511421,0.002269745948167101,0.0018320756205690422,0.003862340964969525,-0.03245279476466175,0.007833620176426165,0.004848235821856361,0.0061206356217125895,-0.007563813089470612,0.0016913676767555841,0.008878782913457221,-3.0619213509992604e-4,0.0026690631529921486,-0.013425050269351618,0.005267620737153876,0.00400053130205734,0.013742263688766562,-0.010201213795417672,0.003243364199355397,-0.002669983926615919,-0.0053281496979587124,-0.004645426939328148,9.656270854089702e-5,0.004095690833588405,-5.008360989934055e-4,-0.0022965008758752577,3.663858100801353e-4,4.343718071272524e-4,-2.2712579785202244e-4,9.358534791871673e-4,-6.504444478533405e-4,0.0015327293640958533,-0.0035296565841406676,9.591174517663277e-4,-2.77892787707658e-4,0.002356827144532368,8.597125292571735e-4,5.242233357911468e-4,0.0018741244162359567,-7.097828760310442e-4,0.001972717273246893,1.6607947163453784e-4,7.58842333559909e-4,-8.621277802495765e-4,-0.0010192179357780427,-0.004888397431726276,0.0018423420016719227,-0.003315564341857149,3.676181699405444e-4,0.0018715529480531443,0.0011316914772953309,0.0021455247995779024,6.316357550626954e-4,4.299992843944386e-4,-1.6175202542704725e-4,-5.281794456843561e-4,8.893616240420244e-4,-8.353372206206266e-4,-1.0795821172978972e-4,-3.548989380365749e-4,-9.940096542834124e-6,-1.1148789351166362e-4,1.504853865592121e-4,-5.048217492417911e-4,-8.149770950780354e-4,0.0011149842721323799,0.0015831536974892002,-0.002597739621705047,-6.015590896848328e-4,-9.489886980001539e-4,-9.34315877738721e-4,-5.935642300286582e-4,8.263880087858609e-4,0.0010463566166072356,6.782133955658137e-4,0.003717489225815529,-5.361023600511382e-4,2.9744456768689876e-5,1.491727954141879e-4,-4.696774482479427e-4,3.399563471530014e-5,1.0104272538043778e-4,6.256788402430959e-4,-1.1133292218532108e-4,-0.001346304236357543,6.927669488083802e-4,-1.7808093685803405e-4,-1.6790233720511476e-4,7.959044352421616e-5,-8.112993760150799e-4,1.9008494935544287e-4,-1.2044802967471448e-4,3.4311698933408566e-4,3.8272875759147054e-5,-5.5652205639207555e-5,-1.9707330982159614e-5,-3.997430230144497e-6,2.201218992393898e-5,-1.0370565382498896e-5,-7.434487878668473e-6,-7.812621433145883e-8
C15-C15ct-C15cy,-0.0913439018062971,0.0787474456971481,0.06280839331264144,0.009244958910110544,-0.0012260975327358667,-0.003692801635324952,0.012688886049407471,-0.015100024442369398,-0.02250707237313876,-0.015229913577178978,-0.012506727386878302,0.011652401692954508,0.0031119761433811045,6.358999779066628e-5,-0.0012168525969520894,-0.0040735336363389085,0.0026518050822564683,0.0300024988184736,0.04114446305152073,-0.0018066269935616082,-0.003973616609623674,-0.004918080863257795,5.308636189721746e-4,-0.0014227512006156086,0.003196663368885202,-0.00453049683680231,-0.00788561496958434,-0.0012977573439714935,0.001632855583642197,-0.006258670230571738,0.013104452354143016,-0.006361941555460883,-0.0025924861760563537,-0.006374732598410117,-9.881408548458406e-4,-0.002280986089898823,7.95107268194194e-4,-6.290956279542585e-4,0.0019769227391772757,-0.007609582147576118,0.003955274963182281,0.006939248274973597,-0.00463290477863074,0.0017087718335695617,-9.361582597499786e-4,-0.0015233219402892902,0.0026926144692460004,0.002350884906646287,-0.0013003651762584425,-0.00254547692204276,-0.014111640722580148,0.011980658524521254,0.0037932870609463255,0.028550709932392223,-0.024542805587236087,0.0031787434338207995,-0.0036670025774897847,2.9980399520224507e-4,-0.01951242056209703,-0.007290916433257105,0.003011366441329723,0.0052302737845450736,-0.002649999063284446,0.0010809277787739034,-8.544930737645261e-5,-5.377753943968126e-4,-0.001780924752217232,8.369263710300264e-4,4.788274014860839e-4,-0.0010651908293111468,2.555913793585523e-4,-9.538643798654349e-4,-0.0022211894247756037,-0.0017271546114269228,-0.0013997734719238954,-0.0010662738198331234,-1.1007700065508861e-4,0.0013016978217548067,-8.9805582852583e-4,-0.003495988696111119,2.62288268666599e-4,0.0025109088255797136,0.00136714433543187,0.001965683554185741,-0.0032929976003453236,4.520966348424435e-4,0.0033790665076454626,0.00275490860762351,-5.142894566518807e-4,0.0018597876045408808,4.6851779944552817e-4,0.0012493542410991613,0.001300363249580361,-2.577970045068992e-4,8.31807979135127e-4,6.130875062416277e-4,0.0014836365802523978,-2.7661890344219677e-4,1.1109571832996682e-4,-8.225272689789127e-4,-8.472733261114792e-4,-0.0021554625146068557,0.0015503398735125598,0.0020453238844165963,-4.633954873879485e-4,4.044095478027567e-5,0.0014211242824228273,-1.187349660806988e-4,1.9747010086718314e-4,-2.317548756111797e-4,-7.943291510743448e-7,-2.0656512872013877e-4,1.4845727837345553e-4,7.449916854811431e-5,1.0912245448126355e-4,-0.001156566467032689,4.639832881942773e-5,-8.423613028507192e-4,-9.732636980136381e-6,1.965881137444684e-4,-3.8475760415147917e-4,-2.27329635363652e-4,3.515029207114752e-4,2.653675204326739e-4,2.4112845425574164e-5,-1.5279550781888506e-5,-1.5656422028270558e-4,-1.6086583212952094e-4,-1.2683682808332768e-5,8.134172445456418e-6,-1.4918107920219018e-4,1.5708809749932555e-6,4.6436325437268226e-5,-1.3679598009226835e-5,-1.1378916262704266e-5,8.413724341831523e-6,9.279043470870648e-7,5.276058321442885e-7
C15-C15ct-C15cy-C15ch,-0.07668392488069477,0.05164059062644748,0.04560888509204126,0.005546458784752311,-5.780859014323929e-4,-0.0033079217594165953,0.009227140207061594,-0.011495753583244027,-0.01857329287124111,-0.02064052605768809,-0.007688255265810478,-0.032666300791166183,0.0031690810164419292,-5.081843494554316e-4,-0.0019135120706847693,-5.387954636798568e-4,2.136250604254651e-4,-0.011479915854926703,0.026903350960823233,-1.5595220597875998e-4,-0.0010892678535726107,0.004613031830299999,0.004117356128557522,0.0018063279949517533,-0.00391695079719965,-0.0025658851794466355,-0.002058087528326401,-2.148621620722433e-4,8.398703531394827e-4,-0.0015780340704181948,-0.00903856609226798,0.0019204299856854887,0.003505456562516607,0.013838787107524713,0.0012080081527030373,0.005447261479996292,4.600940508313281e-4,0.006211948929249051,4.0466520368729133e-4,-0.0030731150542948177,-0.0010838947527933385,0.011720290578355382,-0.0037243723667932504,-6.629735842360785e-4,-0.002642119293537369,0.0027773946248142957,-4.546014534516621e-4,-0.002467609476299211,5.538406245368154e-4,-0.0011321383798167065,0.0022927041862060627,6.691659818552976e-4,-6.975975106780724e-4,-0.002846715579818425,6.370981582095266e-4,-6.580208332865493e-4,-8.260466104931495e-4,-3.936959028819672e-5,-5.195056392576139e-4,-0.0017723957861987502,-7.821336120588348e-4,1.2513364202837345e-4,-1.2508268024290646e-4,1.300077461402239e-4,1.1799380738956877e-4,-1.2505131466255437e-5,-0.0011265426355238956,5.279295431793811e-4,-3.122852573849884e-4,0.0025214313081348477,-5.330786763337276e-4,-0.004390252355689156,-0.002801484221352427,-0.0016549253293499783,-0.0010422485259392014,-0.0028348978593137094,6.842203378750503e-4,-0.005880093515012165,0.0013937872366422228,0.0014884720011997996,0.002108427069759575,1.8902101559029318e-4,0.007466155937107154,-0.004340622690421531,0.010048784033687025,2.480563339032314e-4,-5.166136166261324e-5,0.005040836469911631,-0.0038277351759345235,0.0020995056657437017,3.1478099983175137e-4,0.0017994227073528735,0.003392686427934701,-0.0022266059801467827,0.0021276712999676404,5.725535460113478e-4,8.819963952295131e-4,-1.4801096291750478e-4,0.0012351966458230205,-7.010321360460608e-4,9.2661641531994e-4,2.8374538270602086e-4,-9.737294683139317e-4,-0.001654179759193256,0.0049598589912856405,0.0014122960478276181,0.0017742708015839623,0.0016864665609649505,6.104132218809583e-4,-0.0018110899226022597,7.5203942141498e-4,-2.355551106086267e-4,-0.003196130616456567,5.055052670365519e-4,-1.1305306495314433e-4,0.001114961314950767,5.900300097164799e-4,7.6290408160332e-4,-7.51574269352388e-5,-7.525704099000842e-4,6.570712156164232e-4,0.0010468009923019187,-0.0011176043750304664,1.1769728460022821e-5,5.205021701047216e-5,-5.4210999628257656e-5,7.686106724332888e-4,-2.4108168262907043e-4,8.884611596967613e-5,-2.865096774679203e-4,2.537023860241632e-4,1.0613354602371965e-5,-2.3269534587908175e-5,1.3393403059448058e-5,2.978530087627543e-6,4.8677799260009564e-5,2.0774622348358108e-5,-2.7426983502275873e-7
C15-C15ct-C15cy-C15ch-C15cz-C15dz,-0.07985048105314976,0.06051199685703885,0.04764402754464051,0.005203053539202247,-7.914655739546235e-4,-7.450768281954116e-4,0.0016389701845808662,0.0020325565829180147,0.004974882190306923,-0.009646191880380345,0.005188361237626217,-0.06166577404236559,-0.0015303412930100994,0.0016359201810267673,0.007178260275134261,0.00308537049479369,1.4476110338769224e-4,0.009054271819360535,0.06401496449217005,0.0025491015685360293,-0.0033965033720503,0.010682886123941828,0.0015850117467836769,-2.7495903237243727e-4,-0.007017215839941401,7.495413174635445e-4,0.011854140212708315,-0.003673850608825118,0.0020432227320757615,-2.95452061641645e-4,-0.0028752273614249717,-0.0033492523150732054,-0.0018801302274409162,-3.452664115440929e-4,-6.770792989506199e-5,3.2230609403385315e-4,6.853082709440946e-5,0.001986140214947238,5.316216902468973e-4,-0.008924954715310199,0.003337715627421211,0.029680239646323547,-0.010157217022161597,-0.006524645931988566,-0.004050465600710954,0.007965563785346559,-0.0019675252135941614,-0.005828566454458749,0.002716166174287715,-0.002574124956522028,0.011602783034640437,-0.0021114554170344607,-6.444617801525701e-4,-0.00422923063835989,-0.0038709654609949333,0.002262645867660939,-0.006237426466224677,-0.010084157613766664,-0.009610696222650374,-0.005541809735667478,0.0041225284752002345,-1.534330290135031e-4,-0.004788863157346671,0.0013624858988944971,2.3731722081016957e-4,-6.011038717274967e-4,-0.0030444726022091223,0.0016749613978442898,0.0013720825067756745,0.008150592399106538,-6.912779178651639e-4,-0.008548332285902972,-0.0017493868819597703,-0.0022789580960374985,-0.0017788062051614284,-0.001293705421587146,2.3986550629731158e-4,-4.996182511544597e-4,-9.88406521872167e-6,-0.005154416225379549,-2.6166707458337695e-4,0.0032688767974791196,0.0014959123887120867,0.003203772055216504,-0.007429743932318739,-2.4366712541480046e-4,0.0022543458177306263,-0.0044728280976731915,4.940202293506171e-4,-0.0013065983780538284,-5.607108126484838e-4,4.2077614172777864e-4,6.213632538574247e-4,-6.004815021493266e-4,-3.3178140151993013e-6,-3.186965951524992e-4,-7.102544100503781e-4,1.4095337426395539e-5,-1.938569432960792e-4,5.642861783023281e-4,-0.00012932915400176929,4.981856228775753e-4,-1.467983292990658e-4,-4.738494257664124e-4,-9.614145619255769e-4,-5.182426009793559e-5,-7.715170756126512e-4,-5.480623921218619e-4,-4.853303191192717e-4,1.7348263266107498e-4,-7.032807623989913e-4,-7.477934162285649e-4,-0.0014133871972164692,-3.5593880784177793e-5,-3.2886073162018744e-5,1.5926287889463905e-4,4.533741037587549e-4,-2.235992530104086e-4,3.211977789750705e-5,-1.544893236916114e-4,-9.486555865609253e-5,3.879827109608093e-4,-2.3217788895028014e-4,1.1337823353918445e-4,1.2089484467573219e-4,-5.6293956580076094e-5,1.7431479924132117e-4,-1.3898129487871313e-4,-6.310002635597201e-5,-1.812672782294241e-4,-1.1177388968599152e-4,4.0325404064668644e-5,2.528876192349869e-5,2.9316326198533165e-7,-2.1579136006609744e-5,1.339458750675031e-5,5.2923074274044964e-6,1.4255793691434067e-6
C15-C15ct-C15cy-C15cz-C3rf,-0.06772957791832068,0.05099935122645547,0.04227860362210892,0.0063357838811644385,-6.498375344157813e-4,-0.0026806831461422863,0.008332555983933655,-0.011192101129265868,-0.020190038258637855,-0.019143849822086372,-0.00971676706582642,-0.017493565575137152,0.004369194463385152,-1.2022350046448796e-4,-0.0024002219880002343,-0.002515261327517414,0.0014820052718894103,0.009119697235912303,0.06700993710834464,-0.002779984093605441,-0.005244102827695899,-9.476976807723972e-4,0.0032410136387795376,-0.0020079020932130187,0.0024868064050601944,-0.004708564156668063,-0.008938758327619784,-9.671911731900855e-4,0.0013547291990713532,-0.00508429289770971,0.01395507123912001,-0.009294319482598418,-0.001329780991053219,-0.0034823045878593466,-0.0019346224758914408,-0.005429657902249551,-3.084284272197014e-4,-0.012909948871088017,-0.001378143074140235,-0.0051892541980163714,-0.0025429540804469087,0.019911940321647507,-0.006266513606785477,-8.61405674701848e-4,-0.0046284588366957,0.0038378061104513686,-0.0014908021307274612,-0.002519013874127335,0.001791506698290454,0.003363399187458815,0.0012832516244034179,-9.876243236139211e-4,-2.903018675153358e-5,-0.002238135251375942,0.001640559096372383,-5.793487834673553e-4,7.520121964072537e-4,5.613068993679033e-4,-0.0010388326977331232,-0.0011716846335222493,-3.85055482715938e-4,6.831624127340384e-4,-1.7958106751027347e-4,2.498452201274894e-4,8.999450507668233e-5,7.492321073762425e-5,-4.8311475670191894e-4,3.704362749587345e-4,8.96051369414529e-5,0.0017906559647520716,6.943352876301685e-5,-0.0019111403390175217,-0.0012315407534860226,-0.0013945262813098167,-0.0013628502111052534,-9.731335284030131e-4,2.4167767150390455e-4,2.1532887282467208e-4,-4.5604168998380205e-4,-0.005878735462871996,-4.898287848264506e-4,0.004311603566520637,0.002372912961836691,0.005446279877197659,-0.014014403395114509,-6.285074141128139e-4,0.00524496541384582,-0.011002183528150158,8.264454220324156e-4,-0.0032242461508089674,-0.002383884029394738,0.0040315778976698965,0.00558733395316209,-0.005405170847497479,0.0023233168138921943,-5.279881070091344e-4,-0.0013415787421502564,1.911211584964181e-4,0.0014567546344459394,2.160764855497478e-4,0.002202174563105305,0.0026203187742805563,-0.0023452918252435343,-0.004052941028385245,0.007352663259883095,0.0021652820491926184,7.365584367195182e-4,0.0020243497307321375,-3.1858604746407335e-4,-0.0027267418573179844,0.003536865565784972,7.039260978968031e-4,-0.0021396267026490556,7.256367038899518e-4,-9.741423739014894e-6,9.815371834749909e-6,-3.8323960652964726e-4,2.4119410225330432e-4,-1.0023344516985495e-4,-8.587147807997152e-5,1.557728578754774e-4,1.2173678016932373e-4,2.9276725137249538e-5,-1.5098069763123045e-4,4.300755846381819e-6,2.88864519364161e-5,-7.987164807211441e-5,1.88374898822179e-4,9.12368098726656e-5,1.2426237448608923e-4,1.2418439270444763e-4,-5.132445121619541e-5,-3.331550531408747e-5,1.5776349041598676e-5,1.2266570858329189e-5,-3.081234792362057e-5,-5.176400381982924e-6,-5.348349870948697e-7
C15-C15ct-C15cy-C15on,-0.06865402139096564,0.05202723080894315,0.04306120737202655,0.006390027544738238,-6.929935859604165e-4,-0.0027155819287756774,0.008487676220729476,-0.011388230668973941,-0.020617723527689112,-0.019201169131579984,-0.00995803175370805,-0.01629006622216992,0.004689111298005027,-1.596299257728089e-4,-0.0026247894978032016,-0.002683382668957162,0.0015854128635973685,0.00886797345869326,0.06405168880839447,-0.0029057325159589807,-0.005050302608895115,-0.0016559629775095457,0.0029664342734042736,-0.001894077315472885,0.002937299006433797,-0.00457673960221455,-0.00970970133875477,-8.254175993345057e-4,0.0012526063092936327,-0.005092059901149884,0.01406074577928117,-0.008642412439178754,-0.0010184292548339738,-0.00333824561540573,-0.0017833084396979891,-0.005365062680894041,-1.9613660548626081e-4,-0.012728869279910574,-0.001479739730873755,-0.0036780420805540815,-0.0030788694653990007,0.012959932748844452,-0.0037818748420485023,5.353270254063369e-4,-0.003725809944640931,0.0019180662366469288,-8.552371272432755e-4,-0.0010907505270551484,7.936972860003575e-4,0.00423006339633747,-0.002314322846166735,-6.276429348356793e-4,2.2837425869785827e-4,-0.0018364846639512761,0.004311613607185808,-0.0016768835093339414,0.0035267491128171766,0.005725460507382557,0.005931481030609858,0.003010622232864269,-0.0032485196734516617,-2.0823505815262993e-4,0.0034861432340473316,-9.834651865111802e-4,-2.217270041408857e-4,4.676667907319129e-4,0.0020874531276149472,-0.0014067465817168157,-0.0013509179873099416,-0.0075030447823597034,5.960039463167004e-4,0.008331046800815213,0.0021643879668997892,0.003293098609376231,0.00272367786802266,0.0021486353258023836,-1.48286459200577e-4,6.250555217616474e-4,1.5552136379300323e-4,0.010208256046750729,4.93595713285327e-4,-0.007502463423222316,-0.005652089205708174,-0.00802041611753093,0.02031529707618139,0.0010645442788037327,-0.007230545734470564,0.016473868898181525,-0.0014680582918754756,0.005005674374618304,0.002789681343246681,-0.0036964742767997267,-0.005739106101164835,0.005826689265795517,-0.001698731484232624,6.156284280540616e-4,0.0011430990441604612,-5.35541718727777e-5,-0.001159474701880143,-7.251435106846665e-5,-0.0018382342502447704,-0.0013635909357948791,0.001591269437035213,0.001444362143209234,-0.00168604515941237,1.3296580064569356e-5,7.147811581754725e-5,-6.33771365895085e-4,-6.145411205255626e-4,-1.8707228585240613e-4,6.606266106172018e-5,-8.409179122221875e-4,-0.002247839870473157,3.228039723262352e-4,4.905159756477147e-5,-5.645578417485745e-4,2.964285463573266e-4,-6.005377921518057e-4,4.1096303543923737e-7,-9.121515052658905e-5,-2.790217571760895e-4,3.256792513080154e-4,-5.110100127373771e-5,1.5845621867744365e-4,1.7698001435831573e-4,-7.351453250361634e-5,4.932942727801884e-5,-1.0681696647355535e-4,-6.259038451646632e-5,-1.0488423460393062e-4,-1.42035666068659e-4,2.1988591806807238e-5,1.2028747410570279e-5,5.0431783067708035e-6,-1.8846019839172025e-5,1.5012910724471588e-6,4.2813725394649735e-6,-8.877112785799045e-7
C15-C15ct-C15ej-C15cy,-0.06883824729771722,0.05369383304440718,0.04246195013803628,0.009412635848048672,0.0014210205915273122,-0.00972643889117184,0.010048164865379246,-0.012796061471844745,-0.01833052836119843,-0.01458979490196951,-0.007848360913098032,-0.006555627537358854,0.001568574394477434,-0.008716916333111356,-0.008968394182267692,-0.006209689241130945,0.0026323071793241328,0.008425838592238612,0.04294689458859193,-0.0023624314667774174,-0.006145519892303659,-0.01783961799154171,-0.019793932534070895,-0.015852845280170714,0.028772524962743525,0.02391777993137282,-0.00582812502081907,0.0067670582181186024,-0.00769980437611238,0.01567559125484201,0.011619735610195225,0.006992906748037572,-0.004062258124448826,-0.0057857994038668994,0.0025511408005398973,0.003036286273187204,-0.0014977767522619393,0.014168261710566296,-0.0013817412352497569,0.016822963739517277,-0.00651954155203801,-0.0116868936159579,0.002587716911718915,-0.0012192369011592636,-6.703078954019446e-4,0.0011187059827141004,0.005222268782075705,-0.012045475122620457,-0.007295173018617183,-0.0026503984838028303,-0.004162556253617533,0.002352151289134344,0.00241643493633372,0.0031190454639047193,-0.0038171449940194745,-3.7358605088615756e-4,2.3660262787962886e-5,0.002830400233007407,-0.0018300519170957612,-1.750291704228186e-5,-0.0011171116190432468,-5.639270590425231e-4,1.804322975768463e-5,-5.976600249815568e-4,-0.001992297710303641,-4.1064658801107416e-4,-8.860257261797336e-4,-3.876416002603917e-4,1.868248477748288e-4,-0.0027388222555535173,-6.180929596672567e-4,0.0020453824121093346,-5.117116677928038e-4,2.8344087384694547e-4,9.233068066869275e-5,-2.1717683353530417e-4,1.6366765531396674e-4,-2.6486650606176367e-4,-4.954484759805256e-4,0.0021792697703784357,6.521407359376157e-4,-8.459068930998404e-4,-0.0024120161740331467,-0.0011265855986364822,0.002253554669801018,6.206062151726866e-4,0.0012631290516483483,0.002910737054448758,-0.001459091741130808,-4.973266096735665e-4,-6.148060430508705e-4,0.0016028446137677272,0.0020714563367035216,-0.002075688973970383,0.0018572196688361575,-5.722882461661336e-4,-0.0016997333958618016,-2.536746125948056e-5,4.85361330572144e-4,0.0010887947064855165,0.0010587960129869647,0.0028883660067928114,-0.0018738355106687771,-0.003901561858308697,0.003856541142258588,0.0017926869373932977,-9.817493733015888e-5,7.151014102038713e-4,-9.153830296506362e-5,-0.0015386580282530124,-5.278143583855951e-4,-5.039899939783469e-4,-0.0022922518184034066,6.0978338497738694e-5,2.7188114743857066e-6,-2.950307779018462e-4,-1.4698937712836335e-4,-3.133034963391161e-4,-1.080364150628708e-5,1.398114673221549e-4,-1.7230891640396902e-4,-2.6793615651709825e-4,3.4600203123678647e-4,-2.5285411573890297e-5,-5.527007067055733e-5,4.517732277705301e-5,-2.509416450044983e-4,8.607396538464786e-5,-3.865194385575129e-5,1.4425809475233646e-4,-6.434375660508217e-6,-1.3229566855168919e-5,2.673112823354318e-5,-1.9390147668677473e-5,1.063549880580154e-5,-3.3322618930071252e-6,-4.9615807909171826e-6,1.8475090235125124e-6
C15-C15cy-C15ct-C15cz-C15on,-0.07064091936215695,0.054325074252339324,0.044123974648920025,0.007066816828259992,-7.390641587635876e-4,-0.002320479031726157,0.008033190697121837,-0.011138015755271884,-0.02295378925270603,-0.022758873552778867,-0.010862939925913655,-0.025760598949376,0.0073355577181629045,4.6961871980606684e-4,-0.002832787348837099,-0.0027694797467530726,0.0018234600686760783,0.007742185378430972,0.08836562745958279,-0.00454785603752187,-0.007178346437912838,-0.002625863804591046,0.004205644342249276,-0.002392172521499051,0.0036147597977931527,-0.005691812108360801,-0.011316208501917648,-0.0022922422453753983,0.002307978492064989,-0.006987201450810129,0.019732954929969255,-0.012776274036169563,-0.0020390252087341926,-0.006128003242861168,-0.003536202435244014,-0.008807765808045084,-5.022869918659286e-4,-0.021649218498529358,-0.0027129976447035,-0.00847720803309354,-0.005292423680473491,0.04037960572525663,-0.01194176812231535,-0.00282996354440498,-0.009747187205554871,0.008351815202140516,-0.0030586864357721117,-0.006451990207326135,0.0030803306297301565,0.007464450346800497,0.00431176416795736,-0.0039024977778652774,-3.839067120580024e-4,-0.008022286971863756,0.007539390705878735,-0.002093217894880463,0.0035029693526683874,0.00399449507226976,0.0037220483727839144,0.0011519573416842303,-0.0030177748350513635,3.098028422532042e-4,0.0023357549417054365,-0.00032364329144309273,1.2580862774066507e-4,3.980782349744597e-4,5.840384334215535e-4,-3.3742882342334526e-4,-9.107727097010569e-4,-0.0013917027201465115,1.2007904041238058e-4,0.0041985015627707045,9.326436134482733e-4,0.001222384388158399,0.0011308216713760897,0.0011776296747144446,1.337832636221927e-4,0.002291103189466632,-5.814910811654208e-4,1.896748656265243e-4,-0.001049709668709514,-0.001387664754099524,-0.0021075455397307273,8.970550149579661e-5,-4.524348833134374e-4,-5.961847619894267e-4,-0.003518500930449438,-0.002384053648853543,0.0015563386376290333,-0.0012519509492527167,1.9420282808119764e-4,-0.0029253132514685354,-0.004330447249252971,0.0030709890920912735,-0.002493742297872162,-1.5463717556436576e-4,-1.2622590172336166e-5,1.1109867157391318e-4,-0.0012906258699371576,1.3311868294755346e-4,-8.25955679986818e-4,-0.0014914018398580315,9.996341666183202e-4,0.0029769722253450534,-0.006336489758584918,-0.0026380982394687788,-0.0013820595002378418,-0.0016126829818096102,3.0529160311104886e-4,0.003503308816876516,-0.0020321627580302034,5.721369838912376e-4,0.005844003054478912,-9.594151888885905e-4,-4.076510728886715e-5,9.107385048678571e-4,-2.3859553250388696e-4,9.450845069690197e-4,1.3393724791886517e-4,3.443740256365713e-4,3.0312807590956645e-4,-8.543531198141141e-4,1.2734945360636093e-4,-2.6700861949025077e-4,-2.851064509530382e-4,8.735520409223001e-5,-2.1416129434734997e-4,1.648446271389479e-4,-2.8959089501965035e-5,1.5885132925761512e-4,1.0665805193852215e-4,-2.9123811837288057e-6,-5.5110512212864245e-5,7.732288071777082e-7,2.4756892017445804e-5,2.829702884192641e-6,-7.743896133512975e-6,-1.7114427014839477e-6
C15-C15dt,0.0029383514740881802,-0.003132125345139501,-0.0026826005181253216,-0.002231784087424635,-0.0024943572863688744,-0.0014613208716131225,-6.199138574892536e-4,-0.0020293061601600153,-0.0012074882250814052,-0.0011237316479707467,3.1932792660405423e-4,0.00331244557886243,-0.002605859405703212,-0.003734274570025196,-0.004218577318221554,-5.831202628927551e-4,-8.083715923231246e-4,0.002310998974345846,-5.696833452447522e-4,1.1500658831866946e-4,4.2597126901165657e-4,0.0026811626528321177,0.003320062979760209,-0.004966247753305503,0.0014468379129375613,-9.449248488585947e-4,6.944121662777805e-4,-6.683147836584777e-4,0.0022862981089388063,-0.004661995431936058,-0.0011238503389062282,-0.0017536065295033821,0.0019414438555484385,-1.3405743132550936e-4,-9.582724399570616e-4,0.0019034263689699036,-0.0010009288320952246,-0.0015632067365916838,0.002843376619023696,-0.005308179994901111,-0.002253117263900075,6.741687071370767e-4,0.0031348862768672174,-0.002972948111142277,0.006422057952586391,0.0032283894100195954,-7.968173542891038e-4,0.001757136760797257,0.001066052872527565,-0.0024936618287470474,-6.540255966803447e-4,-0.005504691257858724,0.00960777080536664,3.443139223135542e-5,-0.005034914938634473,-0.017522696781457438,0.004496083774641328,1.8860337954723972e-4,0.0016501154416995428,-0.0024869435281417536,-0.002258878917334615,-0.0052091517953248186,-0.009301525950080448,-3.376906865347835e-5,0.0014982101336883738,-0.008840106795684746,-0.008327327541922528,-0.009811450667703694,-8.279753872304619e-4,6.538373618995172e-4,-0.0038853431941387497,0.002529122691474238,-2.340712572965678e-4,-5.380047349942054e-5,-0.0017288612631423865,-6.782692516376244e-4,-0.004173919002812153,5.604433596224615e-4,0.0015681227461071705,-6.010303131293367e-4,7.109127340058788e-4,-5.940400072831744e-4,-7.089472715161158e-4,-9.281232053758509e-4,-1.2046987772275353e-4,4.1827463391608114e-4,-2.222763862574964e-4,8.244611818100287e-4,0.001025101060749516,1.4671939181595085e-4,-0.0011242590633070491,-0.0020594521930863735,-0.0037720524410589777,-0.0064133371075349764,3.460365230439801e-4,0.001588341258134099,2.1352454514525398e-4,7.787323416839107e-4,0.006129621796034532,0.0018428595684789792,-0.003021777239731189,0.002659399893914562,9.255916831951344e-4,2.576384756184656e-4,-1.822413466091975e-4,0.001608768481900322,-0.0021267132572479566,-0.003292903309159174,0.00892831566647874,-2.4357733135873334e-4,0.001403069122274086,-0.001453211725063593,-1.800802629646966e-4,0.001668117544300411,9.762518628445553e-5,2.2867030129026955e-4,-0.0020966319546828547,2.133015541251177e-4,1.4203514526787384e-4,-4.6634757093820685e-4,1.340167919595153e-4,-5.505310183652412e-4,-9.284075724915548e-4,-6.152678809437346e-5,-3.4706880572907105e-4,3.6503824932388424e-5,-4.179541161013083e-4,-1.974888432429701e-4,4.205315795829805e-5,1.32377196609206e-4,-1.8203699464770941e-4,4.9668405844000746e-5,1.819102055501506e-4,-4.0216968781041604e-5,-9.37982858926279e-5,3.9912425527201874e-5,1.4751379544867169e-5,1.8871200848812588e-7
C15-C15dt-C15ev-C15pm,0.005358759114160275,-0.001913222075643656,-0.004837631866806596,-0.0016078071066335505,-0.002097788606267029,-1.2360610829003043e-4,-0.003267295519079558,1.4235556835923567e-4,-0.0020113305096865083,-0.001275956119572789,-1.627841144826246e-5,0.0030795335232844025,0.0032114355157749947,-0.004063956151808517,-0.004941643068254049,-0.0030779302098867286,-5.239669785946787e-5,0.002325922766555164,-2.0886204070620394e-5,-0.010199619964395081,0.0015980522838750712,-0.006377339964750191,0.01153484304483555,-0.0059064051160941464,0.00818704832448498,0.012012260301288526,0.01299150653717733,-0.002159842871264754,0.0056131983957187145,-0.02434164207763306,-0.005416505796089501,0.0010282093549619069,0.017488068969325324,-0.003813068018910679,-0.004738420039304157,0.005060101506242568,-0.0018996171854922667,-0.007048657091706906,0.006122801963674727,-0.004742562411814525,-0.0026488776179447128,8.107763297407715e-4,0.004469912968935509,-0.004010387067697674,0.007412521705449489,0.0027242369622447744,-8.512373398359254e-4,0.0026507552273454618,9.515073617825303e-4,-0.002575142701625693,-2.4390372299608906e-4,-0.005454503830563753,0.010795608311230522,1.307008807582614e-4,-0.006202586494842065,-0.019438226202496113,0.005187009900718738,-0.0016419543914374182,8.985817294269488e-4,0.0026604105906685945,-0.0024180164105941657,-0.0050721697499246255,-0.006708164113736854,5.270965460363625e-4,0.0014526629130840777,-0.005099913273875838,-0.0059612644559062615,-0.005805646823253853,8.197186951229246e-4,8.499032497519801e-5,-0.0054268575122370126,0.001303436487442302,-0.0016873451273596747,-9.94721774807044e-4,-0.011603491278033732,0.004768503670386548,-0.004229845718454108,0.0036851419561726244,0.0018821760046087354,0.0019656268085000966,1.8760934027303735e-4,-0.0033060014531320256,7.97641022273823e-4,3.3296985666785006e-4,0.0010690747789937932,-1.6120212253732506e-4,2.519921354193214e-4,-0.002143148925856831,-0.00310660141039773,-7.616161710181209e-4,0.0011173072986151269,0.0024028506691070968,0.004683263929632773,0.0057278500706631616,-4.1114783422674396e-5,-0.0013640438831969603,-0.001480951149307583,-4.610586147710135e-4,-0.0036566308374283425,-0.0014772554536605642,0.0018124030081711699,-2.0795449304721972e-4,-0.0010643569814784508,-4.8693948346250905e-4,-0.0010098406638653038,0.0013359148286809478,7.558297285943155e-4,-1.1657431927591105e-4,1.3821651076851102e-4,-4.521493937938653e-5,8.008024306831681e-5,-1.0559836125901894e-4,8.173160467463887e-5,-1.5258724827009703e-4,-2.1868279922038865e-5,-7.397478855488722e-5,-5.703822208978223e-4,3.253989850261233e-4,3.3239147504074624e-4,4.065610870602926e-4,-6.273566448493306e-4,-9.892476976722006e-5,-7.524877794634009e-4,0.002307643199280609,-0.0012832038462148017,5.048010637041926e-4,-0.0011292693630397502,-7.246016488742449e-4,9.335436468133406e-4,-0.002302079784032177,3.137036028661881e-4,6.788868442969755e-5,-7.192193295279104e-4,-3.2135141780355005e-4,5.910211357578205e-6,-1.4775013869836178e-4,-3.109790364917478e-5,1.1124746801239815e-6
C15-C15dz,0.007518489829880569,0.008662637339305628,-0.007661685015889209,-0.0026783421102724446,-0.0012846160042658122,0.006514667195111981,-0.020143731528549973,0.03067336004999318,0.050780253724444925,0.028807808368747707,0.027449530404517163,-0.03884910776699451,-0.009605076843970809,0.003335946561193153,0.013790700869082248,0.005317650427389814,-3.067401462416519e-6,0.042520865665280454,0.018094701991221335,0.005628615421049234,-0.001280142008301918,0.006635005194166813,-0.006526112066154428,-0.004593219697290145,-0.007695626187914534,0.003860669427055099,0.035488655610111934,-0.00874768465429668,0.003909175555793633,0.005458689672719435,-0.005857053306679318,-1.4819897872519745e-4,-0.010434693834970293,-0.018659367856520656,-0.0011271672079951685,0.00475020004514391,0.0022118159481909223,0.024990757955011864,0.006816237231621088,-0.01416653969894532,0.019472280463021508,0.0022244498708702616,0.0019797590075235306,-0.0066374279237430365,0.011864161156065641,-8.880000018563175e-4,0.0016560106624718247,9.80337323275879e-4,-0.002673320282311232,0.006665511511029456,-0.01484602739946448,0.002710498865672638,7.729131721499942e-4,0.005401040879998978,4.6169405087830397e-4,0.0012410335590431112,0.010315532442983107,0.021308716197857323,0.009059186911400922,0.007969593399191498,-0.008195203592207405,0.003911135638490825,0.006049734347610424,-0.002229678873651473,-5.098152338437758e-4,7.974481265807277e-5,0.0024678006315859077,-0.0017648984232589778,-0.006790827517709424,0.006572793606199153,-0.0015158032631430944,0.0013164554383849026,-0.0036376966751134,-0.001122912965187986,-0.0012758033639738492,-0.004256425018901891,-0.002195506081507912,-0.004266458196178929,-0.0013715746392999146,0.005222261218757862,0.005874918422400347,0.0031038532214850757,-0.0011753872907139791,0.0010941259190804151,-0.0010320993312713971,0.0027574307293103573,-5.935271252667456e-4,6.093311183898827e-4,0.006940343238927644,0.0084985667797038,0.003109651155676008,0.003717748679152078,0.005393976068385187,-2.4282664532200812e-4,-0.002256131805690536,-0.0013010956440083455,-0.009600829678055292,3.6786499726880717e-4,0.0027348040773948466,6.688845065847301e-4,-6.446428657449179e-4,9.024829952732117e-5,0.001745449520736219,7.796526927940131e-5,0.002616509829193203,0.001096942907959087,-6.881679059754258e-4,-1.3509727834216704e-5,-9.455897888927208e-4,6.261775188016292e-4,0.00441570412463185,0.0021826677685610136,0.005564957467119324,-1.5820057145067657e-4,7.049914973864003e-6,1.7614300325516943e-4,9.395830643112505e-5,-2.3774215435675786e-4,-2.257305230211701e-4,-9.045242055658347e-4,1.1907153916263667e-4,0.0020198801314726842,-9.513733956284844e-4,2.6189020247724604e-4,5.119769323870335e-4,-2.027621636884343e-4,0.0012460770935826164,-1.8156728449577583e-4,2.1107025603331334e-4,-4.967541682805524e-4,2.048096526315196e-5,8.86598516174689e-5,5.066013425286815e-6,5.039543954908757e-6,-1.7743886681911416e-5,-2.216017850087526e-6,4.856523809297964e-6,2.269047456865632e-7
C15-C15dz-C15sw-C15h,0.010595114037964216,0.009768225133023502,-0.012028072370176958,-9.554420191207275e-4,-0.0012615398249619903,0.009356467130826647,-0.030454941980333394,0.04807644491956978,0.05342513981379426,2.178948401305421e-4,7.546393284155767e-5,-0.029275761302250895,-0.03309888123519774,-0.007451976410879343,0.019312478254026846,0.008118251128243223,-9.79348234948163e-4,0.03775916712663287,0.017921233595891636,0.010824071694614515,0.0013259786745485188,0.019021026079033894,-0.006314616126111836,-0.0012837122134746715,-0.0074885817504694195,0.0070983933575033496,0.03660205485917868,-0.005747634572996717,0.0019092715447081578,0.007539148142874707,-0.0038347039596290035,0.008372260340159355,-0.010204587858167682,-0.015438121431441867,-0.001123596358042474,0.0021829074277947462,0.0024979829500064803,0.020937973458385974,0.016463554553606815,-0.013458443108631913,0.002393203449309471,-0.007654936534405174,-2.53163355751981e-4,0.020460097316408677,-0.02167966923699457,-0.003525482474938386,-0.002912961732955443,0.004078143674987187,0.004225752622976713,0.0037951935721304295,-0.003219671112706831,0.0018123981318067257,-0.001360170962920996,0.003415305298404558,0.006624377969717982,-0.013762012839728843,-0.0027082094714607685,-0.0014321629159555482,0.0036598451102902354,-0.013788628676877872,-0.002091277584821842,0.0017878435724858303,0.0021629221453788286,0.0037160675706935293,0.001691971227061176,4.3393460092425336e-4,-0.006572147900656852,0.010368933364711983,0.006354797703077091,-0.0015575491460519636,-4.8594624509495823e-4,0.0016452498326537581,4.879364707628387e-4,1.0170513126159783e-4,-5.017340228781547e-4,2.2480138559529273e-5,-6.980297025847106e-4,0.0010768640603428371,-0.00169651731316081,0.002304064909126086,-0.008798747402095516,-8.023858225838946e-4,-1.233963577155923e-4,0.0010748882047020747,-0.001874539954532314,3.416757437155685e-5,-7.363491516816978e-4,0.0030530229480375086,-0.0026032728408739852,-0.00234042247791919,-5.326937945840519e-4,-0.0013099829041648323,-0.00208509984835574,0.0010116784442424972,0.0027985079959515994,-1.306508756760107e-4,0.002675067905827209,9.272982464031236e-5,-9.340504087857346e-4,8.400990567988219e-4,-3.4564235063355665e-4,1.2992040987958904e-4,-3.8944856568518324e-4,-1.8017451360642645e-4,3.0258285716654924e-4,2.03744036240671e-4,8.04550011931102e-4,5.557473112813588e-4,4.242451362922986e-4,-0.0011902843420824316,-5.759083641363286e-4,-3.1655431486884734e-4,-5.879637215517046e-4,-1.304061115693328e-4,1.6243203462042247e-6,1.3468548041568667e-4,-3.4465876049923446e-4,-2.8579854990807437e-5,2.4480454353819274e-5,4.1760336531147595e-4,5.25329647568418e-5,-8.62939933520871e-4,3.120221947022092e-4,9.544151274628252e-5,-7.559736708985809e-5,3.4118369940908874e-5,-1.3067321276815592e-4,-2.3105569851119342e-5,8.668147913495395e-5,1.855793246973559e-5,9.837070940690665e-5,-1.0040047424345379e-5,6.398172710919854e-5,-2.0249164598724115e-5,-1.010419111962526e-5,1.981320407517137e-5,3.6587429962258545e-6,-5.61065630881255e-8
C15-C15ed-C15he-C15by,0.010523948690001096,7.525718363779086e-5,-0.01061578828281121,-3.3600539823287263e-4,-0.002926455242906242,0.005167384694664015,-0.016828189023126282,0.017536143343977524,-0.05455987110162318,0.02474023447452044,0.013451850976770667,0.0011828152436477123,6.598786695469299e-4,-0.012098096133855553,0.0065506507647719045,0.011640415654320311,0.00755714694861425,0.002793383709901739,7.641494546902749e-4,0.005846730222580323,0.0029165797850635466,0.010194582220911881,0.002193771631399491,0.002795719160896707,-0.003957388279660067,-4.968945568225947e-4,0.0027262573296455033,-2.38306945000496e-6,-0.001767066976421733,-0.0034733619036375705,0.005575556381220626,0.009751082008012772,-0.0026281235021001206,0.0037070826478277133,0.004207895810444261,-0.005960042195538667,-1.966776079227595e-4,9.565601558286707e-4,-0.009857775299936427,0.01143397249610998,0.01874524790637771,-0.0013853203290521154,-4.410706721428572e-6,-5.34872432040273e-4,-0.008298695381998095,-0.0039032044145337766,0.0020508524796560785,-0.00489681476429112,0.003752908893056452,0.004792217363663108,0.011312910593250297,0.016459256843639823,-0.004699011570134568,0.007186742047380564,0.0075238007153555705,4.04213551213613e-4,0.018039409337404017,-0.007765217817701721,-0.00714611238161864,0.0016390653118330818,-0.007484157162846367,-0.011027897550243243,6.711106371938588e-5,-7.759809428599659e-4,0.0011973612344094674,4.437065943618248e-4,-0.002943685414049076,-0.004684824700453202,0.0032805177688525807,3.320821843515386e-4,-0.002308785450340545,0.002267028192248398,-5.727438334661714e-4,4.3041153330771923e-4,7.83261575928314e-4,-0.0010948523416985916,0.002002410801747581,-8.409050315644316e-4,-0.002085507223713343,2.824378754937149e-4,-1.1724794016676043e-4,0.002702500922186111,3.9393372760627087e-4,8.40364606488954e-5,3.622499339069157e-4,0.008473545987097472,7.763233949494937e-4,-5.801389899734075e-4,-5.613400369937606e-6,2.0927126543365872e-5,1.9421308400819883e-4,-0.0010179355222066078,-1.5114545696195946e-5,1.8990778897340802e-4,-6.625025901901843e-5,-5.489853452871311e-4,-8.891911708919538e-4,1.6676557471890688e-4,-0.0012673661617556861,1.1074170428069403e-4,7.316781336806417e-5,-3.3645249783252997e-4,1.8131858397418018e-4,-1.0279924025899765e-4,-8.757639389171083e-4,4.313661160782119e-4,-1.6883335353041297e-4,4.5403600851377935e-5,4.560706580872544e-4,1.7707319728841464e-4,-7.568537330073197e-4,7.678956847232333e-4,-7.433295927587549e-4,-2.1741810616211082e-4,8.038135934068426e-4,-0.0028444562912489655,-0.0018613078099132857,0.002733565364205995,-9.741901978476322e-4,-0.0010021383515965198,0.0026159471068167763,-0.0010270699774362576,-7.56817159536061e-4,0.0012290928183187298,0.0026359004360943595,-6.121777990947168e-4,-3.657988335364571e-4,-2.421244048729852e-4,-6.386948371492135e-4,1.6511291638506947e-4,-4.2817778293553215e-5,2.3561425801082002e-4,3.678715220583659e-4,-2.1952555027345165e-4,8.036074204404273e-5,6.847265536445059e-5,-3.638205209406814e-7,3.0364069602172357e-6
C15-C15ed-C15iq,0.005424852718099538,-0.00202242371307879,-0.005501392397316671,-0.001410660852164752,-0.0026144934686102477,0.0013450603947884844,-0.007670107669554153,0.008422003483694701,-0.03415448447711665,0.015735875044976286,0.009021206190692231,8.8320025142297e-4,-0.016347283373578297,-0.003239183324761486,5.303514177110164e-4,5.76044786313439e-4,-0.001541610156716744,0.0022494980021017003,-2.0555366974377574e-4,0.003383191144036247,0.0012054242854259941,0.007204154883023752,5.968060187790294e-4,-0.003165919885746121,-8.998701821874772e-4,-0.0016445557925212607,-0.002001652472903745,6.26461580954533e-4,2.665278636933742e-5,0.0018498026926331945,-6.740410559056423e-4,-0.0037531766581990656,-7.465013904829224e-4,6.483444083075753e-4,0.0016826355695288254,-8.630380723426366e-5,-4.255644316734948e-4,0.0010012685051689234,3.581222662315323e-4,-0.0015391465642977677,8.992129403022888e-4,-0.0013810602732565258,8.523550065974713e-4,4.4955264227271573e-4,-3.5103397085719845e-4,0.0019290017317694873,-1.2333894477711458e-4,-0.0015687597607833407,0.0015332071830022442,0.001956671132934135,0.0032408111708891363,0.003895281493545841,-0.0018978005928414203,0.0022829007132874257,0.002545199643662082,3.3571973889566764e-4,0.0037047361303362922,-0.0010600315229764886,-0.002994398522450707,-0.0010780821631775717,-0.0030218031099346425,-0.003563873161394995,-0.0011000449436762204,-8.644264663196383e-4,3.362769329669439e-4,-0.003151195123461491,0.0017576139952151279,1.4877602029606036e-4,7.188606900434428e-5,6.52944097107331e-5,-2.787482252084273e-4,4.1790663430654566e-4,-7.29617233982059e-4,-6.060691161049083e-4,0.0012588625327693602,-4.806679281422466e-4,0.002678116096767462,-2.3372130092658917e-4,-0.0018762625198976387,0.0017782749443335895,4.4926270110592714e-4,7.445417905534639e-4,2.1501003867648125e-4,-2.2646511715547282e-4,2.7123345423691047e-4,0.013554874896852698,0.00201421903739764,-0.0029789761745311113,-7.923266329416171e-4,0.001162114050764777,0.0014978018877132232,-2.2487386884359174e-4,-6.813269041996798e-4,0.003155601762729339,-0.0022495322277783477,6.80465078217353e-4,0.003261944841276365,-8.855728215276946e-4,0.0011427382417829866,-1.931372286472112e-4,0.0012013771066802788,-7.159870722070017e-6,-7.108287531461504e-4,-3.7749464280487896e-4,4.578630919423318e-4,-3.304150468826113e-4,-3.0308282360752635e-4,-7.81781465631322e-5,6.73131260289502e-6,-3.2729780801588694e-4,3.326754312977133e-4,2.746255023353277e-4,-6.11700067981358e-5,-5.426173904348556e-4,-6.303849806080301e-4,4.8592300391834116e-4,1.742692010513251e-4,7.957134226884883e-5,1.5223851425831078e-4,1.7289909502011627e-4,-1.895483386907775e-4,1.0212596367958504e-4,1.8554544756847806e-4,5.656501990157563e-6,-2.505364291474038e-4,8.341040498312592e-5,1.1091394022390966e-5,-6.77003521137906e-6,-1.210327446227208e-4,1.1793906227594317e-4,-2.808742881177376e-4,7.411227475293803e-4,6.070539918785421e-4,-8.24637471070784e-4,9.228157828633124e-4,-2.722490003316483e-4,2.5621686596953036e-05,-3.564514031513934e-5
C15-C15ed-C15s,0.008086263378610408,-4.6981259715209763e-4,-0.007911974244818116,-5.235053322922031e-4,-0.002073284095458077,0.0032634590906076245,-0.011076049708425306,0.012091019264794821,-0.038807457422398314,0.01809012570810852,0.00978521579661921,-2.1319956416876795e-4,-0.014086057145311609,-0.002123545410165844,-5.070564454439348e-4,-7.312337881081568e-4,-5.797960806779905e-4,0.0013314967590828922,7.994711177162392e-5,7.641111772145344e-4,1.9435954425171419e-4,2.9843646764843025e-4,0.00169655410386771,-0.004393507257344009,0.0029313146721966937,-0.010596801995453575,-9.61272738203981e-5,-0.027661374662992153,-0.01625716034558889,0.005352416316782097,-0.0022074337756199606,-0.004724399604416159,0.004397232138964126,9.715868639029293e-4,0.00296330682275259,-4.182241074299111e-4,-8.454811247168206e-4,-2.601293220518254e-5,0.0024346934565050785,-0.0018722405903644802,-0.001531565301027116,-0.005829684910615366,-4.646138425034799e-4,5.6726632087655585e-5,0.002408474672250249,0.005574050530497886,-6.695045113370202e-4,-0.005276375558057373,0.002391776217304711,0.010958022603318686,0.016999100529989087,0.02046526285592313,-0.0023660489287969776,0.007560993013116474,0.004857063473451035,-0.0033363705204230384,0.008196300408044952,-0.00131788060458934,-0.003372295795994994,0.002801758454987446,-0.002773249367530781,-0.007467127224966159,-0.005511372341731033,-0.0014369458884006371,0.0010627646984560984,-0.01796938695687665,0.012513304256003822,0.010081584699481618,-0.0015374310377410092,6.274525641898129e-5,-8.428433061322743e-4,8.184150132946716e-4,-0.0015493574583847816,-2.6234253028207974e-4,8.191296287236499e-4,-9.221292510762393e-4,0.0024474441503049968,-5.487087318312429e-4,-0.0021502358069156093,0.0016351902821654623,4.188993531627297e-4,0.0014282088830226568,3.771673405030123e-4,5.735428958215688e-5,3.3908592128311407e-4,0.016900521766060068,0.0020331947919395724,-0.0032797888490164145,-9.63383760460127e-4,0.0011966596660929851,0.001622169479132569,-8.675304562934528e-4,-8.88196209309989e-4,0.0037599122142099274,-0.0026590913489987164,6.999965366848221e-4,0.004376547797772373,-0.001192739027284904,8.590573597052116e-4,-4.503699833156276e-4,0.002002547465392084,1.3769745950256845e-5,-0.0012100641204378928,-6.767488697383949e-4,6.026913603564883e-4,-4.6250885301786314e-4,-5.581648269692478e-4,3.2451695652159767e-4,3.152558611802053e-4,-4.4734579068386184e-4,3.065674158372536e-4,3.574227764662279e-4,-6.59415033530147e-5,-9.921373439079541e-4,-3.5689449395848524e-4,3.7066109590609854e-4,4.7569601996019926e-5,2.1719751928493236e-4,-4.902468774613442e-6,1.07844373539319e-5,1.4454744285940133e-4,-1.2522149358254537e-4,6.817713277209294e-5,1.3286599092774166e-4,2.5616779493183283e-4,-6.303062064301982e-5,-7.620696259143922e-5,-6.722125538119795e-5,-1.1623133834253764e-4,-4.7614974971402896e-5,-1.5208914579730996e-4,1.0587289055125795e-4,1.0970311873389017e-4,-1.0444899948544764e-4,6.283817243857795e-5,1.4317950996268605e-5,-6.173697461339068e-6,4.5867733040917666e-7
C15-C15eg,0.004866554234986575,-0.0022315131082894274,-0.005014221006226833,-0.0012976535099133541,-0.0033685797026336167,0.002301941819866068,-0.01200809517637507,-0.018609405321881923,2.1565046248764655e-4,-0.0010824951197311893,9.259452893968935e-4,0.0027125876223752826,-0.005625914440987733,-0.0029993175650796467,-0.0031710921077597056,-3.5517056066800077e-4,-4.943451428424613e-4,0.0020552739567528326,-2.7955454624645866e-4,7.296896699427872e-4,7.478121483921998e-4,0.0037975478014038036,6.819352665248394e-4,-0.004021344881578141,-6.33124850187805e-4,-0.003907887163475855,-0.0018105557537149797,-5.705899159227176e-4,0.0016036515601354849,5.287534474486054e-4,2.105540884112849e-4,-0.002964212167342411,-0.009329021673217228,5.831918962192537e-4,5.359877345158839e-4,0.016584324355756182,-0.006153421736144225,-0.005777428090064313,0.003866809799217504,-0.0010602937005447757,0.002230179311413837,-0.0011628538903972888,0.001595296280003923,-3.0753247093214653e-4,7.999397063272085e-4,0.001620220443146061,-7.606774657537964e-4,-0.0011610159641523257,0.0016682592232378246,-3.755938713514632e-4,-4.8753035792460853e-4,-0.0012869454871693657,-3.179235014281733e-4,2.665186500490568e-4,7.31399611038499e-4,0.0010224536362575022,0.0010959024712113626,-6.61681399166442e-4,8.563202412401957e-4,-0.003824696173630094,0.0014662863086989369,0.003839178511890254,-4.95516011436443e-4,-2.442192752985949e-4,-3.7990104811633446e-4,-0.0010803361285641139,-3.6896123629513803e-4,-4.3831750848835057e-4,-0.0018762462315758859,6.65489052762387e-4,0.005782978395868227,6.525810506666926e-4,3.5579741158713605e-5,-8.16785113189433e-4,0.006320980005098877,-0.0023617866574161582,0.0036578943156609536,-0.0025039774189296385,-8.820532730473117e-5,-0.0010961598209229622,0.0011406824422936443,-6.465029829766025e-4,-0.0012768444123951261,-3.291551863959891e-4,-4.496440745634694e-4,-9.547118152388057e-4,-9.418474392907364e-4,9.910519892118373e-5,-0.001380478888143248,-0.0019239169169232876,-2.57213881790311e-4,0.002536256885359451,0.003385167223853345,0.0042618723383764275,0.001094712511902952,-0.0023001362127974853,-0.0028290795613141,0.002026717162363232,-0.011826259413071746,-0.0014090506949488745,5.880050269422663e-4,-0.008554493865994208,0.004493645500665313,4.48285926615596e-4,0.006460483686235444,-0.004830166764468145,-0.013604494817859568,-0.002689090056488021,0.009833207597659472,-0.004448327944457427,7.34351180055123e-4,0.001371203286155667,-0.0010162352972419057,-0.004632756717090933,-1.2915402843293385e-4,-1.0494170541590829e-4,-7.283338051700549e-5,-0.001744884049776854,-4.4289474377587015e-4,-0.0011148668391239792,6.13374961285474e-4,-8.173459873465315e-4,-2.75919762922013e-4,-2.6880934872059017e-4,-6.251787891450012e-4,1.6937726547182873e-4,2.806229050813443e-4,0.00047060772790818517,6.473052412862445e-5,-1.3494992470434483e-5,-6.484217104578801e-5,-1.4543743125194016e-4,-2.0445741844339096e-5,1.1933054576604222e-4,-6.603628254347762e-5,-2.8575651347134892e-5,1.892149852627587e-5,-4.58432119323471e-6
C15-C15eh,0.0036706908549392118,-0.002569672057258234,-0.0032429525539650872,-0.0018442992864027255,-0.0021500859257564823,-0.001043866647847498,-0.0011231997832241466,-9.377054538551851e-4,-0.0012977460168617145,-0.0010665827390847393,1.1753126280934706e-4,0.0027034255579779353,-0.0018968262010144346,-0.0027652857469806042,-0.0045328669961543725,-8.463110950277493e-4,-4.75408284550542e-4,0.0018019278295380115,-4.638228245720182e-4,5.48973466696374e-4,-1.1472329762146787e-4,0.0016207955750840433,0.001369632787010519,-0.004320745080095262,5.498415646348851e-4,-0.004035794564576755,-0.002030020476016754,-6.185810544513237e-4,0.0014239925664441364,0.0015810036137844643,-8.678069645907119e-4,-0.004840152830826249,-0.002311272653782158,1.6577764219720113e-5,-2.6707444033522055e-4,0.001262402012719065,7.931104704338459e-4,0.001463067782055301,9.818106017383222e-4,-0.004861397424883515,-0.0016846840623843888,0.004487848271018431,0.0038537341793154927,8.961835783902461e-4,0.0028111135546626575,-0.014658748386938793,-0.0024818745760915974,-0.0029510070847168393,-0.004523375524258793,0.002540580592223514,0.0012471007190521743,-8.857526327218208e-4,-5.301819562403575e-4,-5.508605063500799e-4,-0.0010988064789348813,-7.930307905884641e-4,-0.006513661357289782,0.004589688214267808,5.444498550242497e-5,0.001978800811971952,-0.0011046212032196144,-0.0021051439922736203,-0.0017388532941160187,-0.0013564152486334575,7.53910131001487e-4,-4.392839458496407e-4,0.00743008556687636,-0.006903463438966465,0.020873017867591756,0.005034096186960496,0.009810699934176766,0.00296592492867563,-0.0038188841129835793,-4.2293366858715115e-4,0.002181116039134275,-0.0038717473199421726,-0.005009829942730128,5.2331357196875245e-5,0.0012024539030025111,1.9951424324795783e-4,0.001673106818405891,4.839561400517134e-4,1.5537936610040805e-4,0.024609362108945276,0.011272869069064136,-3.1693248587602834e-4,-7.134019466849816e-4,4.968323049150388e-4,0.0029784826180140377,-0.0031790082485126906,-0.004075459281377284,-5.206807384250565e-4,0.002187528626730559,0.00241683410392164,5.750688714983527e-4,-3.3544546562959204e-4,6.116850190928941e-4,2.588153388483576e-4,3.7773426375226706e-4,-0.0029650723343577125,-0.0014042381463350495,0.006703355002805059,6.268917121240649e-4,0.0015967984206821096,4.085177547764321e-4,-0.004191987494329935,0.0010756010427806755,8.416957667229884e-4,6.291105808743853e-4,-7.088873163679176e-5,0.0010179328217514618,0.001128206926885262,-6.224558473358969e-4,-0.0010900498428638627,-8.131644299168147e-5,2.0415806640608145e-4,-1.4655896671554965e-4,1.2934798889788058e-5,-4.9111793726385613e-05,-1.2396602282469795e-4,1.3689962151012134e-4,-1.9724527534143298e-4,-5.007622379618884e-5,-4.998049525442877e-5,-1.1631362297700029e-6,5.9698405591927546e-5,-1.2055277918649203e-4,4.1165947923122966e-4,7.048654429338167e-4,1.128297636219261e-4,-3.612887118919993e-4,3.150260656117185e-5,5.987136084298783e-5,-1.5832220333757194e-5,-7.001095530888829e-6,2.2701909998345288e-5,6.663225306538206e-6,1.133396040319053e-6
C15-C15eh-C15rz-C15sa,0.006397410686281325,-9.490204237147539e-4,-0.005061187772282114,-8.226347927675129e-4,-0.001297620273872556,8.070964170760641e-4,-0.0036167592005750824,0.0014388014351011643,-0.0013590217089902896,-7.096593080270571e-4,-3.128912592609056e-4,0.0017236668082812711,0.0015717024016935358,-0.0012420703176020292,-0.005961800718878405,-0.002654467607398917,1.2486347833971898e-4,5.753560879220741e-4,-3.7139228671242015e-4,-0.0019832837785229624,-0.0015859974264576264,-0.0036446609802968776,0.0016129511681065515,-0.004088539510135531,0.0023962024271470274,-0.00755528919902652,-6.278276821698372e-4,-7.829940052726991e-4,0.002224033684807374,9.909408414091937e-4,-5.216981461216772e-4,-0.005587078522480056,-0.0036956451526593635,-9.518467733978697e-4,-0.0029864322639711165,0.004094224185420409,0.007228883797671411,0.0019442546092745111,0.0011016561258126725,-0.007006193573481461,-0.0059758279428809655,0.012742280345708389,0.00970303383323521,-0.0017662098897210088,0.007476474904825793,-0.05912819938852253,-0.009055303828139915,-0.011640684824647918,-0.01310793611382534,0.012096895832506976,0.00726923612050855,0.0010062083194770494,0.0016688671452726653,-0.004523519488868901,-0.006053318688339226,-0.0031545506818450994,-0.014173808038948537,0.004510682061855735,6.332916907497234e-4,0.0038725471626008183,-0.0027191502222454317,-0.004830674069518569,-0.0010362859778013916,-0.0013725573994494695,0.0013484178237645422,-0.0010429352036558876,0.007093086985358743,-0.006532644240572253,0.022321125146953065,0.005226317186812347,0.0074810215241618,0.004059998023438868,-0.004766932939734255,2.350515211738183e-4,0.00117159456254357,-0.003311019310574271,-0.002307852278658758,-2.4917139825869904e-4,-2.444685353627263e-4,-3.0861735146967765e-4,5.470767522428812e-4,0.0012670016282343875,2.0567739582075402e-4,0.007384189815367269,0.0031213012449452502,3.090532477497733e-4,-9.574277681641228e-4,6.348271508291682e-4,2.536200276226112e-4,-8.299377616845988e-4,-6.84802397952739e-4,9.779348339605996e-5,2.4748439989027635e-4,9.177066759549204e-5,2.6288577970380903e-4,-3.3511967152957217e-4,1.5141122431744293e-4,2.1554572820684533e-5,-4.921602803549334e-4,0.0010557405656786696,6.157596351007879e-4,-0.0015074289159209481,-4.6670198435171584e-4,-7.224909335353147e-4,1.3106046268922128e-4,5.631262290625593e-4,-1.4398140763392784e-4,9.262065947041854e-5,-2.0902697065731802e-4,1.4192009512485702e-4,-3.964233828285877e-4,-6.818821331592012e-4,2.1278670840919092e-4,4.421577948040366e-4,1.1547088611346838e-5,9.201083190880071e-5,1.439762857522154e-4,1.619231862473823e-4,5.1870869701349874e-5,1.0404341647438908e-4,-3.45002183062833e-5,-2.406401742344114e-6,6.930058509612109e-5,2.8516815804680438e-5,-3.925985568229381e-5,-2.4605619468163044e-5,4.989092896292217e-5,-2.52635589007976e-4,-4.564435575429528e-4,-3.1562749297560536e-5,1.834800350862447e-4,-5.3925908469465575e-6,-2.9334553789184764e-5,-2.8751651313061815e-6,1.414004474942012e-5,-1.2362227856431115e-5,-5.604848105295214e-6,3.075943521754108e-8
C15-C15ej-C15cp-C15cq,-2.59834427184349e-4,0.0071201872514592155,-0.0018855184709116188,-0.0025918267204897085,0.0012341146614585684,-0.006234950659017823,-0.0022772974075510022,0.0022231421512896718,0.004268498057348415,-0.001063838693362315,0.005979826946487776,-0.027256650233177214,1.1749155451731142e-5,-0.00795234186100634,-0.00950052249716654,-0.004367560081956135,8.533581275578311e-4,-0.011375173438452318,-0.0330141544983993,1.0741218337005195e-4,-5.896368474832506e-4,-0.015872369647302865,-0.019035975203486204,-0.014651912191206333,0.027418451765249784,0.020720726745520286,-0.006978444143840338,0.005940381493954647,-0.006921889524764323,0.011835162697908281,0.03028597826185046,-0.004259603836624016,-0.00903675396584574,-0.025017289863798094,6.718630444829036e-4,-0.010303836045670986,-0.002187698062982148,-0.009050832934861891,-0.0034957554398444956,0.013280675218671162,-0.006607141080290847,-0.006307744785105169,-0.0014662561863106427,-0.0012518034085600704,-0.0038577312923714063,0.0035237985695795028,0.0015683205560024019,-0.010801232517201631,-0.002614345044634333,0.0081323727834302691,-7.223796268954014e-4,-0.005175696012020588,0.0032628893752003974,0.0014592440614710884,-6.595188446008266e-4,6.704820744508348e-5,-4.951239829652633e-4,-0.002572279768558776,-0.002807681331924211,-0.0011778326554392439,0.0011864114334315134,-0.0015972837073552951,-0.0017906815374238503,2.2840553674798164e-4,-2.753887295997479e-4,-6.257802899887802e-4,-0.001375181748529903,-5.826048650285972e-4,0.0010774277083332967,-0.0016647962210351757,-6.405371840852102e-5,-1.0201106591064524e-4,5.0774520234051434e-5,7.416133979880074e-4,4.560215730176847e-4,8.36370000117146e-4,9.499409310386684e-5,0.003055113135007399,-0.0017032952239350236,0.0011274479444151376,-0.0022035459245960407,-7.012514847882015e-4,-0.013599557818343185,2.6858267030984394e-5,9.447993340062934e-4,0.0010258048387895057,-0.005890201483758061,-8.566333669553094e-4,0.003078591727276606,0.0043110273334189585,2.680582006338666e-4,0.004379266212037587,0.005411657979154507,-0.0034542039716383196,0.001919667128330324,-4.730436751524554e-5,3.18104256144783e-4,-1.0500238662799414e-4,4.17732456506229e-4,7.124675507463871e-4,0.0014753828146836922,0.0014100582812199807,-4.478423593200741e-4,-0.0017943719899203958,0.0015337912025252204,7.439268687149475e-4,-0.0010366339809922348,5.762825665183465e-5,-0.001217778022307553,-5.819661411464166e-4,0.002019493268702828,5.36449790507727e-4,0.0020971452826830978,-1.3176688771149593e-4,-6.339908377768349e-5,0.0010928919003179549,-1.5078529206693448e-4,0.0013201845919228793,1.8656335639571293e-4,4.699235415190357e-4,4.777219878668443e-4,-0.0012771520973124816,1.561829124946088e-4,-3.9042697428190323e-4,-4.1949954861534325e-4,1.2709347203540572e-4,-6.038476196879991e-4,1.2641793395499638e-4,-7.67512083143019e-5,2.832261818850961e-4,1.3108749367835766e-4,-1.0452307598826482e-5,-4.816347420495034e-5,1.3874742627928453e-7,2.73664000253077e-5,1.6030167997735437e-5,-2.7325017491472757e-6,-9.537813668714538e-7
C15-C15ek-C15gk-C15el,0.005118679367107438,-0.0018904836136376716,-0.004043502240572651,-0.0017537119934299488,-0.0019926573328534806,-2.1996429197642192e-4,-0.0023729867130161987,4.989719701228183e-4,-0.001480035624413574,-0.001341321246487534,5.370281523622111e-5,0.0018605527684264378,4.468514843372356e-4,-0.002051762748723466,-0.004774283397977955,-0.0016003185283544384,1.4868098108367434e-4,0.0010572688475106475,-2.2407224824563208e-4,-3.6881330462986653e-4,-3.9403143300070954e-4,-9.58548453625912e-4,0.001067277768770942,-0.0038052523348572017,8.829922403483731e-4,-0.004605226454596562,-0.0014735426431070856,-0.0018351510045011338,0.002224474141336195,0.0012216306087853273,-8.691323568183314e-4,-0.003805504352908157,-0.002501825791575331,-3.0460715286669877e-4,-9.081247101293047e-4,0.0013957254801960474,6.110249006021403e-4,0.0010998332490859929,7.989204143465995e-4,-0.005548167934145324,-0.0010976299279233702,0.0051765276272687675,0.0024917238984233513,0.0026647836204826874,0.0018600587317957676,2.4406004107126257e-4,0.0012497560661150866,0.001078789102959367,-0.001953661352563866,-0.005058868150478657,-0.003781501745977643,-0.0020635826261704536,-0.002196514531579877,0.004947886543044149,0.0035533279448007856,0.0023296681088467034,0.0030076438108519333,0.012786238561772162,9.951562603248134e-4,0.00729022514277016,0.04225624879376999,-0.029217621450733068,0.017870196094794198,0.0038204153921462124,0.006987709645132753,-0.0020666059672435682,-0.009409996891038913,0.004647556559202268,1.6953241189578881e-4,8.470024117098968e-4,-0.003327164823407942,0.0028250264736668558,-0.004266694177624253,4.5353422071878733e-4,-5.053588626748373e-4,-0.0021911790237331996,2.5915157239291583e-4,-7.107276219109696e-4,-0.0014403288907640834,-5.778652553463042e-4,-3.561825129289256e-5,9.077731362043002e-4,1.082144632733266e-4,-1.891815923464785e-4,-3.243681900719363e-5,2.667414525143078e-4,-7.742880993773551e-4,4.413045183846693e-4,-7.72717317532552e-5,-5.380386471754527e-4,-3.72953410881655e-4,1.0448739971109977e-4,-6.7734416214700376e-6,-7.61991951372986e-5,3.4833741416486e-4,-3.14596092027454e-4,2.956747000746049e-4,-1.1614084302451554e-6,-4.7852097771708114e-4,5.582162652029108e-4,4.114480397006562e-4,-2.2562307193030234e-4,-3.3788260318111553e-4,-3.6059729204429965e-4,1.9364689033027346e-4,-3.6629994563204e-4,1.0632362866884451e-4,3.9984119202691136e-4,1.0327176644956401e-4,9.344519636762729e-5,-2.627371641813302e-5,-1.6975853115714726e-4,9.611590054837803e-6,-1.8422215750283564e-4,-2.4997242568443638e-5,1.2413351253542468e-4,8.041806774034365e-5,6.539279538575441e-5,-3.370030105658604e-7,4.2145151040090385e-5,7.256216582778175e-5,-1.7933563415595667e-4,6.351248085980785e-5,-4.5589542552901416e-5,-7.050196936426997e-5,6.9913137104668e-5,-3.268864293206614e-5,-4.1646913250290557e-5,-6.891606243696857e-5,5.932265229192893e-5,4.549974887383922e-5,-7.794157116320342e-5,-1.0856095733959813e-4,1.0532345133453648e-5,1.3395656994974245e-4,-1.0169651982081733e-4,6.504595835447116e-4,5.999827243395765e-5
C15-C15ek-C15gy-C15gk-C15el,0.004069516534036176,-0.0025318881418841936,-0.0032689402883837398,-0.002039887537292452,-0.002253586525150975,-8.824204959051525e-4,-0.0013905114008472012,-5.233302706837567e-4,-0.0013895721721530522,-0.0013331333291835413,1.7775020241470765e-4,0.0023706569970475136,-0.00107860769138194,-0.002647623527914052,-0.004462077087708493,-0.001001254147290368,-2.254079665942622e-4,0.0015465215268243707,-3.437196165819253e-4,4.423842701713214e-4,-1.2155926414251462e-4,0.0010353480454925782,0.0011114921945499226,-0.004066412124324762,4.8356931391908733e-4,-0.0041171816263004405,-0.0018186385196670134,-0.0011915347746677316,0.0018196929224642588,0.00146980322407898,-9.29894233609988e-4,-0.004246531118596024,-0.002223831977286073,-8.753917378924251e-5,-2.2474243474218057e-4,0.0010639062610207951,2.8054846352849715e-4,0.0012411954984528468,8.749352145887033e-4,-0.004970562495446423,-9.240511724643197e-4,0.003640796903532802,0.0022296540311404745,0.0020438822131212116,0.0014256124467895881,8.758046662234467e-4,7.4199587853393e-4,7.068548036128739e-4,-0.0012423356888595911,-0.0038101869577674054,-0.0030011569314190535,-0.001965431754735511,-0.0019823223567382005,0.003820632213869557,0.002913608288647451,0.001976379860173293,0.001798765102386208,0.010207346737237796,4.6446635763293327e-4,0.005061025789370405,0.03252232842884681,-0.022128398210916077,0.013791248054674332,0.002857461157227802,0.005391388594036623,-0.0014463761356538984,-0.007212745734141483,0.003445168931180782,-2.056202877674102e-4,5.934475757910538e-4,-0.0024264051066521233,0.001993049438770344,-0.0036045955387855344,4.23214339582598e-5,-4.4188552912380883e-4,-0.0017447814372643386,2.9063172777564125e-4,-3.8906351634563144e-4,-0.001170979463326916,-2.926996017025637e-4,7.679144085422947e-5,4.249331552130467e-4,-8.011247682544697e-5,-2.7841392888337704e-4,9.543450792742597e-5,5.30224939985398e-5,-4.504303043105025e-4,1.9989579502393745e-4,2.488781306364102e-4,-4.2353615798464134e-4,-4.687439409352834e-4,3.7293936964590354e-4,-3.5333801224420634e-5,-1.509965760976428e-4,1.852001869916299e-4,-2.4248208403203873e-4,1.4840790204139544e-4,-8.494193698433922e-6,-4.3515740021456633e-4,4.2412178686026397e-4,2.5797755052533257e-4,-1.9907398186169088e-4,-1.6086418460927563e-4,-2.6860051076464463e-4,1.9963449375421673e-4,-2.523362163053852e-4,2.768113223290105e-4,6.205000710375232e-5,-7.607445254902227e-5,1.5440930559266182e-4,-4.472841891204178e-6,-2.3636232338408904e-4,-6.716346481637722e-5,1.5177034569447412e-4,-3.2096266011073385e-6,9.683510038383834e-5,1.542956798204514e-5,1.13462121432041e-4,2.343744003610876e-5,-1.9755410998194767e-5,-1.5425823248134355e-5,6.496873979213329e-5,-3.691726852416729e-5,6.997164429532656e-5,2.0781719496372298e-5,-8.400237891886543e-5,1.9528222535295777e-5,3.292148595970978e-5,5.4260129314139636e-5,-4.575800944720627e-5,-9.78170877257362e-5,1.1698402054329186e-4,1.4633703626083393e-4,-2.559932491304178e-5,-1.6950695746139837e-4,1.4360324232191548e-4,-8.429418056180184e-4,-7.718770407911408e-5
C15-C15eo-C15ep,-0.029184216246180783,-0.0437466602548505,-0.01813050623042796,-0.0023432026512128752,0.0021267217309495668,0.0017416592814892436,-0.0049150879639933325,0.004441603104060539,0.00144700399104747,0.0025429999691342913,4.4215340159981567e-4,0.0066300522854695594,0.007404042451899563,0.004565550965767529,-0.02265323230008044,-0.04454989731295403,0.024008619983622508,0.0077999784283162244,-0.001747083941869497,0.010480951364592327,0.00642523174268762,0.019114817228285567,8.697593136743904e-4,-0.0028327284717541592,-0.0032479014780376976,0.0025979874389189506,-0.003936738623478553,7.591475082864693e-5,1.462344781079727e-4,0.0015107029447322426,-7.148234113424134e-4,-0.004356756921126353,-6.382079790578695e-4,3.099843894644567e-4,0.0019326790787261682,-2.239321026318966e-4,1.6329753683492657e-4,0.0010850318879951164,0.0012722338306503235,-0.0024576783484897384,-6.390608608890966e-4,-0.0011125490530078362,-7.227857717003525e-4,-0.007110782429832285,-0.00540003273779292,0.0014635260771112284,0.00655437602065905,1.6416484621616312e-4,0.00281479916487696,-7.739056920040848e-4,-5.820111052004436e-4,1.1234137419464683e-4,-9.89009743865214e-4,0.004112783090117568,-0.002640692797372076,0.001706633913637663,-0.006397407430887578,-0.006009266716944267,0.014927845494167001,0.003557459489658248,-0.0032076252642600413,-0.002579218334782699,0.002010327743186803,-7.6765248149732e-4,8.736645001004577e-4,4.2076490038678673e-4,0.001047349541293918,-4.646622418577993e-4,-6.632621340108455e-4,-9.711864645092956e-4,-5.120175529298609e-4,0.001163141761231511,-0.0014378583470631451,-3.270419030859505e-4,-0.0011144228359775516,-3.540763713284943e-4,2.133668400242123e-4,0.0010602777951327878,-1.4827375910628047e-4,-0.004158311851914704,-1.486135601396112e-4,0.002140016969619725,7.964107408594487e-4,9.962696524039403e-4,-0.001767583949673696,7.066495739006898e-5,-2.4012582221323274e-4,5.754382163778298e-4,-7.226673937696004e-4,0.001029534769483392,3.2721601163370823e-4,-4.4733852620425787e-5,1.6987842385559544e-4,6.003290157836852e-4,1.7885270796704834e-4,5.322907441797825e-4,0.001580110077586616,2.3382627572771686e-4,8.56281598786124e-4,-3.250963619803398e-4,-7.988016072318127e-4,-0.0027763161298392895,0.0010651282276161649,0.0013482814345872757,0.0010245370968359993,0.0012973953298773347,0.0011592449236410426,-1.8308830366329775e-4,-1.7631478629588236e-4,-3.4915597766538693e-4,0.0022947936774106777,3.0260901399222786e-4,-5.922091833933092e-4,6.399319273932482e-4,1.619645032001318e-4,-0.0016862556095311493,-3.1358569884168896e-4,-6.686065644734383e-4,-3.173542681275793e-5,2.132820671994302e-4,-4.480101680407035e-4,1.834217403637694e-4,4.067004441895031e-4,7.469234951367768e-5,4.414549355419102e-6,1.703396464645058e-5,-2.600054836324773e-5,2.443759406342356e-6,-2.785182569992132e-4,-1.8485450089304726e-6,1.111121918398951e-4,-2.3927053256261977e-4,5.733551296686485e-4,3.022244544810456e-5,-3.0034934443313576e-4,-8.841504263352093e-4,-2.1163695245187303e-4,5.0985584024570716e-5
C15-C15eo-C15ep-C15mr,-0.029916565488660098,-0.04459880150745294,-0.01852225153238048,-0.0022882968092134406,0.002258726373272193,0.0018371585584680385,-0.005022992560955441,0.004562515895282029,0.001497330208119076,0.0026048600056955353,4.311076618504358e-4,0.006681119255126714,0.007467057858386031,0.00471188313190666,-0.022712810969450294,-0.04477178817934719,0.024091125542974764,0.007822982181815758,-0.0017784610457571468,0.010437471789520893,0.0064175099592597255,0.01900032972058884,8.523171632766069e-4,-0.002779596894991841,-0.003207108319225124,0.0025920023053305234,-0.003971509075525062,1.330774216724203e-4,8.993100004895582e-5,0.0014842607371816398,-6.970248395565972e-4,-0.004358775074079435,-6.996662328586849e-4,3.17560566876431e-4,0.0018807860977508774,-1.966824645317069e-4,1.2301424163891733e-4,0.0010377077055702649,0.001242857222074895,-0.0024356815545746955,-7.019383618382323e-4,-0.0010080524628570016,-7.680968400294622e-4,-0.007273532656454343,-0.005586497689013914,0.0013899302744145956,0.006948702376965931,1.924199019674875e-4,0.0029350493398817793,-8.683546423614002e-4,-6.318535715104441e-4,1.608647025350873e-4,-9.719840471377739e-4,0.004463757265897691,-0.0029149102002965946,0.001801316596395332,-0.006761704969565448,-0.00671618653512814,0.016331200263063648,0.003934270316747043,-0.0035988257700707484,-0.003012771846503626,0.00218002361012237,-8.100701011643217e-4,9.997196409815595e-4,3.9378099591515296e-4,0.0011534609490013192,-4.757437349445034e-4,-6.85866377702958e-4,-0.0010411388747131934,-5.597242316661899e-4,0.0012682275397918883,-0.0014742873007002179,-2.8108205283523927e-4,-0.0011475421100914699,-4.965938817724921e-4,1.1355677297364361e-4,0.0010804990815418275,-2.740376098504204e-4,-0.004573349422063065,-1.6255404855005675e-4,0.002455263042913493,9.177568303660455e-4,0.001054402610969309,-0.002052802180607571,1.4511431994600896e-4,-1.3621794335925096e-4,5.251446020487591e-4,-0.0011888247903254347,0.0012988506329776632,5.260364302616792e-4,-7.73726502865638e-5,5.157603833249151e-5,4.844532363592555e-4,3.2452255006672e-4,6.70172051974423e-4,0.0016466775966435937,2.828126948767325e-4,7.721318047798686e-4,-6.672392982628255e-4,-7.99222239910123e-4,-0.0027419981562861124,0.0012122954858471656,0.001539675430838094,0.0012103051742943902,0.0014724660473187728,0.001342712510670201,1.2921254289314298e-4,-1.4584399413644536e-5,-5.43909423904773e-4,0.0025650297435208407,5.160611698760803e-4,-8.153449090771805e-4,8.35876080451922e-4,2.4103943432330531e-4,-0.0028050134373793782,-7.594700219756758e-4,-0.0015117019373957275,-2.3259698266543723e-5,3.4878599740624945e-4,-0.0012198413425172432,1.7582971896272612e-4,0.0012712165248426677,1.3886429588498979e-4,6.193645119846811e-5,-2.7431600874152076e-5,-1.3454254558881024e-4,-2.1825031221513205e-4,-4.889616384844237e-4,1.545733116157049e-4,-9.585145361544751e-4,3.558376476958418e-4,-7.402509988962376e-4,-1.1922807999497297e-5,3.454533095719631e-4,9.13974894646139e-4,2.4164948800824024e-4,-4.966263946364875e-5
C15-C15ep-C15eo,-0.010388774785702473,-0.020479189692938025,-0.00935516508482624,-0.002335325422007097,-3.712625509899229e-4,4.3989113307837256e-5,-0.0027902647210482066,0.001564647546668094,-4.3233837739244997e-5,6.223636585158804e-4,2.964472997371682e-4,0.004829468029097253,0.0037105804371870463,0.0015353963929294757,-0.017614212883132353,-0.03149151043282568,0.016688605254231763,0.006335405291027193,-0.0012118757114298623,0.008699180670250339,0.004824836275902281,0.017050451874908334,0.0013033362996924525,-0.003737426483697947,-0.0030098950201658667,0.0011471219699529436,-0.004089712602180387,2.635925802995921e-4,3.1236723343554804e-4,0.0017405917336207352,-0.0012301336367148918,-0.00537189980647091,-8.042546438957451e-4,6.072074192420107e-4,0.002330274669243749,-4.351498770404247e-4,-3.904643602907153e-4,0.0012084132077326034,0.0015098422135065752,-0.0034210176422412204,-4.0218304330186147e-4,-6.272516418445144e-4,-3.495961189002194e-4,-0.005368335286306565,-0.0038469909591296427,0.0023969583639676826,0.00323592630106556,4.5969513790096363e-4,0.002603882450370263,-2.9483509558438052e-5,-5.612202260315653e-4,-5.729546792391642e-4,-0.0012315400104003446,0.003171223905418343,-0.001947813545409267,0.0014083775142471513,-0.005409178979903506,-0.0032503491731790566,0.007675110558736757,5.915311299563677e-4,-0.0019164646145906259,2.060789982881169e-4,0.0011913253944272765,-6.853524323700948e-4,0.0010886336490918403,7.110508258282094e-4,0.001105059925859741,-5.067195780321956e-4,-9.89963930170827e-4,-9.8089123865916e-4,-2.999056991263778e-4,5.318501388795417e-4,-0.003002894545794674,-8.649693691689908e-4,-0.001237675307543863,-0.0014865745606625074,-1.276080249037549e-4,0.0015549611721626313,-0.0015349481866029932,-0.0029719354469042677,1.0853497787257977e-4,0.0027385940607300976,-0.003007634883939488,-7.425150543814384e-4,0.0016307884620998907,-1.0892421307716228e-4,5.777239180326413e-4,3.3561775793627496e-4,-0.0021031684622401015,4.310193187554036e-5,8.771839771231443e-5,1.0131253506389476e-4,2.8763266331813324e-4,-4.4104422384221866e-4,-4.463227542318467e-5,-2.0198305870233204e-4,-0.0013036726040966393,-2.6400585552302925e-4,5.16691330572014e-4,5.849544399257492e-4,4.106124225228939e-4,0.0017326495667797056,-0.0012409816992247824,-0.0018297896601160602,-1.885025599357515e-5,6.119772488052971e-4,-0.001596833569113468,-9.166762420531583e-4,-1.9455058887367417e-5,8.833865191681526e-4,-0.0035835694898484777,-5.247352674098365e-4,0.0010909239144129836,-6.36672264518419e-4,-1.0522637909449054e-4,0.001486808427587842,2.8081482791556347e-4,4.038966360279386e-4,1.2344162595694391e-5,-2.3178566921691518e-4,5.113732217584015e-4,-2.7553135534336035e-5,-6.360956137185577e-4,-3.571889263933367e-5,-4.561179833189806e-5,-7.523032484534859e-5,1.7581710731991312e-4,-8.391226475096085e-5,1.0465971588483081e-4,-1.3529802095616896e-4,6.018986594808036e-4,-2.0629150623805948e-5,1.3504666015814028e-4,-3.336477355737564e-5,-1.7892806811472775e-5,2.5066423895420684e-5,-2.8052836439871106e-5,-9.374292361141942e-7
C15-C15eu,2.650687668958922e-4,-0.005119740386881481,-3.071106407945189e-4,-0.0033497252718268063,-0.0035116443463827193,-0.003450983289830273,0.002328575742285453,-0.004273791185582405,-0.0010394157023169526,-0.0014685664742410882,7.433932153398728e-4,0.004239733950886254,-0.006578790925501854,-0.005018880410914581,-0.003147786675876918,0.0015406115556493543,-0.0016697766171590315,0.0033072655455231533,-8.550777866418676e-4,0.0035324776441988458,9.184252161043828e-4,0.008470549676654584,0.001126145473367915,-0.005102488060961818,-0.001080102321583533,-0.002325594028654724,-0.003266845393467214,9.183815574442429e-4,0.00052039707735948505,0.0026278361115769787,-0.001239502581954058,-0.006059845777711439,-0.0012646701955246877,7.490240351069093e-4,0.002360290797218188,-1.9617023952993624e-4,-0.0010248672582371416,0.0016823855989970256,0.0013122483981864103,-0.0032184405672775872,-1.9499136080701303e-4,-0.0013391214975599904,0.0010318801775047529,-5.566903669039461e-4,-1.1860035714310621e-4,0.0035333932265077463,-0.001076422059991918,-8.758405148654966e-4,0.0013164546406366385,6.025365223775937e-4,-2.144629685889415e-4,-0.0018485810539981024,-0.001375177952688171,-5.093276643934906e-5,5.837903740396229e-4,7.999960774977338e-4,-0.0027421884808730996,0.0014279033485169537,-0.001281553179651726,-0.0029641941810849247,-6.616703543820493e-4,0.002337843430504157,2.293724675085287e-7,-4.8052110575111634e-4,8.692850705483367e-5,7.315943833837398e-4,3.770370996806163e-4,-6.726841800931826e-4,-0.0014405978294638594,-2.596728540204082e-4,5.033498785715821e-4,-8.431805627917462e-4,-0.0018754997616141713,-0.0012723256201830127,-3.2095734269672855e-4,-3.0411720552338874e-4,4.8054171617513056e-4,9.197914227106822e-4,-2.5204100582418493e-4,1.9285024238102042e-4,4.575185222259298e-4,-0.001166113186969897,-6.78983908087716e-4,-6.542530267229145e-4,8.350053595505159e-4,-4.049597197289256e-4,5.079140609655716e-4,-4.349793953916567e-4,9.81487674864628e-4,-2.5209848081467326e-4,-8.449146559246693e-4,0.0012074558948171486,-4.487837711355916e-4,-5.6503216321857e-4,-3.9973811759337787e-4,1.0545258612657596e-4,-5.783171025511448e-4,-5.444127016222053e-5,-1.2530223787311567e-4,4.434804564838042e-4,-2.197834751923992e-4,-5.771496642492761e-4,3.069211524361936e-4,-2.548067657280943e-4,-1.497218591281122e-4,1.5299369337480574e-4,8.624927591669772e-4,-0.0012623119465897865,-6.48965160693208e-4,4.3359311789539616e-4,2.4019022730650873e-4,-5.113271984501107e-4,9.721947121485977e-5,8.219766311850711e-4,3.09450659740386e-5,2.6780924478891476e-4,1.5867352904938648e-4,4.88936327931427e-4,1.4774820700224782e-4,-4.656916845360532e-5,-9.833061643197896e-5,1.723364332631863e-4,-2.4367597920986578e-4,2.2282033902189198e-4,1.3445178904350242e-4,-8.575204601017745e-5,7.656410351467312e-5,-6.531176100314181e-5,-2.1804904140528174e-4,2.3700158534424308e-4,-9.067632251709411e-5,3.395001698116202e-4,1.5128649480818812e-4,-3.889027929516161e-4,4.7566678727958736e-4,-2.1763492337082806e-4,-3.8432767645674523e-4,-2.777545612136153e-5
C15-C15eu-C15adr,0.003994573870258847,-0.0024197616123798056,-0.003461567534236874,-0.0018677476978610306,-0.0021594896570313613,-7.440933975316139e-4,-0.0014686907482747175,-5.356668286784285e-4,-0.0013168804869526885,-0.0011470080374852557,1.0551756322095028e-4,0.002605227052200796,-6.948957035715261e-4,-0.002612790584218412,-0.005836381141063711,-0.0010832629688211541,-0.002163865843638343,0.0014340718371766922,-1.3456874870480633e-4,3.3635886237525143e-4,-4.7603853451548336e-5,6.523546573052864e-4,-0.0014780069833691771,-0.0017932378494937215,-0.0021891458036063264,-0.00523496403909674,-0.00179665647635644,-0.0011340273928160424,0.0022684638881824985,-0.0019886978456184613,-7.24907192851613e-4,-0.006123953479399324,-0.0023668187099601,-0.0037557858394906616,0.0014836840670469887,0.0018391804874199338,9.232541279883212e-4,0.006246900679403529,5.778000235806983e-6,-7.357231351778656e-4,-0.010430018326327313,0.004619885114270736,0.0037401818397781715,8.645568396964924e-4,0.005792743736071221,-0.009616173728567955,-0.0035182919231099767,-0.004667069219612249,0.006897597425673423,-0.003145835182909331,-0.0022322907419874325,-8.211691590960602e-4,-0.0010101208851285262,0.003606111474564068,0.0033250003618366703,0.004753336138087855,0.013489620673034405,-0.009491831183487254,0.00541124126829926,-0.003551006763018028,0.0079386404442953,0.014202384706535506,-1.2779016694114482e-5,4.693391013668795e-4,-6.399792298023632e-4,7.852998408904578e-4,-0.0015991562922224854,0.0023577845305418504,-0.011876609527986085,-0.0051156065668074594,-0.023754355004133233,-0.0043891176670808425,0.0035177393101027002,7.558680798910256e-4,0.004240402293561409,-6.040231174356791e-4,-5.099318959427628e-4,2.886568845763885e-4,5.716981258874313e-4,-9.451951963419649e-5,4.842937398110905e-4,3.104699837148599e-5,4.5292103344130955e-5,0.01383817365668578,0.006338382625510367,-2.874096348363908e-4,-7.316255691813746e-5,9.022019724673952e-5,0.0018715285095373074,-0.0015516839661723367,-0.002180187100081202,-4.269454355147491e-4,8.797334557490149e-4,0.0013651172556910936,-8.460049561274484e-5,1.7805563643157434e-4,8.622276654497666e-4,-6.394513641317474e-5,4.828984596411125e-4,-0.002497964615034361,-4.5806368142523415e-4,0.004581665350842594,5.377333227720634e-5,7.111321641166073e-4,-3.1083900914262875e-4,-0.0017830726696077886,0.0011048356383601171,1.751411458000877e-4,4.1842886530203465e-4,1.7237200955408077e-5,9.468702133137813e-4,0.002519862459218232,-9.38023791754042e-4,-0.0018662219462929476,-1.247403402812874e-4,3.451920394849346e-4,-4.4880432897293095e-4,-1.4313444221387167e-4,-1.4532631946169433e-4,-3.21401090052676e-4,2.430472511604318e-4,-1.6156801838486913e-4,-1.115813266200413e-4,-7.311624289724176e-5,-8.466067832621533e-5,8.467013510738603e-5,-9.52778762656968e-5,4.690117917041832e-4,7.881704542829132e-4,1.2166769287050283e-4,-4.2999801339527806e-4,4.340051581149954e-5,8.462668092493147e-5,-2.188792299243066e-5,-2.88727305196239e-6,1.917897512175602e-5,1.2693545347909174e-5,-5.816874112173034e-7
C15-C15ev,0.0031647223921982435,-0.003369348881291087,-0.0029165288833866475,-0.0023416522989440896,-0.0026941996284560047,-0.001670270207404884,-7.734231384313129e-4,-0.0015526780959066403,-0.0017424039407066088,-0.0013630522764580563,2.5150824420844855e-4,0.0036796423370944876,-6.541879477072089e-4,-0.004502091594686319,-0.0045198433448684055,-0.0013422578073184809,-6.805480157346475e-4,0.0030059334556636758,-2.672434288593899e-4,-0.0076297343718119935,0.0019975147045730615,-0.0017617211013292479,0.008852846378481176,-0.006013306009629639,0.005785061862562408,0.010477585084887766,0.008563099576946122,-3.736549456194965e-4,0.003503053965715368,-0.015669352133582004,-0.006469164657890417,-0.005980318997683998,0.014394339802375113,-0.003408480370956359,-0.0014506967995923463,0.0033455085706421573,-0.00177554122021037,-0.0032077085663401598,0.004452567506726432,-0.0021221622874568035,-3.0657766646655184e-5,-9.09928697030343e-4,0.002150991173338234,4.0653816722813863e-4,-7.739977433628609e-4,0.0019261824586870578,-7.871438919755312e-4,1.349524572178145e-4,8.388321634543342e-4,7.227921288642159e-4,-1.120523297532861e-4,-5.751135085003822e-4,-0.0025152039915903772,2.1187776299265177e-4,9.659830868682493e-4,0.0024017320317050823,-0.0020898900783028417,-3.797879135070465e-4,-0.0021644259251125068,0.0012834391303898555,-9.356138605524421e-4,0.0019488646059702018,0.002959669024788181,-9.076166869271349e-5,-1.466735911147005e-4,0.003913153259608101,0.002707607667812766,0.0028497113671125153,-6.72263897181018e-5,-5.249112873258835e-4,6.396285907876339e-4,-0.0015594200189518784,-0.0012601771067092384,-7.88588460871461e-4,-1.219116341207398e-4,-8.286448469553428e-5,0.0012686293643081974,1.7348930408155565e-4,-5.762839144100791e-4,3.1036624481475605e-4,4.666795013238769e-5,-4.0838212909108504e-4,-1.2271992967783206e-4,-5.3094395877327485e-5,4.885744903822886e-5,-2.284548345173187e-4,1.3706382714278535e-4,2.5004390402596664e-6,9.513865679740219e-4,-8.548567312697179e-5,-5.955031803437589e-4,4.649873870991622e-4,-8.863114663090721e-4,-3.161786421713695e-4,-1.3146469093269685e-4,1.887563210927892e-4,4.779537560030904e-4,2.43026709525593e-4,-0.001859229224551052,1.4599613575899628e-5,-1.278141619356877e-4,-0.0024267985237480484,0.0011037445499157967,3.9891112464695975e-4,0.002740775902481673,-0.0031165871979178545,-3.2361000904369125e-4,0.0020464998288809355,-0.007424953740235955,4.6387814547333816e-4,-0.0016478074782848378,0.0018731380970449013,1.0446469187758076e-4,-0.0015187538321425815,-1.604289665686033e-5,-4.415821837679989e-4,0.001577975194155467,-5.805838283718292e-4,-2.3371799598525782e-4,-1.5105859625199846e-4,2.429093056251935e-4,1.7749048087884706e-4,4.989367657644882e-4,-6.625233441725036e-4,4.29955265044164e-4,-1.4118071794683957e-4,5.444065494249978e-4,3.3340116854854615e-4,-1.54766566247637e-4,7.422288972365176e-5,7.714442143105651e-5,3.2134759664720916e-4,4.052535547058557e-4,0.0017419139340790406,9.217956449875057e-4,8.622463251305393e-6,-7.669184829735966e-5,6.22781508550308e-6
C15-C15ev-C15by,0.007009158855464718,-0.001905178125091496,-0.006499046602203029,-0.001845199579465746,-0.00292693191457324,5.701564893506799e-4,-0.006377847458604873,0.0021319697500525245,-0.005663780502587502,-0.0014884463654356082,3.015263881210897e-4,0.005154257561493547,0.025107727592416473,-0.01569010182159198,0.011929514374883573,-0.004311092747459969,-5.56291673086491e-4,0.0024769699285938198,6.432780138865245e-4,-0.011753482495335114,0.0035101413886016084,-0.004882020691579715,0.013302683537727735,-0.00326717894724864,0.007419672709840028,0.01727751615669713,0.01818816929805631,-0.002309916520403342,0.0036869125353296596,-0.029753490521624477,-0.0037734538975972252,0.00565219899946855,0.019602319606517035,-0.0033524858343518373,-2.3755470278703604e-4,1.1352529078789872e-4,-0.0022425996875665858,-0.004099417761816478,-0.004470544210577018,0.012960752006023445,0.013680460035709958,0.0017213271879509134,0.002301040389485261,2.4326583452012214e-4,-0.009079979120155741,-0.0035115452512142157,3.7870800961028786e-5,5.115310490264282e-4,0.001531733242378867,0.0018798935909706122,0.001494494594797903,0.003973307883186153,-0.004830306592825716,5.760173491470803e-4,0.0023869693172763164,0.0052797281762404545,-0.002461114022153539,-6.256832533419686e-4,-0.001570292510073273,0.004749716648521289,0.0033998288638061873,0.006222293521270327,0.00462331128171361,6.873597082943778e-4,-9.77045761752831e-4,0.005456154530195089,0.0036182352941363212,0.0064375861942130375,-0.0016190520816178203,-4.177073732144406e-4,0.0037967941897484535,-0.0012507312831653592,3.717455674215583e-4,2.246657614014362e-4,0.0029643433827906043,-0.0017330264226976648,-8.380291220367609e-4,-8.635263040307577e-4,3.2094964411767793e-4,-8.212948947276649e-4,-2.61223700874269e-4,2.8778552411800023e-4,1.99329343991452e-5,7.685459614733579e-4,3.327429174620522e-4,4.4766683248896e-4,-4.487576427918403e-5,3.3509099297923266e-4,0.0010050722497034362,-2.8808429185948534e-4,-7.717142638388643e-4,-5.889616567122941e-4,-2.042910669494457e-5,7.249575399201793e-5,-1.2032432456836835e-5,-1.57098830527471e-4,-4.816494262778367e-4,-3.02701473016644e-4,-0.00270140086310418,-0.002296355458038576,0.0013937068076365611,4.105436112708456e-4,-9.057384251592561e-4,-7.92125136619141e-5,-0.002166496969991296,0.0022520693091570947,0.001513734174598196,-7.03539052681996e-4,0.00217325320413045,-2.844512602408944e-4,0.001353507968289387,-0.0013799504373079366,4.388924291903642e-4,0.0015626833112729552,-2.5208678589290824e-5,4.769007272841184e-4,9.468500910668467e-4,-5.399354156867953e-4,-8.359955968895227e-5,-3.9668870630361195e-5,4.9505730668751504e-5,2.735002724187293e-4,4.75378850741474e-4,-0.0011554757732931385,5.726592263025172e-4,-2.155414393973967e-4,4.575646262498931e-4,2.555813442485643e-4,-2.3027943820141402e-4,5.255706483549122e-4,-5.6484098058616386e-5,-8.462909674172306e-5,-1.0305793355206611e-4,-2.4702132748796604e-4,-1.0764987703674377e-4,-1.2691000036772856e-5,2.2170154603176482e-6,3.030213081508442e-7
C15-C15ev-C15by-C15dt,0.007296679241583273,-0.0016290204600175708,-0.006801933131018405,-0.0017293699663356915,-0.002813150683155517,9.011214442256638e-4,-0.006844461933350507,0.0019554497456903477,-0.005492392126546915,-0.0014119539827222097,3.149517543549751e-4,0.0050762625935372565,0.02423836634866751,-0.015202694363481987,0.010641412021438547,-0.0045303014682593875,-4.401770677937714e-4,0.002465952144951583,5.809951161653332e-4,-0.010954130081734978,0.003032761507363608,-0.005592944326437511,0.01486256103534128,-0.0021728262333301517,0.007218474859792392,0.01633401462194881,0.019015613463973412,-0.002867003417898123,0.004493621498757926,-0.03197052496191961,-0.0020801649263104552,0.009550640879630227,0.019339190760387454,-0.0027636205683111564,-0.0018814184900626891,0.0012484173794495167,-0.0026656861477188367,-0.006578672484476451,-0.0027237740219406294,0.009668499662670846,0.011324280424137514,0.0021513433069384087,0.004577052585223921,-0.004371583342711757,-0.0012705535121158784,-0.0013890299082646087,-5.740161089475258e-4,0.00241763428366884,0.0026393131993003006,-6.168810078183125e-4,0.0016812446633577298,-0.0011609726262237156,0.008329690784765528,2.851285912622472e-4,-0.004702083089298367,-0.017559272686812857,0.005151965772301293,-0.00247402401700638,7.383743024662583e-4,0.00372860600103104,1.9427150114242515e-4,-0.0016084951800949881,-0.005572804837583157,0.0010145748933133737,9.748456585513406e-4,-0.004317197643580139,-0.0067542002631109386,-0.003685427527743222,-0.0014104171157010602,2.886115228063741e-4,-0.0016971689260627137,0.0016214508010561008,-0.0012850659802633776,3.042653667014115e-4,-7.203702332648232e-4,-0.002535184227867712,-0.004522460715507527,-5.489166381480417e-4,0.0010599934041879116,-0.0014937578776987195,5.484529480955988e-5,8.942039624607409e-4,-5.352552040408727e-4,2.1802703641667936e-4,3.14467711100228e-4,0.0019613724510478005,-8.796914748259714e-4,0.002080306048627246,0.003089116257880285,-6.554878633243587e-4,-0.0029937796649970316,-0.003381763114649649,-0.005098562863043819,-0.007986309249808027,9.282947707479953e-4,0.0012465706619218691,2.390945085306226e-5,9.408854215191945e-4,1.1002473876411775e-4,-5.064247862775275e-4,-9.877143606819155e-4,3.274689393045361e-4,6.77269062634916e-4,1.239007319152665e-4,9.330317512683031e-4,-2.409505335311916e-4,-0.0011671453642105993,-2.7881900930286797e-4,0.001605527339440911,-1.4225673577290197e-4,1.7564170706913667e-4,-5.787036197655035e-4,0.00034709433520253114,0.0013842745316830563,3.1747736498378526e-5,1.279945730624343e-4,-1.836656553512464e-4,-2.4262665430405206e-4,1.7644699349111354e-4,1.9333149494169962e-5,-2.7939858340198464e-4,-1.880958618229381e-5,-2.9191970431956667e-4,-6.130840359918021e-6,3.8815813150799865e-6,-1.5216096079457005e-5,1.9041632145660426e-4,6.018938333159051e-5,-1.6132146591714327e-5,6.095537468506903e-4,2.850015055754003e-4,9.256029341894609e-5,1.1009100956958112e-4,2.042215173271795e-4,1.7098852571079088e-5,1.5787015537402287e-5,6.079943540471534e-6,1.6753995388929885e-7
C15-C15ev-C15dt,0.004609769775766816,-0.002417519155916285,-0.004208074546777231,-0.0018608568447749082,-0.00230723319133645,-6.552460919976216e-4,-0.0024828051301588267,-5.469312107400425e-4,-0.0019155124070352708,-0.0013171710117524252,8.029626230756389e-5,0.0033382409650706524,0.0018183963759329925,-0.004190964838084149,-0.005122932801219215,-0.0026218581421892854,-2.6065229701188644e-4,0.0026451119977788126,-7.208860531275369e-5,-0.010645163865511344,0.0019894785869051038,-0.005464620532423686,0.011419566811418614,-0.006314544269481179,0.008180442387274112,0.013355342317386736,0.012696339563518644,-0.0014207041307102977,0.005137971641688828,-0.02324044725758893,-0.006816940634408147,-0.00241468146997073,0.018506978610102195,-0.004246379980380613,-0.0038368659338973957,0.005193214328554365,-0.0021224957240911185,-0.006251513956999834,0.006307445801483172,-0.0039263290585958895,-0.0021093030342448694,-3.547688162955247e-4,0.0035151442159017943,-0.002320433576243309,0.004449657679686113,0.0026411120013069295,-8.729897654475707e-4,0.0015534104220023145,9.450722973771304e-4,-0.0010678108009642248,-1.5453399992642667e-4,-0.0034444503568389195,0.005569230499903416,-2.1291922626857722e-4,-0.0033483700136420244,-0.009938793597458596,0.0022672751142311094,-0.001263075531449581,-3.3686841450935884e-4,2.441524715595684e-4,-0.002227406811965409,-0.002858536819001029,-0.0024478376218099824,-2.0859431893708627e-5,6.131479520550098e-4,-0.0020323668981716554,-0.0025309016607896868,-0.0025065282651057148,6.264497277153775e-5,1.0903958749091911e-4,-0.0013737321524151455,6.413804527724953e-4,-2.8738616884703823e-4,3.1082524058187173e-4,0.0029239430248875526,-0.0021927747020232522,-3.949816178666412e-5,-0.0011178647170775162,-3.096257802967704e-4,-9.393624137202998e-4,1.7059111856621763e-4,0.0012401836864291574,-4.7452772196203646e-4,-6.670663544919735e-4,-8.784323275823482e-4,7.642630547278314e-5,-4.3110888982646244e-4,0.001403059854096032,0.001608816368372694,4.840881825568505e-4,-6.486201358185081e-4,-0.001482392345519201,-0.0034843137093216064,-0.004378152168898045,5.777571360029905e-5,0.0011194266808380825,0.00147879380152943,5.282798539238569e-4,0.003778610470555614,0.0021059051151507704,-0.0019418939213852592,-1.5531238506792092e-4,0.0011959743883229442,4.2058445344044475e-4,0.0017552492557666643,-0.0020409662646859814,-0.0010744196870953583,3.9907431685328235e-4,-0.001060456629604027,1.6848431287625552e-4,-5.020912306782927e-4,6.226151409654226e-4,-3.0808697956140064e-4,-7.232773037091021e-4,9.70985942788481e-6,-9.809474134378688e-5,2.128308254680828e-4,-1.9311545430244713e-5,-3.6830595743423425e-4,-3.5694175789952704e-4,5.728365041122618e-4,1.7703581878538723e-4,6.787871601895251e-4,-8.727711737487294e-4,5.856064387731074e-4,-1.9572739551832158e-4,5.033679409004627e-4,3.234290639697072e-4,-4.7162785562812257e-4,0.0013000686128177485,-1.3247351627037018e-4,-7.378731610795462e-4,0.0011143680595668522,3.1536927716002596e-4,-1.621492247649387e-4,1.529843420209564e-4,1.4214201659272974e-4,-3.265699999613021e-5
C15-C15ev-C15dt-C15jr,0.004642038421918493,-0.0022493284411560484,-0.00428058185039394,-0.0017558041570111772,-0.002227557172223772,-5.695562722565985e-4,-0.002588733884630602,-4.5109883949822916e-4,-0.0019295062091630715,-0.0013201532784138522,8.349265155370465e-5,0.0033061915223543416,0.0018092938467495904,-0.00410734965025947,-0.005149929132204085,-0.0027131988464325477,-2.6523753934168604e-4,0.0025851474903832747,-6.342629229576917e-5,-0.010330190171738375,0.001821383174188341,-0.005510283884103675,0.011411562130037724,-0.0059979213310991574,0.00805201940235783,0.012915925245134772,0.01247802878691089,-0.001354268272051829,0.005056851706328851,-0.022810570883913264,-0.006522833632891462,-0.002250233158338427,0.018124391256678085,-0.004130639511061907,-0.00396360627148335,0.0052699283182816034,-0.002168826532077782,-0.006324242517846963,0.006378876067623512,-0.004123734254830316,-0.002221863307211535,-1.784438825364343e-4,0.003913337405296298,-0.0025930335753749007,0.005060300401931028,0.002691988606875981,-9.235067208581167e-4,0.00185101816025978,0.0010060005078376367,-0.001365413318459294,-2.272518444954001e-4,-0.004080964155344062,0.006825697117317355,-2.1080531537683158e-4,-0.004008235815866193,-0.012664904964474845,0.0032533232704625393,-0.0015855541028926055,-2.367009762320061e-4,6.221212751159782e-4,-0.002637055193130336,-0.0036478116837806132,-0.003650367798724658,1.0108733371372908e-4,9.162855057966024e-4,-0.0029492133885980773,-0.0036195761881262205,-0.0034778539350802506,2.33329464197771e-4,1.4249183890359754e-4,-0.0022894980472049466,7.834809822405861e-4,-7.214294051913624e-4,1.406122415654318e-4,0.001177563766457252,-0.0018153805060847523,-8.230737592445794e-4,-8.33530961462067e-4,-1.1418468082937816e-4,-7.525952160813153e-4,1.2596062104992383e-4,9.302420257563718e-4,-4.3838443288490766e-4,-6.844578417359769e-4,-7.500488151687295e-4,4.3154325973485287e-4,-3.984942861442323e-4,0.0014354975575616936,0.0018693888760077833,3.4541275081206754e-4,-0.0010730551122357427,-0.001861200440664457,-0.0043960013290572815,-0.005503732119386284,3.032836630316242e-4,0.0014094792463565848,0.0016453914075728476,8.359127087670207e-4,0.003752295293957913,0.002250930766062811,-0.002471714058427245,-4.892108778888304e-4,0.0017682686067873137,5.726338482725517e-4,0.003017499934850102,-0.0030015593572964745,-0.0020764980175742268,9.372659501776546e-4,-0.0020810212750178377,1.4895415492780572e-4,-0.001090207786245058,0.0012615794466060745,-3.266170119375641e-4,-9.999242758410253e-4,4.710063906753626e-5,-3.880436297253349e-4,-9.338028145988192e-4,-2.149751559362831e-4,-3.980364251528452e-4,-8.499766019085706e-4,8.373758065263747e-4,-7.363994101259293e-4,-7.003968972409776e-4,8.545735665000789e-4,-9.843273425966471e-4,3.014060777843204e-4,-7.753711991938324e-4,-4.1593007607290786e-4,6.101835457418086e-4,-0.0016099310487052354,-1.0834565087614788e-4,6.395690162338199e-4,-0.0010416191914279017,-5.113121858948257e-4,1.4398998523392167e-4,-1.282200796259486e-4,-1.341015489216961e-4,2.9171639630891627e-5
C15-C15ev-C15dt-C15pm,0.005791094933391574,-0.0017176726317426033,-0.005228910438077217,-0.0015019324391621145,-0.0020468071220899513,9.267500645829188e-5,-0.0037427781985056546,5.254592381838475e-4,-0.0021737140181121396,-0.0013131769404914292,-7.848586340546063e-5,0.003067645517228782,0.004284987129639759,-0.004138898999370181,-0.00516548715301515,-0.0035551910609892463,7.644058135619461e-5,0.0023758145063167025,9.235367640876784e-5,-0.012693092899748678,0.0019368242872388993,-0.00830645328009876,0.013326880291218191,-0.006296667427040313,0.009788371871283712,0.015241543371229155,0.015741912860983046,-0.002374668694716796,0.006303222209055731,-0.028689049551228783,-0.00673724311186316,9.090148792488461e-4,0.021287681656250335,-0.004783665121438742,-0.005430187249351856,0.0058437354146788,-0.0021527706925263046,-0.008121411012408193,0.006912497152557866,-0.004428370537228073,-0.0026282792147135107,6.564421280897108e-4,0.004589922333268266,-0.003851316007090623,0.006995364004881698,0.002571796636846236,-8.50314075964647e-4,0.0026242152278664085,8.751329594872916e-4,-0.002308237366853052,-1.3881923644179e-4,-0.004997155239720246,0.009964166461951602,9.98939092154934e-5,-0.005848160554295783,-0.017846102226407853,0.004697406459176756,-0.0019061630003871673,5.426771153184709e-4,0.0032779080617426214,-0.0022986952327321377,-0.004522339460851262,-0.00531774347364221,5.257430595378284e-4,0.0012275684812723816,-0.0037515899733491734,-0.004732687076884097,-0.004309509082004595,9.867069535476e-4,4.724933884726707e-6,-0.004778399363897767,9.994499295185616e-4,-0.0014917344264122122,-8.353525452237249e-4,-0.010356132489383184,0.004479842697453723,-0.0032940229265029796,0.0032835134628294207,0.0015541618015813875,0.0018388414966244322,8.738852816434872e-5,-0.002935683826240226,8.5955287423066e-4,3.504821468539228e-4,8.769916142646854e-4,-4.6218373898775555e-4,2.538186381228684e-4,-0.0021556398200157333,-0.0033517024699196334,-6.185512995264921e-4,0.0015763173339387742,0.002741313077418618,0.005317716380241335,0.006904270232468141,-2.5393889472554836e-4,-0.0015761953792851322,-0.0012189966974110677,-6.923382101248025e-4,-0.0034628468845264754,-0.0013049850160623397,0.0021284218399566044,-9.396528923567217e-5,-0.0014096107012429528,-5.452874514742194e-4,-0.0017993095913369007,0.0016921422190791836,0.0015252479165485551,-1.6868805206040843e-4,6.497932805713437e-4,-7.113620542729055e-5,6.505086385494938e-4,-5.229222176255368e-4,1.0619939077833541e-4,-1.4321117665524322e-4,-8.786203055957959e-5,3.930383522924389e-4,0.0018354486658804286,5.387626075767315e-5,1.5899072382750444e-4,5.869763602479189e-4,-2.203669227357307e-4,4.6056297593143736e-4,0.0011573253678682648,-0.0024469470044351177,0.0016463368763665518,-5.936189155589501e-4,0.0013297735478938354,8.104992820643672e-4,-0.0010863366391446036,0.0020245418957441706,-3.7486462622903e-4,-1.4600790679184121e-4,5.750707193151102e-4,3.065153108456864e-4,3.855927589838266e-5,1.1239968936079012e-4,2.2006148450101596e-5,-6.498899973798866e-7
C15-C15ev-C93l,0.0074171965861745525,3.014004663195637e-4,-0.007630811153479035,0.002143974592704413,3.7008347209242716e-4,-0.005281583519131297,-0.004065802310157088,0.0013254653762449747,-0.002667375674119515,-7.30171759608763e-4,7.832284862921639e-4,0.00188699200281023,0.0062493512323516616,-0.010417142571986017,-0.012036439830924197,-0.007937336212891628,0.0017646599655282548,-4.5808746298739217e-4,0.004445382070748438,-0.01972439334053018,-2.313729044246819e-4,-0.027904942310000753,-0.004048959888449499,-0.021007511772904813,0.036652494249683434,0.04445104362121046,0.020075446722306486,0.0029604372311624215,5.771007761196455e-5,-0.018274144363568827,-0.006969556475598335,0.004819267214012909,0.024530473903796222,-0.011110040277898501,-0.002330990171783274,0.010800535633031027,-0.003259102079461851,0.007541296855720343,0.004325317332179826,0.014833448883246834,-0.006568837541847365,-0.00135472022507241,0.0017332550943139017,-6.550485246598415e-4,-0.005328770259252227,0.0033416368298876337,0.003994257987653153,-0.01369438197417413,-0.006752854237445783,-9.172726542962371e-4,0.0012708666305998489,0.0016906205650652226,-0.003545268843722935,-0.002211855310299402,0.0023522543213192644,0.007459613503437468,-0.0026942180352217513,5.342960682425135e-4,-0.004919841127773105,0.0036914172029861953,-3.9121340472674746e-4,0.0016364601005705028,0.0063418182767722665,-2.791271950167595e-4,-0.0024128357654823974,0.007040169104169145,0.005269253135446847,0.006723271187581587,0.0010679768289582738,-8.206924788063411e-5,0.0017716626296216534,-0.0016359302924875286,0.0013630300412859422,7.79656529010711e-4,0.006425575659182571,-0.0023462936102874843,0.001361332179725316,-0.0015553412247356392,-5.477009714836332e-4,-7.565644191175193e-4,-3.639960159417118e-4,0.0010233946340306123,-0.0011454146226357138,-0.0010133922859039536,1.648915754469994e-4,-5.388286532197759e-4,-7.034038373569794e-5,-4.0449550599278093e-4,-0.0021547750611700753,-2.8592595585988714e-4,0.0010290954546500653,9.022166718173681e-4,0.0020986423147215604,0.0011077678962770957,2.985538894617217e-4,-6.716991281580107e-4,-0.0011884340260140895,-4.8567260108663384e-4,0.0025269608219649826,0.001409325305318694,3.473321204055305e-4,0.0027699007859974846,-0.001531917917585883,-0.0016596504427159853,-0.001555568238345552,0.00195246522611812,1.889730592103349e-4,-0.0010897313180574712,0.003202771562126807,2.090883765295154e-4,-6.348570304725056e-4,-6.202242007066653e-4,1.5969583159726995e-4,-4.884972032317756e-5,-1.70541565100707e-5,9.354529743260283e-5,-2.5009985577933844e-4,2.4266738162300903e-4,1.0285024010995258e-4,1.736779542220851e-4,-4.715188257243619e-5,-3.996958442321327e-4,8.511248538543731e-5,6.467310420391107e-5,-2.6935595367889414e-4,8.039413765867889e-5,-1.2255507062232363e-4,4.3450397497567053e-5,-6.0652113743988107e-5,7.695010729219476e-5,-4.1868160097551935e-5,1.2670800367851461e-5,-1.7683925644493263e-7,-2.470808911622482e-5,1.1158657386016237e-5,1.3752646821057471e-5,-1.9050610681265997e-6,1.1161527960124864e-6
C15-C15ew-C15ft,0.018827639932749204,0.004340008260260513,-0.018911485690488006,0.003015840129911057,-0.0024638276518904496,0.012071443424071644,-0.034541295049243144,0.05396961251983472,0.0021418079629369874,-0.13608130748243857,0.05770814741305009,0.0327202236469178,-0.042891725000842415,-0.019112613457131285,0.005225142395570566,0.0026845538637440755,-0.0014057988667489601,-0.0014551902692300361,-0.0013579942601059344,0.004152339483199334,0.0022465006343670517,0.00818982038194601,-1.2948633471024867e-4,-8.237341684672878e-4,-0.002096773753605342,0.0013610424253410077,-0.001706559939961115,0.002216007179453907,-0.0010823179036359358,2.4364331607342748e-4,-7.981417071093372e-6,-0.002873967532997719,0.0014214032250262612,0.0010693368314725444,0.0010910756136180973,-2.1429223446109205e-4,-7.310737531578456e-5,-7.641685685285482e-4,-0.0011644583028048426,0.0014780736377693756,9.19234049947766e-4,-7.072621387037151e-4,4.5241564990183256e-4,0.0014370016256701238,-0.0018442331579067615,-6.13174561507622e-5,1.2650422209788093e-4,-1.3899259300354414e-4,5.400111137879901e-4,9.723227137589842e-4,-6.218077129286254e-4,7.583478339794902e-4,-0.001987216313065926,-2.3115423133820752e-5,-1.364278930887661e-4,-0.00324324590685551,9.000840716130773e-4,-6.613447025023341e-4,0.0016951580095925479,-0.0012579533682831345,0.0010500470685227005,-0.0012402677323889793,-6.227717049441392e-5,-7.838108985399972e-4,4.5292489632601124e-4,-1.954578214053718e-4,2.8718636222947193e-4,-0.0021182018767222635,-7.428077153391114e-4,-0.0010620157675313808,0.003529333403157488,-0.012915388486476375,-4.772040283476478e-4,0.002782558735288464,0.006629254883413365,0.002651867528390431,-0.0010187685354725688,0.01884854571456684,-0.00834746359405848,0.003624129268420889,0.024963600555529184,-0.0015371073069826366,0.005508503548088936,0.0011641890677342181,-0.006594275797496879,0.001991490161029987,-0.011941031149845321,0.007315681528688941,-0.004707810761434193,-0.00544638509555854,-6.929750874010509e-4,-0.0022974860923856543,0.00406936481346066,-0.003361869409141595,-0.0030141174094378757,-9.422646259752197e-4,-0.004772642041271697,-4.8502387036308933e-4,0.006572018826372496,-0.005317704498140265,0.006654769552424923,-0.002525823838304977,-0.001851798296699604,0.0012427685869851272,-0.0014888021001874991,-0.0017829480831317599,-0.0012926035211541995,-1.4346494124000154e-4,-0.0011071972787514571,-0.0010215155640766003,-7.279371647207068e-5,-8.712509110500625e-4,-0.0010513566653636206,-3.747409620328872e-4,1.3636276906610237e-6,8.023225968710822e-5,-6.409524022463156e-5,-1.906536862752436e-5,2.402345308501657e-5,2.0394676140496912e-4,8.105454360339842e-5,-5.256633345677988e-4,8.84868439984548e-5,6.547070679047403e-5,-2.3601941949086496e-5,-6.947708634473629e-7,-4.833698527379752e-5,-3.2324328966611856e-5,4.543314102324659e-5,1.8400431866551086e-5,5.926569383102258e-5,9.552046968251365e-6,2.4385127329646323e-5,-1.623218942889822e-5,5.4379331468834786e-9,1.0973503206707622e-5,6.980493232387567e-7,-1.283947262677873e-6
C15-C15ez,0.010702905680633534,0.001341212781158201,-0.008908994807926065,-5.609241760113865e-5,-0.0010786675979001612,0.00346381971790276,-0.008345994602068014,0.006500354707755463,-0.0024017956450145413,-0.0013808904118221006,-8.668638899878415e-4,-6.110979595460878e-4,0.010848530791130745,0.0014243044798055275,-0.008808899320146758,-0.005695934155288366,0.0021856073190965448,-0.0025675415541994862,2.0183971149160995e-4,-0.009359957871862074,-0.00401348125406099,-0.024076713087413135,0.00273595817610999,-0.005762043855090497,0.012223756187423038,-0.024814581587766893,0.002884851945493487,-0.038999526876545176,0.1139088783872591,0.03845787367998203,0.005949518140215081,0.0011839354105626506,0.019205092232844848,0.005220399178835149,0.011831884336788806,-0.006392454436072806,-0.004241931847090993,-4.919060533973885e-4,6.973224169002714e-5,0.007592385286335471,0.0022580062371621,-0.006633515455405766,-0.0013356396388499304,-0.002142507804732468,-0.0012226853466687953,0.0018246808134097508,-0.0010923638538683225,-9.649993040954151e-4,0.0016212245872530642,0.0020185080167133248,0.0011472854255347466,-8.027795504370604e-5,1.184759891456909e-4,-0.0012420241611920465,-5.881745519743767e-4,-7.454053259231187e-5,-0.001244802057462978,-8.239683390063816e-4,-4.4240426500039595e-4,-0.0011127239276656415,-8.31796639732508e-4,3.03048632466643e-4,2.3267351029733764e-4,3.0882965134941984e-5,1.9837469145996483e-4,4.166802594444757e-5,-4.632308295140058e-4,2.11556572973599e-4,-2.695662918250296e-4,7.223569185315073e-5,-2.6225994631997603e-4,1.737424828428799e-4,-9.097420710660425e-4,-1.0612405453877076e-4,-1.465056601891355e-4,-4.62590657292199e-4,9.633993537566744e-5,-8.355866150138332e-5,-3.1794401195086577e-4,-6.865719536174465e-5,3.5083412211412e-5,7.278492702813653e-5,-5.453174246132955e-5,-1.3242741131943713e-4,7.99109283052742e-5,2.0054967305458695e-5,-1.2743277283160443e-4,7.713695371555281e-5,1.4883534079577842e-4,-1.7036069944682575e-4,-1.9123744854558482e-4,1.4156321938489194e-4,1.8918393458959703e-05,-4.81743612311286e-5,6.90714644613039e-5,-1.6491131275555893e-4,9.356341203344183e-5,-1.0909607792169656e-5,-1.574915176729847e-4,2.467720655755732e-4,1.721214854042298e-4,-7.472878900033294e-5,-1.2154634463867368e-4,-1.7423116330360147e-4,6.0700875909952254e-5,-2.0815520997106187e-4,7.306070586838738e-5,1.7270714612141689e-4,5.803366846806646e-5,-1.7138116053843796e-6,-1.5746653672038493e-5,-8.726683030481335e-5,-1.0975429932572285e-4,-2.1914151483953552e-5,-2.7851920837531296e-5,1.438695404104801e-4,3.3264802300494654e-5,1.199289379900134e-4,-5.528599149148821e-5,8.809708785172462e-7,1.2457798647885385e-4,1.7290833414923716e-4,3.172864734721047e-4,5.810123134501587e-4,-0.0018401129461704912,-0.00712767109554118,-4.029164899136746e-4,6.018771439467595e-4,2.2063313518555925e-4,2.5308295243043466e-5,6.419989229566528e-5,-2.9568677398164165e-5,-3.2773093353739946e-5,1.3353522711628392e-5,3.567963683591682e-6,-7.762093307475246e-6,7.074275896453661e-6,-5.53673997382464e-7
C15-C15ez-C15qv,0.009980344137215899,9.477408928936805e-4,-0.00825161318625023,-3.2509229612979107e-4,-0.0011638655753191374,0.0029934483673530977,-0.007575019643251772,0.0057450835882147866,-0.002303070702778587,-0.001441868503633882,-7.452708719269263e-4,-3.453211821160833e-4,0.009540558242922948,0.0010144205284548314,-0.00837731429498815,-0.005338315235601435,0.00200550518625425,-0.0021768040097295775,1.6705916967476515e-4,-0.00832709862223704,-0.003577814815576383,-0.02154919072848176,0.0025678003020160054,-0.0056017836435225165,0.011114779730701426,-0.022966293149204727,0.002451313179878075,-0.035548710767529426,0.10400132475424749,0.035266269101118825,0.00533755102291349,6.808035300324476e-4,0.017412777014847596,0.0048165509922876255,0.010847546621253963,-0.005763382773150351,-0.0038918385722741993,-3.669520062280128e-4,1.2162266041923691e-4,0.006670194174350532,0.0020431903984762497,-0.005964209745740974,-0.0011314964123614283,-0.0018069838329605762,-9.971489205640605e-4,0.0018369450390024655,-9.355084871735103e-4,-9.396457645049121e-4,0.0015629905790554858,0.0018101207229089555,9.958732800691877e-4,-1.5211429622383763e-4,-9.031809726941732e-6,-0.001068665122362412,-4.841090490335587e-4,7.795274249016006e-6,-0.001195455427760505,-6.47145233654885e-4,-4.5255770817420203e-4,-0.0011713143987677887,-7.83272391783175e-4,3.096628747162631e-4,2.3317620649408922e-4,4.5067702541830755e-5,1.283485673809352e-4,8.377027778144184e-5,-4.3094418867980404e-4,1.8031921768447203e-4,-3.349321708184396e-4,9.103839054790544e-5,-8.392037164869172e-5,7.932060734518817e-5,-7.016703334476806e-4,-1.232459537506625e-4,-5.0290086737058275e-6,-3.0516765207475103e-4,1.370033859457467e-4,-5.9764131165826475e-6,-2.4322367456146334e-4,1.54339589931916e-4,1.0212408103951406e-4,-1.6491701187815755e-4,-4.304255737794201e-5,-4.9046684211833774e-5,-1.3999892992200077e-6,-3.352166976805495e-5,-8.403467385592501e-5,-5.349456818336604e-5,-5.333755673793352e-5,-5.7431806537661655e-5,-1.5060360958078263e-4,1.8839693557238645e-4,-8.088818724018606e-5,-1.1582222868248158e-4,6.824550521219682e-5,7.96130046145154e-5,-2.2342811676896394e-5,1.3317032270739312e-5,-1.6280008913455984e-4,-5.9426945118456955e-6,-2.5737959571554147e-5,-4.839474178490126e-5,2.197464990786106e-5,-6.360221591612605e-8,1.114178629997327e-4,5.8266938249256514e-5,1.298580792263279e-4,-1.159728281405531e-4,-1.0761520621543563e-4,1.3111629188869553e-4,1.551555655018781e-5,-8.986384778333404e-5,9.02276618142114e-5,3.634330064151812e-5,2.3301937820097004e-5,-7.4693826850999e-5,1.0183751022116691e-5,-6.185356340803329e-5,7.466488728484064e-5,8.462113837519148e-6,-1.1587702501298531e-4,-2.497160053197043e-4,-3.45777022648082e-4,-6.3308112314977e-4,0.0019992790520652055,0.007814900507505758,4.3268677326078244e-4,-6.619470925320649e-4,-2.5440092622427507e-4,-1.6292579238950688e-5,-8.307856606399417e-5,3.8209925802592046e-5,3.659424513902986e-5,-1.873524393723237e-5,-2.2720071347993e-6,1.262838600492821e-5,-8.84210910005787e-6,6.764428734931246e-7
C15-C15ff-C15n-C15bb-C15fg,0.019246021157746398,0.004010090158894411,-0.023521299036327638,0.02150509031180562,0.01177566900841357,-0.015078501893417978,-4.8118821595280134e-4,0.014355386915049173,-9.601314208235462e-5,-0.03661501412114296,-0.00663412997143504,0.012384207116353093,7.978509515390748e-4,0.0788915246749064,0.028830335641464068,0.012820359616729778,-0.0018127804772502404,-1.1967928005016855e-4,0.0015669250424008962,0.011034598363101037,0.0025507870719665925,0.018692773337341685,-0.00789650503867877,0.023706995733877887,0.01751798436548732,0.004375477317892753,0.005611615501014427,-9.511551749259553e-4,-0.0019935744782231465,0.007500528271411278,0.008587771872348713,0.017634347411683935,0.010962521933814081,-0.008366197647703197,-0.008289746719750765,0.0024392953351514667,0.0010688968911581045,0.005234857664391034,0.031812995271436405,0.0037400448634427835,-0.010627323192159486,5.707696691890504e-4,0.016619484041062466,0.027654744229582223,-0.04155314241962848,-0.0024790342307843155,-0.002249201915065757,-0.0042258040307566426,0.0022025142145887166,0.006226394654002354,-0.002779555623265992,0.0023875051023466843,-0.019043098129758202,-0.004869521458409227,-0.011247995713201083,-0.02335943521979262,0.00444793886394522,-0.009721731630365065,0.0022271731113415543,-0.01255163634845084,0.011999753479882353,-0.0017215826974970754,0.0010577543666520858,-0.006487427362529798,3.240359922872794e-4,0.0018229339609725078,0.013097578154258861,-0.012588035002679071,-0.007602523469881465,0.002737617083497053,0.0024110741470718916,0.00860370795898213,0.0026773802673179707,0.0024132808297877323,0.0019044336937576983,6.298549949902325e-4,-1.4610617639349417e-4,-0.002023847568025491,0.003262426585192232,-0.004913454937379824,0.001472628801488785,0.002065515618029057,9.466215955034247e-4,-0.002477417074041506,0.006369753168523974,-0.001835425423080743,0.005608260680343598,-0.006282803863627266,0.004694658290909904,0.0046175774013543286,9.191171101122284e-4,0.0019855735800756906,0.00173462345779889,-4.904392512702792e-4,-0.0024592896783451543,2.8671162258950343e-4,-0.004058449811761519,6.105236829059207e-4,0.00233937502876257,-0.0029680486567381535,0.0019048518693000006,-0.0010568142445271122,1.8579634390526075e-4,6.999474206191747e-4,-0.0012974073895360826,-8.12146627596443e-4,-0.0014224277968599506,-8.807827038704022e-4,-0.0015045535178016655,0.0014441626261627897,4.956406569535636e-4,3.8296708132264063e-4,-7.008806596133315e-4,0.0016517238799441166,2.8559148035536407e-5,1.9766464095026412e-4,-5.948223397707456e-4,1.0279677317556892e-4,-2.224688263574056e-5,-5.820349744557415e-5,-1.7415570442657876e-4,5.763456651919967e-4,2.253512657646153e-5,-4.5763672927507e-5,2.755445473793497e-5,1.8202179310845693e-6,-1.594032960375035e-5,6.784246293940184e-5,-1.8869456608416722e-4,-8.002659100874591e-5,-2.639597205626668e-4,-3.1951189016000523e-5,-3.256638801022309e-5,3.3815056758591304e-5,-9.546020127345364e-6,-1.8403627552614417e-5,2.7299460338268527e-6,-4.441682039841688e-7
C15-C15fm,3.1174783232361543e-4,-0.00487908030212413,-5.115421745014049e-4,-0.003037888462367502,-0.0032898880883594,-0.003365970262981437,0.002225439180846742,-0.004300445637200166,-9.987942430828866e-4,-0.0012633345881111525,6.422342343274117e-4,0.004322645283739245,-0.006768670233629902,-0.00494401336572293,-0.003268629936770039,0.0014533280850229108,-0.0017978794696461408,0.003336130777751651,-9.145586359273107e-4,0.003392718010783913,8.685737734036638e-4,0.008388734106489215,0.0012670638605219646,-0.00511953508230598,-9.822677026550737e-4,-0.002312568480237362,-0.003354282980898639,0.00114690009317358,3.4019893355035773e-4,0.0026138180928070983,-0.001121810946474792,-0.0061925211761443225,-0.00138460528509228,8.344294982954315e-4,0.002270963653443959,-1.355587934671538e-4,-0.0011382454501308998,0.0017262345433853431,0.0013257623085825686,-0.003070694488277452,-1.6038513495752918e-4,-0.0014388718006258178,0.0011006922607281451,-4.781351311866163e-4,-1.64952878121146e-5,0.0032715376179239357,-0.0010610524972011453,-6.896869883551622e-4,0.0012423988855497028,5.382534110185861e-4,-1.7780557303997228e-4,-0.0018876330759486275,-0.001477642613156199,-1.1693460872691076e-4,6.57500877437059e-4,7.210111459025347e-4,-0.0026608129243782057,0.0013123227577057181,-0.0012685781126886902,-0.0030177170434318185,-8.549277987825762e-4,0.0023579467566976838,-1.4013302055521294e-4,-4.1267532596136114e-4,2.980581066514781e-4,7.555858000807675e-4,4.736404814116558e-4,-6.27386737236338e-4,-0.0013382696897688041,-1.7356272744320348e-4,5.131081970191374e-4,-8.729762083088161e-4,-0.0018711655802219466,-0.0013110098979216423,-5.469507716207791e-4,-3.786208768779362e-4,4.4890069455625324e-4,7.278757890096216e-4,-4.176437660503538e-4,1.8036099229319367e-4,3.98696911420505e-4,-0.0012287221389140812,-6.700214916744305e-4,-6.220161095557486e-4,7.07305406049118e-4,-5.326819438758079e-4,6.454551647677386e-4,-5.402685879647708e-4,9.714619747977633e-4,-2.78938649891262e-4,-8.696278201250436e-4,0.0012227110940426316,-6.0841716719337e-4,-6.592583181244021e-4,-1.9428313882941987e-4,1.7353321403975672e-4,-4.5322447234702007e-4,-1.3509996602576395e-4,-2.4056863004074725e-4,4.6447470038742924e-4,-2.8449532771598077e-4,-5.889793396895373e-4,3.0749814251457367e-4,-3.287742242652014e-4,-4.911569928423243e-6,2.450515652020472e-4,0.0010341284781232474,-0.0011202123326592307,-4.926879339081989e-4,4.3542137306429437e-4,2.4017696089057272e-4,-6.159206865975717e-4,1.0857974119890276e-4,7.38215207213442e-4,7.43725033080609e-5,-8.033889845069764e-5,3.947531362472455e-4,2.861288516831449e-4,1.1974121612788922e-4,-1.4696686176112413e-4,3.08827566246542e-6,-1.0305395505565005e-4,-4.026754631067887e-4,1.0472434942509199e-4,2.218395500428559e-4,-1.2168950895451371e-4,1.3849709947597163e-4,-1.1628784409058891e-4,-2.2848066077790048e-4,1.4104932608902446e-4,4.602039169322414e-5,6.647136993094409e-4,-6.838986425561805e-4,-1.121247893871049e-4,1.8751162668649454e-4,2.3807085945436795e-4,1.983819439099937e-4,-2.886526314041904e-4
C15-C15fz-C15ni-C15cq,0.005854696244295888,0.006778828978140676,-0.005871382771532866,-2.86085998370972e-4,-6.37605718221617e-4,0.004042996729020328,-0.01064837485061221,0.011962206220593744,0.013448804090711948,0.006431933584184669,0.009035690634232563,-0.027112076476251346,0.0041778672990507556,0.002091679826979383,-0.002964349788258762,-0.002172093241595226,2.7967144635584535e-4,-2.2951987382945768e-5,-0.03284578197404774,-0.0031835818437668125,-2.3663872499658147e-4,-0.013073126029750028,-0.004680455160209419,-0.0035416842852569095,0.013429105814688504,-0.0017844076145688528,-0.013773783825949236,5.941496758969186e-4,-0.0013129281545165858,-0.017771217090864315,0.07093340335458524,-0.03224893378474476,0.006590441444831312,0.023134043631112093,-1.065122785650471e-5,-0.0016963760622413552,0.0013477547989588486,-0.01305410711370187,-0.001643422935883641,-0.0020604618635059785,-0.008901078395581187,0.0028590165005024505,0.0036926069652475422,0.008760321282019019,-6.488869380893722e-4,-0.007586279913741986,0.0030820755067871956,0.010139735217338514,-0.005956379173466187,-0.049989507770244995,0.026408129845634433,0.006926906634904018,-0.018446727355458787,0.005244637815504423,-0.0011821903807993795,-0.00922325282040236,-1.4150539414987956e-4,0.018293981631478558,0.0057855539804824024,-0.004814078605594385,-0.008971608158646439,0.0060182592550650634,0.006364100056618819,-3.954224085065618e-4,2.496418258988871e-4,4.238396385087965e-4,-0.001396478898598501,0.0025743436615684383,-0.0037014288764928493,8.556779746349247e-4,-0.0013212376671015895,0.004451671585530914,-0.0041812349866884166,-8.601224461541921e-4,-9.788557230820656e-4,-0.003276272682216098,-0.0011273180845852977,-0.00152245066468368,-0.0019210240208512985,0.0028401836099451448,0.0015110471006433129,0.0017767492228828302,0.003954373534318083,5.047657140737824e-4,-0.0011603280468847656,9.44207669539258e-4,0.00147639635767847,0.001042423917476075,8.748127093703204e-4,0.0011725882369263817,9.074161563208958e-5,0.001512930232367178,0.0017994943756940867,-8.815366113169654e-4,8.285277079108074e-4,-2.5645395270775575e-4,-4.458028230637423e-4,6.06369411693117e-5,-1.0261091181914549e-4,4.5764649670989156e-4,-3.9620696073525456e-4,-5.001798583924642e-4,4.989558843303022e-4,6.568896268635872e-4,-3.664521856045769e-4,-3.544509873970685e-4,6.392244585996073e-4,5.720769377462066e-5,4.760102194457368e-4,2.8507671063537037e-4,-8.521032856961831e-4,-1.567630503482372e-4,-2.004597026492899e-4,-3.34791687613559e-5,-4.742603044769573e-6,-8.797170354782953e-5,3.824579322044066e-5,-3.0917561521142056e-4,-2.408322338178941e-5,-3.628659745823674e-5,-1.0159238198855611e-4,7.13536060824849e-5,4.500331543076828e-5,1.2009978951191284e-4,4.037308278608218e-5,-1.7040210693334998e-5,4.130950998692084e-5,-7.690868893132563e-5,2.8703702730318173e-5,-4.126892903295489e-5,-3.4010906605510243e-05,-5.793795316912822e-7,4.6070224684688245e-5,-1.2009293766383245e-5,-9.317785876163e-6,6.602970090525633e-6,5.880182829680789e-7,1.4310511214125251e-6
C15-C15g,0.006122097748509067,-0.001579749446692303,-0.005452262016992126,-0.0013600960218510978,-0.0019386992292076933,1.1829236408283994e-4,-0.0038034493339007595,0.0012695671410805009,-0.0023112391608826315,-0.0013143795400856295,-2.0389791355062382e-4,0.0028095189208604725,0.0047595018001551585,-0.0035116980714944455,-0.005843105353452223,-0.0037883094810729568,2.998930646720548e-4,0.0022382634470134,2.96365707132508e-4,-0.016514147094034128,0.002579658140716472,-0.010390710902401732,0.012775019434694238,-0.008464785643723976,0.012177601178165383,0.019457693403046372,0.0173554533932442,-0.002037841367399948,0.006244721234813291,-0.030511453506997584,-0.010712423143133584,-0.005131357485218804,0.025993928201764552,-0.007053423308027486,-0.004526714556574957,0.006243768201354607,-0.0020849044687546044,-0.006158566513726865,0.006258215878933975,-4.969443649177973e-4,-2.3053587425317466e-4,2.5141925223047236e-4,0.002585491025053504,0.002093204724448758,-0.002696176187873718,8.817460359464357e-5,2.0639207253003285e-4,-1.3601257033343738e-4,-9.364376782471105e-4,7.094259671054953e-4,9.534562359663203e-6,0.0019901929392720165,-0.006407928398059984,5.665694097588667e-4,0.003340718997211476,0.010609211407839362,-0.0035582383192209787,-1.9752941782071832e-4,-0.003595377084317073,0.004168056681365839,4.76498925092526e-4,0.003529450620839043,0.008390342476749413,-2.49382780635129e-4,-0.0015846512682676434,0.009233151384729972,0.008525272027918637,0.008341997246249856,7.348017258320968e-4,-7.393880518487812e-4,0.0037674920011803873,-0.0022895365974466403,0.0030514168545571958,0.0010704318576742772,0.00932349613496954,-0.0024972946676726318,0.0019264596247408814,-0.002113998010873973,-1.3744927206220048e-4,-0.00106903558817575,-4.0202570111927145e-4,0.0010017127977850853,6.0714788676511965e-5,-5.105702206295691e-4,-0.0016304527696102392,-0.0015366636585346775,4.449440166974772e-4,-2.740551556796283e-4,-0.0016844728845754988,0.0013756057227757113,0.002979675003614066,0.00101245800760735,0.0024313661462570997,0.004671676371451615,-0.0011017067828355564,-3.16964455971541e-4,9.251709329126617e-4,-0.0011155324136958797,0.005094724615190108,0.0011023286979894061,-2.848769670355381e-4,0.002906055535928709,-0.0010392221951730212,-1.3345113883368422e-5,-0.00520953768651455,0.004312633546750963,0.0018841492866782338,-0.0032667606049746386,0.009854512758924742,-8.72517035715253e-4,0.0031608337069955225,-0.0025667453165615487,-4.723014752941462e-4,0.001485522497165794,5.4367988018563715e-5,2.0514576088813313e-4,-0.0018271138529217343,0.0010309447115973004,4.75428068449619e-4,2.882952636589724e-4,-5.028047265695215e-4,-5.015240027398606e-4,-0.0012164452279162464,0.0022493623119535238,-9.453107226967162e-4,3.5521886286354047e-4,-7.221843821534253e-4,-3.550352824721415e-4,2.7684734751864975e-4,-0.0013851874547657528,-1.1252208214677817e-4,3.1279967673487246e-4,9.736574245800537e-5,6.024401134769969e-4,2.1738999048141096e-4,-1.7925387711638184e-5,-1.1033743527463508e-5,-8.675916171653847e-8
C15-C15ga-C15gb,0.00925167745625427,1.0479539803160975e-4,-0.011138686236779894,0.013033915844108275,0.007972285051423857,-0.02609473323410671,0.004336305725759647,-0.0045017279996572195,-1.2877214473567948e-4,5.682320020111603e-4,0.002424782059894418,2.972607582162326e-4,-0.00336361188519303,-0.010746021285923618,-0.005735824326668854,-0.0028609070323363543,4.969521221479749e-4,0.001133838603893689,-4.278912126501277e-4,0.00464811747155499,-0.0021034558005464284,-0.003076316326857588,0.004741006513467627,-0.0033607939366398624,-6.935163694830773e-4,-0.006747279553785763,-3.1438018533010213e-4,-0.003431463645874459,0.005141967489200055,-0.007412082046434324,-0.006792639269533697,-0.01182236549072672,-0.014021193063185463,0.007238299956865337,-0.020716155233544906,-0.007001068623730591,-0.0031051545575758277,0.0029677198863517977,1.2419255118749701e-5,-6.728965067291131e-4,8.739643176560765e-4,-0.002751609142521264,-0.006472447207510355,0.0034012491542806194,5.92487135002693e-4,-2.611125488759968e-4,-0.0016992202601263562,0.004865842210777576,0.0038482239230539484,0.0023840094781797747,7.836875068053071e-4,-0.0013915330601859135,-0.007428877831843585,-0.005475212878499138,-0.01231844886734794,0.0023685849100021747,0.007162842033205041,0.004003140451524531,0.00419871550813396,0.00465908357544597,0.0025518057928684106,-0.003754564104101478,-0.003092448528544028,-0.011200113816208718,-0.04456572478280567,-0.0019186955174915325,-0.010265598162863715,0.009695676146494917,0.00808648664577719,-0.0012519965710675641,-4.89360772899129e-4,-0.0027216068076768105,5.529676643550675e-4,0.0019272052300120326,0.00201900875481311,7.970649256622654e-4,-0.0022823451291163577,0.008039718218760638,-0.003546157751301972,-0.0017468988983481094,-0.003202971565034646,0.002277592133386235,0.00238395415377737,-0.0022353019914595164,0.004645137129835065,-9.118361852582637e-4,0.0048314633131811635,-0.0028482822531040322,0.0029296746986905097,0.0030841838442463685,0.0013745962089394689,0.001077674246814505,-4.929686817254076e-4,0.0012880784199942425,6.862062333742956e-4,2.108735297488077e-5,-0.0015565760807127176,7.425278549315719e-4,0.0016534422970472882,-8.028667173237942e-4,-4.764312521586967e-4,-1.879212372578016e-4,6.700732052078351e-4,0.0024431159852389655,-0.0011825921072833063,6.576828672543204e-4,-0.0018615766610282215,-0.001501827447222532,-0.0014313524597909884,-0.00898938189866263,-0.003972139511455319,0.004787231460887924,-2.4178224479238364e-4,0.004845355227467128,-1.4908572363928117e-4,0.0024208085780289003,-0.003110313190536974,9.587518246981988e-4,-4.1087707026126686e-5,4.2045992757442773e-4,-1.0137440681642944e-4,3.9611791604551427e-4,5.128122983182546e-4,-4.693157756391109e-4,-2.7512863888965128e-5,-2.809726152709327e-6,3.3091590977590347e-4,3.3836331018180185e-4,-3.510893078531965e-4,1.2060548127344364e-4,-2.8456898550818246e-4,2.294218676837427e-6,-5.3037811214504323e-5,1.4637845856730118e-5,5.538045368026336e-6,-2.2550276843561588e-6,-4.968534050711193e-6,2.1732169213345815e-6
C15-C15gg-C15l-C15n-C15bb-C15.8,0.013783790839037628,0.0013878871928469027,-0.01704608148150355,0.0161060891897893,0.009148088430492678,-0.015647528883440384,0.003976779024235509,0.00246627353883262,-0.0021459628542137813,-0.0087464595766639,-0.01621709797605679,0.006880305312571486,0.007624753315722558,0.06743011262783484,0.01965031959279901,0.009038199474440428,-0.001133695079855907,-0.0018685091130804105,1.876871229727379e-5,0.01662062465942286,-0.0037736402020329576,3.279993933986449e-4,1.3233891009972589e-5,-0.0012901494244303045,-0.0021536992740599867,0.004399137218021385,-0.0013073155308539531,0.0033734232569527897,-0.0028967943407736375,0.0041518098794097015,0.001596404911071576,-3.747975434419174e-4,0.008860044563043176,-0.001715049828963683,0.001359945539478902,9.331321973973865e-4,-0.0014293259371387372,-0.0011121314190325594,0.0108466720379879,0.012372980907584888,0.004702262568667922,0.0023650219189902443,-0.01372594465464836,-0.003022911889476212,0.008199414428759374,-0.0037593343215402415,7.157735165763399e-4,0.002399907992692549,-0.0015450914088540703,-0.003976578206674351,-6.811105661244542e-4,6.561485976007439e-4,0.009463571126619275,0.006270074535296819,0.012704728104391473,0.0016020762313579062,-0.004027241870387088,-5.331837185992258e-4,-5.463403838332047e-4,0.0016392234345315644,-0.0027044250832367967,0.0016169732962285437,-5.849881721658287e-4,0.0036931555749502446,0.0033440585535871236,-0.0016218532315815212,-0.007528477901992052,0.007802166089963229,0.006112477467660106,-0.002556516293689889,-0.0010598201536024352,0.0013235486494841656,0.002810451772416072,-5.935871451300366e-4,8.328162741071749e-4,0.0017647396676567992,9.676258571431947e-4,8.130252014394274e-4,0.003745215937401429,-0.007174280214456829,0.016261416153133968,8.153787346225188e-4,-0.002091971479996921,-0.002599091848455952,0.004801271688264933,7.559909321180536e-5,0.003890137529893318,-0.005155838497314614,0.005280678023683046,0.0037856259346354406,2.1230812984883416e-4,0.0017207731574976493,-0.0020264408764009666,0.0015422725744603757,4.787003003383644e-4,-2.0313908699116427e-4,-8.339719848950247e-4,-5.654507705260725e-4,-0.0023436884396107276,0.002533726251407592,-0.0025586505006118983,1.498826274702671e-4,0.0010844222882215571,-5.023639912893549e-4,8.754615520149749e-4,-3.8785991827602147e-4,7.578832857564596e-4,2.115081237088941e-4,1.533824042540839e-4,0.0033792696206533944,5.989933812283437e-4,-4.7820463702441654e-4,-0.001978577915194774,0.0014428171357690834,-3.0311376094308256e-5,0.001023003046514798,-8.38017623863014e-4,-8.905104100056609e-4,1.3919238596320875e-6,0.0010632451462585255,-8.487708795558346e-5,-0.0014638638228868372,4.7229938127279423e-4,3.3505398134711303e-4,2.590626668269269e-4,-1.1314959241845235e-5,-9.653590057716999e-5,3.5899601154444047e-4,-6.788375953767048e-5,-3.8553417618785146e-4,2.5643685444920504e-4,4.87341259373461e-6,2.252301263434748e-4,-6.16703788439447e-5,-3.86753434288319e-5,5.1525764638872726e-5,1.2794544466262418e-5,1.2150169252611435e-6
C15-C15gj-C15cn,0.006013470794815605,-7.485085064783386e-4,-0.005508678659695388,-0.001651326905359117,-0.0019361763632774161,0.0011164933088576028,-0.0062395609405821156,0.006677342963529711,0.006910231726360764,-6.041353770372595e-4,0.006973487199380993,-0.0042245536666222,-0.002325779391706516,-0.0018211176186331733,-0.002530387393783903,-9.382786154668968e-4,8.504506604218514e-5,0.016472975142889045,-7.532335473396206e-4,-0.0035534740374771378,-8.375515533050053e-4,-0.008314967727793032,0.004669900562811794,0.00134953775987473,0.005089792476761428,-0.009078220307779751,-0.03252327780734905,0.0048841752544575975,-2.0255921526308204e-4,-0.002663982648422435,-0.016152584846103525,0.008424265961483436,0.003538783195030923,-4.0056498385401134e-4,-1.559177168034706e-4,-1.7255691397316406e-4,-6.677533033062297e-4,-0.003972854378602744,6.857691071417677e-4,7.460559219615574e-4,-0.004373625974796418,-0.0023560805034902044,0.0034584434579215885,0.011943051914696627,-0.01495603504896896,-7.915566780676239e-4,-0.002081739953775181,0.003041752775015738,0.007132348805623862,-0.007812164200742795,0.016518730990289734,-0.0027415240818458833,0.03678104368834332,-0.0025238676069403087,-0.006634984942262217,0.02233168765535378,0.0027993424722195727,0.008312293138805183,-0.0016500022127039417,0.007088296333495957,-0.0023676859059993047,6.922560566419513e-4,-1.3598026737282544e-4,-2.351270723514958e-4,-0.001317863122088825,2.730286513154486e-4,0.0017112545441605091,-0.0010786116445265323,-0.0016118607101132823,0.001502583907241819,-0.002993871009532991,0.010920116930129918,5.351194081303837e-4,-0.0017655281709981789,-0.00346476833444086,-0.0010879530127015239,0.001018642827056103,-0.009177112227574627,0.004569706493106994,-0.0022969330912154503,-0.005264816241207082,7.497789026884029e-4,-0.0011369353515741946,-4.824277735282597e-4,0.0023288361755882314,-5.559065881179934e-4,0.001917853368178268,-0.0021829738160444425,0.0010134674387436652,0.0012000899618897034,4.107022591178625e-4,3.5421095081460303e-4,0.0015440922524401156,-9.608388011904496e-4,-0.0018951884667819073,6.815954267753837e-5,-0.003451346726117102,-1.548424178918184e-4,0.0041165002871420475,-0.003965995486941998,0.003954698561926019,-0.001959829217328062,-0.0010537209295430235,0.0013316888353212405,-0.0013398076320597727,-0.001519252330499432,-0.0016387649340597454,-6.411030624628931e-4,-0.0015386541399621295,-2.3687246137323893e-4,2.980596223243329e-4,-8.272163874081479e-4,-0.0013171471034340645,-1.0726476675342207e-4,1.4436494161485876e-5,5.5967796604079326e-5,-1.474384620805517e-4,-1.5929185749847345e-4,5.926679452059057e-5,2.7325112098775325e-4,1.8240860129016908e-5,-6.691347271399508e-4,3.4652379653477404e-5,9.131621012263644e-5,-2.340919193080532e-5,1.6174641549376443e-5,-1.4646152669371247e-5,-2.937075339567655e-5,6.999414469532856e-5,4.626646620621932e-6,8.315858515757325e-5,-3.281079607953026e-6,2.9736093312216194e-5,-9.189579972163974e-6,-8.032160700986317e-6,1.025670097370649e-5,4.239139303731922e-6,-4.695193799977853e-7
C15-C15gn,2.807460614374297e-4,-0.0050761706448315715,-4.025850095385428e-4,-0.0032405986335512357,-0.003434687284493356,-0.0034080250624494595,0.002284581565938977,-0.0042799709019543455,-0.0010211083203569837,-0.001331350122133652,6.984585129519785e-4,0.00430899102284511,-0.0066376512259603716,-0.004987978544105601,-0.003214625833435784,0.0015530851973478985,-0.0016791548626848346,0.0033677500466420453,-8.918509353055225e-4,0.0034836941630693075,9.133508625619158e-4,0.008417597945194028,0.0012074001012213251,-0.00518257471777213,-0.001050269985807571,-0.002292754410309733,-0.0032922004460130224,9.564546903468141e-4,4.2579963501164844e-4,0.0026428108500597116,-0.0012369976806955402,-0.006106084180308776,-0.0012432363566701363,7.538414032340628e-4,0.0023210172408472,-2.2156089844122575e-4,-0.0010485596805571576,0.0017171260464466467,0.0013477472107797936,-0.0032068450131575547,-1.5889187190568516e-4,-0.0013766262592307629,0.0010370326384942273,-5.054218425255524e-4,-6.242443807909998e-5,0.0034661109307512813,-0.001053340440191149,-7.828245713884238e-4,0.0012659361716664036,5.692394739667905e-4,-2.1197048498074306e-4,-0.0018594018286419475,-0.001383671996571183,-6.450625840509403e-5,6.613571625837525e-4,7.89811601282849e-4,-0.0027634246536334408,0.001413587274246943,-0.0012482384833022407,-0.0028867718122519317,-7.582698817252721e-4,0.0023634523398651432,-5.901782360467048e-5,-4.5227186428041424e-4,1.637422229682474e-4,7.451530961873165e-4,4.040747203036663e-4,-6.899959307744055e-4,-0.0013750760175351238,-2.5767459813364e-4,4.684789161814597e-4,-8.685404157454753e-4,-0.0018216826591374656,-0.0012785380806374384,-3.5915083260356886e-4,-2.9582821101571905e-4,4.768277046500905e-4,8.66561756697242e-4,-2.801828226732732e-4,1.6927146923749033e-4,5.13281597322319e-4,-0.0012523586607069651,-7.409604521512039e-4,-6.333359497899597e-4,7.594738776352252e-4,-4.898573880566611e-4,4.6637054255428543e-4,-4.7595659116535905e-4,9.612263401457939e-4,-2.4851695938537806e-4,-8.18323923067384e-4,0.0011678498504776097,-4.706710449256811e-4,-5.916258345689932e-4,-4.018684278411989e-4,1.3567665550365986e-4,-5.186847168753938e-4,-8.050292554046198e-5,-1.9174030572503817e-4,4.129254448074309e-4,-1.9388751372482514e-4,-5.537926791487576e-4,2.6561988800153464e-4,-2.530065113855621e-4,-1.9735454492882383e-4,2.4056012482214997e-4,8.903305671123592e-4,-0.0012530689078803145,-5.405432293398581e-4,4.403041534334496e-4,2.7107544913435044e-4,-5.555436160677311e-4,2.1690225742331315e-4,6.045914759288979e-4,4.663334356651622e-5,7.802674589674544e-5,2.909655072964428e-4,2.683034743440673e-4,9.798231885979669e-5,-1.2050509152287101e-4,-3.378318492895524e-5,3.0314815865403463e-5,-2.451534546793608e-4,1.8280253401537045e-4,1.0717751852976954e-4,-8.488425112463886e-5,9.982526265228787e-5,-1.2319237640883926e-4,-6.926673803560417e-5,7.261148637180199e-5,1.7388901470600585e-4,-5.391206813026258e-6,2.382854991271085e-4,-3.858920805652751e-5,-1.2573095176761958e-4,1.661104532022336e-5,-2.9178747880771405e-5,1.380010692059522e-5
C15-C15gr,0.002150882094474725,-4.966089682163978e-4,-0.0023503523871142022,-0.003199465161174506,-0.002644863199760195,-3.3813266978914265e-4,-0.004757918947958695,0.006898289308472778,0.0161745711710071,0.008666959871250357,0.009630421175478588,-0.009772089509641545,-0.008256507040863273,-0.002390663654679368,0.0024029563346114006,0.0026987668109589337,-0.001102288948114325,0.015263968175810848,0.005750662050541386,0.004626479328402718,4.081736195738967e-4,0.008969480920600873,-0.0012165716229585771,-0.0050136575979732164,-0.003588033125987277,-7.794214275200606e-5,0.009803312425875493,-0.0018566910676925319,0.001325746504022855,0.0039636330287860025,-0.0026683459485684533,-0.004662403512185403,-0.003889815882271994,-0.004406505629838986,0.0013708615115831286,0.0010494249602926548,-1.6714558785013622e-4,0.007304716047648946,0.0021738699216814796,-0.005257876516653015,0.004544548384435045,-3.666284825834526e-4,0.0011302586498281111,-0.0021979967159632303,0.0031912639281500878,0.00233518149687719,-2.4332664009440438e-4,-4.816027283036479e-4,3.4893891852931085e-4,-3.22408166553725e-4,-3.062655926957883e-4,-0.00120264817255664,-0.0011672902430126906,9.827055362751083e-5,-2.1451107768494465e-4,0.0016322127350068617,-0.0014759830911337483,0.0010851768094637725,-0.0011572625405883714,-0.0011544116164870564,1.0244813009047178e-4,0.00101063233543061,-0.001023835690584296,-3.7859805323097525e-4,-4.9328151955281257e-5,2.5794712436737514e-4,3.661098055754522e-4,-0.0012047357556437602,-7.911290285062322e-4,-2.7832232601572923e-4,7.778430825115342e-4,-0.0031787073338525643,-4.632128711086621e-4,-8.960398326408712e-4,-9.673962878458852e-6,6.815416304889454e-4,6.215006913030427e-4,8.63260164699725e-4,5.593638506561907e-4,-6.833880336307616e-4,4.200285731478463e-5,-0.0015917436223548168,-0.0025114160500394225,-7.172978200310759e-6,-2.475335301146062e-4,-8.241496662570097e-4,9.744177947771769e-4,-5.862871175032391e-4,-1.965882113609657e-4,-0.0017245790421221174,-9.285882000522895e-4,-8.581342445532688e-4,-0.0027647085683040664,7.759028225934647e-4,-8.732122398825583e-4,5.747837756814191e-4,0.0019199512130074182,-1.657001241858209e-4,-0.001463783753995867,-2.439495121178013e-4,-4.531317470432527e-4,2.465829262924187e-4,-3.1386587816883754e-4,-2.895094611710582e-4,-0.0025649376255545146,-6.203009975174749e-5,-6.366357273743442e-4,-0.0018225166837526885,-0.0010107751055936675,2.67305414738824e-4,-0.002491534006091782,-0.0024332993727766185,-0.0061000410968195425,6.87545561202119e-4,1.4583707194940589e-4,-0.0020950469448551686,4.3206981830152066e-4,3.605092031149531e-4,4.061361610228806e-4,0.0010677671900222708,-5.632138971590976e-4,-0.0020678242873755277,0.0013070620315568933,-9.091710632953951e-4,-0.0010864205156802525,3.8954858180284606e-4,-0.0019333719007745618,6.423856840799611e-4,-3.289905833923788e-4,9.675245211544525e-4,-1.751183207774252e-4,-2.8301580849594176e-4,-4.4846785056466316e-4,1.810584967051066e-4,5.129092556228701e-5,-1.6516848245424766e-4,-2.3806687448379735e-5,-7.609704627966226e-6
C15-C15gs,0.0057992931218451916,-9.732910862333357e-4,-0.0050607925256840915,-9.500198240934371e-4,-0.001464161567438775,4.418523361493043e-4,-0.003368558947787665,0.0013113820516011416,-0.0018073868729032937,-8.091309136015574e-4,-2.1946960663914234e-4,0.001893487552406905,0.0013135400070417274,-0.0013331897375364046,-0.005549514438558923,-0.0022708602587987467,7.030168404952274e-5,6.58638530213306e-4,-6.489845886642924e-5,-0.0015180689501918263,-9.750405022622643e-4,-0.0035242089551503083,-4.471473068894077e-4,-0.0022961419729598813,9.234555846781518e-5,-0.00570797117068207,-0.0012525210897342415,-0.0019531070928652204,0.0024584225323632633,-7.399759237144843e-4,-5.667721705832832e-4,-0.00461250980393962,-0.003127318500442153,-0.002288932071440521,-7.347002969056061e-4,0.0020213728303122864,6.236785320728246e-4,0.003838557114461294,2.4054746694340454e-4,-0.004121393823702638,-0.003969192458934031,0.008410150548114927,0.00496269873052836,0.005395922039244458,7.276652684657056e-5,0.004332455617034448,0.011390444887885957,0.02569605925586047,-0.0548025051017166,0.007266612938030865,0.004529208068742427,-0.0017593868471289815,0.004550424737614266,-0.001478686400865759,3.5088748462978956e-4,0.007093833206403091,0.019482856797543496,-0.015655596039264686,0.006738175103464462,-0.004718683567921573,0.004473531890736149,0.008713558148741911,0.0015290140636514597,6.989731119715811e-4,5.653803232522768e-5,-6.047077629912122e-4,-0.0014896854518415112,0.0028409861959181313,-3.344364882912602e-4,0.0010854176070990455,0.006053779465702958,0.0013694049086738758,-0.004276245182331818,-9.210784060780903e-4,-0.0030309605843366035,-1.6133424403488064e-4,-9.943978286944192e-4,0.0010036490909967818,9.325051662706527e-4,-0.0016065323466465777,-5.800751717740744e-4,-0.0013738850657906464,-3.2976025878066835e-4,-8.566424337880538e-4,0.0015070068770043237,0.0030695872425786867,-8.299061626583303e-4,-5.663534511548871e-4,-6.035026717969499e-4,-0.0017927922113516598,-0.001632477912514635,-6.249395623366878e-5,-2.157144237057959e-4,-0.0017762876058148227,8.131655104710992e-4,-3.039295286501815e-4,-6.66072092591998e-4,1.8137936260914522e-4,7.993000477377164e-4,0.0010243376670535918,-4.801485559165928e-4,-6.212676429143814e-5,-2.4017202336372663e-5,4.144654303372204e-4,9.544929025705648e-5,-0.0016917882803187555,0.0013091240305498392,9.609083836881986e-4,-0.0012291327150653322,-2.8568520366292626e-5,3.651669932147847e-4,-0.004121883644652177,0.0017821758225462076,0.003784707567292222,2.144059644821701e-4,6.396624343420643e-5,7.078964444690196e-4,-4.6485334670310773e-4,-7.394322103899168e-5,-1.1655165006919826e-4,3.0567451726823646e-4,-3.200290621415992e-4,-1.958586357057482e-4,-3.600458918291687e-4,4.5111570188294107e-4,-1.606710387772302e-4,-1.0418623554299369e-4,-1.6687381501870867e-5,-2.9850898421554246e-4,-6.499420720651809e-4,-1.6859177032627876e-4,-1.3853687764323776e-4,4.382364652110639e-5,1.1144358270471597e-5,4.6778887442758655e-6,1.896646597783451e-5,-6.382157473342714e-7,2.055643165149381e-6
C15-C15gs-C15ai,0.006607233286989944,-6.687355466634134e-4,-0.005861794990946675,-0.0010228356284159674,-0.0015454980056005172,7.08718764563107e-4,-0.004499109342922719,0.00241898063008095,-0.0017000685822690894,-4.270183211614815e-4,-5.182964961998954e-5,0.003221018099377927,0.0054651973567140626,-0.0017949660415122206,-0.007669656751409018,-0.002651617619604939,-0.0025318531182973,-0.0025826910117065964,0.0019605955906591087,-0.0027903419828362143,-7.46995803992938e-4,-0.008503089094389257,-0.014551929729914035,0.010526360257182314,-0.01173868248594168,-0.00846831338539943,-7.627810699502441e-4,-0.0025492781114107616,0.003612281654259019,-0.009288955511208364,5.145568923389663e-5,-0.006810604202213369,-0.002637641001295922,-0.007841054652448857,0.0031882578630407234,0.001653323046265241,4.302581643131152e-4,0.009125115125142564,-0.0014425420716904609,0.0019652448985200493,-0.007075907150579854,0.0063897908138062795,0.004123602271657617,0.003825464622530549,-0.003216641287920842,0.0084354527261837,0.011931361024033067,0.028166519917054787,-0.057637626951716696,0.011553707289642718,0.00712895930886172,-6.233828019940212e-4,0.004549263943057135,-0.004064273296292704,-0.0018451154545190377,0.003587822761393641,0.007996569873362844,-0.008648633534332094,0.0020102571193636753,-0.003226130521839476,-4.910123069084585e-4,0.0014332387359186312,0.001361777528694091,1.7948378746261628e-4,2.829725382357487e-4,-8.50425776530005e-5,-0.0016492287970874928,8.107218848964055e-4,-5.908778377300151e-4,2.4008829842702145e-5,-0.0016731835038780536,6.555570568863373e-4,-0.0014449550020630708,1.7108591743037263e-4,6.900412668338692e-4,-0.0011093424844498254,6.418825833597931e-4,-3.388529528322945e-4,-0.001073588468943079,3.958395949868935e-4,3.495066289495857e-4,0.0010188564491106708,9.132978833650867e-5,1.0917336312123422e-4,-4.505107360557521e-4,-0.0013747339497440563,-1.3611696872448673e-4,5.854654015440032e-4,4.204302318256123e-4,5.619994033875792e-4,4.600431843918855e-4,4.208243998792882e-4,1.2874336006622094e-4,9.106182357519231e-4,-3.1934141778573835e-4,-6.929352045449855e-5,4.947420683654206e-4,-7.016072770642898e-5,-9.2443121492808e-4,-1.2151944847044356e-4,6.477210619787683e-4,-2.410740682234322e-4,-2.4151809550054625e-4,-6.592836991713356e-4,1.6827057577741765e-4,8.802850314980293e-4,-7.574156283892732e-4,-6.021653384759866e-4,8.759424670435225e-4,1.790450071338027e-4,-2.4280061648615934e-4,0.0030726424660446144,-0.001529219144166614,-0.0031489264088444134,-2.1004512375271688e-4,1.3786608974634525e-4,-5.561168407587032e-4,5.686057427891162e-4,9.383238866945088e-5,1.3130835240294722e-4,-2.451507623307632e-4,2.0188191696143997e-4,2.0829391571398174e-4,3.278971843034994e-4,-4.6371623459701974e-4,1.5917318497343677e-4,7.84375426787016e-5,5.002150280879832e-6,2.4287352814460406e-4,6.336701729149793e-4,1.311070908763936e-4,1.3608919363812283e-4,-3.367142405100288e-5,-2.0180508152031345e-5,3.2019225321535906e-6,-1.5348544775948422e-5,-6.782146212991185e-7,-1.4368650189025946e-6
C15-C15h-C15gg-C15n-C15l,0.013968795223551466,0.0021060715238157743,-0.015327855272181924,0.005912827776317937,0.0017940523661932396,3.2780877827701723e-4,-0.016258117781779012,0.023073011998792553,0.006227717090637588,-0.006666999160505112,-0.0748124882546925,0.0026996934305026335,-0.01585939056285312,0.024030902102093733,0.014657287062833958,0.006721451999905373,-7.388561307396074e-4,-8.471554136477704e-4,1.4424353111300675e-4,0.02221645439714497,-0.004195713421525269,0.0033098049465882817,-0.003067120340551966,0.008916939507899544,0.015254199850830777,0.007759919282099475,0.0016567033584699497,-8.034177496795584e-5,1.855791425116713e-4,-0.0033829191197482056,-0.005645568269994957,-0.00522998308911486,-0.003491838620645034,0.0011131300618875957,0.005786344109433459,-1.461006314661005e-4,-7.034808019319297e-4,0.0010634617993091889,0.00753472821993267,0.009318178895179515,0.0026573385500710594,-0.002475180091421574,-0.03054467621420081,0.006459045953331645,0.0035201269002800677,-0.008111324083434197,-8.567748962295567e-4,0.007804581236980435,-4.2697206479738406e-4,-0.0030674771195474135,-0.002612846828236784,0.0016914918060270388,0.012453315537861762,0.010554607814239517,0.024655708995469018,-0.008493779760781079,-0.00959999796212188,-0.003636090748585155,0.001254779618166511,-0.009588423739621878,-0.0031886932696238005,0.001082893914794549,0.0017810547147767337,0.00457638370321225,6.126147293752265e-5,-1.3361503977774928e-4,-0.010501940610955824,0.015158743888486812,0.01070742906055005,-0.0036471610258856134,-0.002382397237358579,0.0064428436104911535,0.004237215147887727,-3.49227606018692e-4,-5.626788177829237e-6,0.0019213229130261133,5.99460832921782e-4,4.555003250616154e-5,0.002934678207156025,-0.004853838677971498,0.0065122599619237154,7.575036035622854e-4,-2.8403815047602673e-4,-0.0015584463822149962,0.0032835145302827153,-5.719682174839443e-4,0.002389459955041755,-0.002252124238181107,0.0013113595501547026,9.497440968392063e-4,6.415246733208569e-5,5.60539814854239e-4,0.0013585273372708566,-9.399215212208539e-4,-0.002303481101996911,3.868121353432919e-4,-7.011196639535347e-4,3.3295648950416943e-4,0.0011331749757900694,-0.0014830311614433861,0.0013375618875825558,-7.420770894854323e-4,-3.2876320481292805e-4,3.475442864275772e-4,-8.779480752690742e-5,-6.210091040555013e-4,-7.016671052568283e-4,-1.145090203989723e-4,-4.335072314005671e-4,0.0010682415191857677,8.007109953863714e-4,1.84314058706712e-4,3.0328012107320095e-4,3.0537310557795887e-4,4.6763300277163234e-5,-2.597913297439483e-4,-5.031448100686236e-4,3.1218128449480654e-4,-5.400719172985112e-5,-2.1738496863805292e-4,4.359307570474187e-5,8.057155744827476e-4,-2.745284158236248e-4,-1.9463495837859082e-4,-5.078820269587973e-5,1.3889363105408592e-5,2.5443414208043514e-4,2.4349465191872535e-4,-7.643088202384529e-5,-3.7562275041391786e-5,6.319370857891831e-6,-3.608489353370007e-6,-8.640942980501659e-5,2.6959521598249283e-5,1.679722326690063e-5,-2.454151449116036e-5,-2.880009243572181e-6,-8.898512600883376e-7
C15-C15h-C15l-C15n,0.011718280072563368,0.001000615929416353,-0.013014425444393234,0.004697894354118067,0.001197361017789171,-6.243907842099939e-4,-0.013268913835915814,0.018801950295503946,0.005162962201339006,-0.006198538255030336,-0.06326699299134654,0.003153240674954182,-0.014758341330640138,0.020987451823937634,0.012459144745363866,0.006078756642185235,-9.542948672012083e-4,-6.695233461997731e-5,7.819200504041958e-5,0.02083000164617741,-0.0038289824677214114,0.003911565803836236,-0.002582427520792157,0.007383139889977083,0.014098044072873852,0.0068552356683183845,0.0015603456297363116,-2.9301730601044546e-4,7.287537002430537e-4,-0.004195179101368272,-0.006179053793582469,-0.005667526216231679,-0.006377323882137712,0.0020566528258934244,0.00592115743398342,-8.508536782620061e-4,-2.20766134041577e-4,0.0014593248802125735,4.5696472102473555e-4,0.0012032487291461856,3.137641077737987e-4,-0.005349682414739033,-0.013977344814054599,0.0069561390082633024,-0.004425081802082755,-0.00199356164251033,-0.0020491610785149123,0.0031443675573069704,0.0026610929913035665,0.003458155563939137,-1.5324018193498855e-4,1.17403428263473e-6,-0.0033759883547494975,-0.0020856791239189944,-0.001292481082725901,-0.006888069261053698,-8.394381740439068e-4,-0.0016877918217233102,0.001610078802066368,-0.009234342589355104,-3.286914356451251e-4,-5.152721167667438e-5,0.002291282056972964,7.783188207599964e-4,0.0011084958699505946,0.00183936349948968,-1.6391517653935565e-5,0.0036263043134382132,0.0013408562356753302,-3.3368854595182384e-5,-0.001364599630220892,0.0054743548933205615,7.08356023540142e-5,-0.0011644720707465299,-0.002603645846361874,-8.610061689427408e-4,7.627604376938582e-4,-0.006197968376638122,0.0010924592801555165,0.004102426923333725,-0.00884460615904634,-0.0018016527982288694,-1.9556319955901197e-4,0.0029188809193283678,-0.005669796126762337,3.655316973803714e-4,-0.005438973850336779,0.005584090135201525,-0.006225701191640374,-0.004986363411149896,-9.536265107688771e-4,-0.002290544649641081,0.0021493862242017844,-0.0022863249472761396,-1.1621917152996052e-4,1.1666056496026616e-4,0.0010940331842414878,-0.0014169460277585308,0.002652054974857202,-0.0032498867687789953,0.0031168331859376406,-3.173527480977898e-4,-9.59907657623819e-4,-3.1519394494194925e-4,-6.968077622925303e-4,5.76047329496213e-5,-7.818600185049131e-4,2.1125724762875232e-5,2.765053179671211e-4,-6.612218061182604e-4,4.95424862783624e-4,9.301283910503438e-4,0.0017586010726849766,-4.1595113355681943e-4,5.800766889946037e-5,-0.0011142185668129901,0.0014862342550797942,6.737322909003675e-4,-1.8881543220621206e-5,-7.370299761527856e-4,1.8388170537566006e-4,9.531384198802496e-4,-2.7293863793920826e-4,-1.7239069608815293e-4,-9.64641786211623e-5,-1.8098575229427525e-5,2.449751162047228e-4,-2.8477179420591833e-4,1.313242445152941e-4,1.2973301571691856e-4,-1.095613553057735e-4,-8.712496517582407e-6,-1.4588890680875316e-4,3.649876990111211e-5,3.531685970931529e-5,-3.738767778258581e-5,-9.267417133663626e-6,-4.363392874015627e-7
C15-C15he,0.003590861936556182,-0.0031801980094008247,-0.0033616388971570267,-0.002255029144418299,-0.0029216945898716588,-0.0010956221832729592,-0.0018865762546552236,-1.9086920209027687e-5,-0.0034259524480677326,-3.3884189893295996e-4,6.102023638702879e-4,0.003777226468896062,0.005550596158352835,-0.0054774190163162885,-0.01702291763391549,0.021393371187585282,0.015220608504366786,0.004210477473833336,-2.719255413487115e-4,0.004674758331974836,0.0018607347147110874,0.009240244249244607,0.0015263404979448676,-0.003552048022541352,-0.0010659015052097167,-0.0024945586589370564,-0.001928761393156143,0.0012033159592375433,2.139452722954735e-4,0.0018525838018330332,-3.619143715121193e-4,-0.003484490780429692,-0.0010935299689245768,0.0011727283611071121,0.001339304905805055,-6.410851109422365e-4,-1.5439557550445975e-4,6.945657294932118e-4,4.987641381366864e-5,-0.0024065475904875315,0.004096129510128454,-0.0019337389191275485,4.8406146541606266e-4,9.933705633803124e-4,-0.00102699614594271,4.615987845628069e-4,0.0010682646454051369,-0.0032771162979737217,0.0014876470227029347,6.181460532207755e-4,0.003440479125724739,0.004824457853411465,-0.003013914528138279,0.0033599206720780254,0.00418546469689272,0.002429426711608665,0.008939892193316788,-0.0038774740010462496,-0.004061241552539506,-0.0018680546460094478,-0.005960200983962936,-0.00631588911290982,0.0014644240646452206,-6.562166735374191e-4,4.61899986781809e-4,0.0042871992933058555,-0.00327958188280887,-0.006234702137160301,0.0029572702667771287,1.711508176456624e-4,-0.0015038948174984272,6.518170513812615e-4,6.191547485281589e-4,2.0246994432360693e-4,0.0013278593903468206,5.092898655321402e-4,0.0019339960793277862,-1.4227600517981403e-4,-5.987220238731732e-5,-5.812155587015572e-4,7.995734946359561e-5,-3.3815563982170725e-6,-2.7628339607948073e-4,-8.666663789846194e-4,-8.671285912936207e-4,-0.009330482811927245,-8.918464528543329e-4,0.001341502172195185,-0.0010853079613848623,-1.9127581366270747e-4,7.422875684113002e-4,0.002004221151468646,0.0023787217688841984,5.191242033242987e-4,0.0012072357893559034,-8.925725857078398e-4,-0.002405566503516992,7.028679757639958e-4,0.002540867402822465,0.0029078164297766653,-0.0024780632769201313,1.6386586517210702e-4,0.0012415117090209123,3.830058230166568e-4,-4.909262769761631e-4,-2.793260635105838e-4,6.937330386110976e-4,-3.625946342574275e-4,-2.928708399497272e-4,7.111225280157948e-4,-4.566954459258759e-4,2.552986232388077e-4,-3.2151420908110986e-4,-1.1045264559122884e-4,2.3068024172927607e-6,-1.3625762818206974e-4,7.156515267989422e-4,-2.1775922959489248e-4,-0.00017794169893780781,-1.2018453960445289e-4,2.4574783181840934e-4,1.317346849578318e-4,6.784534042604881e-4,-0.0012710949375353273,-2.876299331285109e-4,1.8444373818489164e-6,2.3980581387847205e-4,2.70453430468074e-4,-5.760418693791369e-5,-3.81681822015767e-4,-3.941037561493311e-4,-1.591215313821108e-4,-1.947044927422041e-4,1.7447167268396915e-5,4.343500775038487e-5,-3.7036816938229666e-5,-2.090482518568543e-5,1.2908996412588436e-6
C15-C15he-C15ad-C116ab,0.00974268396328168,4.572288932345162e-4,-0.008859769837039793,-0.0011254603374277784,-0.00207527690125298,0.0025612639127663814,-0.009386763521134291,0.007916783049320827,-0.00351414215419434,0.0032366147951535403,0.0015957686828168066,0.006489243089072984,0.022764482032420683,-0.006282026006526531,-0.037456197662406356,0.03953139538479158,0.03227776049448649,-0.007573931768159247,0.00607660219509075,0.0016662407242620213,0.0011035090503586531,-0.007474871711996943,-0.03703217481729906,0.010321545941734754,-0.008837734097779895,0.0013770585916781407,-0.0014098429691096815,0.0030300889999201803,-0.0023039123351276335,0.0030788929590336613,-0.003836900669955987,0.0061237980680292564,0.011274508451053034,0.01170128958604907,-0.01074524834257948,-0.009502103794866492,0.0022549529195190917,-0.01829775460686885,0.011150947357944795,-0.03216871766356595,0.035739305939045576,-0.009846064676656904,-0.006027606641855975,0.00347600769446398,3.8381721620788786e-4,-0.007906196065140307,0.0038081119378531626,-0.014763764343605249,1.736875395834785e-4,-0.006193060684870978,0.0026231427087110657,0.004951589905510938,-0.0029571897047461298,0.005232981665870827,0.005440863376859441,0.004533753926333069,0.019670940256743815,-0.009775649964848665,4.769921117871839e-4,-0.0019542355471679753,-0.0030612564415232794,-0.002306948872364108,0.002275639568988644,-1.302768001726215e-4,5.204010662920644e-4,0.004640580160973188,-0.003955980468637395,-0.00525266521156465,0.0031249425730959786,4.6992678391332364e-4,7.324103032294817e-4,8.244919085212042e-4,9.321949491341174e-5,2.9336503137451287e-4,9.871239765768654e-5,8.931933526597606e-4,5.187650350746453e-4,-1.905590430450479e-4,0.0019982540663858886,-0.0031699190354379674,-3.1282476773756613e-4,-0.0012610322547247092,-6.995325751315744e-4,-0.0010127863670181562,-5.29277914092921e-4,-0.01179592027845113,-0.0019261138133694871,0.0018609632316515074,-6.347526436509565e-4,-9.274946284185971e-4,1.7987133238215943e-4,8.912702365315504e-4,1.7056545022072639e-4,6.223259884731787e-4,-1.159191811185581e-5,2.7131083659184786e-4,0.0026525205223457545,-2.6400082447653936e-4,0.0017938175493887834,5.930708953366536e-4,8.506869714178937e-4,5.740356671338038e-4,-9.805879151787004e-4,-6.337535607156711e-4,0.001106532769666148,-0.0010749759114593084,1.636610123451287e-4,7.045255838529569e-4,-2.7061028022317345e-4,-4.927700667665183e-4,9.412465950271035e-4,-9.562316143250039e-4,0.001001335505526613,6.469863244598987e-4,-1.873062929839539e-4,0.0021971265884351433,7.737933168265172e-4,-0.001379639757926057,2.764152304725111e-4,2.079725678265601e-4,-8.437710737194501e-4,3.510008985816548e-5,-6.695627308568701e-5,4.63734529204861e-5,2.18029246329955e-4,-3.361432639698075e-5,-1.718787754327265e-4,5.0087852581741294e-5,-9.299900801976575e-5,6.871196961421723e-5,-2.754933844872991e-5,-5.4101391921439546e-5,-1.4412348315571573e-4,3.921547664192279e-5,2.4833063070960646e-5,-2.966757271093902e-5,-7.18473041209853e-6,-6.096785249688172e-7
C15-C15he-C15by,0.005400071086727282,-0.0026881774963005297,-0.005090289617168793,-0.002236714806070679,-0.003321423520868549,-4.182333710679238e-5,-0.004964669097646051,0.0016010779210392334,-0.006074017198861788,-5.635840049550386e-4,7.927968791468382e-4,0.005171807873561057,0.02330605371584855,-0.014883788515357007,1.6757870238013936e-4,0.015980828231563302,0.011935084007587617,0.003558775076972618,1.775174079723823e-4,0.005534010895519123,0.0023709753048306984,0.00979108970122082,0.0026241797282184273,-4.3371612780439153e-4,-0.0025057828297426754,-0.0019317076914394553,0.0012824022322018788,9.128203299738294e-5,-7.560932720083598e-4,-0.0021406720228655026,0.004019614388528547,0.006257153239595517,-0.0027546172672872965,0.0031100987337087274,0.0031416213331711723,-0.004561509054748495,-1.9176701663724288e-4,0.0010035089067905196,-0.0076045368153425654,0.007927457889134215,0.014855611690100311,1.996649266868107e-5,4.485039600515263e-4,-3.247496911090439e-4,-0.006264226626695546,-0.003447455260281969,0.001464848126699045,-0.002968561051679565,0.0027176282676017525,9.581766553449853e-4,0.004463562420684523,0.00712907757754026,-0.0028575159547686445,0.003656629442688508,0.004299705071748591,0.0010210511303986737,0.010307312728198926,-0.0045730391414995075,-0.003251418713681456,4.645460575750086e-4,-0.0031522629722597556,-0.0036264427307237113,0.0012882567742424369,9.861555327533836e-5,3.947797714651195e-4,0.00454459513424204,-0.004370282719408085,-0.004676160894121284,0.001699121158377165,1.200894025468498e-4,-3.4129520775254935e-4,6.915307112133034e-4,-1.3241141122152168e-4,3.781782877219337e-4,-3.3031662228787296e-4,-5.608824289447491e-4,-0.0018880685396914952,5.3825323989948985e-5,9.206548523219291e-4,-0.0015881667518127202,-4.1660828557554217e-4,2.494457511330096e-4,-2.7102306686143643e-4,7.216416894044087e-5,4.056092173068455e-4,-0.007418679569893494,-0.0013489190725090488,0.002477688556450979,0.0017323360726766665,-0.001308685523671321,-0.0024588412591562718,-7.859786767331797e-4,-6.491447025244848e-4,-0.005104003229954167,0.0022711691243022577,-5.436554843146701e-4,-0.00416756576316057,0.0011240916169909224,-0.0029156400622451467,-9.525086480059356e-4,-0.0010104916669269888,-4.015000285805131e-4,8.458085211101013e-4,5.380515004285584e-4,-8.780502468262952e-4,8.223068485459493e-4,5.959863030835244e-4,-1.0459626122113556e-4,-1.7405821239818389e-4,1.3115192544295939e-4,-5.125361833575396e-5,-0.001648026205263891,8.18166480009695e-4,0.0031090592328604136,3.2551983241498045e-4,-6.817312379103497e-4,-6.24956267087242e-4,2.3366316765991516e-5,4.2179286117314163e-4,4.3900030429489857e-4,-8.37294676150617e-4,2.645151967309954e-4,-9.856500806094376e-4,0.0014147010756837425,2.8170199792860046e-4,5.623190180287666e-7,-8.277755306530823e-6,-1.9243208244721562e-4,1.3208001656387424e-4,8.090445795931485e-4,0.001034614283889333,4.014344082451933e-5,1.6476727570351732e-4,1.5014752035267823e-4,-1.8125012683145806e-4,2.651470142576945e-5,4.724078352692994e-5,-3.8292692939130035e-6
C15-C15he-C15ed-C15by,0.007798484023018112,-0.0013142928434554753,-0.007681139657528929,-0.0012690543779233007,-0.0030152021643708267,0.002406822419888921,-0.01032949807586497,0.009188131958118632,-0.027959639169752606,0.011136530621899548,0.0065486483809174805,0.0030208113981504323,0.01099277207674889,-0.011574680033050877,-0.00479909153071947,0.020370038621711675,0.014863320833558558,0.0037191384057121105,5.036994307245061e-4,0.0059894152982965295,0.0028229461984308215,0.01059407740800131,0.002140464351950775,3.715933979601545e-4,-0.0028966829562151143,-0.0016120361750659304,0.0013584461384478549,6.213634276988407e-6,-0.001367748279617609,-0.0017436890001101808,0.003773345784688312,0.005940502267942188,-0.002109747096661968,0.0033024129085743844,0.0031322433161196264,-0.004588212063697441,-4.15948725934073e-5,4.6361952510296536e-4,-0.006892338806896807,0.006587571346399187,0.0158244973624839,-0.0019963113110289775,6.042418941538977e-5,3.08669533325607e-4,-0.00618622937640431,-0.0030530131420741973,0.0021312408150002643,-0.00568763218711379,0.003612376661512422,0.003513557220570561,0.010150478475203667,0.014806104033605442,-0.004845210794821176,0.007196899144539137,0.007905037362424736,0.0016381603040318596,0.019126982429116677,-0.008337475536750913,-0.006990435317229205,4.7557633285317326e-4,-0.0085874320188052,-0.011803427033374862,5.898006825827947e-4,-9.565027271735042e-4,0.0011222102836481445,0.0013285212156120742,-0.003037766363572307,-0.00602570835480424,0.004129540614793682,4.3374512637606855e-4,-0.002165752151289265,0.002211567896628131,-2.5875539061135354e-4,4.550699450207985e-4,0.0015134260270858169,-5.374732722172171e-4,0.003071400187729905,-7.889227431603104e-4,-0.0017126061939296909,-1.337588432931242e-4,3.3460227358897776e-5,0.0021326648400866884,2.6969058010514724e-4,-5.466967969337904e-4,-1.1446921097648897e-4,0.005446364681221299,4.398609584063676e-4,-6.536731189237545e-4,-9.94263328880156e-4,2.587028873505643e-4,0.0010994477440538454,-3.4300706316577424e-5,6.923004457926002e-4,0.001750744104146309,-5.646489646462427e-4,-3.906189244818132e-4,9.249076147194144e-4,-2.2413836521036905e-4,0.0019940268228752773,0.0015208522731710375,2.974753783458272e-5,1.9453124897413993e-5,-2.1467680879614384e-4,-2.3146630152182343e-4,9.227426603920175e-5,-0.0010501555246192503,1.59846540511394e-5,6.314785669787492e-4,-1.8825367907103182e-4,-2.615660870740396e-4,4.5060958325095815e-4,-0.001087454252101622,8.869950974586897e-4,9.424669551333047e-4,-0.001089117782523562,0.0030912734469272086,0.0022102483349421965,-0.0032430446573662136,0.0011414195852998636,0.0011689824970046762,-0.0031187001233033067,0.0013742391011241767,0.0010636153970845599,-0.0015686171355315157,-0.0036654503436080355,8.483532497228757e-4,6.013984015093125e-4,2.352927377042616e-4,8.945123466182718e-4,-1.1345623777158197e-4,1.8715661922965514e-4,-3.1853294352595377e-4,-4.47785753470948e-4,3.221536794314487e-4,-1.52625576073978e-4,-7.675216610622434e-5,1.0734444930015451e-5,-4.6392388036657745e-6
C15-C15ii,2.665182114997504e-4,-0.005174048233857649,-2.785276577764115e-4,-0.0034101255858507477,-0.003549730076364677,-0.0034679431760209745,0.002354795894600836,-0.004267307384083799,-0.001038908274560917,-0.0015175292822279132,7.666179744244514e-4,0.004225436756908161,-0.006564016672804888,-0.005045119148017706,-0.003134802106538251,0.0015326359727599556,-0.0016368325191372436,0.0033047069188204326,-8.552257631728248e-4,0.003564895879175021,9.477554932193136e-4,0.008505985023071276,0.0011067350004040641,-0.005109002035646227,-0.0011021456687261629,-0.002328417592608297,-0.003293849982052739,8.726509108444789e-4,5.604922400954358e-4,0.0026753383251283277,-0.0012421743885461186,-0.006093103255622258,-0.0012389009864690063,7.53070343138911e-4,0.0023585185569866478,-2.0670874904663548e-4,-0.0010416238917353166,0.0016607690530809809,0.0013324414283238826,-0.0032529664687355304,-1.695112565479642e-4,-0.0012177066080786365,9.424057510190091e-4,-5.8745290907292e-4,-7.816254028901176e-5,0.0036015807470860953,-0.0010796116057374399,-9.150072394517732e-4,0.0013241443772726137,6.266838794007493e-4,-2.1400546067838083e-4,-0.001881292702174013,-0.0013773830469163285,-3.638459047161462e-5,5.686809813699882e-4,8.118077459199804e-4,-0.002757873909064445,0.0014606016605896758,-0.0012966197952391685,-0.002993778497476071,-6.346279201103642e-4,0.002362201361915161,2.3464110114692905e-5,-4.704970407214967e-4,8.904286301498363e-5,7.443629247135637e-4,3.7714436594917926e-4,-6.521924466372204e-4,-0.0014019155993367327,-2.164665534240145e-4,4.914751875547184e-4,-8.488100633333297e-4,-0.0019049698267147772,-0.0012697886378444365,-3.06338196533002e-4,-3.078932262149723e-4,4.8740488835288294e-4,9.449754486412742e-4,-2.5602529643544135e-4,2.0865568634736455e-4,4.644953689789245e-4,-0.0012048044044706708,-6.500432189351059e-4,-6.439228927678704e-4,8.397926007641713e-4,-3.553557194815072e-4,4.6542590139365253e-4,-4.22833951832081e-4,9.19910515151244e-4,-2.5967487933453113e-4,-8.353988356789001e-4,0.0012121233006704428,-5.105880193551439e-4,-5.777821119368889e-4,-4.044075714510978e-4,1.4553478760198686e-4,-6.225186062824647e-4,-6.943746304776305e-5,-7.74898852178084e-5,5.133961745531895e-4,-2.5375102538763777e-4,-6.353588912857946e-4,3.004870515825217e-4,-2.490200460365531e-4,-1.6810445816021008e-4,2.3482054026889397e-4,8.771126938333712e-4,-0.0013300778419945427,-6.504044090346594e-4,4.527872196748969e-4,2.817128728535428e-4,-5.48995376060623e-4,2.5152408234866276e-4,6.979277887956784e-4,3.296093487621007e-5,2.6383582564832155e-4,3.093953204155772e-4,5.058948304508235e-4,1.7263762986255226e-4,-3.450986460604021e-5,-6.179704059403118e-5,7.959700265642227e-6,-2.721789145247156e-4,1.0264100633376272e-4,1.731642710884201e-4,-1.230662203789317e-4,1.4064483089489048e-4,-1.4039774634899647e-4,-4.8009233330408344e-4,2.195239207832001e-4,-1.8274321065449128e-5,3.5810519337062897e-4,-1.429910105987181e-4,-4.1563682456718167e-4,8.16375676752039e-4,-5.834124429547714e-4,5.29577108815373e-4,4.8724561990223045e-5
C15-C15kl,0.0032594129332682124,-0.0032629114974153314,-0.0029550362068766177,-0.0023003133098657403,-0.0027177264587517308,-0.0016611234721350622,-0.001124686346746907,-0.0018531838410364887,-0.0017088279851551766,-0.0023050991182159432,3.649315362648292e-4,0.003660201650203824,-2.237838928194279e-4,-0.0033939190350694448,-0.0018926197974598867,-2.0773041072621258e-4,-4.97855330214854e-4,0.0025551164472653563,-2.9803792558148366e-4,0.0017514385237668143,4.790637657804566e-4,0.003437058389817428,0.004728617356705831,-0.0011530749187337033,1.1415663310061402e-4,-0.0030805637290361658,0.0022467587868465924,-0.0022028205874568747,0.0023550087152165796,-0.0032394701228132036,0.009057890116977559,0.02132455467139055,-0.010051651604571827,0.005078849942934854,-0.0019471855867699284,-0.003923714841499364,0.002058941416473745,-0.0012609980737601,0.004023629322983049,-0.013155731941362618,-0.01483100972762836,-0.0034412946831888997,-0.003650463300167632,-0.005293344697331482,0.009507988544082089,0.004347622275283382,-1.9588486978208792e-4,-0.0010386984544719924,-0.0013170921577255466,6.0250200968667225e-5,-3.312687249064874e-4,-0.0024107359150620264,-6.431403381042646e-4,-9.034467351207383e-4,6.010271123168683e-4,0.007768264236701901,-0.0037080378068910583,0.0025568238665293137,-0.0011239684458678862,-0.004422716483322209,-0.0018930711610698804,-2.342858226099628e-4,0.004278425013819776,-0.001073516088720018,-3.187442108318355e-4,0.003979556068671403,0.00568808588773965,0.002979269840804487,0.0010629672333334016,-8.532190915360976e-4,-0.0012651421741483658,-0.0022537805850588372,-7.32357622515816e-4,-4.5488328610916647e-4,-0.0023156943022674863,0.0014251370094107527,-5.899521695972214e-4,0.0023222284949275212,-5.097966982041217e-4,0.001012910358123167,-5.730171757110942e-4,-0.001024651827308605,5.100083878822585e-4,-6.668875583680047e-4,9.949694584887251e-4,0.0019388917161932686,0.0015853271497446285,-0.001827833252699074,8.881192415514855e-4,0.0010357001440017659,6.5412521657733e-5,3.0033094575122876e-4,-9.504008158078859e-4,-6.086351135210424e-4,-0.0012266332558748551,8.330566356389087e-4,4.674672336089201e-4,-9.267258829714171e-4,0.0013527089886109036,-7.998503773860484e-4,3.371393792845077e-4,-4.0247943875515804e-4,-1.5455667545324556e-4,8.727864932380372e-4,6.004613589163006e-4,-2.0494994826850078e-4,-8.50040150158733e-4,-9.94944660402762e-4,2.643967583373156e-4,-5.844951849977313e-4,8.410984006681943e-4,-8.70256396498034e-4,1.1250034199481861e-4,-0.0012847080964862691,-8.913680580475641e-5,2.3901992200214082e-4,0.001114142140277251,-6.809435979815049e-4,5.261601188252926e-4,4.039678824540884e-4,-8.569687250115017e-4,2.6332466477888388e-6,-4.6240853121392824e-4,-1.1044392763154172e-4,2.1701225504151575e-4,-8.751587931616315e-5,2.3315922724423966e-4,7.156305885216779e-5,1.1252688962801562e-4,1.4611366322101857e-4,2.4190137090093452e-4,-6.373981877188922e-5,-1.2524738637723757e-4,3.8783705021101806e-5,-6.07542634367715e-6,-2.6044673094866783e-5,-1.1097789920488638e-5,2.8384413310351883e-8
C15-C15kl-C15bd-C15dt,0.010325279598043162,2.8841526185778874e-4,-0.010459757916985859,3.015383180395816e-4,-0.003426718553300375,0.007758168573559112,-0.02746697549275691,-0.03179948669672223,1.454953974405059e-4,-0.0027994550377127155,0.0013486909035419529,0.002594969012633966,0.0021232939488439436,-0.0030848302603915037,0.0012727600550063382,-0.0021635665711061776,9.113473641154966e-4,0.0019587406010308285,6.333981587586694e-4,-0.001112901399583485,0.0010124522388430008,-0.0010272425778678738,0.010019041629660929,0.002256167536379397,0.001964617705783682,-8.433848561857934e-4,0.010974934010848938,-0.005349913529951098,0.005476898154731896,-0.016938710000629836,0.01794766600560865,0.048060749043680226,-0.016396125368468777,0.008786694681504658,-0.006658332984606618,0.002819300298538542,5.868591912339712e-4,-0.010926909430328367,0.007107697143504966,-0.018606629278826236,-0.02293512920900572,-0.005512296137985285,-0.005500666156983401,-0.016162521437061105,0.02557680013417775,0.0065249835925130575,-1.172669965929426e-4,-3.1156325801025025e-5,-2.8063490545836186e-4,-0.0027945225567168703,6.513075361132061e-4,-0.005355444780112101,0.017821602633328847,-0.00404729172421705,-0.008632655223186386,-0.01091837591946673,0.004165582289044372,0.0017723953105513476,0.006901954495298506,-0.014987962787840089,-1.3758502275847047e-4,-0.005154757800364629,-0.0043276301631774644,-0.0013582547826631963,-2.7644504086767236e-4,-0.008785286082132282,-0.003613713471318775,-0.004878652495957872,-9.186990853211527e-4,0.001422015212137706,0.003674762179393993,0.0028470069590122355,0.0029188810097354086,0.002322183281746107,0.015511699780811072,-0.005422289448853837,0.006716021288576071,-0.004377693222029674,-0.002887281791129752,-0.0022845556229824796,-1.06660052735012e-4,0.004686898842846273,-7.639905367769142e-4,-6.567254743912008e-4,-0.0012085703743154852,-7.97554230679812e-4,-3.814569206947822e-4,0.001264110916632702,4.6948591104101797e-4,9.050334687060448e-4,0.0010354265259721934,-1.6510525901124908e-4,2.1592946358797366e-4,3.812034131358849e-4,-5.643769221258122e-4,-2.7992150222302226e-4,7.477354395777913e-4,-6.567676094800313e-4,0.0019630518689721338,0.0010744477588184452,6.96102487048445e-4,6.789949430873477e-4,-0.0011191996368209126,-3.756689994975899e-4,-0.0017015745851778697,6.805154903137035e-4,0.0016545446775693862,3.62473162752245e-4,-5.38034128705549e-4,8.971303535927445e-5,8.960094581202924e-5,-3.293107747802589e-4,-1.1224111768894034e-4,-4.0610357743103273e-4,-4.872261551549722e-5,1.427466209969608e-4,6.073820583601263e-4,2.1383542430382043e-4,-1.0542411717229613e-4,2.556950575935107e-4,1.1767312860623116e-5,2.862106207394257e-4,5.545128947686181e-4,8.323716288156748e-5,1.92915862203915e-4,-1.8796098723883734e-5,1.0841428426695993e-4,6.396834113753517e-5,-9.531172464757289e-5,9.995302921791124e-6,7.26813391353996e-6,-4.042621681058665e-5,-3.4648545896489183e-6,6.170800048056555e-6,6.5114526500426805e-6,-7.126389234906015e-6,2.2536576496414637e-6,-1.4326770941608998e-6
C15-C15kl-C15bn-C15by,0.009229927226920802,-8.372580228193474e-4,-0.008559556034616639,-0.001430431535184277,-0.0029062666117683233,0.001956908379473553,-0.009739968202874956,0.00341717519650141,-0.00642957203723642,-0.0027434699956124984,4.908505136484225e-4,0.005292756594966614,0.03330885812142743,-0.016594851219347166,0.01608875563189665,-0.004795973826606707,1.4790940614809483e-4,0.003338563120879126,0.0012363173675538984,-0.004429738866749043,7.843589541052155e-4,-0.01207667042052421,0.026028929226966965,0.029534222414875744,-0.008402146159675973,0.007281529665018836,0.012705309237966218,-0.0013210485461107534,-0.002552390538974281,0.002205228107477996,0.023530817910762017,0.04378277400535772,-0.02015985957358912,0.011294834374026327,2.280166635972593e-4,-0.01173901585686063,0.003288132497216068,-0.0012715422287876163,-0.006362439116215706,-0.0012547274977780223,-0.005159517579610081,-0.0026883579302233902,-0.007084607698437387,-0.01071623716471644,0.006731358105633392,5.409370498418092e-5,6.010307906152388e-4,-0.0011722846382804164,-2.752417623700615e-4,0.002180263016467634,0.00258085021150032,0.0021144817232813277,0.002013350661045832,-0.0014134063731366204,-3.184237328240194e-4,0.005620311158112564,-0.0020511539987461912,0.0033815598892449994,0.0014590514624775732,-0.005927996812117253,0.001346754128961313,6.817417513474173e-4,0.003682207397340106,-6.111313454206395e-4,-6.381916351412837e-4,0.002553542811938158,0.002564627421308051,0.0027355300794527264,-9.105448037361714e-4,-9.243888827619653e-4,-3.8136857859241355e-5,-0.001946047450242325,7.640230803315751e-4,0.0016811095248874448,0.005819310121791813,-0.005897804985534453,-0.01002326477657543,1.814526789646589e-4,0.0024715617508829315,-0.0029044212576344055,-0.0012076740631237956,3.992581641166677e-4,-2.0840750928140023e-4,-9.276635230544997e-4,5.323532077515355e-4,0.0025689284381748426,1.8917890266005792e-4,6.438384760544746e-4,0.0029104702611906148,2.8083198820586994e-4,-0.0020899099561739135,-0.002469505218148042,-0.0037991126430189787,-0.006091826537470823,-5.6782576176116054e-5,9.125839985456487e-4,-8.452110382562909e-4,-5.248224475062697e-4,-0.0010462375013634091,-0.0022701748343047497,0.0011512430237588123,-3.273531520055715e-4,-8.394676818409567e-4,5.552170421006872e-4,-6.319625612535272e-4,0.0014176464286995742,-5.076615913492404e-5,-8.424763375361026e-4,0.0016002211919118826,-7.65131477535917e-4,0.0010609296420325447,-0.0010231114245841907,2.773648156586205e-4,-0.0011452925681629097,-1.309808273488429e-4,2.5368589804199967e-4,0.0015568495612101928,0.0011565031603630066,0.0014148930033510195,0.002207621277332637,-0.0021813912193774402,6.017835868575119e-4,1.8694433513370747e-4,-3.368998964211969e-4,6.764585913042437e-4,-2.0885979532538618e-4,2.544040220635597e-4,1.1043324923625685e-4,-4.2215692217487333e-4,-5.359366509800562e-4,-3.740912779164591e-4,-1.1700958825332434e-4,-1.430001582903859e-4,-1.0450382939997147e-5,7.713170076297516e-5,-1.6159931482905314e-5,-2.4930718001242002e-5,4.131241238887185e-6
C15-C15kl-C15by,0.007960186075194258,-0.0014982419450079508,-0.00725212406523337,-0.0017566283935150624,-0.0031050610927170416,0.0011565690633443045,-0.008182867856983913,0.0021778202830243973,-0.006377453301773491,-0.0028184060327746644,4.8740427479702605e-4,0.005480711384550623,0.03249366929125358,-0.017539325433899536,0.02114908194644842,-0.003177815447171643,-4.920289012405696e-4,0.0015552620401618423,6.106964369414377e-4,0.0032398361491370584,0.0013664278484377163,0.0035907509313222916,0.006960505104167884,0.004472113309534915,-0.0017072014617517733,-0.003312951416151522,0.008431153706505256,-0.004668989636458571,0.001764032196344039,-0.01091591473291109,0.01886213918631776,0.04419561033748199,-0.01593064904621733,0.008995617022794918,-6.168416998801677e-4,-0.01013727356751423,0.0028480233179538077,-0.001559742246008305,-0.006639485111059184,-5.177429367568636e-4,-0.004160483031695128,-4.969497881401692e-4,-0.0050937247385359615,-0.007853735046248022,0.006637657943477449,-1.91126834050127e-4,4.0221970018013034e-4,-5.727336599961363e-4,-6.441656357790409e-4,3.4483035120255257e-4,0.001350721963437621,7.164675103507147e-4,0.0020367017286443295,-8.510665759273445e-4,-7.60078656763829e-4,0.005158369800441027,-0.0028840907694575907,0.002970850480757765,0.00304852496533764,-0.003418431995207282,0.0037383092161732243,0.003736468492302196,0.002722392405895061,-2.6412283641667164e-4,-9.20344777013259e-4,0.0016006303385276493,0.004074786960231628,0.0038599514293780088,-3.393315315642641e-4,-5.514630220073761e-5,0.0027873302249013495,-8.539562150509358e-4,9.298964928601611e-4,6.145544639121257e-4,0.002618075008361366,5.869684115897237e-5,0.0033317574712365123,-3.4006710011579797e-4,-0.0017877416938038011,-5.165615104316003e-4,-7.443110712485398e-4,0.0020681328180577304,1.5783041173942944e-4,2.6395978819367886e-4,6.369807498708496e-4,6.114728375899619e-4,7.570934626781471e-4,4.794856737383061e-4,0.002897563561471462,0.0011974223345028346,-8.56801436448359e-4,-0.0023554128019194044,-0.003720612273158743,-0.004991954434728396,-8.243443174611386e-4,0.0016507442268475835,0.0012285898693324814,-6.11724157177548e-4,0.005185885174380781,4.1692762702280763e-4,-0.001065411684736888,0.0013107420327047217,-4.6523907387919266e-5,0.0011290291008828912,-2.1455631117251503e-4,-2.860126532621956e-4,-7.192548959556088e-4,-7.393937640353074e-4,0.0012536198423070185,-6.04248311461835e-4,8.468985969151088e-4,-0.001473984914895689,1.3689652161237613e-4,-4.977005267904069e-4,4.306807028628478e-5,-9.753072047136786e-5,9.542714663449472e-4,-0.0022840653024863073,-0.0015650529450886123,-0.00232966186877982,0.002466676741641689,-5.56490504681678e-4,4.8782537561751723e-4,-0.0013257244811333794,5.437777999439104e-6,-6.054396912838862e-5,3.966807185330402e-4,2.574113111203562e-4,2.0015176576435137e-4,4.815396662126544e-4,1.9415683976477501e-4,2.1652508175452716e-4,-1.0660984577194701e-4,2.575042988426077e-5,2.0262778094306566e-5,-4.845690579950383e-5,-9.151435289940765e-6,1.7380618804025021e-6
C15-C15kl-C15he,0.005059140486800805,-0.0024185683290570675,-0.00465824375617349,-0.0018558684926361568,-0.002663039799011824,-4.4853539090466667e-4,-0.0036448347350938803,6.739757993271702e-4,-0.0038269799046950913,-0.001508157439184523,5.012836258410775e-4,0.0037783434229948626,0.008209539882691953,-0.004597540572214183,-0.01149307745654525,0.014989196297568256,0.011684514639549986,0.003566828378524178,1.1204148877160597e-4,0.0033476062328973706,0.0014560899201714638,0.005583323471783996,0.004968616171379598,2.8751738488095143e-4,-6.556686812210918e-4,-0.0030238533391093625,0.003293913988785044,-0.0017894857088641277,0.0019881858495533994,-0.0041215884701792365,0.010500342536633303,0.024756462270664786,-0.010345051269418704,0.006181758320729263,-0.002005898055994123,-0.005411729936185069,0.0026050366407370084,-0.002061325591303181,0.0024037551670909683,-0.012188803877813435,-0.00934315370286015,-0.005017835984762097,-0.004616838522522287,-0.005177701471980958,0.00786914506629526,0.0021254113361642095,0.0016720168466971743,-0.004466084885663673,-4.1758085905739317e-4,0.0012138812375683528,0.004933565600208968,0.005635869331977939,-0.0030702925863532165,0.0029354735490931816,0.0048579867582859825,0.010153481913613042,0.009195419157214195,-0.0035011264352952957,-0.0054935095662643615,-0.004312094464521135,-0.008875305408903491,-0.010057192453287067,0.006691603541262706,-0.0015326917946184473,5.184341108310565e-4,0.009259673612561619,0.0015338440708481873,-0.00378386789325742,0.006094282345860838,-6.016254255549339e-4,-0.004621003691982633,-6.273486384802456e-4,1.3465033123249027e-4,5.521903296230582e-4,-0.0025481979701212853,0.0023435417925951486,0.0010227146427083977,0.0019805149564068687,-8.004644110688092e-4,9.410708559901647e-5,-9.715044711141793e-4,3.564532701459592e-4,8.670534642462372e-4,-0.001195692847379645,-5.12661169113605e-5,-0.00839961513785455,-3.947865188009113e-5,4.760732478949642e-4,-9.01760338363609e-4,2.8125672032165266e-4,0.0010829592348255723,0.0020639692282068984,0.002982248293381269,6.291581619441101e-4,0.0010881695210981054,-0.0013384878836321843,-0.0038862765612617508,2.2589046285488348e-4,0.0022152858068065088,0.0027693770510825006,-0.0021003315677425266,-8.222030567161668e-4,0.001245539927391287,0.001083049177073048,-6.096214150509655e-4,-9.005401772024151e-4,-4.3382091719785257e-4,-1.8300073717806518e-4,-7.109587674304672e-4,2.3583814627814765e-4,-8.849664530023903e-4,1.6034270747166524e-4,-9.003498040338597e-4,-0.001469977586021793,2.747145009586762e-4,-0.001969410136556135,-7.009840409330652e-4,0.0012600010177856189,-3.538249723718963e-4,-3.87939424846843e-4,0.001043181773868328,-2.683272059168878e-4,-1.9961673605341422e-4,3.649424440217777e-4,1.5507033733198156e-5,-8.469615141525889e-6,-1.8023461310828475e-5,-1.9571494840622483e-4,4.021584474238504e-5,-1.223018451221431e-4,4.575615321360863e-5,5.543068462463612e-5,2.433747005320893e-4,-7.968659078704818e-5,-2.6273213389608664e-5,4.6785244685231204e-5,1.731895447545303e-5,-7.195406812066113e-7
C15-C15kp,0.004494869385339706,-0.0021204542576228496,-0.0036753109025747404,-0.0019117382067370212,-0.0021303408697205075,-5.708711216706216e-4,-0.0018281802248817068,-2.802432415846968e-5,-0.001437859575350875,-0.001458917523467789,1.420159837517474e-4,0.0020736296893303268,-4.2854795518011945e-4,-0.0022904001805720228,-0.004493716852460269,-0.0012710022274795597,-7.080262211542621e-5,0.0012420064895494382,-2.225750403631563e-4,4.089918096986368e-5,-2.4386242496352028e-4,8.566879074805659e-5,0.0010720214223246002,-0.00368901034825023,6.346524259773404e-4,-0.0040336956438866076,-0.0015505723491021956,-0.0013507234799318057,0.0018868725812494387,0.00118147064039662,-7.668463727499692e-4,-0.0035960172075817664,-0.0021580147660474605,-2.1755228807327257e-4,-4.5392086952349836e-4,0.0010133748663214404,3.6942844605111677e-4,9.822696666249417e-4,6.680064454550565e-4,-0.0043451513895550326,-9.192038227556752e-4,0.0033824529703505497,0.001748857572132743,0.0016967294561850842,0.001169893705220635,4.885532607614671e-4,5.971662911147882e-4,5.339171331559058e-4,-9.9508675036299e-4,-0.002460212932316875,-0.0018927477043829285,-0.001057534917642026,-0.0010636682912230325,0.0021729261799167342,0.0014638790214889412,8.577183294130095e-4,8.717666336582471e-4,0.003323418683340187,2.389957328771945e-5,9.088242161403247e-4,0.002299090345576778,8.508240227616973e-4,-0.001061913930918789,-5.315516403746784e-4,-0.0010824458572434375,5.211275415967246e-4,0.002598943773503814,-0.001805315198600872,-3.5335748513084915e-5,-7.667450479307921e-4,0.0031805812458748414,-0.003118045761193184,0.009847700526203863,-0.0011414218106664958,0.0020938009747439265,0.013484216335274014,-0.002150315330920097,0.007002176633675459,0.0285081701189078,0.014576939658684628,-0.001951278481048682,0.035783104775682174,-2.1329902034643474e-5,-0.0027994913693751853,2.0254940895533772e-4,0.0016173406861414083,-0.004598774722346173,0.0021589815442660445,5.992896265293851e-5,-0.0022787527277717047,-0.0017714103634885422,8.822730689437598e-4,-2.2785870381462737e-4,-4.519150698906964e-4,0.0010672234003454282,-9.054491982445862e-4,7.365954292921736e-4,-2.321237771347623e-5,-0.0014673684187932288,0.0015116839583635112,0.0010123617566733562,-6.071893981288722e-4,-7.4053582436187e-4,-8.687592557871169e-4,4.4340724165651006e-4,-8.256116232611474e-4,4.702821262289526e-4,6.247355377425619e-4,6.036140329399782e-5,3.1393309121845186e-4,-2.4259664996770604e-5,-4.94531062719572e-4,-4.290427641609522e-5,-1.032572459857448e-4,-3.1004474521038284e-5,2.2215787604151438e-4,1.3428886977637447e-4,1.823403857991793e-4,2.3001098613510704e-5,2.6776556423094207e-5,7.444185073725288e-5,-1.7354990714065272e-4,3.5869430190797845e-5,1.4619737798316887e-5,-5.466812283938815e-5,9.840664753951643e-6,-1.937583977611938e-5,-1.8755389492867194e-5,-3.2514774362537214e-5,3.088753590520491e-5,-3.354097850946573e-5,1.7546683724286116e-5,3.776506479249372e-6,-1.2550412257873467e-5,6.206780451288923e-6,9.556376267130891e-6,-1.0181001845026843e-6,2.8821260344183703e-7
C15-C15l-C15bp-C15n-C15.8,0.009155045654015675,-4.167661901273863e-4,-0.009918466110505942,0.004223451645158168,0.0015491030692935544,-0.004835823602918224,-0.0037464836276131083,0.004421780470118156,-0.00259528439830902,-0.006706849332262194,-0.011951251254964577,0.005675872563888509,0.007133971705051105,0.04675945075548488,0.010348336451237925,0.00494770505620688,-4.700014743273249e-4,-0.0020953314109898014,1.8002197211385221e-4,0.026344189792855882,-0.010162996966664,-0.013110816253868103,0.0017648670636919628,-0.0070552184809468945,0.0029622759557619096,0.0071097342359867,3.5042604845342866e-5,0.001142828369587853,1.6231329547060577e-5,-0.0032064175307724707,-0.005263652606741225,-0.005919750341936974,-0.004072698140514209,0.0021511026686277484,0.00580735879918651,-4.594650001822392e-4,-7.097593918508607e-4,4.524578828940242e-5,0.0034771729604892725,0.006235303003643672,0.0019910337654402204,-0.0012396514207531858,-0.02354681855116324,0.001814881941085006,0.006250437832074141,-0.004924720005935481,-4.786013490879012e-4,0.004572240369080186,-7.836141612349894e-4,-0.0028971536896608367,2.5820365085592464e-4,-5.866306038224865e-4,0.003625702455136006,0.0013756504594727695,0.003937464608318719,0.003090460383574598,6.819306895482198e-4,5.656880414205682e-4,-3.110018891169232e-4,0.008286927598621568,0.0016835359093689466,3.128512848041005e-4,-0.00250239555517131,-0.002210844292071431,0.0057058764936978755,-0.001297121517425695,0.006823842123605556,-0.013915335909476268,-0.0101688606455719,0.0031483018406449847,0.004457797343686444,-0.009367720174124353,-0.00576298744805633,0.0041413434334260655,0.0032626598466639037,-0.0019932241744423074,-0.003034514735092963,0.009443230858953487,-0.009313925771673769,0.00678526074929816,-0.018034728495895415,0.0013244671479897905,0.005276146549320987,1.410647294785311e-4,9.564424529003009e-5,-9.186037044359803e-4,9.752416119157778e-4,0.0012330296625516048,-8.121888950325546e-4,-1.4506578382844924e-4,1.5754559005267088e-4,6.56442209604539e-4,1.5729024064863717e-5,3.8597591422342064e-4,9.960014581128045e-4,-2.3543158209633075e-5,4.482521509679937e-4,0.002903357308028884,5.626445423941844e-4,-7.656286840724361e-6,0.001330580675197289,-0.0010102496400890566,-8.155367446951139e-4,4.8020301721247126e-4,7.382430548084801e-4,-9.87628087940766e-4,-1.0312956668387057e-4,3.547798295251386e-4,-3.728166721018069e-4,0.0011787846854083657,7.688203268097344e-4,-8.879228050509351e-4,-6.993528001061484e-4,-3.6584989541160864e-4,-1.712478347889885e-5,0.0010243519218041518,-0.0035825564591535942,2.0962426214060813e-4,-7.35303263211922e-5,2.0755243682967967e-4,-3.0105281707920665e-4,8.49157913722989e-5,4.0662657536922264e-4,2.449723385333265e-5,-1.0987991198066518e-4,-5.627330672989543e-6,5.251049550268284e-4,-3.638613695716444e-4,1.956794369473452e-4,2.41889628085244e-4,-4.897511915102313e-4,-7.146775117981534e-5,-3.425369377305741e-5,7.08926128211576e-5,-5.446430696923997e-5,-2.990589149864239e-5,1.1295933480003e-5,-2.9957199016849295e-6
C15-C15l-C15bp-C15n-C15bb,0.011449512863879492,4.3896651725848637e-4,-0.014278642459047357,0.013515525946819606,0.007620609834545136,-0.01444734622075684,0.004652335005212616,5.850701463784127e-4,-0.0017712920258405125,-0.007298680669381352,-0.011634719863788947,0.006093689916462864,0.004281151914065081,0.05190240199642137,0.015492332740059149,0.007480403564064623,-0.0012451479014426174,-4.0839341924373603e-4,-1.0710602640370703e-4,0.008935212418667206,6.723043333779163e-4,0.010865475911811083,-0.003608087655990904,0.012410716605382927,0.012617872918227921,0.0014737515730320401,-9.77829505143466e-4,-2.4964961174809517e-4,-5.752425140180314e-4,0.002545385654694268,6.896328236369006e-5,-0.0019421100871989878,0.005213868201302775,-0.0014403130111188078,0.0010166478191255515,0.0014861103784930402,-4.897155576651573e-4,-0.0011529892045638872,0.0067775357005785165,0.005750816390481352,0.0030466026932049707,0.0043220526066824845,-0.001968641027474745,-0.0019790496165122996,0.004206451060032415,-0.001857945109157685,0.0011815323021833143,3.2588887187143153e-4,-0.0018950514320882066,-0.004015116694325801,-0.0015324354157511262,7.050221560226948e-4,0.005062208599830141,0.005884154822822331,0.008242074143374935,4.8192957911582265e-4,-0.0020155039303908777,-0.0011332937880133833,-0.001417433608145152,0.0031555071744859644,0.003816656465821806,-7.963933589145219e-4,-0.001389865961905692,-0.006987381308522802,-0.005626549198092377,5.038400059852666e-4,0.009337031437291712,-0.014285900831305905,-0.011078554596817714,0.0038550632488107174,0.0035089509001026377,-0.005659640161595733,-0.005189500186187404,5.943127698053997e-4,6.117897189303539e-4,-0.002555703604462736,-0.0013922859642784959,0.0019612979039488943,-0.005421605090606506,0.00747855885242402,-0.015391235785175619,-9.344599596342241e-4,0.0024493464145556518,0.0020489491481574334,-0.003875575671023174,5.3543481494794094e-5,-0.002749018529496118,0.004266097495439786,-0.003717443437516398,-0.0025833466975381542,-2.5616281036298244e-4,-8.014985591560434e-4,2.1227047710285478e-4,-4.550125663036176e-4,0.0016425893343749297,2.1911130774545794e-4,0.0011521745411750804,0.0037310294847608264,0.0011915719429165693,-0.0013836972894183995,0.0015161974288058374,-1.7417729104502348e-5,-7.336498229620186e-4,5.571403309226222e-4,-2.3768000866805565e-4,4.7398003779966047e-4,1.8223608732514224e-4,-1.0461061477157866e-4,1.6400591011377557e-4,-6.587575834800389e-4,2.992765233338559e-4,0.0015319889266958557,7.437585516244665e-5,0.0017031628993033948,8.07595235744251e-6,-2.5008173789276076e-4,0.001881975523975739,-4.081763061716458e-4,-3.1430458588273606e-5,7.317479023120171e-4,4.338704724193522e-4,-7.498769321298182e-4,-8.397621869705574e-5,1.558731918248942e-5,3.352776984829401e-4,-3.817011958941383e-5,2.65034193032675e-4,8.62639311991715e-4,-9.116939640373036e-5,-6.969388692732056e-4,8.371146280438103e-4,6.382013596583281e-5,1.15343525205804e-4,-8.280464784510374e-5,3.5496490105034864e-5,3.8010406109610164e-5,-4.51757785243976e-6,2.753067834298074e-6
C15-C15l-C15n-C15bb-C15.8,0.011848646182337084,4.4416457748025045e-4,-0.015078765507775933,0.014769088441721503,0.00833243855688438,-0.01559488197823608,0.00555390615191853,3.1127034639726265e-4,-0.0019872506580249747,-0.0077770161003665695,-0.012351274237742283,0.006727046306372839,0.005230084692069904,0.05767922662618991,0.016735317069731713,0.008136537084894391,-0.0013454292008275826,-8.339190095806413e-4,-2.1160991843214292e-4,0.01157153861780893,-0.0019322192836652493,0.0025891697678478128,7.820074708320064e-4,-0.004711265387127634,-0.006374292227150206,0.0027741381313225746,-0.001954703782604858,0.0038209311446814895,-0.002893622263561187,0.004920083156789468,0.001982570227296798,-4.892207919776171e-4,0.00726856193957602,-0.0011535523887781724,0.0014067088000534514,3.615508630987693e-4,-9.221278810581621e-4,-6.598514443754474e-4,0.003919080610899722,0.004447581400842235,0.0028653223459584455,1.6748377779529728e-4,0.004221960886753186,-0.002428736525327395,-1.8152597577244193e-5,0.0019418948205172444,-2.449430209957455e-4,-0.0023325413960807303,0.0013714137577013278,0.0012702008506154411,7.30243595603851e-4,-4.8577370035140024e-4,-0.0027223591469266385,-0.002552873523770464,-0.00604731981785581,9.377218587766724e-4,0.0021801118078930426,3.904190765551255e-5,-2.3023206778899864e-4,-3.844975062652986e-5,7.169942495339594e-6,0.001352563910974336,-5.191456764909163e-4,0.0011794962009505005,0.00278164075742601,-5.344662188672501e-4,-2.395715520464112e-4,-0.0010752016332145448,-0.0013509675879499344,4.054071517447704e-4,6.714593411300629e-4,0.0012130401621853108,-5.925864123438812e-4,-0.0014493443891946602,-2.496945204200881e-4,-0.00100776156982725,6.643520797270499e-4,-0.0028041099292493345,0.0012649378228195638,-1.5698250520070647e-4,0.00147805965929317,-7.784385866365625e-4,-0.0011766578629352111,4.5426166111284613e-4,-0.0010023107604363124,3.696603361754478e-4,-0.0012438312024492426,6.343301149623628e-4,5.4473080206251e-6,-4.731459444554284e-4,-7.843860351583964e-4,1.1654090883542788e-5,-0.001329036894708045,1.502535312764717e-4,0.0029740070417550047,-6.848114992836827e-4,-6.513653549101314e-4,-0.0015566416227216194,-2.894528300868568e-4,8.957812279501626e-4,2.16335210105122e-4,2.406257481727364e-5,-0.001570803893040047,0.0015842410336824682,-0.0010992826870995442,6.565506698771567e-4,0.0021563958296070694,8.639903245759203e-5,-9.799981146324484e-4,-0.0036536892459765446,1.420676215366978e-4,-0.003953078416877723,0.0012353365094378522,-0.003319402845693554,4.1455556974028715e-5,-0.0012922926999401284,0.0034915379141491594,4.1230513812038613e-4,1.328805481325884e-4,-0.0011327578329614312,4.376409256431266e-4,0.001289889238444104,-0.0015213423074321773,4.975187336846986e-4,-9.519964206880074e-4,2.625991665795676e-4,-0.0025462767049309713,-0.001066303959108867,-6.952649731471985e-4,0.0013053284192533667,-0.0017338335466649216,-8.749840444887852e-5,3.596745363407625e-5,3.9697243685643295e-5,-4.7405613500406866e-5,8.774805847625696e-6,-1.689310764479464e-5,8.393708499862015e-6
C15-C15l-C15n-C15bb-C15.8-C15hr,0.012314445997386835,7.237800779149881e-4,-0.015545088255096505,0.015157748324424698,0.008588767557657782,-0.015552201900805245,0.005347834452611198,6.417227018186178e-4,-0.0020619248296745094,-0.007864192058656546,-0.012679741820654712,0.006697142624582762,0.005815782307704875,0.05921520183305334,0.017114114849012027,0.00817433372640376,-0.0012900771062338378,-9.97643759358955e-4,-1.8314024067701078e-4,0.011678930029611418,-0.0020258369526871332,0.0023826373144647814,6.305701766073671e-4,-0.004092044497962886,-0.005996510455978675,0.002713701095010967,-0.0018926757455035163,0.003803615695870129,-0.0029658055289080616,0.005113697566749119,0.0023462749414091774,-7.167490803274376e-5,0.007975340146092911,-0.0013853356569360595,8.331365244678881e-4,4.701974630673185e-4,-0.001053716866895072,-7.035649976705325e-4,0.005376070343035916,0.00584935813292701,0.003042632831272476,6.867765027455875e-4,0.0027124432171681933,-0.0030777337135255494,0.0014529708322915456,0.0016635768021460947,-4.2120117155843115e-5,-0.0022455365335371817,0.0010215082657119413,9.747962340402968e-4,9.638196193160617e-4,-6.573474877767291e-4,-0.00269772197074242,-0.003169409740727761,-0.007271787133509351,0.0026215702309294758,0.0030899312094800446,9.715981631050814e-4,-2.3723221781249618e-4,0.0016448386162748814,-7.390094191587252e-4,0.0016043949896829965,-6.848003530634312e-4,0.002618250097043434,0.00508953534197443,-8.675357073237985e-4,-0.0011000116130914013,-1.6280183315965096e-4,-4.991922765161422e-4,7.832848603463622e-5,5.710220699042974e-4,4.2383258813125736e-4,-1.7613617380486467e-4,-0.001639536860498876,-2.09616409416934e-4,-8.191454598972255e-4,6.025253689524654e-4,-0.002417981316008518,0.0011096153476277124,1.2946862831196812e-4,0.001956072644812626,-8.79424932005584e-4,-0.0012629131679270174,7.020115260576672e-4,-0.0016182885149847233,6.504970142133993e-4,-0.001567422900383226,0.001355134207437272,-3.101889519312881e-4,-7.544618542305606e-4,-5.764568951087402e-4,-2.777187819190035e-4,-0.0017481676684204543,6.089907825563904e-4,0.003220080088362367,-5.913616683930498e-4,3.220448360671341e-4,8.269976467020042e-4,-0.0010181230347436874,0.0018339269210162603,-6.973635844055458e-4,4.191832881180176e-4,-9.912907140961764e-4,9.025486804832087e-4,-6.505651691574373e-4,8.172863722182418e-4,0.002867666214098598,5.579623237990469e-4,-3.196272268670152e-4,-0.002847333149112218,2.5405504032102234e-4,-0.005012874594373616,1.1456075303172842e-4,-0.0035449940700612607,-3.7114848923772754e-5,0.0017147966880140112,-0.004082377538616409,-7.783695446980359e-4,-7.429039484017094e-5,0.0019390440096404898,-3.959388631320736e-4,-0.0024957021150145827,0.0023965441663775866,-0.001339089723887815,0.0019490052938543874,-6.636350876836593e-4,0.004525904613840541,7.586393385895064e-4,0.001315142475742894,-0.0014509186920495922,0.0021635794580442073,1.3231000745266868e-4,-2.7796454724457307e-4,-1.0398467142727174e-5,1.3332859953357726e-4,-6.2164829261522e-5,-9.127937019510344e-6,-7.308113483204295e-6
C15-C15l-C15n-C15bb-C15ai,0.010694742901797371,-5.215807697061271e-5,-0.01349168794745653,0.012248821706770302,0.006751490775558672,-0.014290647594923654,0.004468084233952198,2.6273733143828413e-4,-0.0013861124142078812,-0.006046775746856746,-0.00966331110590609,0.007626479685590363,0.006369796336133306,0.04339101442105562,0.010852938405028227,0.006594085832632542,-0.004644926184948995,-0.003243212787280142,0.0020142723411683723,0.004815120730109723,0.00212758888676311,0.0072333124671772305,-0.01921750544779072,0.02441696140597551,-0.004361608846287432,-0.002790426435144989,-0.0010083281482082304,-3.329810119065459e-4,6.653468351366654e-4,-0.006811109056901591,0.0010510229935055588,-0.0047173527719523885,0.005082816759553926,-0.007454439050665506,0.005529034556654687,5.483272894040133e-4,-5.950369647581814e-4,0.0054275918637692174,0.0021329336317758817,0.008665311920825664,-0.0020386882071551883,5.902470184254401e-5,0.004403845318467639,-0.003067974433802626,-0.0030337593820810105,0.005898940562447512,0.0013614080766309077,0.002490942673191029,-0.005692352039699359,0.004592115700135166,0.0023793157653341514,9.58601023566605e-4,-3.455321341231115e-4,-0.001942515582499097,-0.002808188795003875,-0.0035476634848905187,-0.010472941742110727,0.005109094885445548,-0.004845606290571058,-0.0011478630748906992,-0.0035554547521614624,-0.006025257449993851,3.206643713273448e-4,-0.001762988005777915,-0.0016868655787192386,0.0012113536097211515,0.001536075826822655,-0.0026911562204424777,-0.0013471208628924294,-4.886546985271391e-4,-0.006605044309924916,0.0017177101831181703,0.002438643147946233,-0.0015824182209260378,0.0015435175912206398,-0.0010786103721575288,0.0026943147824705746,-0.005376863291406192,9.77079589376484e-4,0.001160484317977249,0.0038653221199339708,5.852760597479798e-4,-0.0015397926617482887,0.0013814039619610367,-0.002909761349451403,-0.002744455412285026,-0.0010294305923379274,0.002038508494093246,-1.5208532148608907e-4,6.442078761009101e-4,0.0012327390508662152,7.86706821375391e-6,6.332318898499038e-4,0.001342752544160954,-0.0013842465515672396,3.30821477446591e-4,9.695792811741408e-4,5.218965613856044e-4,-0.001119181748544524,-0.0010166260555329611,6.050468840067022e-4,1.0609499511590322e-4,2.2175148419126058e-4,-0.0010740011344439126,-2.3541762183254222e-4,0.0017499067971942202,-0.0010897745610665157,-0.0010470220353069174,0.001437558658647652,9.402214928482634e-4,-1.245220261612006e-4,0.004623461228590978,-0.0017792396337560634,-0.0023853194412154707,-2.1684152052356607e-4,2.4664783997713998e-5,9.344123530692741e-4,1.744268480105081e-4,-1.1302675762252297e-5,1.249735897912663e-4,8.279441224849106e-5,-7.632819926604197e-5,2.4400715674941021e-4,1.0955882350822098e-4,-2.001318262200913e-4,7.550616272666718e-5,1.1370148028620432e-4,9.363913471707311e-5,1.7524806850735354e-4,2.4295915653998053e-4,1.8189682036961251e-4,8.067211373868342e-5,-5.32617175372842e-5,-2.5916690536792685e-5,3.814450259373431e-5,-1.3643530937478196e-5,-8.383471146064544e-6,6.195957999748796e-8
C15-C15l-C15n-C15bb-C15br-C15.8,0.013628477422876623,0.001216716226632772,-0.016914632092197776,0.01594454317662106,0.008954320875885166,-0.01573958752051671,0.004260667564340511,0.0014907499647677227,-0.0025131712393622998,-0.00911503913873931,-0.013806816927376137,0.007146946926842319,0.009117260923671653,0.06399949461624221,0.0199126744455599,0.008649740205635062,-0.0010229363302328726,-0.0012425162226329715,1.09475066842933e-4,0.01357590622762864,-0.0023209553866071386,0.002204320808870788,0.0021206151180157254,9.574617062662398e-4,-0.002495428459603126,0.003279417102418102,0.0014158366435152634,0.001879089351721818,-0.0018025723065596575,0.001026910488604289,0.008585009155647451,0.016899196485170458,0.0028852098276724585,0.0015834705861248347,-0.0011727785627487358,-0.002230693187363792,4.0202302758934313e-4,-0.0026918716790671274,0.00853692281241359,0.0013922414915697164,-0.005721624720643624,-0.0012896540168133067,-0.0027440180723293343,-0.0083074344894559,0.009497753597380195,0.0030546629801715902,3.36263749752414e-4,-0.003022411713769218,-5.632068381425303e-4,0.0012381732122389091,0.0019517408043602299,-0.0011958452629204288,-0.0026031154380065755,-0.0047580634424057595,-0.009127104491213706,0.010343445551150755,0.002567808426866254,0.0026534022933343226,-0.001149964088164289,2.2019567813779908e-4,-0.00279748663573584,-4.19234236946395e-4,0.004226771942059455,0.0019234184826632647,0.005520441743448297,0.00395939235589455,0.004950028886592314,0.002431440658488227,0.001204721013648938,-5.736759225162197e-4,-0.0023750203767030882,-0.0015688526896634328,-0.0013132449786006396,-0.0028534371295016415,-0.006327020631361927,0.0014770820225674306,6.49242220614841e-4,-0.003070388274211003,0.0019227844505599662,0.0027480099883619735,0.00226174203372991,-0.0028460424221906653,-0.001788064199528081,0.0018327530590454921,-0.0043783331334530905,0.002767303003704756,-0.003974606178047045,0.002960164122752124,-0.0031725163009768496,-0.0027683666801887803,-2.6807576270476214e-4,-0.0011523030891458564,-0.0013587114552167908,8.581957439462085e-4,0.002647266550623469,-2.259660869638589e-4,0.0020409821430510387,0.0019310440789234672,-5.990424772801063e-4,0.001114829017337254,-0.0011406217070599098,1.619440262719185e-4,0.0016032211899592035,-0.0016259042588762979,0.001957784775271221,-0.0016970374432974937,-0.0012087745337326257,0.0011093635072704673,-9.930266557601213e-4,3.0823026801279907e-4,-0.001842200961242749,0.0013532890102857327,2.711345266012209e-5,0.0024384239585585102,4.559804579616564e-5,0.0011745968643553696,-0.006235954372377102,6.179326669141796e-4,-1.7177282240979586e-4,-2.6795236573925823e-4,-4.797030907503185e-4,4.984686168616233e-4,-2.311247861420123e-4,0.0013402397324502938,-0.001232367323958422,4.469513456474154e-4,-0.0011930638251946295,-2.723615983671766e-4,-1.3436801189004217e-5,3.5706318310374715e-5,-6.710529281849356e-4,-1.5695514574610842e-4,3.7601524059032424e-4,2.1849967170722756e-5,-1.8733806523034177e-4,6.263879913087648e-5,5.872770931270607e-5,-6.753296388867183e-6
C15-C15l-C15n-C15bb-C15kz-C15gb,0.016892288479354547,0.002728123036376903,-0.022975043255126122,0.030952315596601318,0.019227670076981302,-0.043006727140716655,0.01279748109960074,-0.004829609638980944,-4.0224746766892946e-4,-0.00571074428054298,-0.010098488899375478,0.004935761009757545,6.834018169694286e-4,0.046836687718600147,0.01596811172820221,0.007012032214572645,-0.0010673484241460946,-2.31649044072641e-4,-3.4863116378745177e-4,0.013213932377599701,-4.7416883402224104e-4,0.009913977383462504,-6.095108737795875e-4,0.012604775862259974,0.010454273130650038,-7.593287347346658e-4,-1.3286557137213021e-4,-0.0014768758640491362,0.0019020651395183184,-0.004263388495673253,-0.004541478365942191,-0.008797455648924013,-0.004872472651881935,0.005277123760905888,-0.019195889755644544,-0.006299461683360457,-0.004146601511900186,0.0018289145815813324,0.006310395941100285,0.009427197063674786,0.003685560432399307,-0.0024016581281853153,-0.00454941965791043,-0.001525459929546364,0.001600474549980452,8.36135054979431e-4,-0.0010568159589018854,8.152354482846201e-4,0.0029139811372118902,0.00307785352904302,0.0019175788989056032,-6.332659194057462e-4,-0.005911538735844778,-0.006165708521348664,-0.012881555259298695,0.002386616566368974,0.005099655339363133,0.0016493081154740396,0.001857163838833578,0.0020144608448354096,9.28507890401019e-4,-0.0027089900133163407,-9.293106742653471e-4,-0.007274171240343976,-0.026539029949754003,-2.9236290838734213e-4,-0.00448497316393805,0.00442599050007976,0.0029133995721829526,1.5132541140017267e-4,-0.0020561943910664708,0.0013323711093907067,-0.001578679444050551,-0.0017490513646271542,-0.0018840310097488627,-0.0013664091795803192,8.642545007446192e-4,-0.003748913778490994,9.996648329341346e-4,-1.9512241356300575e-4,0.001659016052442597,-6.727876701341241e-4,-0.0022863756431669687,8.930942418873015e-4,-0.002404299439914175,8.161819647044007e-4,-0.0034954280439053386,0.0026339104147047733,-0.0021915292355502874,-0.00273066500684937,-9.101972430794429e-4,-9.274540992224544e-4,6.141348288465062e-4,-0.0011504170122943322,-3.3639363470547334e-4,-2.3403414185522726e-4,0.0011603700349606604,8.597457575546011e-4,-9.932822526394606e-4,6.347042114541598e-4,7.416372861154996e-4,7.319099133042803e-4,-3.997304286503081e-4,-0.0026375856800318004,2.700309398328613e-4,-1.212524358315389e-4,8.683833898821855e-4,9.202719062453779e-4,0.0013773506530558254,0.0044789888649178645,0.0013171124232769192,-0.0022026082210348553,9.468114071442665e-4,-0.0026174564434568075,7.450089765178955e-5,-0.0016879089098609434,0.0035469221090875694,-4.099584971798699e-4,8.359863604843194e-5,-3.6354988853022223e-4,2.2194648248904735e-4,-5.776709991340188e-4,-1.855747154673187e-4,2.0512891865788919e-4,1.2660099664703784e-4,-6.32925856315271e-5,-1.1939549385338045e-4,-4.3779270377966584e-4,3.048219068482103e-4,-6.95530411308862e-5,2.863618283030808e-4,2.9172208259954347e-5,-8.6545608887084e-6,-2.578705819446715e-5,2.9136744549414296e-5,8.413397684120153e-6,-5.8962211263005054e-6,3.307048170703688e-8
C15-C15l-C15n-C15br-C15bb,0.012478015305335734,8.369749586614521e-4,-0.015400669192932889,0.014376207609275776,0.008009315552980194,-0.014790060212140153,0.004252861622679712,5.993968401488196e-4,-0.002177016750399811,-0.00825409077682142,-0.011612432712486501,0.006455692816901429,0.007083717677201311,0.05229724962171344,0.017493247349766355,0.007499899456522111,-0.0010187448880753002,-1.357403930690328e-4,1.056041468962872e-4,0.007043963556953855,0.0016811855949537824,0.011640447223046396,-6.549170501358076e-4,0.01501619655958732,0.01112648378195141,6.741368956949749e-4,0.002723499578428222,-0.0017326155923993297,3.1836212659132606e-4,-8.693079232715406e-4,0.010015538043562226,0.021809666541130413,-8.192287696334323e-4,0.002304506903822901,-0.002601308372409979,-0.0023896642888051813,0.001561078447130355,-0.003297163855251874,0.009019183300233284,-0.0034327353650702433,-0.009839843031132603,3.0935217188194074e-4,3.8444164747020675e-4,-0.008784381407478163,0.010756621341223186,0.003297463781512716,0.0010795162214718894,-0.0031971366112806834,-0.0022125347094153094,-2.8327152691969335e-4,3.369599362874113e-4,-7.184884059555116e-4,-3.385598117218709e-4,-8.833771497125347e-4,-0.00272858284953563,0.00894746284773322,-9.914452007877082e-4,0.0016490658420230274,-0.0015932104916461579,-0.004702020268145011,-0.0011962819358987695,-0.0021332774879561185,0.006161588755782185,-0.002221288059258834,-0.0022331990208892725,0.006185812411897268,0.008920710497726659,0.0026113245685207734,0.0012710135013851368,-4.281976780871041e-4,-0.0036218384373655843,9.252970970378836e-4,3.920401433149271e-5,-0.004730828040938331,-0.008194311183120948,0.002025557494438873,0.0015706019253739795,-0.007213143476474833,0.004948152288507649,0.0021911560996752547,0.004739149892959662,-0.003873963299552364,-0.0034715537740763604,0.0023007947408960855,-0.005564262173552516,0.0037985008307324245,-0.005015836918934321,0.0038121198626404527,-0.004779705597541538,-0.003793817636838164,1.2296437234634032e-4,-0.002298127930480341,4.800547266724742e-4,-0.0011216986461692355,-0.001722908431041182,0.0010261143549293258,0.0026715032332276854,0.0038738614037954824,0.002229752415927592,-0.0012464488240696025,-4.715996066632067e-4,0.0014267451765427148,0.0022908116822464423,-0.0027531275684382745,5.550639693829915e-4,-6.286120433283875e-4,-0.0031796446991269518,-4.979959148282943e-4,0.0021947105722603553,0.0010769207647116812,-0.0013348555300423325,0.004351035815241261,0.001393959282156695,0.006234425073343932,3.0367141852894054e-5,4.201716567311883e-4,-1.411558490826689e-4,9.239402431617873e-4,4.071088185775614e-5,-0.0011220781910559884,-2.7898713860293676e-4,0.0022963735833553293,-2.4096761355559972e-4,-0.0014300939448857676,1.522547826342961e-4,-1.0057448581720572e-4,-2.2097437016154869e-4,4.165891806181987e-4,-8.237545486760445e-4,5.799965814469826e-4,-5.152853635372903e-4,1.5755579032767718e-5,-3.0507115298906854e-4,6.325545687651227e-5,6.473480604928757e-5,-5.1902946574258916e-5,-2.6027948752690634e-5,2.47320304507269e-6
C15-C15l-C15n-C15kz-C15.8,0.013797061705709266,0.0015621242816813788,-0.017038451431149626,0.017837169034228238,0.010602047325403378,-0.027607958878222254,0.0014622976394266759,9.394136217605342e-4,-0.0016334622149136813,-0.005668479916257312,-0.01149393584941075,0.004815400870007462,0.005218140536314913,0.044867731338275166,0.01087450597341096,0.004507567086109201,-2.032219705699848e-4,-0.0024687717493125584,-2.5640173711361063e-6,0.034051484322831845,-0.013422564118064414,-0.018589915289650153,0.005721545432289142,-0.009514467636176556,-8.694454640563741e-5,0.005913386723839644,0.001155990874947332,-2.726566410441911e-4,0.0029711865950636874,-0.011988760972813923,-0.01155022342816349,-0.014282805717744646,-0.01687517218407054,0.010025508869694777,-0.014040392584371434,-0.009057626107983623,-0.0043156370054985285,0.0028841399665660173,0.0010560999837608443,0.008176815902593348,0.002508822115016214,-0.009458387590154728,-0.027074510134048366,0.003812888118519369,0.0017680793153456535,-0.002360090346233757,-0.003602359482742479,0.006193098586985023,0.00532784312602188,0.005770747241911909,0.0041387525175253116,-0.002079149250196824,-0.010585462507765677,-0.012980922907266995,-0.02191241829428158,0.0040951760160099935,0.00943842116673452,0.002917715965990436,0.003411391715554759,0.006417258623060815,-6.509787004718257e-4,-0.0014962791077077725,-0.0016996722338718231,-0.0018977425758373988,-0.011340677309090845,-0.0016313134695006514,-0.0046326850921924595,0.0027115697959185204,0.002141617732231169,-1.1195404858528699e-4,-0.001108850656536197,-8.20581050975428e-4,-0.002139520754984992,0.0011478531635967727,-2.2985432483750643e-4,-0.0010508266875318578,6.448771122825836e-5,-2.359523553620064e-4,-8.369790343913172e-4,-5.514593298985802e-4,5.945871915910393e-4,5.724796750166541e-4,-4.745332512032859e-4,5.159792813964133e-5,-6.338641116115485e-4,3.110414172704561e-4,-0.0016504770646760232,6.4373497200427e-4,-2.2343201318747308e-4,-0.0011708705531519616,-9.623633801164483e-4,-1.3784218307753563e-4,-4.274654532694867e-4,-1.6511009027956263e-4,9.115120269743091e-4,-7.337403029646391e-4,7.483552524602958e-4,-0.001732336307793606,-0.0017842413552479923,0.0019246607058470266,4.953092389652677e-4,-3.925788010798925e-4,-8.745715965065777e-4,-0.0020866475407394455,0.0011548332851077084,-0.0012295451156142257,0.0018019628215753271,0.0017210595342739782,0.0010448776610366937,0.007939674188580235,0.0036469981720535717,-0.005528102981154579,-2.1158526243779098e-4,-0.005321035590183738,1.1413851165153638e-4,-0.0017260560697493902,0.0012737986746568979,-9.081506862378331e-4,1.1039910949906027e-5,-2.901494983066231e-4,-4.264643393515192e-5,-5.877681757230547e-4,-2.549659204268629e-4,6.682437834181558e-4,-7.664967731784344e-5,1.472471949125786e-5,-2.3393256998228471e-4,-6.854541198354741e-4,4.8110583299217617e-4,1.989954532086033e-5,-1.6288878973033573e-5,-3.919024784023721e-5,9.355401548881694e-5,9.921393135701977e-6,-4.986569026071844e-5,-8.739634063086082e-7,1.470160653596165e-5,-3.8941342131381215e-6
C15-C15lt,0.0037846952182865176,-0.0025191674490173273,-0.003292114543316391,-0.0018439304415096473,-0.002132606316048908,-9.48844160488607e-4,-0.0012143641426648497,-7.996043214901535e-4,-0.001313132594188454,-0.0010538251586009657,1.0797078452869477e-4,0.0025997560529157893,-0.0016577272431497242,-0.002635177155925296,-0.004393520823036783,-8.243423827260047e-4,-3.8596248208184753e-4,0.0017306370461281865,-4.2997914451061087e-4,5.368494338499997e-4,-7.422573417230298e-5,0.0014741810103142232,0.001259853318061807,-0.0040701766873152126,4.297844116962104e-4,-0.0035959062774711704,-0.001915929076344846,-7.183175046207122e-4,0.0013232785029429113,0.0014666341297497583,-8.694485256527246e-4,-0.004160364968651489,-0.0019146838837150702,2.958749292705229e-5,-3.9709101207555685e-6,7.899894535588653e-4,-8.262344647280248e-6,0.0012281875354168007,8.357857686673842e-4,-0.003937798344040737,-7.491372260933804e-4,0.002008411687475254,0.0017327974242450478,0.0013922707065900178,0.0010206915908757466,7.68241437130359e-4,2.493839400146849e-4,5.27689268028004e-4,-5.931517593935742e-4,-0.001784182308442752,-0.0014747600445936273,-0.0011512582835327503,-0.001124812966980967,0.0013545532491178623,0.001427176399923001,6.784370298412462e-4,1.0877862675988617e-4,0.0023351255322553864,-2.303154837328265e-4,4.694541783369221e-6,8.276052495038645e-4,0.0011829993225506402,-9.656115221986839e-4,-3.5325775644943277e-4,-3.042189421974948e-4,4.8314628256683375e-4,0.0017880668292244745,-0.0013508405762360988,-2.776270324011509e-4,-4.3931484470841373e-4,0.001729253148417479,-0.0018139627770702186,0.003514473942991991,-8.201296512647713e-4,3.665172097904506e-4,0.002925119339842943,-4.1897065707581087e-4,8.477830025392093e-4,0.002351552893727104,0.0011177602612005599,3.590871824421468e-4,-0.0034415235849393107,-7.037431430002266e-4,7.61477634406352e-4,-2.356007640274345e-4,-0.0024304894710910204,0.004795811138693895,-0.004037583379064923,0.0017526009341697541,0.009242578318990733,0.01090023224362286,-0.03422903051570102,0.015167424211391025,-0.004317131468726738,0.00687971552183147,-0.0038575725429117057,0.0015655319461605082,3.1907757120438053e-4,-0.002603240947651163,0.003351552609695646,0.0019182736140937386,-0.0010583585867273008,-0.001403440079391129,-0.0014631149640492557,9.307145772414131e-4,-0.001625348232465951,5.893128396737029e-4,0.0010253643609864176,-2.2665136727226004e-5,3.0192446886889067e-4,-3.3006654144760896e-5,-6.068206544547666e-4,-1.3228589012566979e-4,-3.17338255644192e-5,-5.289892875154853e-5,3.6595129000006107e-4,1.3375156430624335e-4,2.9782981712218594e-4,4.552257573993666e-5,5.736091939388653e-5,7.400174007333582e-5,-1.936959828667282e-4,5.4615935411380974e-5,8.073786825401505e-6,-7.101272083957392e-5,1.6476611900800136e-5,-2.3569321448660988e-5,-1.9589321646477578e-5,-7.265954929514258e-5,5.2844659286348135e-5,-5.722489047243392e-5,2.5491867831606155e-5,6.674578214867786e-6,-2.0572505134780967e-5,1.611865632512052e-5,4.540244611848149e-6,-1.7270168101057772e-6,4.87324692591124e-7
C15-C15m-C15ds,0.04922035231537203,-0.053520647430382325,0.09421442920327479,-2.4609944205689863e-4,0.004666870732203632,-0.0032306577523260474,0.006795418762999268,-0.004166377583223359,7.101971015964986e-4,-1.6789497865459828e-4,3.007181147221222e-4,-2.6227804714612485e-4,-0.004098520798576538,-1.3675074723717265e-4,-8.377362789258409e-4,-0.002371776437565617,9.912009012106192e-4,5.518459637960069e-4,-0.001400975810099108,-0.0055706138023973095,-0.025811932150526396,0.009182790831320715,-7.229413420881783e-4,0.001032043624964342,-0.0020302869138695166,0.002460410482141289,-0.0012618727565397495,-0.0014717245331167211,6.879642847699738e-4,2.3658941461175608e-4,2.2742184801000803e-4,2.853875770956243e-5,-1.849773195881115e-4,-1.0696908185431458e-4,-0.002147730347561126,0.002835906193347852,0.009950657812466566,-0.0013583725041104102,-1.1435180304548367e-4,0.001497721150479557,2.1467723964627074e-4,-0.0033948841639168032,-0.001791756584032502,-0.0074828288676813,-0.0064029144136655185,7.297224796294332e-4,-0.011138871995247976,6.759977991001036e-4,-0.002989239891724633,-0.002995890476530937,-0.001275872908476936,0.0024707035372757208,6.36073086124731e-4,0.0015192184216313287,1.1948930394295789e-4,3.767976546370279e-4,0.00319627286171937,-5.723305611547939e-4,1.1424451425603207e-4,5.644565395366972e-4,-0.00126533615138186,-0.0040232481494356185,8.673753157617413e-4,0.001445919791167268,-0.0017358214391323134,1.6335642467142598e-4,-0.004340021112012713,0.003581561896369441,-0.00819000105601606,-3.0104118768277654e-4,0.008403823461745244,-0.0011174318072225127,0.005550663936008321,7.330195027310426e-5,-7.60758195498631e-5,0.004083814407683564,-1.224866514336918e-4,-4.6948298881014755e-4,0.0025124644653335636,0.00433735030009734,0.001086578972956358,-0.0036631288170428165,0.001049445148890967,0.014086989362695534,0.0023830107267447075,-0.0019904707505515756,4.957188644653328e-4,-0.003957486762673291,-0.008609703986015337,0.0048031277914778285,0.008455982849268386,0.002983842796713796,-0.0045813782773858145,-0.004583699388528909,-2.467908371256048e-4,0.011347808915226633,-0.002766620130298434,-6.903710977664381e-4,-6.024088136746872e-4,0.004322422836223932,0.0022974264038212976,-3.7689059300581086e-4,3.6556537486740566e-4,1.1913409031453917e-4,-3.409253953972949e-4,-0.0022147813546733613,1.9026392795110306e-4,6.560362714678754e-4,6.66150299970645e-4,-4.7747319559060335e-4,9.982536227238345e-4,4.909737232248377e-4,-5.137593938226455e-4,-5.042333270766164e-4,-5.157508267196077e-5,-3.034253233530278e-4,-1.4737755415955564e-4,-2.227106450458705e-4,-1.0659456250344049e-4,9.531828447523235e-6,-5.777199967486912e-5,9.670457917683833e-5,6.363211730763847e-4,5.1693556808887085e-5,-4.814353063485335e-4,-4.540244637798916e-5,1.797351743101706e-4,-9.381767789616361e-4,-0.0013912085089014853,-1.0219621310115496e-4,3.7817099006821794e-4,1.7502480734417698e-6,-2.1627911546188623e-5,4.366128314190354e-6,2.056407014300316e-6,-1.4164182070465336e-6,-1.0188570838508593e-5,6.035143811484776e-7
C15-C15mc,0.004215113939725695,-0.002315249174282965,-0.0038217310343153913,-0.0017039575933481142,-0.0022449455005434495,-9.504578319142812e-5,-0.0038716405918362284,-0.0046509814526978785,-0.0010283307661123455,-0.0011233060187366838,2.7012430956552025e-4,0.0022832908691178,-0.002393714047936183,-0.002590398200397905,-0.004399698978383245,-8.837781036535683e-4,-2.988739750824627e-4,0.001349090632582311,-0.0012308701204920807,7.376822343290761e-4,5.93249903566865e-5,0.00167327297384056,0.001167823837843654,-0.0042477764769425054,5.277525620251575e-4,-0.0037141101912058056,-0.0018009337003124565,-7.269057437191378e-4,0.0014038346275821276,0.002450635895657966,-0.0015730007295933813,-0.00463854566407007,-0.0031182773096650146,-0.005374335697386588,-8.592706510554092e-4,-0.0015764317533713795,-9.249753807516035e-6,-0.002398492894045596,3.7933524998568836e-4,-0.004510870737855389,-8.949009544094029e-4,0.004661244592931612,0.0022966248816835367,0.0032625639617911042,0.002054975265569759,5.130938631259902e-4,0.0016482398793589979,0.003127647545667472,-7.027612098733517e-4,-0.014835587216004899,-0.021031139768425054,0.034791044708266085,0.005780201156510352,-0.02711949220828427,7.114151207862914e-4,6.637700039717946e-4,-0.004848734115237174,-0.0043725183203201096,-8.37286894608359e-4,0.0017590866521784464,6.346070600800246e-5,-8.840215820091683e-4,2.2734505253104952e-4,7.093354295259257e-5,6.251037354420235e-4,0.0011798025983506192,8.172784038507934e-4,2.544758603683333e-5,8.804064990455801e-4,-4.408966604852083e-4,-0.002109042981551621,-0.0012231639563445803,-0.0010059719198571072,-3.5400807386478197e-4,-0.003453563532608009,7.55082370889013e-4,-0.002245806622677108,8.278806189455703e-4,9.451867158294239e-4,-2.1464918664886844e-5,2.3010884685823885e-5,-6.026425720819845e-4,0.00195717273608812,-5.315418515473005e-4,9.612991857332789e-4,3.485412112490235e-4,0.002542028283737405,2.42735098220307e-4,-3.038616146517128e-4,-0.0018846121674722398,-5.767403620223374e-4,-0.0020918669980958117,-0.002836973222929728,-1.5419286421293149e-4,-0.0011715800329767916,-2.3364039800913926e-4,-0.0026947777747376687,-7.40148887764834e-5,0.0013293791844183574,9.201340383490456e-4,-8.221337230345763e-4,0.0012050369585444845,-5.382922722386485e-4,-8.146147361577953e-4,8.159072828719614e-5,8.348120095109171e-4,-0.0021399793906442424,-0.0012175812451591488,-1.6054294325511882e-4,-3.9304987450125084e-4,0.0021308401101774936,-3.887166996628184e-5,0.0015225139408973447,-3.541116593984909e-4,6.482830983251205e-5,-6.680218194012086e-4,3.7618328701375417e-4,-1.589762809664054e-4,-8.334755652200437e-4,4.637451921392547e-4,4.773834980331879e-4,6.889767848178518e-4,0.0022180797341736502,7.068731360396522e-4,1.8766191966747438e-4,1.7618548407298415e-4,-3.856835546047797e-4,4.041040396136019e-4,1.6127501236676235e-4,-1.4488485548574243e-4,4.2637301201124336e-5,-9.826875969430847e-5,-1.1342971757996238e-4,9.354680040186182e-5,-5.3115739076790954e-5,-3.1617322648985734e-5,1.55080859405674e-5,-5.26183551392758e-6
C15-C15mj,0.005740208578430386,-0.001340227432840507,-0.004915959020426668,-0.0012085619309158582,-0.001635553249761029,3.4870432204942025e-4,-0.0032577263107874893,0.001325277917090609,-0.00149992192961252,-0.0016840941819237635,9.344255537036746e-5,0.0019823424134274453,0.0010896136805121476,-0.0015612411161085979,-0.004979457139050657,-0.001969399910747799,3.1589205956991705e-4,0.0010629410677856414,-1.3398241040396945e-4,-0.0010653371970228078,-6.126824919698255e-4,-0.0024273548738970377,0.0019475212261990684,-0.003226651927575402,0.001597551236898528,-0.0047601667370385245,2.3372672694650282e-4,-0.0027309277035148737,0.0026551167951112844,-3.591340746786615e-4,0.002334309542848897,0.005771010279304958,-0.005660039010280675,5.330714630308272e-4,-0.003391070949897757,6.495639101134209e-5,0.0022281593012080615,0.0012919899563633274,0.005420344939466075,-0.013723041533335935,-0.01260606792787292,0.001380521865445399,0.0017737322931251904,0.011500140209912867,-0.005287109186542352,-7.261611132848806e-4,8.03542041101211e-5,0.0033715542731095273,-0.0037715043535709787,-0.003076096326603439,-0.008325295664188872,-0.0028897752429425053,-0.017557810214549666,0.005520859939546186,0.014567596697614007,0.006419991217833452,-0.008647659028062603,-0.004563957570111037,-0.012823379570937049,0.041210011420739455,-0.004507073715292209,0.007358140850791783,-0.016685468024983652,0.005765950511190879,-0.001713082322751133,-0.013584614924989757,-0.021002415454397072,-0.005050599945260351,-0.005729842617079563,0.002497466697486503,5.922891880104153e-4,0.007159302453791855,-0.001761569951268465,-0.003484340642859258,0.0027361297940766824,-0.005309829705896701,0.0028613752928887343,-0.010930818486038935,0.003370321573283228,-4.850628296309927e-4,0.0027185989571263816,-5.98830720128998e-5,-0.003753246977709724,0.0021353307028453734,-0.004597518117131963,-1.336807047417754e-4,-0.005909771209260643,0.004842245283544819,-0.0027400974415353464,-0.0035918643299397836,-9.001891874369028e-4,-0.0014005788236048718,0.0016044985033203082,-0.001488599749490464,-4.3892138482946126e-4,-5.600304659238571e-4,-9.964487225592098e-4,8.705254885101709e-4,6.073017472815757e-4,-0.001669640735188015,0.002006664303972419,4.496456494558207e-4,-5.41404889645538e-4,-0.001218611550881651,-0.001971110852230251,4.13860951368243e-4,-8.957950990865278e-5,-2.0567866488384654e-4,-5.702642256888791e-4,-9.279735677856111e-5,-5.235379214726967e-4,3.6133554641117174e-4,5.713913811764818e-4,0.0013724004207805295,1.8740136853778147e-5,4.1558859447125715e-5,-3.7575427958362145e-4,7.151051781457048e-4,-6.0251335226023226e-5,-2.4936990488120256e-4,-1.8279864319684295e-4,0.0012928521586400808,2.6893230538814727e-4,-3.346038068955528e-4,-8.463757246445028e-6,1.9955056230370798e-5,-1.724387364350683e-4,1.6586992262498788e-4,-3.8956245916755606e-4,-3.58069023253976e-5,-4.16664684519539e-4,-2.0199561604239063e-5,-8.986835424285743e-5,3.146086140046068e-5,2.7788856234958914e-5,-3.0197363833390952e-5,-3.9618922020822024e-6,1.242965703955986e-7
C15-C15mj-C15kl-C15jk,0.010187031133989421,7.719881933612923e-4,-0.009705213894656386,4.688328664586035e-4,-0.0013620740221034753,0.00312273147197797,-0.012036822230941397,0.012692288850547132,-5.274081509211344e-4,-0.02686224345120946,0.009447368868881059,0.007240093894619995,-6.568506006873327e-4,-0.0015251613941755587,0.0017342560748521364,-0.0012258180591787854,8.230792959918892e-4,0.0028963307061137633,0.0014477039853765246,6.801696385850175e-4,1.6742640529978433e-4,-5.549633392125195e-4,0.006970233062791236,0.004782522158928558,0.0029005005355822577,-0.0033380781805033154,0.01266472772326202,-0.006758035783880114,0.004729877021255217,-0.008048360132277452,0.021223119478483807,0.05714928345446393,-0.020694244604589344,0.005706655433640302,-0.010227861543816837,-0.007246900727946581,0.0075416445521555376,0.0011710364699275802,0.020307226720252123,-0.033510148675426475,-0.0413302347675336,-0.009206902802260308,-0.0016670694076165995,0.020165661202361386,-0.015298257279774836,6.714940605627337e-4,-0.0022097726829056648,0.002635668084391799,-0.001987171975125087,0.0020984125224101395,-0.006303621008540186,-0.0021586973091593667,-0.017327790056259684,0.0018605928849234033,0.01133093593545868,0.004406281732192313,-0.009468338712748403,-0.00611248127641038,-0.007888781645418761,0.01619612787532122,-0.0036387867403036103,0.002032988227106073,-0.00314476101870927,0.001452927794971805,1.666216732277117e-4,-0.002121668678496727,-0.00468686472352038,7.320280740920434e-4,-6.048276060397655e-4,1.9102375427494352e-4,-0.0012421465868296929,2.4795937330445854e-4,-0.002743627963730366,0.0010582641628987463,-0.0011637787030975683,2.5286180341816924e-4,-7.047555801226836e-4,0.004027221718352185,-0.0024637516602905238,-5.2100664990045735e-5,-0.001179601839600898,6.471644679047909e-4,0.001859899630933785,-0.0014526354097743157,0.0026755132364899223,3.634674090786432e-4,0.0027723292974435438,-0.002480193639208816,0.0017715877542954673,0.0017456200474347489,-1.417423746333825e-6,0.0013986891988143956,-0.00122793776280533,7.963193362112818e-4,6.231796562643252e-4,1.109110621761587e-4,9.205880358388615e-4,-6.379305630509262e-4,-0.0010530061132722924,0.002100771161753132,-0.0012878497640458639,-7.220791996046783e-4,1.5925827236268274e-4,5.972893977992393e-4,0.0020955165762426577,-8.665143210118749e-4,3.922501785888245e-4,4.7439024684031055e-4,4.4761833806759426e-4,2.6734311505296175e-4,4.960161179064487e-4,-6.673330266428998e-4,-6.333009402769915e-4,-0.0013736089382708936,-4.5363840861639296e-5,1.6876928751467243e-4,4.8633117213652514e-4,-5.905454536287307e-4,9.25064464967479e-5,3.061856170263131e-4,2.522116364508424e-4,-0.0015520441219154626,-2.6618212526765303e-4,3.756537929907192e-4,-3.758000228733582e-5,-1.1447705467791163e-5,1.7187300883510584e-4,-1.9742130503433233e-4,3.916773655057065e-4,7.794093150345583e-5,4.322355152185349e-4,4.2345981606374914e-5,1.0296397031536519e-4,-5.1611373893061536e-5,-1.9029527678677423e-5,3.99810109267595e-5,3.9853121279390676e-6,1.930873051697653e-8
C15-C15n-C15gg-C15l-C15afg-C15bb,0.015694003677946603,0.0023777502314955286,-0.019163889145455287,0.01831430357985493,0.010517480390890172,-0.016032047173772507,0.004083651705359724,0.003631795119295038,-0.0020754087927341773,-0.009534327889563458,-0.018223884813565638,0.006805685621964604,0.00894629158002682,0.07388026455182031,0.022636026571861995,0.010137590111143154,-0.001179138887111278,-0.0020886447929678283,2.174060713797552e-4,0.01309890815122064,-4.1634071516275867e-4,0.010367812261045346,-0.005864163763229212,0.01930667674737345,0.019034015389172067,0.003813594891094848,-2.5121366020740775e-4,-6.497511395081892e-4,-0.0012659313674375733,0.0034124170306780778,0.001020842746028313,-3.07412784229787e-4,0.009950887132878294,-0.0033578989919262323,-2.932393032402894e-4,0.00290492533052524,-0.0012026601930786064,-0.0015750278378707644,0.015541466961211815,0.016620619801113068,0.005776819219451833,0.008768941208106626,-0.018667686500883542,-0.00392873741157019,0.013331380062035695,-0.008492557607635315,0.0030517899668715833,0.004399149413649557,-0.006538892595220438,-0.011578759007738904,-0.003966546319355695,0.002746590424447421,0.022004015036465326,0.01920351500333664,0.03532637343673643,-7.331724803154122e-4,-0.011246527140073282,-0.003163852036387311,-0.002165944247168159,0.00434034393643407,0.002416592573591949,-0.0012537084893074959,-0.001823278449127264,-0.007840449570096204,-0.01139949472591783,-6.27790115731379e-4,0.002767088833494974,-0.007261535173003069,-0.004896642047892939,0.00160758352741534,0.0018416271170291177,-0.005283443898583623,-0.002965720434816363,0.0021137699645841627,0.0017743380325838363,-4.318351587862408e-4,-0.0010073078577666047,0.004842543886752107,-0.002768238033931123,-6.675930129411203e-4,-2.4378725381944265e-4,0.0012660345663813302,8.730835101228602e-4,-0.0013741779698919982,0.002717023525376752,-5.111321264583534e-4,0.0020089307546715834,-0.00249963459362267,0.002278215375954092,0.0017225413011420598,-9.783016805436402e-6,8.71202618623752e-4,-6.912645872999211e-4,6.185122437203519e-4,6.018939951797517e-4,-4.2974354561384334e-4,-9.835003277679976e-4,-0.002973700487344129,-7.769344262343074e-4,0.001093758871905003,-9.112875153871314e-4,2.098100541919055e-4,-1.3640728882964129e-5,2.7482693893180745e-4,-2.455038424033145e-4,2.9687852750781953e-4,1.958661770758956e-4,-1.68826690620887e-4,-3.0055242031589466e-4,-0.002523570111469291,-0.001240902880672661,-7.037692679645253e-4,6.482779625954512e-4,-0.0014518996756443402,-1.219258615801481e-5,-5.137630925658368e-4,0.0013112980292545218,2.7334916124281813e-4,1.051777395261055e-4,-7.46940731640222e-4,-4.805855123114496e-5,3.116868793764038e-4,-2.9025623238003266e-4,8.692169655797846e-5,-2.720379740855736e-4,4.585453862075994e-5,-6.051352520334969e-4,-5.535930830965969e-4,-5.45383866172979e-6,4.0708975371834383e-4,-3.21113673951394e-4,-3.164975207886194e-6,-5.076843467540513e-5,1.2735614247515484e-5,2.4842575048276216e-6,-3.4321160001839054e-6,-3.596402620140502e-6,-1.7623239268213405e-8
C15-C15pg-C15jr,0.002696422442954049,-0.0031517516392472558,-0.0024479121143782855,-0.0021665080297434596,-0.0024371557648890556,-0.0016560502180713553,-2.1280795837363628e-4,-0.0017971288451184189,-0.0012573528632150769,-0.0011570485327501712,2.9324824493505647e-4,0.0031007589934597896,-0.0032221779542948225,-0.0032728798054938407,-0.004040319440860451,-2.0625711055426748e-4,-7.794673783283842e-4,0.002218274214597886,-5.393307938347345e-4,0.001382429221984949,1.916674795628499e-4,0.0035572341655002652,0.0012258644744281093,-0.004336638121575235,4.801137349930703e-5,-0.003171651047507484,-0.0023265269040429986,-7.185927842041745e-5,9.682273294050526e-4,0.0018218006003090034,-9.448024357118097e-4,-0.004674773157339646,-0.0017170005881582753,2.8408798929123344e-4,7.158561310336563e-4,4.800431551821521e-4,-3.6383881223726926e-4,0.0013844545779554463,9.561623151160206e-4,-0.003531425206592885,-5.709595529762513e-4,7.855368395272225e-4,0.0015039841415209147,8.14557599763826e-4,6.426739665363158e-4,0.0015262846809939274,-1.7138753878462206e-4,1.4035452543609327e-4,-7.205905251699695e-6,-8.710083552247055e-4,-9.36291671557045e-4,-0.0013746122861608761,-0.00118571471616909,7.398192504239942e-4,0.0011438365485906528,5.895199396708854e-4,-7.309561079354064e-4,0.0017684599910730927,-5.904781419820562e-4,-0.0010694312522022348,1.5850396287412974e-4,0.0014979643308666727,-6.070514108436299e-4,-3.2873442876448704e-4,-5.5854313494808974e-5,4.951310453494781e-4,0.001128002491817333,-9.317056318507493e-4,-6.287803772354905e-4,-2.7702753822849205e-4,0.001060623941461899,-0.0012269426799006195,9.07308114540744e-4,-8.511562847483772e-4,-1.8287332338069082e-5,0.0010080805265985596,6.0213665811587105e-6,5.926806976291779e-4,6.350125048931631e-4,5.412355599578021e-4,2.7681499428073864e-4,-0.0017203494161168284,-4.5644934699780657e-4,-9.146580860089295e-5,2.2780311409172833e-4,-7.209271398826133e-4,0.0014006549757468985,-0.001129441056502,7.297483893636467e-4,7.601772145220463e-4,1.7114288954019747e-4,3.1961339518477645e-4,-5.617905392327012e-4,-2.915293830972566e-4,-7.937198455940918e-4,0.0011671332063168576,-7.816897696428047e-4,-2.607576120679024e-4,0.001687383372550212,-0.0028955162225669804,-0.002616241928475116,0.0012198163125130583,0.003173166866248783,0.004188274502600761,-0.005487537569846927,0.01114804407517868,-0.009857233813603122,0.023519321063327905,0.0015539643906432737,0.0010929545042351154,-2.3959509944219889e-4,-0.0017036576380453736,-4.3622287583508593e-4,-3.5114757717123643e-4,-1.336792843324106e-4,7.485434276802511e-4,2.1519296794233423e-4,5.029594570800049e-4,7.152579682396512e-5,1.096373844507122e-4,1.0891440953216611e-4,-2.5816649394205023e-4,1.0558713372528526e-4,1.8731116465041618e-5,-1.00061468487147e-4,2.6882305301320206e-5,-3.5242448851297146e-5,-2.4857003922265347e-5,-1.1207611024769615e-4,8.243894519431354e-5,-8.392510845847284e-5,1.6101415384974366e-5,3.171628321702467e-5,-2.5861782681305067e-5,1.697440518945378e-5,-1.0616644451717345e-6,-2.772957323815771e-6,5.496771119594918e-7
C15-C15qm,0.004959430721167365,-0.001595267542243691,-0.0043265590284853345,-0.00127989603908411,-0.0016760390908071075,-4.27868451415182e-5,-0.00239434134121549,3.0591850580248076e-4,-0.001308917646151775,-8.947617229261581e-4,-2.0231022259837255e-4,0.002091363268343161,-1.2960046779173529e-4,-0.0018924097626629541,-0.0048502097894403615,-0.001596645823654159,-1.2655749932158466e-4,0.0011312015726938323,-3.3571716738223776e-4,-5.786405149174885e-4,-4.5757174055452427e-4,-8.52313529903154e-4,0.0013666749009074882,-0.003674132769889062,0.0010097430713278382,-0.004104874917203713,-0.0015312550575936593,-0.0011548957914297813,0.001575908179268146,0.0011344285109875262,-6.075351769962835e-4,-0.003745074340618623,-0.0023326617306843453,-1.3681499934361323e-4,-8.809735613443686e-4,0.0012788262153192234,2.626273665543189e-4,0.0011303390529301873,6.584972245395473e-4,-0.004278634387253134,-0.0010933680241022059,0.0035584373677180377,0.0021538927531471234,0.0022700627666657194,0.001641840508061599,-6.810991971016227e-4,7.690767116872348e-4,0.0013280246578832417,-0.001503848764312011,-0.0031351419018419632,-0.0024336138506050684,-0.0012137127017095555,-0.0012623584778198057,0.0023971271961413403,0.0021394581837850036,5.918135169878064e-4,0.001986417317419855,0.0033470668913199012,3.929211744782675e-4,0.0015217758085868606,0.0020408003931662393,6.681578361451165e-4,-0.0025596245952384327,-3.069060967978707e-4,-4.983666280415421e-4,3.19702696961949e-4,0.0043159620370875045,-0.002333503203949308,0.001221768496112247,-7.554555338546405e-4,0.005276693086785755,-0.005421418831600428,0.0387429573517066,0.017118329581090618,-0.02412182679024434,-0.026915965840529476,0.005122424847157809,0.001117354141174777,-0.005865017878767227,-0.0021488666940618997,6.784159374278513e-4,0.0038924538047192597,-2.2769016430852665e-6,-9.5939812936471e-4,0.0010331808929319548,0.0010325115029076045,-0.0023757023029634893,0.0013480324698426488,2.4106027782100733e-4,-0.001275408117337234,-0.0012147317808921972,8.563160393188576e-4,1.6952392037082435e-4,-2.8933087376945243e-4,3.739454399863598e-4,-6.649601342678438e-4,2.2906069070828552e-4,6.216107567534827e-5,-8.946777030040858e-4,0.0012248705741980052,6.239955611883559e-4,-4.8454123814447214e-4,-5.112258741911161e-4,-6.493689346119484e-4,3.738341348195952e-4,-7.018687488457624e-4,3.4226445376197385e-4,3.2842861511124e-4,-1.1176143430189709e-4,2.2488561728332022e-4,2.522836235278164e-5,-4.2053597428444857e-4,-5.476690202214364e-5,1.1406788669181798e-5,-3.359400399429474e-5,2.5468727452310214e-4,9.76627063074499e-5,2.0462786324354428e-4,2.9509425877642943e-5,3.2872744144942335e-5,4.778087722288183e-5,-1.2326566544377667e-4,4.674584797512093e-5,1.2545704426261472e-5,-5.276248220125441e-5,1.3007425118611057e-5,-1.5038837588297779e-5,-1.3464982299810213e-5,-4.275411160279816e-5,3.848496906863769e-5,-3.3805846062790796e-5,1.0089895129007071e-5,8.881570584162861e-6,-1.4196668086971344e-5,1.083523252863726e-5,3.3439013095675128e-6,-1.7885503425601238e-6,9.358654429511002e-7
C15-C15rz-C15sa-C15m,0.017928601486621815,-0.015271714640975894,0.022044141489705186,-7.003051881880755e-4,4.273971204741333e-4,-1.9289358814032537e-4,-8.622472207494015e-4,-1.1113701264420865e-4,-7.642553174586798e-4,-5.861281978389612e-4,-1.4088422392048312e-4,0.0012016411085980963,2.8267796361530792e-5,-8.837706852168823e-4,-0.005458064605096853,-0.003669269214791705,6.297891898769403e-4,3.1726714253729673e-4,-3.5037832376310404e-4,-0.003390667053966973,-0.0075249649715995424,-0.0026854761428309307,0.0015146187561851327,-0.003430591175619675,0.00561489534836324,-0.016402874907188576,0.005298174041626914,0.007057676067210059,-2.1192318833099713e-4,0.0017432665437150574,-9.073950685201378e-4,-0.005832374689751276,-0.0020888896551615826,-0.0010662220126496577,-0.003714119470508086,0.007026125622301259,0.023090684502231465,-4.564243180123885e-5,0.0012482723396460462,-0.0026752351981705067,-0.00560387263316829,0.006575141824577345,0.0068834249026070516,-0.009462847189838678,0.0022368625216025247,-0.056606036773862244,-0.008304154960595911,-0.011010582495490352,-0.00930947526288383,0.01366068197588864,0.008513584115904181,0.0020679777118907225,0.0024228243353370048,-0.006729346628485085,-0.005855480752206917,-0.002874568053210168,-0.010519378925063034,6.784885430261714e-4,-0.0033024578542483565,-0.001282842443753351,-0.004572062648985811,-0.004883108324108324,0.0022773842077131886,5.680354079864999e-4,-1.2318944017222536e-4,1.5598419052007377e-4,-0.005593984005818018,0.0042968712913172575,-0.011085679113988193,-0.0015623947877553626,0.003762389347748408,-1.4659427266875387e-4,-4.320006217353713e-4,-6.351724607928144e-4,-0.003696137636753163,0.002606919485119287,0.0038195116390574353,2.671618491063788e-4,-0.0011614693572931012,3.160032313390512e-5,-0.0010230378646138897,-7.288714977440113e-4,-3.3738652767454014e-4,-0.020268490107002102,-0.008619714811948138,1.6776300950526824e-4,5.530828747429348e-4,-4.2909355948883066e-4,-0.0017381681171218383,0.0019895258059904174,0.002299201319816912,7.196400593921525e-4,-0.0012133290525486722,-0.0014950551292784177,-2.723561995957966e-4,7.92054119260877e-5,-7.095314223029913e-4,1.4110062905452752e-5,-1.5850370772422351e-4,0.001332832936894397,7.87409888067897e-5,-0.0022703767093771106,2.025579743543967e-4,-1.0623675792411112e-4,1.7816461072559683e-4,4.979900534201875e-4,-3.855879904009905e-4,-2.3159571812976298e-4,-2.1292783494888406e-4,-4.42693119015186e-5,-1.578615931344272e-4,-0.0011433783964044297,3.015333824286308e-4,9.58192815662847e-4,5.76314358636605e-5,-2.393304790498985e-4,1.902742591234642e-4,8.462463819050649e-5,1.0520237271974632e-4,1.7874350758952383e-4,-1.919804033383746e-4,8.575501015103815e-5,-5.009455088696512e-6,4.2006975031668066e-5,1.8112002744023555e-4,-1.865656495139392e-5,-1.9664456911113508e-5,1.8361585735385933e-4,2.414237034747546e-4,5.924730592244767e-5,-1.4969382575315965e-4,6.591074886377138e-5,-1.222499298471453e-5,-2.1201381407070233e-5,2.851430457805541e-5,-4.2103641800624065e-6,-5.772094266254183e-6,1.6175415573955962e-6
C15-C15s,0.005376065412431293,-0.0017442132375990885,-0.004668031741567066,-0.0014915127936552185,-0.0019150121536822971,1.2734589013857492e-4,-0.003147116301481301,0.0012128990562993423,-0.0026138130493227295,-5.956545486936609e-4,1.5690533493686927e-4,0.0019498801829312038,0.0011760581800942507,-0.0019118624268931403,-0.005857419044297934,-0.0020963251635357457,4.801599984955912e-4,9.592609064930906e-4,-2.2155030827477058e-4,-0.00224546265808239,-0.0012326372823658214,-0.006165421333597165,0.002662290741677072,-0.006200478238668709,0.005546476509511437,-0.016180222412108085,3.7884737184452026e-4,-0.04186398411352689,-0.022953126009387523,0.0071217004981457294,-0.0035085185344458595,-0.006453842741639543,0.006254000341433329,5.236209779199228e-4,0.002528751686114612,2.444672669652659e-4,-9.93060956501887e-4,-3.6680262019488205e-4,0.004742971402365489,-0.004462645729696214,-0.0057724038689086115,-0.005547889528589543,-9.022182906740438e-4,-3.2347408496044105e-4,0.0053821954489250935,0.007195198127824098,-0.0014613315464056572,-0.0040731044045948265,5.887229186182665e-4,0.010423590305340987,0.014729558517364951,0.016453548292023883,-8.84806130569923e-6,0.00522664600534937,0.0012215925948661733,-0.0045376017342522975,-0.00116307221175423,0.0036117484508796033,0.001969076230023687,0.0037429965863638465,0.004066097306899617,0.001584063673312037,-0.005152436472066582,-2.86743064813781e-4,2.3294953837737985e-4,-0.016291693510094546,0.013760155614454646,0.013169865666770031,-0.004078717639991208,-3.6402383869890795e-4,9.618514291454842e-4,-0.0013635851955088704,-4.8649896292369985e-4,-2.61132003877499e-5,-0.0018980582195893493,5.970835600483278e-4,-0.003254195220287066,8.341540119926718e-4,0.0023406208139399383,-0.0012974194964131569,-1.8549472618616513e-4,-0.00186832073781783,-4.78616179753313e-4,3.591637006743639e-4,8.472584974601052e-5,-0.013162873942006556,-0.0017205767002171466,0.0024820687766485203,0.0012721882136965997,-0.0010346647600516584,-0.001865368800922417,4.7708517743796783e-4,1.4438163869448856e-4,-0.0033517380219092695,0.0018711757342701008,-1.9990513903768393e-4,-0.002942884050112123,7.969803226299662e-4,-0.001352948538010243,-5.641244650275097e-4,-0.001151462488308664,8.816296436783385e-5,7.488286103438317e-4,5.073576593782991e-4,-2.8769818541672464e-4,6.047339208640315e-4,4.772701099819379e-4,-4.2051648925415505e-4,-2.827058777734257e-4,3.094535573223177e-4,-7.657826202829813e-5,-3.575069469391022e-4,1.6335625304204836e-4,8.827224703826552e-4,2.0664313918236093e-4,-2.310145449821056e-4,-1.2621231204864962e-4,-3.3050284043648146e-4,-5.9608122620134074e-5,-1.2231844685615153e-4,-1.804479302288692e-5,6.438367681902903e-5,-9.634120769629888e-5,-8.016529453771381e-5,-1.676640575163248e-4,4.10959110130589e-5,1.3545862841226395e-5,6.13544039807545e-5,9.804343411434303e-5,-8.6740283929899e-6,9.666383915741743e-5,-7.133943634289708e-5,-5.62174987426161e-5,6.108533768186498e-5,-3.584622679360684e-5,-1.2230773125856884e-5,3.936253759201658e-6,-8.248176194864419e-7
C15-C15x-C15v-C15ab-C15u-C15c-C15d,0.03375068177740701,-0.025042018159616607,0.04090345785534605,0.0016907733640778991,0.002251118627525188,0.002479823895932394,-0.0045594364306418625,0.004415746754779119,-0.001954777901781667,5.180900827451908e-4,-0.0012842585740826939,-2.853777569062908e-4,0.00979358813260108,0.0025886869682523557,-0.011180147091145953,-0.01001028761164411,0.0029531259392163705,-0.0011750123254547298,-0.008223045037110282,-0.03892794388364492,-0.11778075354194847,0.005002277573878435,0.0011148944327028455,-1.0540363089974118e-4,0.027925597481681105,-0.06688649267893823,0.04011027699461622,0.05008844602002167,-0.015043944952348513,0.005205652572768896,-0.0040837744154947914,-0.003511273740878272,0.009699885061471682,6.565783686351113e-4,0.008347325712227216,-0.0035118723097787028,-0.003925264920052478,-4.460344908681371e-4,0.006135044221794371,-0.003315581187377335,-0.007461741076310749,-0.013007590989771344,-0.007924902042365683,-0.03926002698722428,-0.024811336143445578,-0.006968443796700709,0.01525604433919279,0.007803601719728172,0.00596649941024889,0.0017094506452872771,0.00206638869126148,0.002365600568647141,9.857213559844715e-4,-0.0037469256794370374,0.001430167806377638,-0.0018701415125363461,0.00269792778441034,0.0014055381059340055,-0.0057114924885057665,-0.0018682851240713612,-8.163706436403017e-4,-0.0018420651178931394,0.00133614095592395,0.001154158296562305,-0.0010480247480838898,3.7258602602652544e-4,-0.006074016641102702,0.004676655188243843,-0.012327028180074641,-0.001383349397190092,0.008257670684250736,-3.4264498158030024e-4,1.7234852387911767e-4,-9.722267621682143e-4,-0.0031615363698717825,0.001253129353459382,-3.699478683419767e-4,6.209122981016268e-4,6.733048291919447e-4,-0.001438441403795804,1.6053912820735583e-4,4.994332329400599e-4,-1.5718521072447e-4,0.005267337545512766,0.003249262111112142,-1.7357526447101971e-4,-7.49708427060577e-5,7.838747429247126e-4,0.0020579006580469226,-0.0018613897209165005,-0.0023684827635582265,-0.0011171015154365013,0.0019251391693353255,0.002516369119166784,2.6442028066271775e-4,1.0738027137908769e-4,9.465600392262839e-4,1.1843134928200578e-4,0.0023209379217980384,2.194250289925719e-4,-9.78498034519442e-4,6.908188800007736e-4,1.28181728611538e-4,3.6708738578452874e-5,3.561530249931008e-4,-9.650429048024704e-5,-5.674991904085565e-4,-1.1335160293377507e-4,9.918568798352741e-5,6.091711981115679e-5,-3.595546654632022e-4,1.8958827890766004e-4,5.1557971823645044e-5,-3.178547282739943e-4,-4.780715361697856e-6,1.322605711078036e-4,2.683080294476547e-5,1.1719765073955273e-5,2.4756274052321375e-5,-3.696373632052301e-5,5.336835543201362e-5,-7.007203052660662e-5,-1.8157413555708205e-4,-6.909481165222222e-5,3.715347963942287e-5,1.5236929901477654e-5,-2.3080867995240512e-5,1.201831701881614e-4,1.6237054668375223e-4,-4.916361443749981e-6,1.1201324213743452e-6,-7.5835233689340516e-6,-6.449797891337835e-6,7.550125247366197e-6,-2.936054742325389e-6,-1.577296990755732e-6,1.747834267701422e-6,-4.832982500244572e-7
C15-C15y-C15df-C15x-C15a-C15z-C15aa-C15w-C15ab,0.01841993067922815,-0.006701952122592915,0.008864937448985121,0.00151553055652541,0.0035919977907437482,0.0045918968148561685,-0.008036977307757502,0.006750336845138589,-0.002141814216367793,-9.29132065358606e-5,-0.0015583976221227483,-0.001642857944140825,0.011756640798769159,0.004634344827869208,-0.014333544628364796,-0.024719568581207635,0.011611174621592219,-5.018919949718928e-4,-0.0022208416452989344,-0.017143403767572566,-0.052343470032499353,3.3430597348490414e-4,0.0016488685763515116,5.592246650520501e-4,0.015607461949666496,-0.04103765318215999,0.024202604594684086,0.0274364806076385,-0.007962577727280373,9.446068912119487e-4,-6.031513592486975e-4,0.003413075475203098,0.0045168423600836435,0.0018540612855153186,0.003977733382789251,-0.005029929674981129,-0.013683156001646041,-1.3999238837699747e-4,-0.004586000614134074,0.00773948260640651,0.008498664761504375,0.006990482108530875,0.007695703300502876,0.05107657613317293,0.03442431752714425,0.011798109160286509,-0.0312621351697917,-0.01400951154333005,-0.00930207658567644,0.0014245058840780833,-4.359410258297344e-4,-0.002445257614114207,8.429904737534026e-5,5.640735949468693e-4,-0.0032670333274911396,0.003252022046698915,-0.0030200386841237295,-0.002554738213801011,-0.002974028611885912,-0.004177736588967067,-0.008618353290638866,-0.009697578807908065,0.0028360194708288316,-2.814906292828479e-4,-3.234177948793662e-4,0.0014240249213946256,-0.002671072064010971,0.0012389777757421429,-0.004283936259097468,-5.139049091126307e-4,0.0013885464948534209,-0.0012758733854872396,0.0031456438378544083,8.111111851932772e-4,0.0037089622016760687,-3.839998280665099e-5,-8.562515423843598e-4,-0.0013642843954271113,6.23138830471621e-4,0.004777608369267656,2.5064637833142634e-4,-0.0028515827806778636,2.9082969696982164e-4,-0.002581143710025598,-0.002614328582467365,-1.9093374340041266e-4,8.68826238581446e-4,-0.0026978760132511945,-0.0036351812901966284,0.0032050926371378096,0.004064780421821174,0.0020296139218263414,-0.003213085828016551,-0.0047965999443281716,-1.9788069622784076e-4,6.753399871838501e-4,-0.0035356490722612713,-1.6060032823322315e-4,-0.0068746308349204735,-0.005209369698864517,0.0012581155103850224,0.007625020296302773,7.615582776385605e-4,0.002507462860853327,-0.0011949694362692073,-0.0053046194651707925,0.0026259285692928113,0.0017004510424147347,6.269238804466692e-4,-6.220636024575326e-4,0.0020299539615826856,4.7557130691468306e-4,-5.038682972941842e-4,1.439105568993043e-4,-2.8759333897210215e-5,-1.831284277509105e-4,-1.3642227595201092e-4,3.478198784208261e-7,-9.946654184491846e-5,2.5580476254008804e-5,-2.4157539397752652e-6,3.334206767467465e-5,1.8156497684209376e-4,1.5569282463068728e-4,1.7707403429607154e-4,2.3682197072107647e-5,-8.804380017995776e-5,3.3842711271281296e-4,5.723853869038613e-4,6.841381218338051e-5,-2.713484897476074e-4,-4.0311910439328075e-5,4.2877169820250537e-5,-5.666732826041748e-6,-1.7684791769972067e-5,6.70905724198034e-6,1.4209776125380053e-5,-5.566809132250001e-7
C15-C15zn,0.005583675785712019,-0.0012373085826542286,-0.004890531678462545,-0.0010789067234918677,-0.0015558246086103888,3.78010093433208e-4,-0.00311363377554034,9.275176638507054e-4,-0.001539933322442584,-8.746181387733978e-4,-3.662289168859719e-4,0.0020124739027405315,0.0018505668423118512,-0.002275462060220549,-0.004251583607269094,-0.002140840167794393,9.537953155502537e-6,9.186599005396502e-4,-2.438900910639293e-4,-0.0011078701461373092,-6.362553950941695e-4,-0.0022876328854326343,0.0019455486358491935,-0.00339330473959849,0.001386351013553613,-0.005871428191048732,-5.379120069524228e-4,-0.005908730666150386,-9.149455287268866e-4,4.032540772379137e-4,6.698860522188608e-4,-8.749692087652871e-4,-0.0027428040123821168,5.955116777550617e-4,-5.324668319906456e-6,-3.017162778002211e-4,1.8303811550829827e-4,0.0016701092182717064,-0.0038877315301347024,0.0023354104641893038,0.006478955043592999,0.008493317319504189,0.0038158677144498826,0.002568286039082252,-0.007244480174559549,-0.010111802353301303,0.002640039215667651,0.007133542804637181,-5.925127996573121e-4,-0.019601943822706202,-0.026358800347081764,-0.028146560164923198,-0.0034281992706215033,-0.0052970191652045775,0.0026132612606044863,0.008957642403650006,0.009004461663864932,-0.005270224783584114,-0.008948507334552462,-0.005868352206447132,-0.013433207086393239,-0.01829119320283802,-0.003986502775740868,-0.0037580005304050494,0.0018359198136022577,-0.025576267161046502,0.022348351864120035,0.01534298044192526,-1.3591052525082427e-4,-3.5568114887914295e-4,-0.004625574489713244,1.319055594347289e-5,-0.0018548878408740754,4.8611171509456566e-4,0.0019103123408306206,-7.634688967299455e-4,6.427685362333249e-4,4.0135921269278505e-4,3.115780222740501e-5,-7.818896248254753e-4,8.223929446508592e-6,5.231766135443362e-5,-9.887050898299766e-5,-0.0014256586211402705,-0.0010914558097954391,-0.005950299480407638,-7.78673792667832e-4,4.873689275391843e-4,-0.001423983472611794,3.697364981620103e-4,0.0014588502693142328,0.0018513340753624327,0.001735184668275778,0.0016977162644250584,-4.6034494320248356e-5,-4.6392264131165067e-4,-7.245752376823543e-6,-4.299624446341898e-5,0.002817954291760964,0.002533483001533647,-0.0010019905631683493,-2.096777883411518e-4,3.440503696477427e-4,1.0393876033054503e-4,2.8664493077837176e-4,-7.828542646541556e-4,-1.2458313885884244e-4,-5.1404112270797935e-5,-1.4121293100039818e-4,2.107793978700006e-4,-2.0990337738297315e-4,4.966451008129956e-4,-4.558974562586898e-4,-0.0013534605277500476,-5.032054667727566e-6,-2.1324818260937242e-4,4.402870090341395e-4,7.789226594949032e-4,3.520208979696682e-4,6.440366429195023e-4,-4.4446643894696447e-4,1.6061843008639435e-4,1.2439017606440553e-4,1.5740782301860913e-5,3.217617975135806e-4,-9.081800957444516e-5,1.297152675165008e-4,1.655760611598035e-5,-1.5597089006757657e-4,1.2268979704795172e-4,2.9570563370951692e-05,5.1875562976892576e-5,-1.7226590754893504e-5,-9.217290085271893e-6,-1.5050720760776078e-6,4.1407066469047794e-7,-6.808529273014686e-6,2.619154161257561e-6
C15-C15zn-C15bc-C15by,0.008903713098959118,-5.153524713203783e-4,-0.008114656184452177,-0.0011410603623838887,-0.0024660226527553493,0.002253470818144723,-0.008752762578034746,0.004258634765818425,-0.006278565764007988,-0.0011604123454437877,5.7589357775175575e-5,0.004310394120352221,0.031611185253289195,-0.01679113826934858,0.016128909811928015,-0.004650059933496456,-9.999093187284988e-5,4.98813233363355e-4,5.921919600545626e-4,-6.362677306492126e-4,-6.69996026839206e-5,-0.004302076036203207,0.005547992320125545,0.0013411426751097763,9.683151981105556e-4,-0.012932009070417272,0.0067284801473494645,-0.033454966734310906,-0.01797391202947392,-0.003683953082506365,0.00734466441879509,0.015143766575525812,-0.0012912659691200414,0.004325384747927365,0.0062427779201167455,-0.00832386420561116,-0.0010430559491260963,0.002347467263489954,-0.01737238707983902,0.024207837981729884,0.025522985210901995,0.009449183132385734,0.003099121429622824,-4.503992818173307e-4,-0.018005253938152183,-0.015592790680268007,0.002347546370897061,0.008052762257361125,0.002204094815069611,-0.018930725193410814,-0.02721873592491703,-0.029345817196067586,-0.0021170898235666072,-0.008466600250392649,-7.15434548541697e-5,0.006654768520678072,0.00435057025682816,-0.005873677474133837,-0.005665594714106341,-0.0044011512537114736,-0.00667810109700787,-0.0060569506033326895,1.7575882104150722e-4,-9.166328535317275e-4,7.21600843272466e-4,-0.005239001084648164,0.0025077945086256857,0.00300854728757087,-5.706654992995306e-4,1.1821049007843308e-4,-0.001017426568119237,8.928144024319036e-4,-0.002497749156155533,-2.0255635523818593e-4,-4.4600162122877915e-4,-0.0010660483736272517,1.828636717630407e-4,7.643747593695616e-6,-7.006392824807317e-4,-2.0409857107617863e-06,1.2633064420676716e-4,5.008338378387592e-4,2.3469371477746367e-6,3.0197819870847453e-4,6.999711651101451e-4,0.0027383479779089746,-2.752639558255904e-4,1.2731577961055753e-4,8.02799601298711e-4,-6.091412393842528e-4,-0.0011947047014165357,-5.923751617790903e-4,-8.692347834138207e-4,-0.0010106360807681117,1.6763463380559728e-4,-1.4626000640365336e-5,9.13429417282047e-5,6.35247397170297e-5,-0.002244761922642293,-0.001000750885365302,9.689725917394167e-4,-1.2340308868426283e-4,-5.05435263527629e-4,-4.5051501129956276e-4,1.2888451217150621e-5,1.6581938369095422e-4,3.1138268443300796e-4,2.1242582014075224e-4,2.1736958294054156e-5,-1.6007844649687003e-6,1.817820458260841e-4,-6.791333000512276e-4,3.350123724670968e-4,0.0011208082862957697,-2.0833276664229217e-5,3.8374908733882304e-4,-3.1153249101385896e-4,-5.291495949994906e-4,-2.889846561143772e-4,-5.474999348004857e-4,4.323975808568034e-4,-2.4299783102259845e-4,-7.359779470188672e-5,-4.33672975615598e-6,-3.357249595489181e-4,9.35329053392069e-5,-1.357751078535362e-4,-2.735628239260779e-5,1.1044201774165154e-4,-8.058839007441859e-5,-5.295725145441073e-5,-4.159030578553262e-5,2.378453900901497e-5,-3.087313205607676e-6,1.046004277834404e-5,2.7354570612238012e-6,4.735006500070804e-6,-1.5762457792792168e-6
C15-C15zu,0.00404099870543631,-0.002521103362258919,-0.003929287706418652,-9.716655177581955e-4,-0.0017343568345990327,-0.001555298026107598,-8.094843934256461e-4,-8.160726473773246e-4,-0.0014633268390149814,-0.0015045012269769167,-5.282419915458664e-4,0.0032248496342065047,2.586334388264856e-4,0.0037129553610679056,-0.0029005625977343084,-3.2257786631853093e-5,-8.614674158770017e-4,0.00234305909401074,-7.50044327194384e-4,-0.02802945207113464,0.009376304170627372,0.007787273863656213,-0.0013754305186960698,-0.013310095123070019,-0.0021053719395442106,0.0012895107975217856,-3.849923730902045e-4,6.636790807330699e-4,5.109532894165742e-4,4.460304558166026e-5,-0.004301042454584433,-0.008103296637108313,-0.009468531931964575,0.0046749549101740215,0.005674347815560393,-0.007624911189006416,0.0024256852657471377,0.0033030751188552975,-0.0048026718329780135,-0.005383773323769942,-9.508854923381009e-4,-0.0034151483893448352,-0.00856558659371306,0.004070492137650172,-8.805498836029097e-4,-0.001192194584461879,-0.001325014052439854,0.003141738051388255,0.001813845313301759,0.002811538547743137,-5.007939436893145e-4,0.002103998009399275,-0.005288830948277167,-1.9456577138213965e-4,0.0033266606143589495,0.012598326824121564,-0.00401411667909933,0.0049223165276039305,0.005881264455341743,-0.015614362186149535,0.002024304336123825,-6.837632452315689e-4,-0.007208978885810464,-0.0011811902551690056,0.0012444315935816615,-0.012151996882834316,-0.005952152191007296,-0.011725122525247567,-0.002499126897812772,0.0014482708512923769,-2.9758836624920533e-4,0.004239301270627575,7.356911872689589e-4,-3.3605304860067573e-4,-0.00399097613553792,0.0030300542246966804,-2.3921422573861843e-4,0.00207962753586209,3.9495697158598025e-4,0.001399785358435257,0.0012536459770056602,-0.0018012472184032154,6.398652251076894e-4,2.1031993495298424e-4,8.867331045447912e-4,-9.771248725750533e-5,5.432936705347173e-4,-0.0010954557526008989,2.8862882804668924e-4,6.991667780343198e-5,-8.323549644997875e-4,2.1399750418303875e-4,-8.879767833852215e-5,-0.001209492617561926,7.024781719539356e-5,4.3294757018367386e-4,-0.0011723398821628973,6.140879840154269e-4,-0.0018347150364389526,-0.0014434074514370983,-5.446923344625724e-4,-9.087114270983465e-4,7.244779248634508e-4,0.0012305845941915211,0.0019499787440984504,-1.3368137295239956e-4,-0.0013735869229464783,-4.3411090348030086e-4,-5.789358805755225e-4,5.307308011579327e-4,-1.3082273085463568e-4,7.21980755237424e-4,-4.027492119170732e-5,2.2431475406910738e-4,3.2292817249951376e-5,-5.57568407889245e-5,-9.412970547887384e-4,-1.1284800237773743e-5,-4.7499857177081966e-5,4.479563252607996e-6,-2.0057393835355445e-4,9.284526207060018e-4,-6.689507660741326e-5,-2.895951676950845e-4,1.606743525632967e-4,-4.7480828023057095e-5,-7.119615802536086e-4,-6.278205799385802e-4,4.8675539943278764e-4,-2.0730067208674094e-4,2.2888102762507533e-4,3.900024065717132e-5,5.861785815364944e-6,1.710984775538806e-4,8.879883640313214e-5,-9.123768574719361e-6,-6.183057819005707e-6,-1.320311421594665e-7
C15-C3adu,0.01706221145288781,-0.02130722536861309,0.03172102544460993,-0.002126694077632442,-3.6802903938325937e-4,-0.0031386977399404134,0.0035299173685425164,-0.003989487227303513,-4.873754493498949e-4,-9.865872418583657e-4,5.061811462666556e-4,0.0024961214811514503,-0.005473586030991895,-0.0030263572921915443,-0.002818716103442867,-7.204928505298675e-4,-3.276208883761404e-4,0.0021119495311389845,-4.397987779172e-4,0.0010062494719475454,-0.0036491194956456787,0.005375098864650626,9.702284971604165e-4,-0.003503806258882177,0.0017129664004095918,-0.008235949081589786,0.001566289025415116,0.005162975528191359,-7.600691392880346e-4,0.002304163811608793,-0.0011328773501587878,-0.004592590539266376,-4.000877915666717e-4,2.8272319023862853e-4,8.104330453240605e-5,0.0027178791930687007,0.012053025731445557,-3.2206879031876747e-4,0.0010852465645689291,-1.906850927865603e-4,4.232409806725114e-6,-0.0037455899723307377,-4.922042176792849e-4,-0.006348869389200707,-0.004019790408544394,-1.2253347181184228e-4,-0.0036661856540382287,-4.831465109667989e-4,1.9381911957822197e-4,0.0011602745097755221,6.186705193916044e-4,-1.959633458649316e-4,-3.093102174765318e-4,-0.0011260026734414262,-4.3932633354314123e-7,1.3820492201574359e-5,-0.0017895637532613798,8.709377130511732e-4,-0.0027426880757273203,-0.0027192449481122914,-0.0019812410668731606,-7.021826673227255e-4,9.413523247483946e-4,2.817299932199833e-4,-4.39172733617469e-4,6.815289000675851e-4,-0.0032758589839898926,0.0022909714100680947,-0.008231795907998423,-0.001036603764573,0.004957364867519125,-8.142343558233569e-4,-7.848220114788111e-4,-0.0013202641550800814,-0.0023475336327122053,0.0010121147003860987,8.319494336250415e-4,7.047594492780819e-4,-6.49325945249176e-5,-2.0265670692267595e-4,9.880647421762231e-5,-8.056817963134611e-4,-6.60812545226251e-4,-0.003948790671027313,-2.1636275283830005e-4,-2.0616072654960278e-4,5.557099740191674e-4,1.8815031293885234e-4,0.0026860895498068155,-0.0014350154386107595,-0.0027792415154986212,-3.3328887835485873e-4,0.0017155888499802059,0.0016694836977867022,8.15393738884942e-6,-0.002783290814680241,3.6092663515203277e-4,3.783353113560255e-4,0.0011360554950678697,-0.003197744457929089,-0.002519421606011898,0.0057344836108964466,0.001313076575671753,0.002178864634174236,6.146523855228329e-4,-0.003980552215441392,6.58687219749508e-4,3.554682881634092e-4,4.605878966821776e-4,-1.9146267742316822e-4,0.0010228440006740981,1.1110623475231659e-4,-2.9475048731548086e-4,-2.0445434226137108e-5,1.080106203162501e-5,-1.5279322998958128e-4,1.4922620797051228e-4,1.408001707351012e-4,1.555056543028634e-4,9.450455215641605e-5,-1.542504476513971e-4,-6.240200117864674e-5,-6.834629912541076e-4,1.441168051481656e-5,0.0010467192385345046,9.9713651377774e-5,-4.6117392646003195e-4,0.002645172693317154,0.00427192318202964,5.465573305364458e-4,-0.0019392899273621813,2.897399622044664e-4,2.0581597941962996e-4,-1.0033001316469215e-4,3.633973412944897e-5,5.1223469374241935e-5,1.2324453269101548e-5,8.022866258143222e-6
C15-C42a-C15ch-C15ct-C1,-0.2516303384176685,-0.14122584813419248,-0.0029755766533783395,-0.001686291408839896,0.007229256017324003,-0.006361103253916955,0.01611982966331469,-0.013454735622842776,-0.005831997548428988,-0.013345987331316906,-0.0011519304287955718,-0.040376839801523,-0.010347175775017245,-0.002349466372439604,0.011162770386318632,0.017658908181762575,-0.009438806870633271,-0.030212650919283743,-0.0012481737627742908,0.0017156834691670296,0.001907212128155423,0.010184494411069613,0.003819517343254846,0.0061142304478552295,-0.008822158143934456,0.0012105867526503113,0.0044297964038549275,0.002731920719495055,-0.001595840842132013,0.0018102821188752515,-0.020669793058458133,0.009087969992407836,0.00698393153268945,0.018866049313757335,0.0035275916547007308,0.007790635377084992,-2.76583257114149e-4,0.011237607914692568,2.994061116439269e-4,0.004384031880638592,2.664522459438315e-4,-0.010385788512998824,0.0028303230505590153,-6.816631840269842e-4,0.0018055160100011972,-4.126390576965633e-4,-9.555684047774796e-4,0.0011150624839614948,9.159273586724893e-4,-0.002294624210631846,0.005416208553174704,-0.0017058162672171538,-0.0018379829467908852,-0.007738308648917712,0.004120316644044673,-3.324455730065466e-4,-0.0022844104020424694,-0.003612308757175527,0.00423719976797416,-6.604558882877939e-5,-4.816675122482772e-4,-0.0017095039213894693,-1.875821955465585e-4,8.564528903204436e-5,7.389291268263415e-4,8.025840073323699e-5,-8.307648244975082e-4,7.007969616629209e-4,-4.945386426427713e-5,0.0038473373948828262,-7.562180652349159e-4,-0.0048373727081094855,-0.0017352426106223159,-0.0010474073378589806,-5.924184984599155e-4,-0.0020400909182948673,1.7362963839196894e-4,-0.004292993802887844,9.513459653978919e-4,0.001495282175926572,0.0011108171304394837,1.1915439095174375e-4,0.004507554463976976,-0.0023296599897146466,0.0043438988403424784,-9.07201108996828e-5,-1.4033631730139834e-4,-3.926208165862423e-4,-5.564871112982706e-4,-2.0522510051655904e-4,-3.670935885408267e-4,9.347163447208982e-4,0.0017463910546622094,-0.0016633283233859733,5.571874387511949e-4,-1.2653170121866184e-4,7.4519891316661275e-05,-8.903796945364056e-5,2.3789137125450872e-4,9.461352473328364e-5,7.477189280126928e-4,2.0174942169067794e-4,-5.937920348442833e-4,-3.7240030745197745e-4,1.1695247601670697e-4,-5.954237111468657e-4,6.029171963197735e-5,3.880215008250931e-4,4.222272754052752e-4,2.671414128165216e-4,-4.176283501730178e-4,1.683316601673042e-4,7.95709984519445e-4,-1.5969449555536694e-4,-9.234001154371438e-5,0.0010143997223315043,1.2590188124211881e-4,7.57939402932303e-4,1.373162911044473e-5,-1.3180403958130903e-4,4.1267812555727116e-4,-4.499188359616729e-5,-2.966361307256752e-4,-1.1605289357957343e-4,-1.0583376528202319e-4,2.889019365966288e-5,8.040072291579393e-5,2.604549949805756e-5,5.596002926895621e-5,2.6693582431938267e-5,1.3473609118512452e-4,-1.1782495908955954e-5,-2.5161526797007595e-5,3.268710885178848e-6,1.327137867866152e-5,3.953319546959252e-6,-2.54408675327892e-7,-7.528040613585128e-7
C15-C93l-C15ad,0.005467090115687853,-3.628583269340115e-4,-0.005830498399840135,0.0013109421305925698,1.8401621347553234e-4,-0.006053380391203181,-0.0022581713899285866,3.369515822065631e-4,-4.5598576152722036e-4,0.0010080159408394221,0.0018477721544815388,0.0037090304407543895,9.27645163336542e-4,-0.00987137914857299,-0.01425232614207403,-0.0038361161828584928,0.0020462732823732558,-0.00694777523211626,0.006559503107135038,-0.0020352794004015184,-0.0035652524560310485,-0.02139143948789908,-0.03611065701983604,-0.009477512759523094,0.018800466006556743,0.02109391489632098,-0.001551543111235095,0.005789289255575462,-0.006799008750093768,0.017964901418723478,0.001192056510831493,0.009130200247875232,5.497642780289272e-4,0.002136093329612251,-0.002243180072737901,5.747644268113553e-4,-2.615950395659655e-4,0.007014645378202466,0.0043128632834480525,-0.002810136084539036,0.006939928002764867,-0.004688992454122335,-0.003050982614782558,-8.745462552541738e-4,-0.0016632663793814829,0.0018836585158495153,0.005277163753205769,-0.020488327441690168,-0.008121337692277826,-0.006098869091030302,-9.752236400145353e-4,-0.003081410416535837,0.0020720235650230167,-0.003001068809220917,-7.831669515084136e-5,-9.416462003669693e-4,9.668214183309822e-4,0.0017415644801676911,9.468942002843932e-4,-0.0014044813454723362,0.001833104601731825,0.0031854423815265167,-0.0019578908802927847,-1.487579156055494e-4,-0.001737193156780904,-0.002075985550774314,-0.0011372790061547162,4.8500690845594996e-4,-0.0013016871001497454,8.746714981180359e-4,-3.2497924962766937e-4,-7.616250062726978e-4,-7.728129896925005e-4,-0.0010722406203950714,-0.0016558147231747282,-2.596489781245744e-4,-9.227672941504101e-4,-6.215032875946493e-4,5.839935535291289e-4,3.6327899425059334e-4,0.0012016976691813792,-6.263810053026995e-4,0.0027603024507978787,6.069374121575148e-4,-9.521384856940691e-4,-0.0013768471294201298,7.757043498907797e-4,7.830480392776548e-4,0.002386010096386462,0.0012790022083573993,7.259031722947347e-4,-6.236850086257763e-4,-0.0030677549514460728,0.002207279644701437,-0.002829451886106977,0.0011407445077843011,0.00430716309805374,-0.0015694309272904772,-0.0014394993489030671,-0.001962201378035323,0.0035238051970347202,0.0025425484282088386,-0.0029021812072575746,-0.002173276748320911,0.002398196946358468,-0.0014603199318155707,-0.003081463573977026,8.763526305452109e-5,4.055398222981643e-4,-6.504676838499921e-5,-0.003333224610105902,-0.0025677254408106895,0.001956391251843645,7.387505009952156e-4,1.9373547881252823e-4,-9.033807061432998e-4,-4.5651791268470546e-4,0.0011609603235915435,-8.567727762903666e-5,1.41737168750825e-4,5.874693314441219e-4,-2.1520119635053987e-4,9.565134510050767e-5,-2.9663261621557335e-5,-1.35514978928604e-4,9.89673336340523e-6,2.4263183761712344e-4,-7.891874116535575e-5,-2.5507840545543228e-5,-2.3261376909268063e-4,1.7767186335879227e-4,-5.147980674982327e-6,2.399834399708673e-4,-4.358859247109108e-5,-7.89780346468031e-5,9.075598590374752e-5,2.1057442940135076e-5,1.777050327943122e-6
C15-C93l-C15ael,-0.006607179044313594,-0.015275649173160044,-0.011237838605947409,0.0017943110382206875,0.0019767848021275867,-0.005252189951335456,-0.0031475448431818203,0.001520231236383264,-6.743273732971157e-4,9.087623080049492e-4,0.0012139777825591479,0.0026745819128409297,0.002911916176446238,-0.007121801833045377,-0.01666591642033659,-0.01835786503308077,0.008628741589400959,1.0405061607728513e-4,0.0038516358540040194,9.989234891292888e-4,-0.0018854191177326565,-0.013859241016115775,-0.02006324089353162,-0.01750104757601967,0.02738121515974586,0.024729838921854177,-0.0011266454062544948,0.005243449822175886,-0.0068609870616397695,0.020175717208011187,0.004785170979663349,0.00848134154403941,-0.006399670728770199,-0.004551353295325946,0.0029961633641555027,0.006327652605598597,-8.382055202805422e-4,0.020134682963529056,-0.0018119656855108456,0.01641072874869833,-0.009735940558173284,-9.095605634514036e-4,-1.139356466858035e-4,-0.004711345390781177,-0.005174859220439493,0.005529515463392529,0.010774521357486124,-0.0246268430636877,-0.01162841791390283,-0.006472625882091057,2.4956073495978646e-4,-0.0011130729691658787,0.002854360881529115,-0.002764355767941143,2.0955411667972549e-4,-0.0012747912623949597,-4.8252534087898225e-4,0.002336491542505073,0.005187040221909145,0.0027410356544923043,-0.0018707478213386987,-0.004683079676027331,-0.002530497688023075,-0.0013588642427743742,-0.004720424224025087,-0.0025387714820261035,-0.0025619866896698716,-0.0026436680893909804,0.0015051890417224845,0.0017499718915835278,-0.0025250802032001805,-9.720536562115726e-4,0.004554518125205706,-0.0010016033304252963,-0.001964980995763853,0.005723024176059615,0.0026795172163449938,-8.253430399954046e-4,0.007502545586444466,-0.008069112972355965,-0.001505208986144358,-0.005704725813876651,0.01773583668773655,0.004636391458966588,-0.009894685919928016,0.0012451678474049435,-0.003371608637021491,0.008382034996695277,0.008554014307556002,0.004630785943834902,0.001978196666314334,-7.213589494210883e-4,-0.004954231392050685,0.004926619008330805,-0.0014440596174531424,1.820386225486144e-4,0.0042868690229696076,9.589285449883817e-4,-0.0031651319603518803,-1.544152586766876e-5,-0.0023055803350520102,-0.0069918270726427026,0.004813519643210509,0.005200163238879097,-0.0025842964157329665,-0.0034054833405784265,0.0038930317893622565,0.001321191312103917,-0.0010900335313823457,-0.0017033002360300848,0.007751250685961063,-1.1376494012048313e-4,-0.002081892604567973,8.913912339741754e-4,-2.2225988133646167e-4,0.0022554552329938768,0.0010032705925719675,0.002273300638845337,1.0131861101858689e-4,-2.5523756009687465e-4,0.0011353957951802445,-1.868373823349454e-4,-8.789168216714766e-4,-2.0329759921698537e-4,-2.724996730259508e-4,6.851940097101195e-5,-1.3651644212730317e-5,4.567516897837153e-5,3.104972023432781e-4,3.051009533289704e-5,2.1006696691938027e-4,-5.778317506274589e-5,-1.3742948089449728e-5,2.586000849266401e-5,-1.4285931906197602e-5,-1.3794436820616881e-5,-5.878477587911303e-6,-2.0506438970400954e-6
C15/C1/C1c,-0.17125567007703268,-0.21364713777089409,-0.06552300097017812,-0.007689087466554902,0.007966381795366085,-7.221026573186733e-5,6.064931520306704e-4,0.0028193644523907264,0.013625807928960069,0.014967536939238494,0.005068051446674628,0.028899220011556457,-0.010510490020099069,-0.0018711573569434045,0.010704171391817993,0.01770184270404448,-0.009811575925906715,0.008970642608915736,-0.013327168830904108,-0.0046754231992637485,-0.001777620327789438,-0.014510216650406443,-0.0023861670573685715,-4.957151317507956e-4,0.004274976446137496,-0.00390616040123692,0.0028898196752586303,-0.0018005789013824732,0.0016447567135798341,-0.0013597117588830313,0.006356985613431052,-4.965288063184137e-4,-0.0031510888752086254,-0.0060300455733191295,-0.0037661271326098976,-1.788393638590335e-4,0.001964401788562513,-0.0024674974196029053,-7.324609305901638e-4,-0.004131128204947749,4.3636490851798644e-4,0.021573208525343415,-0.006181624911937864,0.0023048352045284257,-0.002958680237966963,0.0012215473621854573,0.003587138112188641,-0.003768277746873925,-5.699915427696421e-4,-0.0013824227701067394,-0.0027517439190133863,0.005362953109776223,0.0024682205562306624,0.012466814290542421,-0.011184418794109533,0.0021525046199256464,-5.820578045457126e-4,-0.0047204047957557374,-0.003342918687663856,-3.7028918692550545e-4,-5.978786179068716e-4,-0.004234245818887965,-0.0010040651189746484,0.0018364506907963033,-0.0014916293027765859,-9.109868824179831e-4,-0.0033923605381569514,0.0026787466126996836,0.001061911215345621,0.0016688444860443236,0.0025283688076776886,-0.0018555050495365443,0.009843018890471974,0.003246830889118676,0.007207223705149813,0.00420159248327793,-5.342371542408648e-4,-0.005842149153056955,0.003031964794689645,0.023826971541684127,9.122071580591617e-4,-0.015287550932837056,0.0017280813330267408,-0.0010398843708167428,0.0011624203912052036,-0.0013438403300409971,6.989731619327844e-5,-0.009128175352046386,0.01325158037458352,-0.008335585074164317,-0.006468390696424398,0.0016534199502057229,0.0024917612548123877,-0.0012846028819549623,-4.6221687488619056e-4,-0.0014413343251543417,0.0018734777905896353,-1.0980436168442729e-4,0.0023348027070741718,0.0029375578075930254,9.204011761294807e-4,-0.003773825630313449,-4.1393406102046415e-4,-9.458302648691215e-4,5.886089240026984e-4,0.0010716374028504883,3.436304355863718e-4,-1.8683989866963182e-4,2.794098472681881e-4,-1.7716020802163512e-4,-6.118611013512179e-5,-1.0141187513023375e-4,-9.152194481814886e-5,2.1325935271266787e-4,4.457406615348446e-5,-7.777243020994308e-4,-1.69461058772127e-4,-4.533081907886585e-4,-5.165849357343955e-5,6.964682365246443e-5,-3.0451329533739063e-4,8.870177405635013e-5,4.5270204373474687e-4,1.7258386492549188e-4,5.995190457789503e-6,-3.3394883122098926e-5,3.061949459965736e-5,-1.484373307583947e-4,-1.3042672434104548e-4,3.0660658981041455e-5,-1.0805226564669064e-4,4.3381387729305887e-5,4.611283060335615e-5,-2.9597160179833842e-5,6.0535752812676696e-6,1.2426974412070347e-5,-2.8200395003774546e-6,1.4729032378251004e-6
C15/C116,-4.0691236561851316e-4,0.010200518096985309,2.4042490300727745e-4,-0.00865366550814523,-5.574814105367952e-4,1.0627240662602026e-5,-0.004501289376267243,0.008876436644721198,0.024590433047019484,0.024567077619973524,0.012048769285547574,0.033648204468082935,-0.00941148863995565,-0.002277076086807121,-0.002315757736084598,7.429831770156559e-6,-0.0011938532365339287,-0.037834225816055264,0.006411634096048311,0.0016487359056705103,0.001481660564810671,0.010522047688264395,0.013481699489658123,-0.004105719376227115,0.0031092512770993937,-0.0025828941349872944,-0.008418678872153959,0.0020750691620460477,-3.003057300221765e-4,2.590676166488981e-4,6.837918580361155e-4,-0.0029580172871596084,-2.5430952303568603e-4,0.0020985030717444804,0.001827522393741882,-3.329847625592701e-4,-7.276740261612145e-4,-0.0037669352460967223,-0.002580194484619223,0.004285734853328004,-0.006162265171355819,5.512528778908456e-4,1.1940762265903972e-4,0.0011895383403962045,-0.0017432449860284316,0.0016458476365266371,2.121350882082601e-4,-0.002008907517410387,4.623137144579928e-4,0.00302840964957659,-0.002400038124086443,2.0852455808234078e-4,-1.6966142423979568e-4,5.715528658359567e-4,6.399633592250899e-4,3.703286977472607e-5,0.0012683114505243841,0.0027110370936609123,6.956036964208588e-4,-5.166261017871163e-4,-0.0027237031079305704,7.77365179292706e-4,0.001834708026862623,-2.1056494743057873e-4,1.948449477655134e-4,7.948907377342433e-4,-5.903073628710362e-4,6.871066209974866e-4,-0.0022752982585033782,0.01013409693178373,-0.0011309081643666714,-1.4115564234802182e-4,-0.001568427344736548,-4.8820098322987176e-4,-2.3844360894108968e-4,-0.001378333444444668,1.1470831248560633e-5,1.3813412661141744e-4,-0.001261463005004382,7.534991370638864e-5,-3.7951886034521267e-6,0.001064659768407189,0.002856494302841331,-7.025579309589039e-4,8.17049574944748e-4,6.382600250860619e-5,-0.008150560782684788,-0.005781623995158109,0.0026774558294882923,0.001874985848295289,8.75537204228814e-4,-6.033150796185048e-4,-0.001473369365223019,0.0018010344087219575,-9.90627049159405e-4,-0.0010657620707491128,-0.005092488442989847,9.973333251327493e-4,-6.530899235512727e-4,0.002811943217644215,-0.002198175433036151,0.0016493207553488684,2.816159884515642e-4,-0.0011873526259555428,5.660592330944396e-4,2.807993223723645e-4,-4.160024626364226e-4,-4.600795176070652e-4,-3.8360537843117287e-4,0.0013746378532083496,-0.0010098342751846264,-8.993391012829281e-4,-0.0032150598401173708,6.33965581569142e-4,-2.2434168721065662e-4,0.0028593047354858007,5.062508800327557e-4,-5.750610616181131e-4,2.589292207556078e-4,5.4074205593284846e-5,-2.8416545730676213e-4,-7.28243223253875e-4,-1.713425035653203e-4,-1.8818701275816226e-4,2.0971848492556874e-4,1.570105622036302e-5,-0.001444149944117253,2.0211947079048007e-4,-7.457903179688845e-4,4.293757167109806e-4,-2.784143497013698e-4,-3.4182683835538616e-5,-5.0112001266925974e-5,1.2522698087073678e-5,9.561258849601749e-6,2.7625834333341423e-5,-2.079559004781426e-6,9.269894378926823e-7
C15/C116-C15h,0.0012486916927588027,0.00941239898527072,-0.001804056994028306,-0.007850573304580574,-6.844958299542201e-4,0.0011167825033240352,-0.008442786288073873,0.014794370004399267,0.025084927753181805,0.020616506191999964,-0.014770112231764838,0.027970462226659405,-0.018638047261322843,-0.009421884104795527,5.563739060563507e-4,0.001336444963162149,-0.0011745411236088808,-0.024736055219124472,0.003872497776201612,0.003970526080563001,0.0025073059093853696,0.013568428628249531,0.005514481886574891,-0.0028035704776729923,-0.0013251687965777003,4.6279309559043436e-4,-1.7411950342049594e-4,0.0024787114237838715,-0.001157518167009413,0.004266608390452123,-0.002904078938103829,-0.0030492667726531642,0.0014309757697186485,0.008242370277314465,0.0015149435033239259,-0.0014965201652421213,-0.0012285094116520866,-0.011113094545742715,-0.0038222287467314427,0.007303837912776815,-0.011107694141500453,-7.93318789214747e-4,-0.0035586723460745533,0.006002433975447887,-0.007186576221239048,4.8767032833238526e-4,-0.0011260407674300484,-5.818092251385898e-4,0.0019649873861983364,0.006428473062802214,-0.004335224675625167,3.354213070983938e-4,0.0017073611294193406,0.0019177452046966249,0.006541894914745325,-0.006609299453526218,-0.00228173201841446,-0.0010351376617948695,0.0017765411290544813,-0.010303716937372953,-0.0028346445658960565,0.0017748810469510826,0.0026285780524001965,0.0034588075399616053,9.874891015559909e-4,9.656195042702379e-4,-0.006686497330949585,0.011412551207456628,0.006181813692628866,-8.466187250859903e-4,-0.001678856818610256,0.005217012712247927,-6.975739737552958e-4,-0.0018658418584060333,-0.002357334671702124,-0.0027881490769029052,-0.0013739128833129997,-0.0033026883590613816,-0.002331303063203153,0.0059865327543409935,-0.008615917055311187,0.0011581503519575733,0.004235481957423822,0.002898124321697664,-0.005701977075502197,0.0019876856473990856,-0.00587267456450287,0.004980289228594586,-0.001491366676625415,-2.569565227948008e-4,9.229945735571114e-4,-3.92870832722101e-4,0.0022266271565048847,-1.7298848891556358e-4,0.0033712483091333655,-0.001869133736965071,-0.0040153254900161806,7.247971693851062e-4,0.002341837139325687,0.001347396952466862,4.069429346602818e-4,-6.585962698923433e-5,3.303872607549577e-4,8.013041455267199e-4,-0.00136180080300437,-1.1982361614670413e-4,-1.774708200486495e-4,8.114786479830763e-5,-4.525922957209736e-4,-0.0023714544863093355,-6.022242418152555e-4,-8.871702222765849e-4,-2.6996568402055373e-4,-6.55874536422803e-4,-1.3936528810799175e-4,0.0021758137169370687,-4.076920112304521e-4,-0.0014822254884301162,4.739878519937869e-5,6.15623613416574e-4,-3.565797886523708e-4,-0.0014837827614042976,5.408221618008896e-4,7.150638249967818e-4,5.095089763264154e-4,-1.1473560953512052e-4,-4.846316938378084e-4,-3.449410503666369e-4,-1.5658645134120885e-4,-1.5271361763050854e-4,-1.1442800493551937e-4,5.6230520260958347e-5,3.8652708613178807e-4,-1.2196737793065564e-4,-7.065418120344334e-5,1.0664419290083173e-4,1.4460821746471872e-5,5.338230361918879e-6
C15/C116a-C116v-C116x,0.006822322906549525,0.02212491621234469,-0.006630942019666015,-0.010943531875776787,2.0247907024881245e-4,0.00680346390688848,-0.01838738694623168,0.030015603437129376,0.056209904287539754,0.05643696705723149,0.026095989909521243,0.06287941658217071,-0.004427153480714371,0.001831081282360828,-0.005290969201131498,2.2178850206599267e-4,-0.002431731404989601,-0.13642249546254584,0.03605495619195998,-0.009076932581864199,-0.001382140058152607,0.007792238492036732,0.05956236610240495,-0.007082898971381769,0.027409596886661614,-0.011407631944671273,-0.05351706275408738,0.0012172092612374571,0.0026132088773566623,-0.023976675881116773,0.023012939091883077,0.004003271768948239,-0.01203650680554955,-0.04491676666436223,0.0070045144118919085,0.003820702535784365,0.0027189271435293983,0.051979671003750276,0.02015553455753416,-0.021476311909641308,0.033196402720386556,-0.0062200778056254085,-6.058834589861623e-4,-0.004601154086074065,0.0037026104419352916,0.0025015948677012895,-0.0015642385754150907,9.63316700000925e-4,0.002712084233422916,-0.0025019966212033295,0.006160468414073037,-0.0012699120373451183,-6.244230995567063e-4,-0.0029045232989382006,-0.001733858097890455,0.0010153440512199064,-0.004207722445889532,-0.0038430793474176503,-0.002577004437490748,-0.0019827540905090683,0.0020949766600975683,5.44003201888694e-4,-0.0018341783766223192,2.393055686714892e-5,-2.640548591032599e-4,-7.728549760912362e-4,6.769171609200428e-5,-0.0011682572940583601,0.0011572958668734175,-0.015537238767515869,0.0017282301201380751,4.2324191107323073e-4,-0.0024477444976578645,-0.001335485820455103,-4.369616442942626e-4,-0.002168533020282479,-1.6609986452884376e-4,-0.001652142686615431,-9.461782769026415e-4,0.001420850296473498,-3.1878740784276326e-4,8.403139053369739e-4,0.00295334658808724,5.093632415048689e-5,-1.5566868781827936e-4,-5.768494888682033e-5,-0.003451170581487338,-0.0023463591921768613,3.9313942888614175e-4,7.851544668422506e-4,3.196005089063442e-4,-1.716780249527151e-4,-2.837157595673923e-4,3.611349521374568e-4,-8.987925301956375e-5,7.157206041840263e-5,-4.868038855012757e-4,9.08648658986343e-5,-1.1356744166330469e-4,-9.971572532331537e-5,-2.975310940185046e-4,1.5329470024926835e-4,1.0510408972576474e-4,5.260052746960955e-5,1.4411743383054503e-4,1.2446339171517926e-4,6.365995120401662e-5,-6.111833909152774e-5,-5.616020566579731e-5,3.8349261202368296e-5,4.8355368767466874e-5,-1.3766359194569718e-5,4.6131033689556986e-5,5.718090400711579e-6,2.6794872175599695e-5,-2.947571719860143e-4,-1.4521944040256216e-5,3.371718025885961e-5,-8.52436826732902e-6,-1.0113965052841592e-5,2.6728851762565073e-6,6.180103135752346e-5,-8.56274816342148e-6,-1.2352836929975879e-5,-2.7361118616450125e-5,5.166974703251947e-6,1.1081687534677142e-4,8.129350558516179e-6,6.916866055587435e-5,-2.6535621775921585e-5,2.9757426842719383e-5,-5.376975375157672e-6,-1.3806199923967688e-5,5.5672615136836645e-6,1.8660897084677756e-6,-7.785926811509965e-6,-1.2063688368281946e-7,-3.623867895152161e-7
C15/C116f,5.985744023352528e-4,0.011131882846876164,-6.486829613462326e-4,-0.009033676232914296,-3.5723207020936493e-4,7.929476387291898e-4,-0.0066470342828362375,0.012465224634922063,0.030614528706898285,0.028413353848865744,0.015395131244856197,0.029691107818858982,-0.010334476243684386,-0.0015663303415002522,-5.663414870055912e-5,6.169779652748297e-4,-9.172191819547519e-4,-0.02978551704270444,0.0082524875354947,0.0031809295585845014,0.001554121093620133,0.0117689635108845,0.006694388515329926,-0.003770922520996483,-0.0019160202331729935,6.804322900477914e-4,0.00608864514749638,8.609138694402486e-4,-7.026619298627967e-4,0.006672023864668115,-0.0038639569392101983,-0.004828922548015566,0.001588823173833797,0.012945201964190895,-2.216692905702462e-4,-0.0019053841088899647,-0.0016195915995309792,-0.022100156745469366,-0.011928359201879839,0.015189284806509414,-0.021158955310344087,0.0040426886531447805,6.97016435801006e-4,0.0017825922448835953,-0.0012496088390420226,-4.597903482405921e-4,0.0029221526222895744,-0.003609278355527561,-0.004156275951782493,-0.0029651381375326597,-0.0024798634492043093,0.0019156943430375132,-1.785201639230041e-4,0.005115177946676535,-0.0030072377252048097,0.002567887909148276,0.0037987492803320836,0.0015256298620167877,-0.004319985585222666,0.004806316108551446,0.0025987864241511422,-0.0030384241399866716,-0.003492179312839542,-0.0020247820812149212,-0.0010152407847037457,-5.372756755235443e-4,0.004232874279582121,-0.010213348871484711,0.002229139221845626,-0.02481768721206584,0.004780086724798693,-0.003311566178927832,0.0017121775649900268,-1.3503035542642752e-5,0.0022661142408691537,0.003615051955117135,0.004215551099759099,1.2262296082484093e-4,0.004693773006472194,-0.007694389293283724,0.0016720679405814985,-0.00337791444040581,-0.0011838815414704424,-0.0030240579879774556,0.005437304106370371,-0.0029000631887044913,0.0035868953848235225,-0.003420211574462866,-0.004297712935601405,-0.0032918285609711234,-0.002375157529925529,0.0014878154679971753,0.001989704416301104,-0.004005245063505342,4.602700972691854e-4,0.0020175402190405526,0.005571252309050313,-8.642739122250535e-4,6.780110350096823e-4,-0.00345062142104697,0.0023750613273337976,-7.843772409419069e-4,-9.503831769858349e-4,-4.4199521669285726e-5,0.0020603389207583906,2.3609904714863052e-4,4.908117145741484e-4,6.098643827221325e-4,8.379039738933237e-5,-6.217818402628035e-5,0.0027278352359519317,0.0017125325571354867,0.004483959288600036,-2.5512782742159366e-4,7.594893616105316e-5,-6.25533356510093e-4,-1.3136035308441846e-4,7.357549606671225e-4,-1.910684099668813e-4,-5.965742954080295e-4,4.4330304291893965e-4,0.0013711536230458414,-7.166007936978608e-4,8.441668593412708e-5,1.4959131130602525e-4,-9.376645878479578e-5,0.0012230359430639125,-6.21080769937415e-5,3.6599259940949306e-4,-3.6162919591876095e-4,2.0774313642679684e-4,3.2773755208712745e-5,-4.709462714212133e-5,1.5232961967298054e-5,6.2476951631279755e-6,-1.270295856190553e-5,2.6263657044391007e-6,-1.0612529230967218e-6
C15/C15ai,0.0041903123259265564,-0.0026071915309959235,-0.003720918782652657,-0.0023346270855139394,-0.002545625786737178,-9.943099494080245e-4,-0.00211836502683146,1.5655147791541213e-4,-0.0010956724397262446,-6.168374458302229e-4,4.937054347832211e-4,0.004621422300200713,0.0032461918176346512,-0.0036230256553516902,-0.008862803433992003,-0.0010352222494980751,-0.005899233555410666,-0.002781482712636739,0.0025910025915998683,-6.739139586299773e-4,4.4477827795474955e-4,-0.004925514858140491,-0.02225415137139981,0.014747729735042998,-0.018460200494678527,-0.008352700808595822,-0.0016007778152051099,-0.001649672532226038,0.003670016562371457,-0.013589324628213722,-7.201167558075294e-4,-0.008808623844399436,9.994254695240133e-6,-0.010528792253371624,0.006154440467379949,3.794192585865388e-4,2.21578593370702e-4,0.011513057883268688,-2.060275409855027e-4,0.003708462700424771,-0.011466314816700551,-0.0020801615502422616,-4.684730402127017e-4,-8.962322632869365e-4,2.486985932035146e-4,0.00621566936906091,-2.173710202021033e-6,-1.614854948640039e-4,4.5628899381323636e-4,3.224349331763281e-4,1.886525110836908e-4,-0.0012797635568396694,-3.9860960138073445e-4,-0.0013411636097463314,-9.275774646985677e-4,-0.0014439247175113991,-0.007802842162825413,0.006080382910064636,-0.0031527026417242313,2.0928983007861986e-4,-0.0037223332332433656,-0.004873801455171267,-1.6451208503668447e-4,-5.803436603247594e-4,2.2631182032378715e-4,-1.8548712541463532e-4,0.0016414687269950797,-0.0013393311501831461,0.0017385940398202237,3.944846840362507e-5,0.0010938434386929968,-0.0011734231839035539,0.0026182290931905648,9.383133720477906e-4,0.0037166796609436415,0.0032774178001479556,0.005892659688029862,0.0016017662221163495,6.033945665845204e-4,-0.0032830489749840056,-0.003015960943409974,-0.0021670396504344944,-2.5093716166291647e-4,-0.0016833565183675032,0.002076935354044161,0.0046273278189264315,-6.828125901134094e-4,-0.0017481674171080574,-0.0039246172347618775,-0.0028748562239388964,-0.0013399153843025458,0.0014704191911868063,0.0034872285798929173,-0.0018128799525359619,0.0032531226032332275,-0.0019098083009474892,-0.006081999767408406,0.0016763879437646683,-2.8170615317114005e-4,0.0023391065357673342,-0.003476310762312504,-0.0026254986732042185,0.002873222189794003,0.0019565473913499797,2.778238358688558e-4,-0.0010413418067943944,-8.203259548919975e-4,-5.213132166088448e-4,-1.7394291440333618e-4,2.1142727184620742e-5,-1.3800653700264312e-4,-0.0016933871439728126,4.707629147594335e-4,9.598579237841815e-4,2.56840626172175e-5,5.58934062899124e-4,1.834409978480486e-4,-1.8651953754928914e-5,4.117955163512744e-5,1.1887512930681196e-4,-7.438421488671598e-5,2.4004535544478717e-4,4.19248204500392e-5,3.642636904280324e-5,2.525713981981545e-4,-9.515801007140787e-5,-1.0833915978535959e-4,-1.4898789563488863e-4,-2.2994922112784403e-4,-4.070780753731562e-4,-1.589358463264818e-4,-1.64023400895081e-4,1.0317871314076833e-4,-1.8070447696488722e-5,-2.9188223502345692e-5,4.3969319039671416e-5,6.232342350710074e-6,-7.724482310299016e-7
C15/C15b,2.868766066877582e-4,-0.005064917886846502,-4.1143496907144485e-4,-0.00322638207249933,-0.0034252424083362405,-0.003402652992258366,0.0022826291337341626,-0.0042872830161738516,-0.001025641813863134,-0.001318101715283767,6.915461112839612e-4,0.0043196519440365615,-0.006648560854971227,-0.004992888933915502,-0.003220289380400917,0.0015496537997507433,-0.0016901658494499364,0.0033691223556526805,-8.999959226359624e-4,0.003469311631187568,9.155922752948337e-4,0.008407709924317814,0.001223557559732441,-0.005195028281370729,-0.001052125068051623,-0.0022876597076120202,-0.0032999931641388668,9.687575786683586e-4,4.231362003155408e-4,0.002636766506327361,-0.0012361618063882471,-0.006111500541132708,-0.001239492215051911,7.551944643751088e-4,0.002311283919668927,-2.262727773426084e-4,-0.0010492561829564568,0.0017228508203182187,0.0013461491724200269,-0.003212860007640964,-1.5864548950149873e-4,-0.001375637165897238,0.0010580261246380897,-4.914582290412399e-4,-5.822857368133986e-5,0.00346620799549596,-0.0010584989223723776,-7.774914700542814e-4,0.0012580880215030579,5.676319624250433e-4,-2.099804088031565e-4,-0.001867561158178925,-0.001408583571902507,-8.120348200351151e-5,6.425678643952265e-4,7.905480925289289e-4,-0.00276551522823764,0.0014064096659035692,-0.0012417793594200735,-0.002870566864527724,-7.730411110810066e-4,0.002356878161923162,-6.485912700820621e-5,-4.500835243161757e-4,1.699654110950579e-4,7.519161018365727e-4,4.091960404362296e-4,-6.938476457955865e-4,-0.0013871721459348541,-2.505505147166997e-4,4.7450980735561196e-4,-8.790257613784649e-4,-0.001818461578670968,-0.0012859563958636203,-3.7132948105545046e-4,-0.00029777810007094486,4.8644511612371124e-4,8.449556553401524e-4,-2.8570004999742244e-4,1.6755090053615414e-4,4.977478361075342e-4,-0.0012599135519511164,-7.48220090738844e-4,-6.088264415141209e-4,7.450069647988587e-4,-5.090509475102169e-4,4.383333746328408e-4,-4.533998100196128e-4,9.486902105800987e-4,-2.733727180225147e-4,-8.2999251584217e-4,0.001149159028510179,-4.569702056612722e-4,-5.961388871763568e-4,-3.889718291523444e-4,1.3308189144145812e-4,-5.152369933860245e-4,-1.324874258601569e-4,-1.8789493754641835e-4,4.058943054903624e-4,-1.9139998672687935e-4,-5.611283945553986e-4,2.61909436759286e-4,-2.7244242906327776e-4,-2.0956042076743394e-4,2.7539374755274965e-4,8.880488456465893e-4,-0.0012589618742935118,-5.117304732611586e-4,4.725345892213835e-4,2.763057737453162e-4,-5.59225939888514e-4,2.3689382801678682e-4,5.562430810437384e-4,4.794835337983102e-5,7.004906427640082e-5,2.875534040323232e-4,2.4014257546851037e-4,9.655170522808592e-5,-1.2687768253642585e-4,-4.567739722046271e-5,5.34136912784077e-5,-2.4405638647342584e-4,1.5584305056293895e-4,1.1656572641965703e-4,-9.032458726305983e-5,1.2716203908355025e-4,-1.3822921252249471e-4,-6.0748520472273266e-5,1.7045343161114603e-5,1.7600918269401367e-4,-9.910976832475774e-5,1.5872967460798807e-4,1.0036097507007246e-4,-2.144567058064552e-4,-2.3308871072513898e-5,-4.64238093470461e-6,7.200665657574843e-6
C15/C15bc,0.006058057508726487,-0.0013107852827000813,-0.005223259676731721,-0.0012665569687662064,-0.001733780789870995,5.616885121398377e-4,-0.0037727060256371532,0.0017289244874724569,-0.0019437356031124157,-0.0010152827372903917,-1.7289246980748893e-4,0.0017622677177186498,0.0035572509175087145,-0.002000866768878114,-0.005357390658607623,-0.002699337708705874,6.831968210773334e-4,6.165028262478095e-4,-1.2100689638247721e-4,-0.0028674384229362367,-0.0014321370992959857,-0.00772342102179614,0.0029597188724885953,-0.0055215123478885835,0.005575606124025886,-0.01651976814504313,0.0012639271427311066,-0.04226982279521235,-0.022545101788784383,0.005692055707609462,-0.002149194179292821,-0.00325962766876689,0.0050799595986319975,9.11188282748583e-4,0.0025793260802382833,-8.389144578605233e-4,-8.295218294264433e-4,1.1672581022010988e-5,4.566976869340275e-4,0.0012698806116868857,8.684511006477139e-4,6.646856063160919e-4,6.631422906049291e-4,3.884456434887667e-5,-0.002894250576862822,-0.002937777719882478,4.937738862370382e-4,0.0032261507040155027,8.14999388770988e-5,-0.009598972438843506,-0.01529899536552702,-0.019068121120662567,1.3473969001809985e-4,-0.006560536912056917,-0.0022468093592891204,0.005463346737556903,-0.003106239404432342,-0.001977696561153308,-0.0013846419786755298,-0.006360618422669839,-0.0036260555796781982,0.002256295865624388,0.007519519190861876,8.010423426683834e-4,-9.376769805884653e-4,0.0258899518162485,-0.02044528732602844,-0.019544199535536523,0.004520373063877342,3.8946561828170873e-4,1.377223015906521e-4,5.430258395500094e-4,0.001664337651822475,-4.122724139470936e-4,0.002631671442001894,1.327953279050078e-4,0.0037222076586180706,-6.260902996885242e-4,-0.002069068634482892,0.002358796408369524,4.989592574766422e-4,5.742878778400251e-4,2.805311093071891e-4,-4.6815231925087823e-4,-5.050338388679711e-4,0.011194982404906288,0.0020467735709387737,-0.002954114366002009,-0.0015143154748348325,0.0014765853265409185,0.002175591151120277,3.074240507958319e-4,2.0238228677828775e-4,0.0033839068543371482,-0.0018218453384342822,5.28713381351516e-4,0.002391212296448618,-7.015047409434769e-4,0.0022923995081476976,4.899412711897474e-4,9.30046714802078e-5,1.265874889347412e-4,-9.899070234106797e-5,1.114993135473576e-4,3.829247729367285e-4,-2.388177510036978e-4,-3.4434570574050886e-4,-1.928445991943795e-4,2.6746484042175283e-5,-9.3160614597716e-5,1.166016788322292e-5,5.860343896732992e-4,-2.4726589864544916e-4,-0.0011141565412039931,-1.0155665623498524e-4,-1.8212066194812077e-4,2.2254531438491658e-4,3.902249503752725e-4,2.0222486655611875e-4,3.823413767386619e-4,-2.6775700416369156e-4,1.388567965520781e-4,4.292808742196008e-5,3.641817511684549e-5,3.176511996030329e-4,-8.747300501549227e-5,6.236711759895066e-5,1.8477703778119464e-5,-1.0295396702350867e-4,3.100145017362686e-5,4.550199214311056e-6,5.341002619106027e-5,1.3332676934621808e-5,-2.4047814997040397e-5,8.221103178647954e-6,-5.327136398750635e-8,-5.598740969938188e-6,9.860398402927217e-7
C15/C15bi,2.86876606687751e-4,-0.00506491788684651,-4.114349690714503e-4,-0.003226382072499324,-0.0034252424083362387,-0.0034026529922583605,0.0022826291337341613,-0.004287283016173858,-0.0010256418138631321,-0.001318101715283767,6.915461112839632e-4,0.004319651944036558,-0.006648560854971219,-0.004992888933915512,-0.0032202893804009016,0.0015496537997507418,-0.0016901658494499307,0.0033691223556526757,-8.999959226359609e-4,0.0034693116311875706,9.155922752948253e-4,0.00840770992431782,0.0012235575597324376,-0.00519502828137072,-0.00105212506805162,-0.002287659707612021,-0.0032999931641388793,9.687575786683723e-4,4.231362003155521e-4,0.002636766506327369,-0.0012361618063882413,-0.006111500541132708,-0.0012394922150519112,7.551944643750967e-4,0.002311283919668921,-2.2627277734259672e-4,-0.0010492561829564446,0.0017228508203182143,0.0013461491724200277,-0.0032128600076409795,-1.586454895014978e-4,-0.0013756371658972394,0.0010580261246380864,-4.914582290412312e-4,-5.8228573681337534e-5,0.0034662079954959875,-0.0010584989223723685,-7.77491470054288e-4,0.0012580880215030646,5.676319624250445e-4,-2.0998040880316075e-4,-0.0018675611581789096,-0.0014085835719024988,-8.120348200350466e-5,6.425678643952104e-4,7.905480925289218e-4,-0.00276551522823764,0.0014064096659035768,-0.001241779359420087,-0.0028705668645277187,-7.730411110809972e-4,0.002356878161923153,-6.485912700821747e-5,-4.500835243161568e-4,1.6996541109504923e-4,7.519161018365362e-4,4.091960404362602e-4,-6.938476457955567e-4,-0.0013871721459348502,-2.5055051471668235e-4,4.7450980735565186e-4,-8.790257613784716e-4,-0.0018184615786709787,-0.0012859563958635973,-3.713294810554659e-4,-2.9777810007094064e-4,4.8644511612369276e-4,8.449556553401784e-4,-2.857000499974154e-4,1.6755090053611032e-4,4.977478361075314e-4,-0.0012599135519511043,-7.482200907388656e-4,-6.088264415141184e-4,7.45006964798862e-4,-5.090509475102401e-4,4.3833337463280444e-4,-4.533998100196053e-4,9.486902105800604e-4,-2.7337271802250877e-4,-8.299925158421703e-4,0.0011491590285101498,-4.5697020566128445e-4,-5.961388871763427e-4,-3.889718291523386e-4,1.330818914415173e-4,-5.152369933860518e-4,-1.3248742586014238e-4,-1.8789493754643735e-4,4.0589430549033405e-4,-1.9139998672688325e-4,-5.611283945553394e-4,2.619094367593275e-4,-2.72442429063235e-4,-2.0956042076741534e-4,2.7539374755279085e-4,8.880488456465786e-4,-0.0012589618742935578,-5.117304732612019e-4,4.7253458922135187e-4,2.763057737453174e-4,-5.592259398885877e-4,2.3689382801683038e-4,5.562430810437133e-4,4.794835337972448e-5,7.004906427637926e-5,2.875534040323206e-4,2.401425754685407e-4,9.65517052281429e-5,-1.2687768253649787e-4,-4.567739722041363e-5,5.3413691278486925e-5,-2.4405638647344692e-4,1.558430505630559e-4,1.165657264195703e-4,-9.032458726304715e-5,1.27162039083556e-4,-1.3822921252239738e-4,-6.074852047228563e-5,1.704534316109013e-5,1.7600918269396087e-4,-9.91097683249993e-5,1.5872967460794078e-4,1.0036097507016204e-4,-2.1445670580659052e-4,-2.330887107296842e-5,-4.64238093494516e-6,7.200665660515779e-6
C15/C15bi-C15bb,0.035860699665979746,0.009830183778446756,-0.0547147604416083,0.1002824632646698,0.0639387543599651,-0.16399110603448283,0.04951355591893902,-0.03270554497229508,0.007021778245662,0.007997770768125047,0.012116085548280949,-0.0042039003803948346,-0.01993468064037189,-0.030584980600026866,0.002563496954404297,0.001168885773994752,-6.974341558736414e-4,0.003361784190010374,-0.0019329885748586215,0.00426546367919489,0.0033579297848163815,0.016052092560669414,0.009965797248898501,0.007830513587634338,-0.014958474270653067,-0.01078164731684388,-5.198243194059585e-4,-6.331610107753314e-4,0.0014637888185785404,-0.005162260725948572,2.0838348058648128e-4,-7.705140984523961e-4,0.007841886831284289,-7.573107886276959e-4,0.007038259887927245,6.922318978857582e-4,0.001564395809464647,-0.007893156400250798,0.0018117000718413088,-0.005718245654862275,0.0027455711141541636,0.0013839624593483064,0.002602604558449022,-7.463528671251667e-4,0.0021293303772760637,-6.649875559392279e-4,-7.337562541702866e-4,0.003852632661121124,0.0011129445503690561,-1.671648137976577e-4,-5.323148087487306e-4,4.522381148945838e-4,0.0014811601074504552,0.002481007433964352,0.0029808555099665656,0.0010923110734855992,-0.0021637082327372534,-3.1859513481802385e-4,-6.091223879316937e-4,-3.344478549091869e-4,-4.948947518944536e-4,2.4869222087597843e-4,9.660229845924718e-4,2.2578136666812445e-4,0.002901438449051567,9.5222612770532e-4,0.0021154932519446734,-0.0010390467986410377,-0.0011440061787883569,-9.07220261417002e-5,-4.735223056223411e-4,-2.057409407325332e-4,-4.018088403032483e-4,-6.133708954573504e-4,-0.0010796369055680953,1.1362841638174973e-4,5.831111140180344e-4,-0.0018030978337906507,0.001053198010513793,3.796676927941408e-4,0.002237090865000195,-7.658760753991477e-4,-5.262427795351587e-4,6.489475293167908e-4,-0.0016427926425245864,4.737812163822237e-4,-0.0011198429695693166,0.0010659460489567609,-5.333934383358389e-4,-5.823398574927505e-4,-2.167107488998691e-5,-4.967562301988915e-4,-6.419300583397443e-4,4.972841716770899e-4,-7.974364685497323e-6,1.611841508646121e-4,0.001293506809801294,0.001571433012084272,-4.962042568228967e-4,2.881031910040736e-4,-0.00087205554131839435,1.4235068218817866e-4,0.001678472382267285,-0.0019406169195511527,5.701830733244709e-4,-8.381638800442369e-5,-7.720411005234131e-4,2.6929216716176013e-5,0.0015867756359122008,0.0023098117085040863,-3.098024052459961e-4,0.004899401451738699,-0.0013406926089372239,0.005211830248787946,-1.51994626461055e-4,0.0013606833922819362,0.0022483451373960617,3.9135568332097177e-4,1.3534090563209074e-4,7.056708826557052e-4,1.7448599284937397e-4,-0.0035888122623924904,0.0023373408655633604,8.251511459062282e-4,6.535904925712109e-4,-5.394337974221956e-4,0.0022601724265947382,-0.004002701344523415,0.0020113331404503685,5.325782177254276e-4,-0.00142897311768777,-2.1481861514770524e-4,-2.315780113944319e-4,1.9341351521671424e-4,-5.5902625519691716e-5,-1.12610812891813e-4,-6.74427414952024e-6,-2.7578238241110127e-6
C15/C15bi-C15km-C15ko-C93l-C15gb,0.03234230817037779,0.010212645442972356,-0.050043994616187325,0.09440800594199492,0.06014782930481363,-0.1693428030193288,0.04080303182880312,-0.03234214818370617,0.007226470340508799,0.013907566721928777,0.019467642027544575,-0.008414912173321173,-0.023117358843720234,-0.08226444944783305,-0.02272861272442302,-0.011160189930711125,0.002312020127251308,-0.0011035211579427614,0.003131426521417521,0.013770506371301089,-0.010143638627716733,-0.02913250040299718,-0.014015616695343885,-0.022758104685060676,0.023819431856617165,0.027553479379234826,0.0025475996801455148,0.004200537642340483,-0.004137694918728643,0.005638045997375165,-0.0048447241101997746,0.002501735257513295,-0.018039442436066172,7.60846131953612e-4,0.02016045718856135,0.0029311959746932182,0.00174666017737554,0.01169745424010631,-0.013395601135527072,0.002975213502910888,-0.007406976485811487,-0.006868102515661595,-0.018229826061380013,0.006032455811467069,-0.005003813324495381,-7.929574924693366e-4,6.491416002007023e-4,-0.005097086876743957,-0.0022751660127178384,2.454506647826414e-4,9.006586703315569e-4,-7.468737347713141e-4,3.433857590721381e-4,-0.002768942445751648,9.621164897762247e-4,-0.004583550455722111,-6.742758835903031e-5,-9.982052650673306e-4,-5.127664350709799e-6,-0.0018162313691182474,2.3287825281858316e-4,-2.5226945618037484e-4,-5.182179021364622e-4,0.001281415283296651,0.006269820251149594,-4.42369036260564e-4,5.724307061129301e-4,-0.0022062733897472452,-0.0011009672402338617,5.906841427973146e-4,1.2040987500543724e-4,3.146996185230353e-4,-4.297118136384722e-4,0.0010429196693019982,3.2697941047072477e-4,9.470667800635496e-5,-3.0914977593350657e-4,0.0013616860991107844,-6.733145457499417e-4,-4.525040296474293e-4,-0.0014635133051913126,7.528972155791214e-4,-2.441446139627719e-5,-8.185771990066112e-4,0.0019230849500049847,-4.935566088870307e-4,7.835047540748554e-4,-0.0016266766873511405,4.2913247786702594e-4,4.6610296613142733e-4,-3.5640814243657285e-4,5.58390427207654e-4,0.001142459316728094,-0.0010714994613635334,-0.0013515341140353844,-7.727844421867219e-6,-0.001037887050947265,-8.078785157509267e-4,4.112700743864085e-4,-1.2014618376468798e-4,9.602387502859485e-4,5.184374745000959e-4,-0.0012658781148884768,1.0255549946089266e-4,2.0160227474368743e-4,-2.499117767605212e-4,-0.001043653497636984,-2.3263293983108796e-4,-2.0634259397204135e-4,0.001219492343530114,-5.716152114423948e-4,3.3420878498476524e-4,5.605784818757603e-4,2.9555742967520715e-4,3.728303984413292e-5,-3.1101376283437603e-4,1.393028650009954e-4,9.146414214402302e-5,1.0377102475473068e-5,-5.675676703090122e-5,2.2767729954174356e-5,1.2260450220763768e-4,-8.47822866533527e-5,4.2698479111917346e-5,-1.254532170969542e-4,2.1750567122509097e-5,-1.2605762624576073e-5,-1.0211498150314133e-4,-5.5843176485731046e-5,5.9913603900196465e-5,-1.563069028748801e-4,-5.328245534761273e-6,-2.396046685407607e-5,1.52730751093245e-5,-3.047372867932815e-6,-3.4602585157307625e-6,2.1666251960538714e-6,-3.886566029372043e-7
C15/C15bn-C15en,0.006121822943768765,-0.001370323294384124,-0.005611696602763039,-0.0012878228307935736,-0.0019098696739242489,6.778662001694104e-4,-0.004316333959086838,0.0015684628505855964,-0.0018763033784161887,-8.452584522480866e-4,3.8202830986849554e-5,0.0026369611562263315,0.006845380458021771,-0.00497195771614672,-0.00494197844593506,-0.004108590831467759,-1.3562174163008189e-4,0.004119681415984471,4.3170386156022716e-4,-0.010118860678320157,-8.397485655418089e-4,-0.021071241307347246,0.029600854742751637,0.03331629729216903,-0.008874907800024368,0.013578244124693977,0.0022075088491582953,0.006567728389243554,-0.006183904841994132,0.02652443261405683,0.0024853495190915688,-0.014021798681402008,-0.005512740981247327,0.002275839811872389,8.483606652953285e-4,8.914101858172641e-4,2.4271866592511242e-4,0.0014573358061268167,0.003534565334896936,-0.00577900204297071,-0.002758855469676977,-0.0013564092775735662,-4.923725407750975e-4,9.729511459485422e-4,0.0019001275258054482,0.0011041799476049462,-4.5166601268269933e-4,-0.0010870974439998904,6.077336058818608e-4,1.6787849819196747e-6,-0.0016450976685175988,-9.597572406797208e-4,-9.490280936051802e-4,1.9917951572452787e-4,6.660926908737231e-4,6.262976771953624e-4,5.51687849541404e-4,6.248931589706311e-4,0.0010718575661061965,-0.002293550617853788,-5.065741585886309e-4,1.3983025311032753e-4,-6.513285374578962e-4,-1.9203936540809522e-4,1.5576967321569252e-4,-9.627221596338835e-4,-4.744598951881467e-4,-8.519753855952283e-4,9.819335512030821e-5,-1.066447404420768e-4,5.388912663449536e-4,-0.0013491064563983808,-3.9365756704365265e-4,-4.939370481515055e-4,-1.5939183490652485e-4,3.1424494878008557e-4,0.0012556846845368347,-2.2841299224389907e-4,-2.696197106212147e-4,3.686307779904094e-4,2.929062012614563e-5,-2.454806977347748e-4,-3.5543084109579534e-4,-1.1883199284207438e-4,-3.6058482456717534e-5,-4.617719122480891e-4,1.891818165155669e-4,-3.0347597329411906e-4,2.551071773894483e-5,1.0765839426773325e-4,6.014816530428994e-5,4.38265431963247e-4,1.4712043807691924e-4,3.6195795665443276e-5,-2.9095252830271132e-5,6.4487599114072e-5,-2.0125650913328276e-4,-7.233925903616189e-5,1.8311724789704523e-4,-8.978880533681828e-5,5.478760825238643e-5,5.0326104020558e-5,-2.041534726383406e-4,5.372890145066509e-5,4.515101974412116e-4,5.249088621331147e-4,7.380443391351636e-4,-1.0950613859087354e-4,8.764130933951837e-4,1.3533054118803324e-4,-1.614557817012726e-4,5.098552967636141e-4,3.6186921313240784e-4,-0.0011202771351653822,-9.918394769066207e-5,6.845837786903073e-4,7.755110681971454e-4,0.0014146156485292608,8.018683188623877e-4,0.0016985751197700408,-8.18678269792045e-4,-2.0038977033196234e-4,6.641752377819184e-4,-0.0018792571150732344,0.001147442013242762,-4.172124053394366e-4,-0.001089654218121703,8.998799047406886e-5,-9.77918579163063e-4,-0.0022086649618438207,-0.0015202579789402608,0.001936261329006867,4.1665098108411886e-5,5.763903883210841e-4,-0.0010367114619282193,-2.0659815045432844e-4,1.5227519552973463e-4,-1.151700424667253e-5
C15/C15bo,2.868766066877456e-4,-0.005064917886846512,-4.1143496907145136e-4,-0.0032263820724993285,-0.003425242408336238,-0.0034026529922583553,0.002282629133734149,-0.004287283016173849,-0.0010256418138631326,-0.0013181017152837733,6.915461112839609e-4,0.004319651944036568,-0.006648560854971221,-0.004992888933915499,-0.003220289380400903,0.0015496537997507556,-0.0016901658494499294,0.003369122355652676,-8.999959226359598e-4,0.0034693116311875784,9.155922752948319e-4,0.008407709924317821,0.0012235575597324478,-0.005195028281370711,-0.0010521250680516334,-0.0022876597076120337,-0.0032999931641388863,9.687575786683805e-4,4.231362003155497e-4,0.0026367665063273655,-0.0012361618063882395,-0.006111500541132718,-0.0012394922150518958,7.551944643750955e-4,0.0023112839196689113,-2.2627277734259428e-4,-0.0010492561829564479,0.0017228508203182007,0.0013461491724200403,-0.0032128600076409726,-1.586454895014996e-4,-0.0013756371658972396,0.0010580261246381172,-4.914582290412516e-4,-5.822857368132098e-5,0.003466207995495981,-0.0010584989223723917,-7.774914700542921e-4,0.0012580880215030544,5.676319624250482e-4,-2.099804088031702e-4,-0.0018675611581789081,-0.0014085835719025157,-8.120348200349326e-5,6.425678643952227e-4,7.905480925289453e-4,-0.002765515228237647,0.0014064096659036072,-0.001241779359420101,-0.0028705668645277313,-7.730411110810004e-4,0.0023568781619231764,-6.485912700819195e-5,-4.500835243161421e-4,1.699654110950241e-4,7.519161018365295e-4,4.0919604043626606e-4,-6.938476457955534e-4,-0.0013871721459348507,-2.505505147166658e-4,4.7450980735563213e-4,-8.790257613784585e-4,-0.0018184615786709752,-0.0012859563958636645,-3.713294810554814e-4,-2.9777810007095836e-4,4.864451161237096e-4,8.449556553402143e-4,-2.857000499974031e-4,1.675509005360673e-4,4.977478361075171e-4,-0.0012599135519510965,-7.482200907388586e-4,-6.088264415141283e-4,7.450069647988676e-4,-5.090509475102483e-4,4.383333746327423e-4,-4.5339981001962494e-4,9.486902105800723e-4,-2.733727180225043e-4,-8.299925158421871e-4,0.0011491590285101071,-4.5697020566132224e-4,-5.96138887176301e-4,-3.889718291523213e-4,1.330818914415522e-4,-5.152369933860349e-4,-1.3248742586015737e-4,-1.8789493754639967e-4,4.0589430549031627e-4,-1.9139998672687835e-4,-5.611283945553279e-4,2.619094367592837e-4,-2.724424290632736e-4,-2.095604207674275e-4,2.7539374755272754e-4,8.880488456465427e-4,-0.001258961874293527,-5.117304732611908e-4,4.7253458922129706e-4,2.763057737453522e-4,-5.592259398885545e-4,2.368938280168157e-4,5.562430810436819e-4,4.7948353379835663e-05,7.004906427632491e-5,2.875534040323275e-4,2.4014257546867688e-4,9.655170522797692e-5,-1.2687768253647912e-4,-4.567739722041342e-5,5.341369127860041e-5,-2.4405638647338632e-4,1.5584305056302812e-4,1.1656572641949188e-4,-9.03245872629797e-5,1.2716203908350545e-4,-1.3822921252237401e-4,-6.0748520472328086e-5,1.704534316087386e-5,1.7600918269416614e-4,-9.91097683246846e-5,1.5872967460785239e-4,1.0036097507046665e-4,-2.1445670580702228e-4,-2.3308871073037348e-5,-4.642380934882313e-6,7.200665659569571e-6
C15/C15ch-C15cq,-0.013338302730814966,0.013690499959521528,0.004885396665783237,-7.274055902339404e-4,-9.405143578450763e-4,0.0021225568468349865,-0.0068342992253434065,0.007843635088259545,0.00765088107376867,-0.004648620436375513,0.00826745958001642,-0.059954918647885456,0.004833862604351079,0.0012722644770781994,-0.003096182131502915,4.1781772736726574e-5,-9.23317195958939e-4,-0.0330317900677695,-0.05885572932268338,-5.10710667009036e-5,0.003946732771968784,-0.0019650583891380213,3.0788631627754175e-4,0.0037184265978928628,1.0328136280504964e-4,-0.0015937689054489608,-0.007473704813231971,8.846984036056312e-4,-8.678546446568139e-5,-0.010837399236298378,0.011445021584276703,-0.004559816319757496,0.013199961041819926,0.0454074432912784,0.004383113830491232,0.016341833460932133,0.002163078234449067,0.020938680149592253,0.003033120892930543,-0.006468403679967194,-0.001682738673683073,0.021919773396625153,-0.005939697720464329,-2.4378166181307848e-4,-0.005888249000765101,0.005572320208345736,-4.402259436640636e-4,-0.006774534005007941,7.685816794907753e-4,0.011191188203419014,-0.010793045393482878,0.004310766168077432,0.005319270632361485,-0.00306649950741172,0.0011598687197609454,-3.4789933691156246e-5,0.003510448131111305,0.0035423789518316466,-0.002521212250827195,6.448057871472636e-4,-8.299068046444539e-4,0.0011105939496538946,7.977237311008532e-4,-1.2502682895790826e-4,-6.35984281979817e-4,8.689249968145379e-5,3.6219124605752314e-4,-6.948027881779348e-4,5.297480671438301e-5,-0.0034862370667272245,3.067160863636719e-4,0.0039940209240329,4.292954335042633e-4,5.007243977922355e-4,4.8683676494119974e-5,0.001352450044665594,2.7854120016557106e-4,0.003726393575046413,-9.19219930892714e-4,-0.002774958218207089,-0.0015507007446519314,1.7088125169727373e-4,-0.004483243240408566,0.0014121652719319379,-0.002605753497981914,-8.865967956369467e-5,-0.003095381445188938,-0.0016753631289160775,6.480179039178137e-4,0.0015424512785669137,1.8660942343852834e-4,8.352177505226543e-4,5.079854703957593e-4,-4.115929981631988e-4,7.180612627742043e-4,9.209728829998155e-4,0.0031097830666283084,-4.848883213854044e-5,-1.5326918709596517e-4,-0.001484347912681262,-4.6301191391683456e-5,-0.0019023978567889643,8.114523753120608e-4,0.0020068424505126177,-4.2515772300846176e-4,-5.404840623405995e-4,0.001862041813843672,3.784089408286305e-4,0.0012997605560137876,2.4601458639205364e-4,-0.0015604482638700724,4.474943824063858e-6,-0.00024730487691456343,-2.86125364991642e-5,8.191361766020563e-5,-0.0010221315337414104,-2.3583297266491807e-4,-7.377437705824179e-4,-2.282623260045389e-5,1.6229430189457648e-4,-3.66407605000487e-4,-2.491068517770702e-4,4.062025914166631e-4,1.4678544187736464e-4,-6.629243206341635e-6,-3.959425774632453e-6,-1.861372639874668e-4,-4.1431738057210126e-5,-1.8736922140196726e-5,7.923017603749145e-5,-9.313146205306728e-5,-2.0057457380973693e-5,2.689399492135575e-5,-1.5885687752513314e-5,3.0286216322311047e-6,-1.4739803100839792e-8,1.5285811425338932e-6,-7.421699103969779e-8
C15/C15cn-C15cq-C15dz-C15fz,0.004152590892469482,0.011497384178592508,-0.005431374468106187,-0.0024518325553206906,-0.0013715555032714232,0.00609929603543827,-0.019604497506488395,0.02906572871760401,0.04807828025607312,0.025549618391049533,0.028110262638793397,-0.05260421880572221,-0.006739836793730544,0.003389955315649817,0.009756457121906576,0.0033277265458444344,-2.579487258380443e-4,0.0408786131538243,-0.011921569628045131,-0.0013048278456537388,-5.098440463065017e-4,-0.00913723434618208,-0.002301486297568568,0.0015888768741316834,0.007786042531341708,-0.0035020608502588715,-0.02802550823138138,0.005197406428082397,-0.0019169839552354345,-0.010373791832371668,0.016958224693102826,-0.004663653596259375,0.00558560180387308,0.0037934994623883035,0.002063199081194241,-0.0019982288263993833,-5.22206871970386e-4,-0.002768071796677401,2.9659349034192017e-4,0.0012262853174631527,0.0017399158343685169,-0.005735803040717647,5.665260631504844e-4,-6.534146114544062e-4,0.0010487009556927377,4.0146225631294e-4,-7.868933314417154e-4,0.002409906647955989,0.0018023509523470542,-0.01715167393381211,0.02105056929646402,-0.0033305810460951915,-0.0016393393728698004,-0.006662979725862839,-0.003603110106532218,0.002863056642170992,-0.010748503796263327,-0.017759577087839203,-0.008481424166099987,-0.0031272987697203813,0.007121750670009557,-0.0016552284252597954,-0.003716891506992741,0.0013035578178189249,-4.027274453031934e-4,-2.673778373664614e-5,-6.4535891696591e-4,0.002148743927954292,0.001231233656883397,0.007191513036305034,-6.211461861119097e-4,0.0037493535549540003,0.004049507945996013,0.002166550630110772,0.001041737767151906,0.0029511789176654563,-0.0012661578763058714,0.005549759023154827,-0.0015612260844404312,0.0014497751417030646,-0.0010124583031632692,-8.323398433695428e-4,-0.005590605349123373,0.0016943501089147575,-0.002557880910278691,7.48154284246381e-4,-0.0030607968613489992,0.0019028624992504996,0.0020757240546155045,0.0012765549619169914,0.0014786688997497322,-0.0023079771525038205,-0.003082169743519356,0.003547485938943068,-0.0016487787984142022,-8.947880667422303e-4,-0.0040080122466546915,4.0471628048849447e-4,-1.8768188477033714e-4,0.001886875545822236,-0.0018852755789837872,0.0018153143052563186,8.326843512581265e-4,-0.0012365718815953105,9.636111834690186e-7,0.0015484217885957739,-0.00244157693184787,-0.0010334602084308842,-0.002226088248776064,-6.56474410509647e-4,0.003642341745786947,6.012032604195027e-4,0.001642413420696707,4.696178021524216e-5,2.927582988058218e-5,9.901984317815422e-5,-4.4183742399711456e-5,-9.300184761442874e-4,-1.5077159192504152e-4,-4.1444101302316733e-4,-2.0421361958411878e-4,9.570093980153213e-4,-3.9954490231506733e-4,4.442868677445794e-4,5.158268450370666e-4,-1.6790356707839258e-4,6.086503068099446e-4,-1.6863898032485426e-4,2.4195536135941735e-5,-3.1095149270251123e-4,-5.581242728920443e-5,3.534169707097191e-5,7.707298641572891e-5,-1.8907188263096627e-5,-2.6402703044839338e-5,2.7235175833465226e-5,9.074101279695053e-6,4.353359233531543e-7
C15/C15cp,2.868766066877448e-4,-0.005064917886846514,-4.114349690714548e-4,-0.0032263820724993276,-0.003425242408336229,-0.003402652992258358,0.002282629133734148,-0.004287283016173854,-0.001025641813863133,-0.001318101715283776,6.915461112839636e-4,0.004319651944036573,-0.006648560854971211,-0.004992888933915506,-0.0032202893804008943,0.0015496537997507494,-0.0016901658494499101,0.003369122355652668,-8.999959226359538e-4,0.0034693116311875828,9.155922752948429e-4,0.008407709924317813,0.001223557559732444,-0.005195028281370718,-0.001052125068051637,-0.0022876597076120333,-0.003299993164138876,9.687575786683764e-4,4.2313620031554937e-4,0.002636766506327373,-0.001236161806388239,-0.006111500541132701,-0.0012394922150518934,7.551944643750865e-4,0.0023112839196689056,-2.2627277734260401e-4,-0.0010492561829564466,0.0017228508203181996,0.001346149172420034,-0.00321286000764096,-1.5864548950149572e-4,-0.0013756371658972398,0.0010580261246381244,-4.914582290412547e-4,-5.822857368130571e-5,0.0034662079954959784,-0.0010584989223723783,-7.774914700542807e-4,0.0012580880215030527,5.676319624250634e-4,-2.0998040880318541e-4,-0.0018675611581788962,-0.0014085835719025246,-8.120348200349547e-5,6.425678643952219e-4,7.905480925289351e-4,-0.002765515228237635,0.001406409665903616,-0.001241779359420098,-0.002870566864527728,-7.730411110810056e-4,0.0023568781619231686,-6.485912700819598e-5,-4.5008352431613044e-4,1.699654110950113e-4,7.519161018365289e-4,4.0919604043626877e-4,-6.938476457955631e-4,-0.0013871721459348528,-2.5055051471666116e-4,4.745098073556134e-4,-8.790257613784682e-4,-0.00181846157867097,-0.0012859563958636743,-3.7132948105547415e-4,-2.977781000709631e-4,4.864451161237188e-4,8.449556553401803e-4,-2.857000499973936e-4,1.675509005360911e-4,4.977478361075216e-4,-0.001259913551951081,-7.482200907388271e-4,-6.088264415141442e-4,7.450069647988701e-4,-5.090509475102397e-4,4.3833337463277674e-4,-4.5339981001962267e-4,9.486902105800487e-4,-2.7337271802252346e-4,-8.299925158421931e-4,0.001149159028510092,-4.569702056613196e-4,-5.961388871763062e-4,-3.889718291523586e-4,1.3308189144155968e-4,-5.152369933860287e-4,-1.3248742586017761e-4,-1.8789493754640623e-4,4.058943054903028e-4,-1.9139998672683915e-4,-5.611283945552637e-4,2.6190943675931367e-4,-2.724424290631866e-4,-2.0956042076738086e-4,2.7539374755273166e-4,8.880488456465244e-4,-0.0012589618742935194,-5.117304732612293e-4,4.7253458922134027e-4,2.7630577374532716e-4,-5.59225939888606e-4,2.3689382801678983e-4,5.562430810436428e-4,4.7948353379757296e-5,7.004906427635115e-5,2.875534040323108e-4,2.4014257546879238e-4,9.65517052281066e-5,-1.2687768253645575e-4,-4.5677397220411765e-5,5.341369127850966e-5,-2.4405638647338773e-4,1.5584305056297968e-4,1.1656572641938553e-4,-9.032458726301717e-5,1.2716203908367588e-4,-1.3822921252245219e-4,-6.074852047240848e-5,1.7045343160872582e-5,1.7600918269383616e-4,-9.910976832470959e-5,1.587296746075644e-4,1.0036097507049382e-4,-2.144567058067934e-4,-2.3308871073350455e-5,-4.642380935315481e-6,7.200665653715272e-6
C15/C15cp-C15ch-C15cq,-0.016321989525183246,0.017729449372289763,0.006819976548200827,-0.005290794908230018,3.8450861029551815e-5,9.889520463320506e-4,-0.005209582421800139,0.006472635523935917,0.005694039296735869,-0.00822214095592541,0.008026871513436196,-0.07119498862003444,0.00573908699514953,9.677974165634299e-4,-0.004426580408493811,-4.692367470425137e-4,-8.060238970838312e-4,-0.043063051251263876,-0.07496046561811774,7.734493732051116e-4,0.005317572239922109,-0.0013329879579346813,-0.0013549874556277389,0.002133116036815377,0.002142928603970608,0.0016710424218990417,-0.0035768487142971398,4.895482448230501e-4,-5.836092496802663e-4,-0.0021731295328260188,0.010689134482725085,-0.003661792533296483,-6.68797181536732e-4,-0.006674410522458926,-0.0017692194104017417,-0.006146658546975901,-4.4445586350421877e-4,-0.012377510453892186,-9.447892215584742e-4,-0.0014211388176954382,-0.0017858518799113569,0.010445620075943138,-0.004246556087510928,-5.336395427150667e-4,-0.004202004998686995,0.00228682197357932,-0.0015280657045689662,-0.001321864825796405,0.002221220959896979,0.010359577779570913,-0.003640723234491423,-0.002699717319264872,0.001881803240815996,0.003964308454110909,-3.6129072208486624e-4,0.00024497933668501883,0.0017153314166542487,0.0010636230037683878,2.6652616763468607e-5,-8.691175799236048e-5,-6.081832132435558e-4,5.748883422318329e-4,6.59130575261464e-4,-7.50287739662587e-5,1.3542006770218454e-4,2.7597667253211265e-5,1.5893126128409306e-4,1.6353321378185864e-4,-2.745783334160424e-4,-8.930356326294008e-5,3.3098804153021215e-4,-7.949201434117003e-4,-6.704366596887389e-4,-7.711509564187063e-4,3.878374385431703e-4,-0.001760924343818021,4.787637470934536e-4,-0.0048121187657660675,0.0016789155456088927,7.198237204077056e-4,0.0024550138035324986,3.2131784241169016e-4,0.01406104509056134,-0.0016987217735141356,0.0021193641798655507,-9.454748469124551e-4,0.009571032789118068,0.002628180575413977,-0.004608172754415995,-0.007217854254019577,-0.0013271798412179375,-0.004517277276810838,-0.005273996443812019,0.0031324482158092476,-0.00230976940457165,-0.001706062919027656,-0.005963125645483378,4.180754501732301e-5,-9.668785778888164e-6,0.00225837774735081,-3.179192679176547e-4,0.002163167557499762,-0.0019839197518933174,-0.0030904966214571348,0.0011173264222339727,4.2617040056661473e-4,-0.0019237514614443088,-2.169456099864621e-4,-0.0014324383458410189,2.457277387835114e-4,0.0016393705688606101,-1.8686520219220125e-4,0.001309993363612327,-1.373792351601355e-4,-1.3760262836200868e-4,0.001809103128402371,3.631956471178282e-4,0.001605751105460794,9.706896565988422e-5,-2.366471181529984e-5,7.730380219808505e-4,-4.3042689962414013e-4,-4.3648920349260057e-4,-3.789604531107812e-4,-3.3319827712257656e-4,1.045745283878662e-4,-1.0412855213802569e-4,1.3026907365100386e-4,-9.457994233311946e-6,1.3719774406618893e-4,2.514309789146499e-4,-4.574847578117446e-5,-1.2160762078368222e-4,3.72332164441757e-5,3.084515649330895e-5,2.4743585392929006e-6,-2.6230714626098145e-6,-2.443214406799713e-6
C15/C15cp-C15cq-C15ch-C15dz,-0.013920657831120257,0.020799420832663805,0.0049610329737993005,-0.006745472322017019,-1.6224153419483e-4,0.0034589605464606836,-0.013667667954894238,0.02220740497702599,0.037236192744303974,0.011315834376366962,0.02409787860961204,-0.08380030133566076,-0.0045946399250990375,0.0023589691000429885,0.007422423029738541,0.004360955413849431,-0.0012235590068089125,-0.010186074864684383,-0.048222777809129896,0.006411167249513739,0.004340314957563244,0.00837188324418194,-0.005980958513006354,-8.881439217548129e-4,-0.0039050555272680796,0.0071101425994934886,0.020739735562307477,-0.003071317213246813,2.2912414844418377e-4,0.004132598942624627,0.007636131790228171,-0.00476546771452222,-0.008164307736211825,-0.024055638769293022,-0.0016102203545302048,-0.008345569067052987,-4.3726257935495046e-4,-0.005977145536839353,6.002871247582079e-4,-0.003765583973613122,0.006967912025012267,0.0025399130476620826,-0.002472753580425193,-0.004525041434167289,0.0019645939440468105,0.0019247248579098545,-0.0014228927530040916,6.431697399818716e-4,0.002382551523125417,-0.0031690029204140646,0.010916828717276995,-0.004325567098063575,-0.0011514185888076565,-7.567100544625343e-4,-0.00431979740886326,0.003279765712412499,-0.007051844367753503,-0.012717358111073175,-0.006104534529162462,-0.003745147207481349,0.005548970100764793,-0.0021382221690471543,-0.005350369573021214,0.0012040617891571589,5.345503550563e-4,-6.857534945338367e-4,-0.002339163177721084,0.0013900183333859623,0.0017974889616175914,0.00793481523572071,-5.058358024283537e-4,-0.01091797018990914,-6.080424790352803e-4,-0.001620188995875962,-0.0011735023545272755,-9.589046557495778e-4,2.878302551172549e-5,-0.0030108521582939522,0.0013933698944037724,-6.555836392578987e-4,2.0231475860985748e-4,5.58763538146315e-4,7.381803837218333e-4,-5.422849600334325e-4,0.0018517721178905257,1.6911305880825523e-4,-0.0010132966858252097,9.703176417071282e-4,3.096348035908539e-4,0.0013850118817211076,7.240295582675225e-4,-4.2534498513077586e-4,-2.2025125562169368e-4,6.736284826523089e-4,-3.8309441232689913e-4,2.9477031284515345e-4,0.0014201674591878591,2.0247453891948645e-5,-3.9686882870402016e-4,-2.9997524657393246e-4,-2.8895679291284903e-4,-6.746316850947153e-4,7.032196698122839e-4,0.0013767614667785247,-0.0027255777136540177,-9.6868675989871e-4,-2.531386537731646e-4,-5.166261857643445e-4,4.6025613114674774e-4,6.536342649402391e-4,-0.0022497604034203596,-7.777303430830928e-4,-0.002473291417229244,5.5223484459889234e-5,-5.1829913564384326e-5,1.2275859664998015e-4,4.147725841551873e-4,-3.21431210211623e-4,-2.591687664222304e-5,-3.86091769294002e-4,-1.3409612302974492e-4,9.746421843843151e-4,-3.646642956551448e-4,1.651138068580871e-4,2.5099431155726267e-4,-9.684356649234906e-5,4.692382691881831e-4,-1.5385997640343475e-4,-4.4182368825651096e-5,-2.768144334838873e-4,-1.5357854122192944e-4,8.328074986636636e-5,6.56399428251345e-5,-2.122809622813933e-5,-2.088393146118733e-5,1.2851346863043446e-5,2.9357806344317604e-6,2.9782823425717668e-6
C15/C15cs-C15cr-C15bb,0.014327976899189037,0.0018466387855441975,-0.019014495392814905,0.019590027595293196,0.011025241081122208,0.052777463810304424,0.050655101815161765,-0.012365765903604543,0.001980105925467409,0.0010241756997325237,0.002915889835603095,5.113432479284024e-5,-0.007897795547985902,-0.00949620988812657,-0.0012134313596822847,-4.438343974897638e-4,3.562973590494068e-5,0.001200513258230155,1.0109656037838312e-4,0.004042664118091359,1.3585330829358027e-5,0.0028488894541771814,4.585411767168975e-4,-0.0018414639497999947,-6.325063211287609e-4,-0.0012875853012057955,-0.0010435672207728753,0.0010831692046433094,-3.7212059362908863e-4,0.0032674616608924243,0.002024656412004648,-2.651815815601254e-4,0.005866844594836365,-0.0036259197909604434,-0.008768972437403658,0.007461612595897934,-0.003003844832712407,0.0038568733676666,-0.014949044211893147,-0.005353720523724209,-0.0012953070696253039,-0.0032519587805330073,-0.007544274727096906,0.002208557718743596,-5.916984328742708e-4,-3.046952288362885e-4,-9.6569442510517e-4,0.0013885868130894233,9.176644293876855e-4,6.781722022524239e-4,2.2138835876089926e-4,-5.06769553826555e-4,-5.510579261130772e-4,-4.6043170436882495e-4,2.881347349180616e-5,-1.336611481365568e-4,-7.459777580180335e-4,1.6684441573174209e-4,-3.9856718472634e-4,-0.001177722842529456,-4.732911509300734e-4,8.890970369051582e-4,-6.554150226685765e-5,1.7641096236926587e-4,2.092278459595038e-4,6.881020346599401e-5,-8.009321754695606e-4,5.869901528825166e-4,-1.5477110433575474e-4,-3.357257574228946e-4,2.981027045559413e-4,-5.91726565946026e-4,-0.004223794293094268,0.01010259968621405,-5.980505322674009e-4,0.0013064247177925828,2.7699242527679473e-4,-0.0018567337426689083,8.889437092430162e-4,-1.8394271980392605e-4,2.4293207846628356e-4,1.5878121372464793e-4,-2.5608975476318433e-4,9.11734690338109e-5,-3.105840931022321e-4,2.5205341844295544e-4,-4.8363703487948963e-4,2.2030007996425596e-4,3.430227430152424e-4,-0.0012138368448490879,0.0010464678289020108,2.508122833399962e-4,-1.2901180765719042e-4,8.065399579396853e-5,0.0011070067912792249,-4.098759195149462e-4,-4.2660020817641374e-5,-1.0599130290499066e-4,-8.423577588421086e-4,0.0029271786077826427,9.98641772166421e-4,6.860892006284735e-4,-0.006739227506155069,0.0068735188700717155,0.0014294275369845797,4.8781407949659235e-4,-0.0013587822870871232,-1.3046153362443995e-4,2.3547407532534658e-4,0.0018140184993360466,9.345262867961466e-4,0.0014573343991749143,-2.9404169183303914e-4,8.039758423318057e-4,5.882239048752827e-5,-5.381919828677894e-4,3.0280669443398256e-5,-5.411715402787249e-4,-1.7405128480529484e-4,7.623948729981939e-4,4.6930357511423576e-4,4.940643539277983e-5,-3.360172494404569e-4,1.4885188048865337e-4,-7.432695451658973e-7,6.481928517164659e-6,1.6728474287733795e-4,-1.532752291512196e-4,2.5056620785637314e-4,-1.6050896039387835e-4,2.7924710699693317e-4,-1.691603600492796e-5,1.0883853697621679e-4,-4.181640877903304e-5,-1.8453751531467388e-6,1.1449511971550215e-5,1.7349184824928368e-5,-4.058828025517869e-6
C15/C15cs-C15cr-C15bb-C15eb,0.01755733954283726,0.0029549156618064844,-0.024394858314077963,0.02957815771656524,0.017505882773154145,0.03361816159634573,0.05284541961802194,-0.013659283398620884,0.0018049489426524834,-0.0018117216098534781,-1.116330909006348e-4,0.0020114933112758775,-0.006106326750558166,0.015480684137945209,0.0088161459634381,0.004147893596608755,-8.240164915932069e-4,0.0016842987778314018,-1.2989092815865295e-4,-0.008346575977794634,0.007762576942527714,0.01914102165602621,-0.0020752492898856636,0.005367314605989324,-0.0050621211549336294,-0.004870893756849212,-0.002761222288190443,0.0032286132995910234,-0.003425794741357654,0.012059108547572226,0.010163327496214111,0.006473143005136875,0.019892485725859662,-0.007945058155449557,-0.013905562379126048,0.008915195701347314,-0.0035811805939729175,0.0027038086650491523,-0.006277201394336221,1.103705528177627e-4,5.176225728606025e-4,0.0018132694975581914,0.008507519000955388,-0.003707708799196081,3.184912687182487e-4,0.00259121797583039,6.489186214373423e-4,-0.0032509172722044125,-3.9588582496939467e-4,-3.391276220314433e-4,-2.780803510267536e-4,1.1251454832025648e-4,8.892090060259435e-4,0.0015144263097852688,5.931107692739399e-4,0.0014972268782579407,-0.0013844214161052224,2.2508281410159493e-4,-0.0017016721560033055,-0.0014598147880498379,-3.5714965864052506e-4,0.0010849752688137152,9.600384350179449e-5,-5.479063069964733e-4,-0.002499245332222373,3.143256693293337e-4,-7.894835957054157e-4,9.046777828304961e-4,-2.929674956919516e-4,-3.283865658364733e-4,1.1474806288891283e-4,-4.009014797143047e-4,-0.005297142530744018,0.012106718723441042,-0.0016118649063581259,0.0017092278134499183,8.269167644108877e-4,-0.004680500971594106,0.0026462811245919287,-1.0595350933157534e-4,0.0030469927327587813,-5.987124074318288e-4,-0.0011945950868271426,9.027521312455479e-4,-0.0018579092028655996,8.022183352962927e-4,-0.0012675072598861995,7.758742423167194e-4,-0.0011384395732933837,9.906735319701876e-4,-0.001534876835472042,-4.6942166987399615e-4,-0.0012521057692650608,0.0010899188345198894,0.0020630331535211087,-7.017715023236124e-4,3.55997235292565e-4,0.001603721861988846,-7.764683488991787e-4,0.0021625899665628483,-1.2698575519276667e-4,2.916536114015721e-4,-0.0022290137977903014,0.0022939652429133143,1.587883309936937e-5,1.4445909441517118e-4,4.530155847250856e-4,3.2602210109405297e-4,-1.487129931348384e-4,-7.099483878614306e-4,2.674340362881027e-4,-0.0014191957555175641,-6.173340588142611e-4,-7.331987942893578e-4,-7.271296772753373e-5,0.001674687379294056,-0.0038593427738696394,9.183435083753733e-4,3.3058543897301684e-4,-0.0018735747571570474,-0.001928113435964843,6.264650803710954e-4,0.0013325296488718324,-9.354767135770617e-4,3.676723374661522e-4,-2.5215170223187794e-5,4.8273804548557e-5,0.001045869765393406,-7.094980704773021e-4,4.670428664455635e-4,-4.930168526827884e-4,3.255275098450139e-5,-2.2434899303450743e-4,5.706772110834074e-5,4.440696032517819e-5,-5.71431115397312e-5,-4.811994040256326e-5,9.966282058392634e-6
C15/C15cs-C15cr-C15bb-C15ec,0.020558774562056063,0.00419547143643258,-0.02864783717045046,0.03517564402462453,0.02086302501743781,0.046474460586717815,0.06519225818183473,-0.01631504140284544,0.002468546294037539,-0.001383662213841514,1.9814237359581488e-4,0.0014707028606965756,-0.007147605819837993,0.015027188017495164,0.009889215524524538,0.004469937711832135,-8.669485972221203e-4,0.0014803929184703853,-4.928535067872621e-5,-0.006963926504333949,0.007369639855633777,0.01867542244891238,-0.0022768938736266705,0.006045947200516425,-0.004713290932817977,-0.003947957260985484,-0.0022825986059279843,0.0033387334794804943,-0.0035357661738457126,0.011118644060520063,0.009722958878745278,0.006755532677660112,0.01917326671385172,-0.007425477145047116,-0.012955438159476529,0.008038588795165317,-0.003381465904072349,0.0022826131417100523,-0.005118610788136106,0.0012847182147437024,6.72258375911428e-4,0.0015087682419426514,0.007236274139112292,-0.003749588867341874,7.385076646266392e-4,0.002288548899075862,7.635565243088859e-4,-0.0029485135565093835,-4.6194563329047985e-4,-2.0405191461098245e-4,-3.582222330235606e-5,2.4330206116208848e-4,0.0010893486285268425,0.0010987551982347325,5.862688032745734e-4,0.001646411542526433,-0.0013441483972306484,1.2054284432935213e-4,-0.0012957484683004436,-7.246339048341802e-4,-4.1708058339011395e-4,2.3589683224000383e-4,4.558283773138326e-4,-8.758081857118179e-4,-0.002495476977481827,5.822767590222555e-4,1.95932984706657e-4,7.233797895188892e-5,-7.548544440510832e-4,1.0175065462582002e-4,-2.6793658456903936e-4,-3.15243721027306e-4,-0.0030340715352500007,0.00579951075253534,-0.001573621052594189,9.530099885489498e-4,8.292044662733597e-4,-0.0037132818636367837,0.00210768136648824,2.244383048082875e-4,0.002987090905071474,-8.202463866430512e-4,-0.001090021974578217,8.906209781578978e-4,-0.0019395689454463196,6.619066250568255e-4,-0.0014745463454970329,5.927044369572617e-4,-3.1207951392477756e-4,-0.0010088779181157547,0.0012165635806793184,-4.4946470824706717e-4,-8.614105225027183e-4,4.7344725118548007e-4,0.0010752671498170145,7.321943386150417e-4,9.754449591732637e-4,0.0019953039145697974,1.4006086860642936e-4,-0.0028358227384071154,-0.00203682501820405,9.655637768331091e-5,0.007893937600064444,-0.008133706395472746,-0.0011734868314190248,1.1198569894744806e-4,0.0023911533085189426,2.670706983574934e-4,1.8586559479278638e-4,-0.0023731010688365795,-0.0015572844974649893,-0.0023013143092493484,2.491205457361415e-4,-0.001197726320074682,-7.756745436250388e-5,0.0010468636294158145,-6.054673911773466e-4,-6.344797826885484e-4,-2.6193351735434524e-4,0.0023308645339537117,0.0011060232855450807,-8.648079975068996e-4,8.945215343727687e-6,-1.8923476248883331e-4,1.923726589011569e-4,-6.921303075058356e-5,9.625146902185193e-5,6.813990036366194e-5,6.591190092947643e-5,-1.627363027204632e-4,5.044065541679718e-4,7.052573864528603e-5,1.9394795362104108e-4,-1.305607713475971e-4,3.2494192552695845e-5,8.508193329858267e-5,5.076225653006952e-6,3.279264938270164e-6
C15/C15cs-C15cr-C15bb-C15gm-C15eb-C15ec,0.024926493242039858,0.005863420678143946,-0.03483326842818068,0.043167413373946924,0.025546563019457312,0.061971707265364204,0.08130500971678907,-0.01916076210116251,0.003336846610169716,-0.0013656972144941827,4.5362762109905686e-4,8.46699515991731e-4,-0.007302718315350142,0.018049799802845105,0.01265546951030728,0.005524229430564604,-6.75653522016813e-4,0.0010474977064450595,2.0984852001863885e-4,-0.008295755525307584,0.008224630778627708,0.019902291043021138,-0.003290695249207848,0.007974284602489211,-0.004868719134771393,-0.0031829651732928586,-0.0020446493279207742,0.003581200852963948,-0.00430427592058918,0.012752886500104258,0.011699371980003448,0.009511058893231839,0.022991100352084286,-0.009150881490994193,-0.015909184846350875,0.009513095246650291,-0.003920569879262467,0.0027864799858486563,-0.006016294920061264,0.002666374577290055,5.136513757227127e-4,0.002065749226187281,0.009976257810866015,-0.005031368056449258,1.6652555090275025e-7,0.0025971866142323603,0.001160477391012329,-0.004567492312628925,-0.0012818645202152543,-2.81813762577212e-4,2.7327626904979566e-4,5.063336104617637e-4,7.840471309039377e-4,2.1154003685974813e-4,-7.069354887846913e-4,0.0015311154462366232,-2.7001204177161094e-5,1.657080870315257e-4,-7.240539920672199e-4,7.239831829339402e-4,1.067839506241708e-4,-6.416569087090814e-4,3.467453855107942e-4,-6.755613603241574e-4,-0.002925041329707353,-7.549754974501288e-5,7.316156476162196e-5,4.4815767399983676e-4,7.04109223528291e-4,4.016386276626557e-4,-9.078627226133208e-4,0.0015114983401883467,0.007445102880292622,-0.023599646284975018,0.001202196416777129,-0.004324127874361672,1.4750027384632635e-4,0.0032186671483311765,-0.002405142534310633,4.5806975030982097e-4,5.068142442729338e-4,-9.463443566543576e-4,-0.0015482014092928207,-5.991757622914165e-4,3.2733120648603204e-4,4.3730982682253533e-4,-7.774795807845389e-4,0.0021189444883481356,2.7826275403250943e-4,-0.001572847986711788,-5.014910054422104e-4,8.963419715718495e-4,-9.963574875074864e-4,1.5805179101871373e-4,0.0030312659946574064,-0.001196850120834184,-7.987378637300676e-5,-2.133251312327226e-4,-0.0018640627333080782,0.0051225097294376,0.0011939829757822238,9.987220133266007e-4,-0.00880165217263793,0.008278066198005406,0.0017174282520301036,6.146928063472507e-4,-9.971934419451848e-4,-1.4079339982464952e-4,1.7092529563530497e-4,0.0013752935725379516,5.265927127807601e-4,6.367167760428746e-4,-2.4262651030445412e-4,3.1793721866232123e-4,3.556410152170908e-5,-5.785714920058249e-5,-2.3105639267837052e-4,-5.307594763018347e-4,-2.3625291173904125e-4,0.001359890916500377,8.257401749636945e-4,1.6096157361987222e-4,-4.452349087975402e-4,-7.804179269305797e-5,-5.043834200994594e-5,-1.0403986735171593e-5,5.61424172374774e-5,-1.3173833602901332e-4,1.6947960868892413e-5,8.740840074070336e-5,-7.737943990252113e-5,-1.2064955571029546e-5,-1.8761824045119378e-5,5.30520671055783e-6,4.9242286184588255e-6,4.481548383238802e-7,-1.0200072581550699e-7,9.826722430828993e-8
C15/C15cs-C15cr-C15bb-C15gx,0.018274202093812354,0.0033252648974137072,-0.02531225630654909,0.03067874822237483,0.018166833024146165,0.03410255955805641,0.053707392974682085,-0.013568467422735828,0.0017260080583735662,-0.0021140534087755003,-5.475022412881325e-4,0.0021197434585923302,-0.005324510261898054,0.01884461691573449,0.009907737809482241,0.00456268442838002,-8.598254663079184e-4,0.0016619536844583009,-7.751827275195867e-5,-0.012498322151241305,0.009326690280235712,0.020887574730497026,-0.002987479202927727,0.00526485279209558,-0.005597848391346714,-0.005084428148181804,-0.003109543366800918,0.0036548880157944693,-0.004099277449069607,0.014322421100635195,0.01147995194198787,0.007383154611916365,0.02129805107407428,-0.008648450815422244,-0.015508770670671764,0.009443234577360371,-0.0037863045098209206,0.003583945941734476,-0.00825609431085265,1.1450325572578973e-4,6.328029358365024e-4,0.002070736823731314,0.012678217159251996,-0.004992672173974314,1.8679555444145763e-4,0.003683010751051073,0.0011115862391552086,-0.0054716525480152075,-5.741057531821547e-4,-3.65834740938211e-4,3.8492347921633286e-5,-3.686237613605999e-4,6.028783328074897e-4,3.980673916577342e-5,-9.093058126268508e-4,0.0022035523044618126,4.031183412146115e-4,0.001276343435404122,-8.821169426049947e-4,-8.340192780925444e-5,-0.0017719904893069036,0.0023457753425656872,-0.001133071647667164,0.0030513334615043827,6.422928013108941e-4,-0.0016591294430038743,-0.006525319681003647,0.005359267014688979,0.003367063735719284,-0.0012516097348299574,0.0011164980860207902,-0.001399986953785372,-0.004628576965566814,0.015945568256084407,0.001193977503158164,0.0022163449008617787,-8.737395103679985e-4,0.0011518002492956205,-8.642976533030873e-4,-4.4936111085285784e-5,-0.004004211459161003,0.001514090750500568,0.0017657204065949599,-1.831988190506905e-4,0.0010635927132660228,-8.249435786515912e-4,0.0013889273193677949,-8.727422712322164e-4,-0.0011510716958397387,0.002113319086568999,-0.001605932715255922,-2.773749257102396e-4,0.0015783889425516572,-5.177191510593536e-4,-0.002409652459594574,-1.0699811695519798e-4,-7.924573718730286e-4,-0.0026279605883632808,9.275775274025699e-4,-7.76459265886863e-4,0.0011191531407186493,-3.8496114275892563e-4,-0.0012883386599102553,0.001228013575610515,1.0894631951865742e-5,-2.6801631852093564e-4,-0.0015881823988496688,-2.734699585166103e-4,-1.856293046236339e-5,0.0010282863250776662,2.818676320717014e-4,0.002166496014408918,5.371519568449788e-4,9.578216669118652e-4,7.145255748134927e-5,-0.0019312595875771365,0.00393608716573949,2.706366276248589e-4,2.792943853579447e-4,-0.001821793091410877,-3.375879642240473e-4,-4.2513725231149447e-4,-5.089287304267761e-4,9.459564707926121e-4,-3.071593020644664e-4,6.89950963286274e-5,-2.216838921741795e-4,-6.93263323624943e-4,5.19971003840217e-4,-4.254276588542826e-4,2.6060255220107184e-4,-5.0796396857557666e-5,8.5471462342576e-5,2.4673022042991953e-5,-5.908918043009539e-5,-1.685443506791034e-6,3.506215975182711e-5,-1.003135150799001e-5
C15/C15cs-C15da-C15cr,0.024566685425997662,0.0060918575746226125,-0.03273421726816511,0.03607906224393318,0.020336019173356066,0.09758442995081452,0.088383655530299,-0.018810450432088552,0.004355153365478977,0.0034669130693118,0.005264733448128651,-0.003165189907663159,-0.008809002465101403,-0.019285958292242954,-9.859319707585445e-4,-5.82885301521372e-4,5.449665138819832e-4,-5.503907489517829e-4,3.603403248237411e-4,0.010257993450138699,-0.005084356118774794,-0.01039599063885751,0.0013237838873790622,-0.0035105442173562168,0.0035066801403564377,0.00679352442028966,0.0029362712770177814,-0.0026537089229903233,0.0033092749180839765,-0.015818603734886458,-0.013764456188667314,-0.008539854223948326,-0.02974920957415016,0.015448671348874937,0.03264068125731341,-0.023355698433137298,0.009431982222960282,-0.010104686037837278,0.03808634728351848,0.010689552256613118,0.0029234976457241844,0.004210927853169224,0.011041805658760798,-5.610329684055347e-4,0.0017248491589069515,-1.4690141253114304e-4,0.0018322699320915891,-6.833227233442586e-4,-6.122067972633071e-4,-0.001204385975131165,-5.737367699331614e-4,8.258245814763877e-4,1.805601173025306e-4,8.207660675624617e-4,2.1874560275308088e-4,-1.887618490795942e-4,0.0018434859150782898,-1.8912750519181878e-4,0.001112544345669991,0.0016217837256478893,9.044716946704275e-4,-0.00214795786345277,-3.7967531696455714e-5,-3.4094060857212235e-4,-4.522771389736783e-5,2.866424708781537e-5,0.002176476060685136,-0.0017083380346038977,-2.0708979502733437e-4,9.620996793303598e-4,3.066382680472341e-4,0.0010005860453809559,0.011078991512723345,-0.02515713672623022,0.002121708680570552,-0.002927529023750431,-3.140057816752749e-4,0.004776978400424237,-0.0023879023474258133,0.0013892590096430922,-7.061154293231077e-4,-0.0011837073323745023,3.244049541362207e-4,-3.0951342582383754e-4,6.796607168831913e-4,-5.429209826889178e-4,0.001202369481677697,-3.560681189936566e-4,-2.1917621795869565e-4,0.0011099645135946193,-4.702231861772808e-4,2.1628799564577802e-4,5.553676702919794e-5,-3.1982533515192036e-4,-9.45844437800615e-4,8.716213960324335e-4,-3.588188311943267e-5,-1.822349590620323e-4,8.318683778089396e-4,-0.003303504050309085,-0.0013276952881623918,-5.54913833160641e-4,0.006347933172806125,-0.005722476720775793,-0.0011255389208672006,-1.4995896458510363e-4,0.0012400394088271172,-1.5147706726740035e-4,-2.721077505232848e-4,-0.0014260305089762117,-7.193462451423413e-4,-0.0010071557131113567,2.5401599606630925e-4,-4.729801869964989e-4,-2.2418529012532362e-5,1.1555941514060171e-4,1.8902275835949842e-4,-5.7667594416214e-5,-3.9484458368415276e-5,2.2190732342582657e-4,1.6553245016579968e-4,1.3799301609354555e-5,-4.418452673039443e-5,2.0474135096899187e-5,-5.947634787741559e-6,1.2316297054809423e-5,-8.837992680493187e-5,4.92606684332158e-5,-3.583568596074209e-5,-3.0404313246548318e-5,6.0092616895338327e-5,1.3607747936976918e-5,2.834126793591282e-5,-1.663359564893567e-5,1.3694488038461686e-6,1.1096603072581008e-5,2.7952259567814646e-6,1.5355850372108066e-7
C15/C15cs-C15tx-C15cr-C15eb-C15bb,0.02299821046416934,0.00547634106572997,-0.030335709921512754,0.032851895603935415,0.018694689532323817,0.08499166731520394,0.07831183500696379,-0.016658107758246797,0.0035370668724624033,0.0023067938994844254,0.004115899606384588,-0.002118753139372568,-0.007592109757719863,-0.011430181860224773,2.1216630868083752e-4,-5.803222665146076e-4,6.890370572626871e-4,8.039675284006815e-5,4.508794811207319e-4,0.002850724437514334,-1.5804159791423116e-4,4.120945579664291e-4,-1.2852680436313817e-4,4.8669238082363374e-4,-0.0010065954903039653,-0.0023913033503108376,-5.783879456154841e-4,0.001288153140194279,-0.0015548502308463921,0.00929024880440221,0.009089373951243911,0.006635488413993053,0.023151284226856427,-0.014388180015305906,-0.03377392634393288,0.02593069584115307,-0.009781975791797718,0.01168165445067138,-0.05299569045536918,-0.016906771968995933,-0.00517449161508671,-0.008922873900853398,-0.032261038655632596,0.008228979920194276,-0.003069976226377245,-0.006061392556480764,-0.0035128371007946695,0.00864086879480548,0.0012066199881307477,0.0013654638059604738,6.553832489189853e-4,-1.9923432423670396e-4,-0.0012014978512051616,-0.0019253936656052277,-2.516666068514483e-4,-0.0037811417081204954,5.817465179146117e-4,-0.0011968624953298903,0.002071649331382176,0.0011900741262793198,0.0016460616366933375,-0.0014149917926469155,2.790594234434457e-4,-9.962082891001249e-4,0.003480414442124979,2.926383732349369e-4,0.004134905569725855,-0.0037690732830065183,-0.001124209267252063,3.979732450488759e-4,-0.0010543725721570496,0.001090865906933098,0.0038297167487969766,-0.011690370204377186,-8.039190720995077e-5,-0.0019433461805936339,-6.438304275712563e-4,0.002977110509232372,-0.0014558082172687603,-0.0019630762721289086,-0.0011834995616787686,0.0015031257399688103,4.7236675544137704e-4,-0.0014910124358562956,0.002604007305347032,4.001846032775793e-4,8.562944092366138e-4,2.680959219254621e-4,0.00610844634080054,-0.00820558541607073,0.011504542214038368,0.0011104730401011024,0.0011278690840101743,-0.001287586421358956,-7.22428525758888e-4,0.0019795817045732285,2.72780737789785e-5,-2.2651980285800662e-4,0.0011187546578192331,-0.004279790988906293,-0.0012871472347179493,-5.378683347128959e-4,0.006805591615774619,-0.00607745104273487,-0.0010876874554370817,-2.5860535594459294e-4,9.310870048176057e-4,-3.3429183958166525e-5,-1.964299763867555e-4,-0.0011801289369618637,-5.621779813697447e-4,-7.167315051363832e-4,2.508196786298533e-4,-4.505925493263403e-4,-1.9030292122253005e-5,6.235321504977694e-5,6.389302576902591e-6,-3.818145037813624e-4,-3.3969639864741565e-4,0.0014438082731988067,0.0010533256880824813,5.205158076117043e-4,-4.116686737658234e-4,1.3069793392765855e-5,-1.4831078956195233e-4,2.1782417507674394e-5,-3.107084038418813e-5,-1.366942802776957e-4,-8.529035087828746e-5,1.3153343657374824e-4,-1.9357080565970782e-4,-1.1418552941398113e-6,-2.403475423793779e-5,9.762458257914814e-6,2.6172174653129785e-6,-5.766945354099566e-6,-1.8120735509314787e-6,2.4760718168440783e-7
C15/C15cs-C15xu-C15cr-C15eb,0.01857584816036195,0.003712334804202822,-0.02477194493573779,0.026753328524436952,0.01529221328018915,0.07174165480283559,0.06704870141436044,-0.015492570877714657,0.002952630601463331,0.001981528307714698,0.003788243002475606,-0.0012202839316397846,-0.008877712690642251,-0.013110480729776492,-9.858998831175278e-4,-6.939702204571793e-4,2.480463905034972e-4,6.806479548736131e-4,0.00023092931563600482,0.0062270537848906635,-0.001462011409569759,-9.46576470792717e-4,6.381182020717385e-4,-0.0021871751395918424,4.721835983239762e-4,9.8558865169692e-4,2.551341774834017e-4,2.8661752754453315e-4,4.877186508481503e-4,-0.001836751727513065,-0.0020774033691001973,-0.0022137691934786727,-0.0031095969188145887,0.0011367791896293963,0.0010918002008023704,1.350481309633807e-4,-3.460656247150381e-5,5.445578845180989e-4,-0.003552175763475366,-0.0017476829563951247,-3.244599435171434e-4,-0.00215459118648167,-0.005128012848020903,0.0024024091065964685,-1.1082274328448644e-4,-7.311220744886579e-4,-3.6877821653616356e-4,0.001551612779581571,8.949396706169237e-4,4.899711331405402e-4,1.1582870584646341e-4,-1.1545854655454298e-4,-4.1294764026638834e-4,-3.8664667862798387e-4,8.668770992297931e-5,-4.643332697964873e-4,-9.803312118074145e-5,-1.7529151753666665e-4,2.442461382409634e-4,-6.109591676100566e-4,-3.278665276691109e-4,8.731529576144339e-5,2.022632235314524e-5,3.2577397169971067e-4,9.110578302961855e-4,1.1257886201814154e-4,-2.704802148665808e-4,-3.346862242910576e-5,-5.125628750415472e-4,-7.74017799512077e-6,6.336042856936963e-4,-7.214805141640659e-4,-0.003177635670673446,0.011006420428744198,-3.2417202900453305e-4,0.002176136451212764,1.0229025546797803e-4,-0.0017184316085260578,0.001232375694136285,2.839443000945906e-4,-1.574160431702634e-4,1.4052510093296973e-4,8.26288718539908e-4,4.917794854881712e-4,-4.398952583075039e-4,-3.586478633334691e-4,3.068316841617336e-4,-0.0014282600443492456,-3.399139715585996e-4,7.26057676287366e-4,7.555874267675526e-4,-3.741748996037795e-4,6.531112436594792e-4,-2.5772251877378055e-4,-0.0017648744823602139,0.0011698365500767533,7.628582509671601e-5,1.7892918951546545e-4,0.0013076138511177754,-0.004572219704315635,-0.0012173592801502991,-5.450660410967873e-4,0.007710871709601091,-0.0073458870243426665,-0.0012841066027316475,-2.562331521074093e-4,0.00121535646370663,-2.780721242044657e-5,-2.9650555916500783e-4,-0.0015582437107168614,-7.932964811953714e-4,-0.0010408957837445489,5.141542112098297e-4,-7.029064485877464e-4,-1.3587037858813475e-5,-1.7631196390790536e-4,3.4329016810497623e-4,1.244260369418462e-4,2.7626042669536733e-5,-2.2295471113037391e-4,-4.997463479141888e-5,2.642350149345438e-4,-1.26435830524264e-4,7.269675376075097e-6,-1.4614933945970274e-4,4.8719808620589256e-5,-1.2765771219468448e-4,1.2984432694983748e-5,-1.1064269364099012e-4,1.758861189944443e-4,-3.334987976623844e-4,-3.488284420424929e-5,-1.9113469157971562e-4,9.272643767983906e-5,1.425319817918312e-5,-9.361987812239136e-5,-2.327594905194265e-5,-9.117266096215694e-7
C15/C15cu-C15cv-C15cw-C15co,0.022462160199113197,0.010691177291891911,-0.028158888886674272,-0.13847649434658324,0.032956888560853936,-0.02536965485399403,0.03815975069076799,-0.020869456901758895,-0.008896040248515858,-0.008419378193531278,-0.004248593380276343,-0.0028310591888611103,-0.0066844286394420974,-6.278756656570616e-4,0.0011864158381276943,-0.0013184468732313462,7.770964263854638e-4,0.012385195328929174,0.003965034933442007,0.0010490238211470519,5.190535247495016e-5,9.37828419867663e-4,8.713551297982066e-4,-4.082267244958073e-4,-2.8093263623070507e-5,-0.0024610513504813936,-5.614872892333935e-4,-8.466488976114728e-5,6.875879306348017e-4,-0.002178534433796185,0.0017317799998637202,-7.411203529868106e-4,7.438532542206387e-4,0.00499301188737849,7.280151160107747e-4,0.004448997777335114,0.0014712083734214861,0.00868163828304494,0.0016485871041528998,-0.0025036294447064677,0.0026819143749163468,5.620055578176083e-4,8.483422491990688e-4,0.0015602858906418448,0.0013714813798687106,-5.694050336715006e-4,9.301505597241145e-4,3.869574126472982e-4,-2.1758030745883396e-4,-0.0021467557384636736,6.273449079865538e-6,0.001191925854558382,-2.49236360861433e-4,-1.0988985063629748e-4,3.7646837383340675e-4,3.4169674068969464e-4,0.0011348507168118102,3.162559448791804e-4,5.475534650345857e-4,6.278473665633486e-4,4.8171683193940186e-5,-0.0011020304401339817,-1.9259163044033678e-4,2.500658525207647e-4,-6.811944272022275e-4,6.2604172593395055e-6,-2.263503933453182e-4,2.5899460467685046e-5,1.6506098059588838e-5,2.9301210414723315e-4,0.0014285691699314092,-9.477040964589357e-4,0.0028309283386506985,3.303004112815297e-4,0.0013627534620894689,0.0016352010585374156,4.1729319821766754e-4,-1.8075186295782439e-4,8.624618650884659e-4,0.002110334639442769,4.6355325798664774e-4,-0.0016134790789529736,5.832223541897311e-4,0.0016224156718565863,-0.0015976030268558428,-3.3108627026508697e-4,1.1194467596464835e-4,-9.14403505558477e-4,-0.0022357105819981885,0.0025664274119540243,0.0019879687557572507,9.440229460556055e-4,4.874239721700117e-4,-6.004177751367468e-4,0.0010051718663723775,0.0028646194126756984,-6.312760884109631e-4,7.724287842330408e-4,7.245273091676882e-4,-0.009764151345580653,-0.017414321359515674,-0.005659440483902147,-0.014425763136641344,-0.00580255093076435,-0.001779058736297197,-0.0029430107895219116,-9.358396821624636e-4,6.235228821849806e-4,-4.582494603415433e-5,-3.239949983036201e-4,4.760705386084727e-4,3.6108311839044123e-5,1.6902636780798137e-5,1.4253333593465637e-5,4.9021609149423696e-5,-3.03935428738841e-4,-3.1769399864925656e-5,-2.0784509132708678e-4,3.102467093505077e-5,-5.384922779737088e-6,-8.366908435278249e-5,-1.1228629494738955e-4,-3.3406824446477517e-4,-3.932416099349345e-4,-1.2752853414666892e-4,1.0002819814155114e-4,-1.891550784456685e-4,3.403632775541133e-4,2.1930232803976798e-4,6.835519731575223e-5,3.683988424492865e-4,-3.150809842500767e-4,-3.823520144346666e-4,2.1833768374037194e-4,-9.658006902306092e-6,-1.0455923637800712e-4,1.477015406411812e-5,-1.2842984037452273e-5
C15/C15ed,0.005276018477934233,-0.002080523977284053,-0.005386699598147504,-0.0013986626253092024,-0.0025908794469264346,0.00120939454226914,-0.0073466837185667076,0.00795789453976319,-0.03296623589303,0.015211870777338739,0.00868713356431839,0.0010598784988692187,-0.01603413731721941,-0.003300940573126979,3.4874282417842893e-4,6.161999406970828e-4,-0.0015621409431273347,0.0023254920807424494,-2.508222133779123e-4,0.0033221162542377324,0.0011975627141385932,0.007194510473764169,7.061674234566952e-4,-0.003318159867992178,-8.825708010626211e-4,-0.001639883117138065,-0.0020649156562106735,6.713611283329159e-4,-1.5542635017191145e-5,0.001858662620364553,-7.032801513457602e-4,-0.0038797653692618983,-7.391665429577639e-4,6.541480300432058e-4,0.00167225985584145,-1.092755111387011e-4,-4.503732622534995e-4,0.0010515781057961562,3.9698322022624566e-4,-0.0015925308721091605,8.881000706857469e-4,-0.0014153967819214922,8.970144904003504e-4,4.754393901036815e-4,-3.0708491276696423e-4,0.0019398577737411418,-1.569488515304128e-4,-0.0015048776292644417,0.0015033700841515377,0.0019034857260879063,0.003176342085936722,0.003772163582195174,-0.0019412737680041898,0.002197321392281669,0.002569683700547409,3.334799704316912e-4,0.0036012210843051505,-0.001049484825179523,-0.0029746124539518867,-0.001067092996999262,-0.003114573587508636,-0.0034223916720861215,-0.0011493612426887196,-8.346634563561911e-4,4.076321749883843e-4,-0.0030434193606768962,0.0017480089801509805,6.735966452584393e-5,1.1537434541626624e-4,5.3178092183355145e-5,-2.782541450692731e-4,3.781031587242242e-4,-6.897065827031378e-4,-6.417861307774803e-4,0.001181914770002235,-4.7072376249282256e-4,0.0026601158228532515,-3.0463048520353855e-4,-0.0018673999332769458,0.0016879472270808812,5.310908281861452e-4,6.466315467678534e-4,1.3573622286330283e-4,-1.9184033621998052e-4,2.697012081414862e-4,0.013129650680772627,0.001920125373574505,-0.0029478942855973595,-7.435546622515657e-4,0.001079884470149872,0.0014273497493092785,-2.8476937075448265e-4,-6.148715620872305e-4,0.00304517556911693,-0.002195244606445577,6.284548166595051e-4,0.003202491279070298,-9.558479839545304e-4,0.0010806001713283115,-1.9704111150970982e-4,0.0012132825339788204,6.710036718194212e-6,-7.274481281026157e-4,-4.035575915752439e-4,4.208530579765759e-4,-2.657583708575938e-4,-2.9875050888973815e-4,-4.647634911138797e-5,1.389841183625466e-4,-2.1141718847606457e-4,3.211187459649379e-4,1.789232338409163e-4,1.2947215070509987e-4,-7.532141466994674e-4,-7.069165505833879e-4,7.77112321995183e-4,5.250719966045187e-4,-5.575024359531318e-4,2.724363612119459e-4,2.903234120608217e-4,-6.499184199784897e-4,4.528904120741226e-4,4.219182019875744e-4,-4.671330951190396e-4,-0.0012865710535063556,2.686750611992781e-4,2.1909929652695476e-4,-5.1141034553026534e-5,4.498357939625999e-4,-3.049106335580635e-4,7.204386996505812e-5,-4.3995035375677603e-4,-2.4430463494246984e-4,5.776488027944325e-4,-8.051123213422591e-4,3.0407260210704815e-4,-2.6525304006751177e-5,3.44414280841082e-5
C15/C15ei-C116w-C15fo-C15dy-C15fn,-0.1040811436566385,0.11558478855242571,0.07878757722477728,-1.1935260152360628e-4,-0.0021099898110679355,-0.00295402298176648,0.008791527285592257,0.0011069664437209016,0.02905865129170308,0.04583828002259381,0.008338950513222882,0.12610332581719771,-0.01595311864307557,-0.001230198731611406,0.005363533025716972,-5.54452929406845e-4,7.237590711367186e-4,0.010701465497538549,-0.03440860307798406,0.0041278732287832005,0.003761263809448986,0.004747301366437141,0.0015345021397620742,2.3147737371267306e-4,-0.0016651437771428741,9.074219026536125e-4,0.002685259222906986,0.0014163138243228088,-8.700449297797501e-4,0.0022384067020509825,-0.002389269779735838,-1.1401562250403839e-4,0.001900758901510222,0.0057898986831144824,3.8890139272390427e-4,-0.0014461951596301077,-7.193864530154054e-4,-0.011174652185373777,-0.0054169912025146035,0.008622264168456763,-0.009659880039529587,-0.002316660762257589,3.5456986723184904e-5,0.002508821951233538,-0.0021799946694711038,-0.0013540820210932753,0.0017156425826421976,-3.329323064258129e-4,-0.0012382290057416545,0.00239651106839003,-0.008793429082500262,0.005098807777169927,0.0014201793318655532,0.011380498262516683,-0.00651552420605253,-2.409521599316275e-4,0.001855957279076805,0.004918743185343969,-0.0031217650919995233,-0.00167104133890892,-0.003680225947828352,0.001673344435298164,0.002709976698846131,4.3308249757040225e-4,5.3799340319779e-4,9.174134701556247e-4,-0.0022870895289851673,0.002599889554882836,-0.0011411225303267192,0.01767689658528317,-0.002705693219122577,6.798976247636169e-4,-7.675249053528972e-6,-3.720646549000545e-4,6.581619965660238e-4,5.796180340370248e-4,0.001862973719893962,0.0033087580806293064,-3.323681106797921e-4,-0.006820110709411978,-0.0041552854817918684,4.8485384349806554e-4,0.0019176206710533196,-0.002694322519902829,0.005071069077466472,-0.0027417834217628445,-0.02155300223608085,-0.014358345240063313,1.370670379110007e-4,-0.001518615129878703,7.935143258575222e-4,-0.006452968139206705,-0.007857892835434612,0.005177074110278116,-0.0035840222146681032,1.953962944044845e-4,-0.0010067843584159895,3.8773378929789275e-4,-5.331352580808637e-4,-2.4189080638294144e-4,-1.5795227991727555e-4,0.0023830817002674595,-0.0016122570747954738,-0.0025198729141834605,0.0017909267450289046,0.0013735435469320316,-0.001599116986440421,-1.125521360284008e-5,-9.169858616304615e-4,-4.621087913332744e-4,0.0019211766291684204,4.0625388138497843e-4,-7.73181761337804e-4,3.2201543019126487e-4,6.601291592772126e-5,-8.891776605099866e-4,-3.6229393876525974e-5,8.419645199315323e-4,-1.128401986214742e-4,-3.8084136878855344e-4,3.395441759090443e-4,0.0010645065183653006,-4.1313951731871226e-4,-2.2645816234095792e-4,-1.0786420866786354e-4,1.8589656627326175e-6,8.225789176142619e-4,8.85022256624726e-5,2.5828454557947305e-4,-1.9303210709964948e-4,2.1100755775989617e-4,-6.876269428446985e-6,-1.3342870990232055e-4,4.847386859476734e-5,1.9234044529686503e-5,-3.220620371678555e-5,5.885753404144423e-7,-2.492291951197457e-6
C15/C15ej-C15cq,0.004771388397165283,-8.05391606841662e-4,-0.005125749421549249,0.0015305385799349448,1.5525846427670868e-4,-0.0062335799934766425,-0.001156976922807426,-9.530419671124249e-4,-0.0016061990823507605,-3.773966822886573e-4,0.0010666253669850126,0.0017029828305142236,-0.0010612487358771729,-0.009007013075968111,-0.010134643891618837,-0.004589504562136378,0.0010161834731561294,-7.895744309329769e-4,0.0035004579496690272,-7.558212756317691e-4,-0.0030984570111635542,-0.01416643059902856,-0.015917384168438665,-0.015621158390408481,0.02301073245172807,0.01838051556402544,-9.952930537790177e-4,0.004347713826649622,-0.005228276244370399,0.016516055144994653,0.0033516230737878545,0.0056926979122892745,-0.006065712842541721,-0.0033579692926430363,0.002993701541342748,0.005235937182789887,-8.831157942493172e-4,0.016434252308399372,-0.0018092163385744124,0.01186543122843017,-0.00785118557814221,-2.6974552794527116e-4,-4.969798881528045e-4,-0.0010774158367712135,-0.002464362672636634,0.004384880468506256,0.005711076432397726,-0.017544996231770298,-0.008999565127762546,-0.004431879133533127,-7.530358826062369e-5,-0.0011689770283413484,0.0017402302670701478,-0.0024630897510727226,7.166565358345243e-4,-0.0015195604533934683,7.833115125832782e-4,0.003518830127232919,-0.0016025640884001922,-3.3582854411170446e-4,-3.5108124048404424e-4,-0.0014023037702251752,-0.002258271895220586,-4.527499945813922e-4,-0.0018090963975755034,-0.0013138286437460827,-0.001395154916127953,-0.0019455096737289986,5.650640084164358e-4,0.0010725432156097005,-8.814986023191984e-4,-9.730406326707021e-4,0.002057768334643505,-4.4742175818242243e-4,-7.115551096185278e-4,0.002296718585680427,8.759777218363455e-4,-4.8653636579685805e-5,0.002307217912307431,-0.0017000801127630707,-7.037692344938189e-4,-0.0023283025888706913,0.004424962987320583,2.0795266129912057e-4,-5.390734730111389e-4,8.742382892559627e-5,2.3958371567861587e-4,0.001697708789218829,9.538362282182699e-4,5.36446161385524e-4,1.9845317778651724e-4,2.6821155342179355e-4,-2.5023086354796485e-4,-9.539736961757065e-4,-5.039172326999583e-4,-4.896139535618028e-4,-0.0036796315354890963,-6.394958375981237e-4,-3.1117648599408154e-4,3.700046541866096e-4,9.389258083657697e-4,0.005744699504485211,-0.0028988021617646948,-0.0033809416600947126,3.7241188235880567e-6,4.933579397096901e-4,-0.0038842108330594816,-0.0012039687102826959,4.483118292558276e-4,0.00288781147009749,-0.011386019554083901,3.328206853471665e-4,0.0029715703349784306,-0.002366120630934309,1.1128335744975354e-4,-0.0013725582611362529,-7.644492937207847e-4,-0.0054306343490763305,-2.6059545253866975e-4,-3.3279750814817097e-4,-0.0022628609070388748,0.001335546694150492,6.45868694257574e-4,7.218977310139583e-4,0.0015217384242474654,-3.8087785917644283e-4,3.551026771950359e-4,-1.1383621007424257e-4,-3.3230286764739683e-4,-2.5705164344574824e-4,-2.481984839501969e-4,1.0141614207888515e-4,-1.0544060694423868e-4,-1.5004544398668561e-5,7.362238448447234e-5,-5.715035310072031e-5,-4.2068417916449645e-6,-8.412226172742849e-7
C15/C15eo-C15ep-C15eq-C15.5,-0.047067867676818115,-0.06747358198772904,-0.027243270636635383,-0.0025348291070629537,0.004105878753182023,0.003154050401825039,-0.006696976270407656,0.006900315366031507,0.003411838153726706,0.004980568258862713,8.938250346486688e-4,0.009891595977813349,0.009030138888191567,0.006097105032301154,-0.02308598309861195,-0.046873809171907546,0.025366678751245268,0.009075963535498926,-0.004786229181214958,0.009564353908037525,0.006547077291327108,0.015475409470324721,2.8322052884564375e-4,-0.002522187650477755,-0.002292492793492973,0.0020708128126270763,-0.0031115577220315696,-0.0011797656027027106,8.930031519705529e-4,9.683496545036544e-4,6.632619993720147e-4,-0.0043833747966507295,-0.0018746805826825536,-0.001483510925839025,4.473592022491638e-4,2.589937983023823e-4,0.0012620385153462733,9.033324250011125e-4,0.001418906018830759,-0.005773595263191154,-0.001027096943368398,0.013022343186869276,-0.0055695129239746516,-0.011493717767953422,-0.012027788994569858,0.0035299396809206573,0.015289299493733881,-0.002773106672518168,0.004738313460489202,-0.003517825903029677,-0.0033812731502636012,0.004811735448111227,-2.2906892543541073e-4,0.021423107657526582,-0.017552275232842498,0.006380686532744938,-0.018308683054820234,-0.02254342478352258,0.037946130520402445,0.009321113588816661,-0.010650808944384957,-0.012519822680151949,0.005475539961824069,-9.68417148811887e-4,0.0027412700268202358,6.838876355734024e-4,2.0822955311736323e-4,0.0013224387122613833,-0.0014331542180129955,-0.0021438840105701515,-0.001072330521939852,0.0023493879075893757,-9.607855494167413e-4,0.001095184895956897,8.591043776441764e-4,-0.0023318593935808397,-0.0012919149582583467,4.130388056764054e-4,-0.002100814140634948,-0.0013361834568816832,-3.570167761641455e-4,0.0036608095488959986,-0.003912212544406782,-0.002061070867023444,7.181765906265549e-5,5.398657939648772e-4,7.681388901786663e-4,-4.1247890273265797e-4,-0.005354771144453441,0.0016648296365776097,0.0029692053915650945,1.9500215516798645e-4,-0.0013286813396761017,-0.0024143621087950712,2.108760597529112e-4,-1.7103125480665595e-4,-0.0031070385469430545,-3.2786196947535865e-4,-0.003464680583537505,-0.002022784458608863,0.0014887301046704572,0.0063151674059729445,-0.0011959734833878284,-5.78657788502981e-4,-0.0011757390261745496,-0.003200674254169523,-3.4306695636273027e-4,0.0011399736521412068,6.254209941741035e-4,-6.741082412284192e-5,-0.0013513871503778837,1.8703668380200072e-4,3.374507200874388e-4,-5.812135387798782e-4,-1.1205838546429012e-4,9.79378931715238e-4,1.283742098972687e-4,4.131775673850237e-4,-4.079622248251635e-5,-9.662762213066362e-5,3.8532172542309913e-4,-1.0728072792029688e-4,-3.39740027243777e-4,-7.349470620484102e-6,9.02523272265395e-5,2.4442896503466425e-5,-2.586306241041719e-5,2.28823670331351e-4,4.402172437547672e-4,-2.9045652542651797e-5,8.323956479568771e-5,-5.7037689800931215e-5,6.787019580820358e-5,-3.138658119338705e-6,-2.9457769165471216e-5,-4.218371047861656e-5,-7.593559074770195e-6,1.251472351134473e-6
C15/C15eo-C15ep-C15gh-C15gi-C15ed,-0.026074322290644207,-0.05021966997579559,-0.03752079974018675,0.0031695651302586477,0.012023160013043212,0.01570007687687775,-0.025983209914553322,0.02762345548390157,0.001836935399200875,0.006614059976034411,-0.002484787652712683,0.0017211942165687615,0.05258377530471964,0.0324044479302066,-0.08811203161265856,-0.19119849120231905,0.10508938007190388,0.018526147195564256,1.935968777524988e-5,0.03319920607580778,0.018404792438777625,0.0616034374105074,0.002222074586347722,0.0033104585420801903,-0.010987609504706975,0.012946564467049563,-0.005009238147099336,0.002454033949055548,-0.002513803890719353,-0.0016071415367898063,-0.0019879492622229228,-3.604734473668505e-4,0.003578007095726517,0.002042253998745443,0.003559816843027901,-0.002882118505238929,-0.0017502317365057966,-0.0016796717656182856,0.00038610859894785445,0.002070819288331444,0.0015103414162223397,-0.00586063300491213,2.732598422260742e-4,0.0012612201312000454,0.003153395796287918,-7.345372677018817e-4,-0.008439252042754322,0.002495489054886913,-5.845175824345618e-4,0.0032366497414835415,0.0020134656219082552,-0.0016229348634235596,2.8404123546094996e-4,-0.009011275839291281,0.006089940026183446,-0.003008312461396681,0.007792052832050901,0.009842375677100092,-0.02100492401913283,-0.005871828894770392,0.005318739255810104,0.006753424385714193,-0.002594278971845978,7.257257677681184e-4,-6.868817817131559e-4,-2.515586626262757e-4,-5.461869084801841e-4,3.4400429331161276e-5,7.398051631116011e-4,0.001072460835456167,3.070489198681654e-4,-0.0010692888719158792,-4.4515652391248993e-4,-3.120314380537671e-4,-3.618321437522692e-5,1.0068773238606115e-4,2.1229503934660086e-4,-4.7753055882836427e-4,-4.6080974677258465e-5,0.0025390981733181203,2.704752368769195e-4,-0.0015035560625730345,-5.104039050469887e-4,-2.749999493125281e-4,0.0019895018018547417,-2.070030560824651e-4,-8.633857651173578e-5,-2.2654006281628598e-4,0.0017848273812325582,-0.0016097540103804377,-0.0014454501029912096,-5.973992121778824e-5,6.48434874429124e-4,3.6405465712928306e-4,-1.0327547686136984e-4,-4.181574635274354e-4,-3.151016117944805e-5,-8.520324666924809e-5,8.855847939880728e-4,0.0012619083862062282,1.221697555461662e-4,-4.889744483563018e-4,-5.388244462566305e-4,-9.66884483085475e-4,-7.679607379290998e-5,4.3762200378943625e-4,-7.366402677800512e-4,-3.398937619639489e-4,-1.1787506120630828e-4,3.3381789448079735e-4,-0.0010207756852111335,-3.1780606719449185e-4,2.686568685040174e-4,-2.0178082088102888e-4,-5.81503328607268e-5,6.696442672509988e-4,1.9438789057228467e-4,3.40180875033777e-4,2.9301530644492315e-5,-7.283604068298998e-5,2.1375636441353164e-4,-7.195706064170805e-5,-1.9989255751856017e-4,-4.2195201210381275e-5,-4.5715426690209924e-5,4.795728649246014e-6,2.726391319469883e-5,-2.5807765797260808e-5,-1.5634986430886164e-6,-5.4272511848211955e-6,9.399484726361413e-5,-1.0405727897307238e-6,1.6995951048780924e-6,-2.2866457284643796e-6,3.205761366134563e-6,6.57051105462423e-7,-1.6555236820805569e-6,-2.4429050557918366e-7
C15/C15ev,0.0037582179538317856,-0.0030069194684935337,-0.003426336852725896,-0.0021445698903870204,-0.0025343745228844704,-0.001310994447889261,-0.00138667290519818,-9.839628778343565e-4,-0.0018630343080490983,-0.0013581578451838509,1.5737954674115002e-4,0.0035086593176037123,4.6276565174607146e-4,-0.004289689993015562,-0.004785592970067779,-0.0018615493296189425,-4.750132641756233e-4,0.0028595735945813024,-1.4860773026658178e-4,-0.009677466121276157,0.002195233426080931,-0.0035041193271228696,0.009683135542888072,-0.0066360020192443685,0.007132618661810434,0.012460224225297734,0.0104842530964224,-7.097293363546573e-4,0.004092192575440571,-0.018953006864491237,-0.007447767276908229,-0.005867732022126954,0.016868101674398756,-0.004143727490200644,-0.0020294108170979324,0.003853342867329669,-0.0018140105048957264,-0.0038326295876355784,0.004742407409921547,-0.0017517306640862124,-1.363516585099359e-5,-7.699740242796978e-4,0.002028368388959413,8.798160645923679e-4,-0.0013162174437849707,0.0014430976187393494,-6.093441392880716e-4,1.65605763019529e-4,5.269843469740079e-4,8.772564095043832e-4,-5.451149974773686e-5,1.5875537029963263e-4,-0.0036447267667181447,2.6326920498683903e-4,0.0016365326853348763,0.004858545432291479,-0.002627441354900937,-2.106773679352092e-4,-0.002285587944890003,0.001366971248333803,-4.8729378610902203e-4,0.0023741691279632504,0.004036810716948485,-1.6197101886512085e-4,-4.3671448194585014e-4,0.0046977300401944465,0.00384149452851291,0.0037441680339535045,-2.9378557960970526e-5,-5.039348845692462e-4,0.0014243365181183063,-0.001498992948844314,-2.498780605459179e-4,-3.430308813989148e-4,0.001956151406367082,-5.618354566744833e-4,0.0013990032458835342,-2.7868950598333383e-4,-4.7613899534917865e-4,3.7969806271072376e-5,1.008945827799174e-5,-1.3601333136252484e-4,-7.109154273456642e-6,-1.156979009090488e-4,-2.8441789128760223e-4,-5.042713419056331e-4,2.0590982136328766e-4,-9.584651159032493e-5,3.9767074381872664e-4,2.29669623468396e-4,1.248636629428298e-4,5.798003787735497e-4,-1.2142039662492449e-4,7.719870023068807e-4,-3.345061717571411e-4,7.525239698284227e-5,5.056721904401966e-4,-2.3317153381381476e-5,-6.997017985621124e-4,1.0628256779622187e-5,-7.094747036774585e-5,-0.001348832021221533,5.985130443998828e-4,4.186421737648583e-4,0.0010313101499593936,-0.001360852117493802,1.8455112860657285e-4,8.489638996529054e-4,-0.0034602691329542012,2.068733495133333e-4,-4.0275178110649163e-4,7.817413075978119e-4,1.56579464773639e-5,-5.90449796705388e-4,-1.4049715212700373e-5,-9.428946081534066e-5,0.0011309010115198147,-4.4936105577629386e-4,-1.860871769652104e-4,-1.1030080587621732e-4,1.7096688909221463e-4,5.341980062485263e-4,6.128803835995682e-4,-0.0015686543945072373,9.062873402073747e-4,-3.3139470508574976e-4,5.63840997758534e-4,1.7605708345110326e-4,-1.6883338407132353e-4,0.0012012581115438904,1.280568789077048e-4,-4.99088930597143e-4,-5.94890178282067e-4,-0.0020831998941985594,-9.965550861575762e-4,-2.349187030468478e-5,5.488513729840713e-5,-2.5282299803511895e-8
C15/C15ev-C15bt-C116,0.01084003334934312,8.537719651976735e-4,-0.010347348003866844,0.0018502084908880796,-2.5829114907187996e-4,0.0013257139354901691,-0.007102923758316496,0.005180421201277494,-0.0033479006031813794,-0.0021066634619306833,-0.002133510625767519,0.002817946237499244,0.01568801431457466,0.011104025343169642,-0.0040726605027115725,-0.004642441737669919,4.47449915499573e-4,0.0023154411447051364,1.4188205907298695e-4,-0.08143967999866221,0.02129449625043752,-0.007226047927610194,0.01104014866009021,-0.027358201884238518,0.01174182081125243,0.034049074175446656,0.02661648901840296,-0.0015368389631837114,0.007017550453430531,-0.04298145843872014,-0.019409296908480828,-0.011010641883389512,0.01812005879186453,-6.77741551652474e-4,0.0031384108192368896,-0.0073757430570594714,0.0025393174278395972,-0.004491215548104511,-0.003108434433037588,-0.003467634763744169,-5.931882083884123e-4,-0.0061993032261496986,-0.013478727668000472,0.007252470906177467,-0.005254109774888014,-0.004698217861797653,-0.001717401393957092,0.005375290399725218,0.001777073802811082,0.005952324113919817,6.474716606916004e-4,0.006737604924067937,-0.011505425151782302,-6.643648168944149e-4,0.006028228297079336,0.025033701218263295,-0.007306838567743473,0.0040263562048676775,0.00558489826831496,-0.015144679723340361,0.0029009357754562386,3.0254112691748355e-4,-0.0020480204370686046,-0.00126781650856178,5.929765218888069e-4,-0.008287796403312253,-0.0018752010934137235,-0.006944396655167473,-0.0017091716432218102,0.001286295025759914,0.0010935398061099589,0.004236938410443805,0.001930483916476273,9.411141954820695e-4,0.0013397420188989203,6.667749733352204e-4,2.3681856974828907e-4,4.87777776049087e-4,2.3905633411589075e-5,1.1140253262987192e-4,7.042498267982134e-4,-1.093641057296257e-4,9.779254839249116e-4,-3.4599583555597e-5,-1.9123842630054978e-4,-2.9517539874409206e-4,9.828603996245298e-5,-3.829466161974512e-4,-4.2075437132355303e-4,3.8303346408950225e-4,4.3405226760022484e-4,2.3962575264576007e-4,6.413747050881172e-4,8.268543957346387e-4,-2.025162632085795e-4,-1.204193156601115e-5,2.7118240196506738e-5,1.5001799548578065e-4,-1.3184089357219872e-4,-1.9281130243924e-4,-1.3348261581957858e-4,-3.8962814608965225e-4,1.0715943529256411e-4,6.437311313080596e-4,3.1003984687406113e-4,6.991871278825594e-5,-3.4072176789464863e-4,-1.6938553740952398e-4,8.855111009993678e-4,6.33443505508627e-5,4.605182469241065e-4,-1.6084561751779117e-6,-1.65335928317608e-4,1.2252959556893243e-4,-1.0384704842271536e-5,1.2289701829647925e-4,-1.1975812196641532e-4,3.109157656413387e-5,-6.459546250257737e-5,-4.793133076620375e-5,5.4738425320245254e-5,3.015162342353235e-4,1.05993754943793e-4,-3.1659759006740434e-4,1.7975439750319948e-4,-6.414468903423947e-5,-5.880858261702129e-5,-1.3819168715382477e-4,5.8543445312811696e-5,1.6306781890143383e-4,4.902062586349537e-5,-3.4015028699654034e-5,-8.982990288586257e-6,-7.9197491719557725e-05,-1.3406713889951143e-5,2.7080453405098366e-6,7.690690109959031e-7,-4.0037583993098925e-7
C15/C15ew,2.8687660668775633e-4,-0.00506491788684653,-4.114349690714667e-4,-0.003226382072499331,-0.0034252424083362513,-0.0034026529922583527,0.0022826291337341596,-0.004287283016173873,-0.0010256418138631302,-0.0013181017152837872,6.91546111283978e-4,0.00431965194403654,-0.006648560854971191,-0.004992888933915505,-0.0032202893804008626,0.0015496537997507517,-0.0016901658494499119,0.0033691223556526657,-8.999959226359249e-4,0.003469311631187581,9.155922752948306e-4,0.008407709924317828,0.0012235575597324163,-0.0051950282813707,-0.001052125068051621,-0.00228765970761203,-0.003299993164138882,9.687575786683788e-4,4.231362003155571e-4,0.0026367665063273815,-0.0012361618063882337,-0.006111500541132722,-0.0012394922150519305,7.551944643750823e-4,0.0023112839196689117,-2.2627277734262055e-4,-0.0010492561829564284,0.0017228508203182287,0.0013461491724200926,-0.0032128600076409596,-1.5864548950149287e-4,-0.0013756371658972092,0.001058026124638156,-4.914582290412465e-4,-5.822857368129258e-5,0.003466207995495975,-0.0010584989223723714,-7.774914700543131e-4,0.001258088021503065,5.676319624250439e-4,-2.0998040880315644e-4,-0.001867561158178945,-0.001408583571902507,-8.120348200346525e-5,6.425678643952212e-4,7.905480925289275e-4,-0.00276551522823763,0.00140640966590361,-0.0012417793594201212,-0.002870566864527731,-7.730411110809863e-4,0.002356878161923157,-6.485912700821976e-5,-4.500835243160885e-4,1.69965411095015e-4,7.51916101836522e-4,4.0919604043626113e-4,-6.938476457955551e-4,-0.0013871721459348006,-2.5055051471675527e-4,4.7450980735562064e-4,-8.790257613784993e-4,-0.0018184615786709598,-0.0012859563958636073,-3.713294810554988e-4,-2.977781000709404e-4,4.8644511612368864e-4,8.449556553401646e-4,-2.857000499973446e-4,1.6755090053614382e-4,4.977478361075663e-4,-0.0012599135519510728,-7.482200907388741e-4,-6.088264415140941e-4,7.450069647988185e-4,-5.090509475102522e-4,4.383333746329264e-4,-4.5339981001942865e-4,9.486902105800226e-4,-2.7337271802247624e-4,-8.299925158422471e-4,0.0011491590285101886,-4.569702056612446e-4,-5.961388871764245e-4,-3.889718291522189e-4,1.3308189144157597e-4,-5.15236993385991e-4,-1.3248742586020258e-4,-1.8789493754635734e-4,4.0589430549023815e-4,-1.9139998672692174e-4,-5.61128394555319e-4,2.6190943675924623e-4,-2.724424290630686e-4,-2.0956042076738783e-4,2.7539374755279465e-4,8.880488456465478e-4,-0.0012589618742935964,-5.11730473261155e-4,4.72534589221431e-4,2.763057737450627e-4,-5.592259398887247e-4,2.3689382801685198e-4,5.562430810436531e-4,4.7948353379959e-5,7.004906427635642e-5,2.8755340403233717e-4,2.4014257546872564e-4,9.65517052279103e-5,-1.268776825366015e-4,-4.567739722049496e-5,5.3413691278404214e-5,-2.4405638647332105e-4,1.5584305056339184e-4,1.1656572641975469e-4,-9.032458726302725e-5,1.2716203908358492e-4,-1.3822921252256998e-4,-6.074852047249341e-5,1.7045343160668566e-5,1.7600918269386188e-4,-9.910976832434333e-5,1.587296746075166e-4,1.0036097507185333e-4,-2.1445670580534898e-4,-2.330887107407757e-5,-4.6423809367049035e-6,7.200665655618135e-6
C15/C15ew-C15ft-C15fq-C15fs-C15fr,0.01945762212993672,0.004723885947717496,-0.019720530365987636,0.0033591993894702683,-0.002551904577639516,0.012785850053152262,-0.03644820748468216,0.057177832080185606,0.002777330785159133,-0.14379412062718686,0.06103010751176356,0.034417034095550574,-0.046089178865048486,-0.020404320176349234,0.006007599504546274,0.003186136814250594,-0.0017124412910062153,-9.090228965950386e-4,-0.0012152868970257177,0.004635231834005505,0.00234730152348554,0.009386050680729027,-2.5660629783497526e-4,-8.329888562404471e-4,-0.0025060289894358444,0.0019205158416902284,-9.307040368862696e-4,0.0025561621154884554,-0.0013666083953734823,4.7133318468595516e-4,-6.116268103863241e-5,-0.002737228348319045,9.93763969072887e-4,7.22047639098047e-4,0.0013644000845284402,-2.9352559444358614e-4,-2.542915435273597e-4,1.742324453818643e-4,-7.904300517526862e-4,0.0010465624042132115,0.0010523903239368292,-0.0017872444593027054,-1.5809903997214965e-4,0.001742602378270255,-0.0021342747941709298,-1.6509385086441004e-4,-3.5334556015515867e-4,2.9290047833071593e-4,8.601648731010554e-4,0.0014270553454164404,-7.981233188043645e-4,5.662896924403232e-4,-0.0014391634030568373,3.2029470930360185e-4,0.0011873284252100474,-0.0033446974419914176,-3.045912014459645e-4,-7.408377372092037e-4,0.0011512931223703715,-0.0028365212317702235,-7.549340085590691e-4,2.2276278208817073e-5,1.7770588135450376e-4,7.644900726382374e-4,7.380017533055065e-4,-1.8464351300076756e-4,-0.0021530497542485206,0.0022896796100562774,0.0016816551328765578,-8.201153833174866e-4,7.401412204739336e-4,-0.004187270085153346,-7.777254778404182e-4,3.253782398920223e-4,4.012331204948076e-4,-2.188878465952173e-4,-3.8670811145735836e-4,0.0014007862596074542,-0.0016283123082918808,0.0013390924439863603,-0.004996308760677418,-4.109237517910143e-4,-7.53935438877234e-4,1.701474389072563e-4,-1.9035773154214318e-4,-1.982296135496166e-4,0.0024073053104969266,-2.586723499216968e-4,1.5323238143197737e-4,4.338008742373418e-4,-4.4578787052821907e-4,5.401470076101263e-4,-0.004203246067800484,0.0026882736178790046,0.004573125900220565,4.434933076139064e-4,0.007844743408038733,4.7821596924425857e-4,-0.01010451247086136,0.009300970796083965,-0.010278525264034903,0.004537060003830383,0.002672797550961786,-0.0031226917272100525,0.004637017375591539,0.004014706716652491,0.005218676663405787,0.0020634916912366944,0.004595592193564984,9.824581792702992e-4,-0.00097556206486826595,0.002617002460746199,0.0044722833291442575,2.5573258680471744e-4,-4.5118321767599345e-5,4.0932456575291816e-5,3.4478183114225095e-4,4.899955925593407e-4,-1.938795024904611e-4,-8.943919567593223e-4,1.5294762085816842e-5,0.001983940308969072,-1.6880796879954735e-4,-3.967113274855475e-4,9.635727849407001e-5,-1.6537819976397794e-5,-1.2788218650035745e-4,3.149477586374774e-5,-1.6826054425555536e-4,7.234708009644066e-5,-1.0905156022810392e-4,-2.782511174607938e-5,-8.391532186284359e-5,2.5628945083146598e-5,4.4803481620500206e-5,-2.658928653124617e-5,-8.49717989669349e-6,1.8030375418581437e-6
C15/C15ew-C15ft-C15gj-C15fr,0.01689118928550481,0.003863590068883845,-0.016992021589746248,0.0026381977307462115,-0.0019539659105814104,0.010443851276647329,-0.030170377711898778,0.046336082767033375,0.0024706369678218153,-0.11399022400156547,0.04836212752708026,0.026915697665820793,-0.036144899447284995,-0.015511378312958991,0.0037871377027670727,0.0016310861915604627,-8.671016883098003e-4,0.0012028430518671905,-4.1877601119376054e-4,0.003321215057654541,0.00170702545926797,0.006074535713390658,3.479631091674882e-4,-3.722297989329009e-4,-5.399791759478958e-4,-9.40467186434435e-4,-0.0038682091927591273,0.0017570486340462987,-6.167153821383608e-4,2.1876915033670219e-4,-0.0024580734731795254,0.0030680454937839856,9.767518103521918e-5,-8.733030238106814e-4,-7.59851868337012e-4,3.241997768182647e-4,8.996936364690282e-4,0.001029690151399126,0.004800903593666023,-0.003366637860200478,-0.005084487791536854,-0.004388456167926405,0.005577342627935355,0.023804824100981444,-0.028840360660923044,-0.003653030224610737,-0.0031473893260502046,0.005254884314893496,0.009775243554525281,-0.0052251633989673614,0.015479455213789026,-8.074826584472742e-4,0.04168884000907466,-0.0013237622291742217,-0.005346184540816132,0.018305510904361718,0.006940155307657062,0.013586295584704271,0.00494206160353353,0.004335374005683561,-0.0047159727884938316,-8.67430303593922e-4,-5.081564542884428e-4,1.5491643441737868e-4,4.2776049045470263e-4,-5.113703756223241e-4,-0.0016314243325394138,6.049267779891797e-5,0.0013225197344840125,-0.0016680157776800162,-9.77459895620475e-4,-0.009043947780937063,-0.002813550800147112,-0.0026334360434363334,-0.0020733113627067206,-0.002103520634292289,9.304838691635941e-4,-0.006185392104425629,0.0022872431766386213,-0.001010894284189923,-0.0024761653485604646,2.55711628913824e-4,-0.003579726766203968,3.684851159067904e-4,-3.5233159799875896e-4,6.966601505673256e-5,8.005486486894739e-4,-1.9740756122974126e-4,0.0010610844494406341,2.998121918702265e-4,-4.807123691926193e-5,2.3162804668056366e-4,-2.2927071977888608e-4,3.10988407414532e-4,-3.3631522560833503e-4,-9.742756594068524e-5,3.9907791824916644e-4,2.782862380780691e-5,-9.161014948049624e-4,7.490881847508986e-4,-2.7893937214051054e-4,4.978570271298285e-4,1.350837486843078e-4,-3.90732784223009e-4,-0.0014511815448534477,-4.46596736852507e-6,-0.0011988092559268666,-7.605189145930962e-4,-8.703029215521648e-4,1.6629395875434426e-4,3.57382695830564e-4,-3.678652550988277e-4,-4.527430060746663e-4,3.603827684890401e-5,8.190409564900945e-6,-2.00035020632421e-4,1.6606748270820023e-4,6.64660397587892e-5,3.278189837853881e-5,-1.5543236200814546e-5,-8.459755761990915e-5,2.0398122278699246e-4,-7.778229480440881e-6,2.0265713472046293e-6,-5.975554886259313e-6,-6.217264751936033e-6,1.156130111228874e-4,5.320832066594667e-5,-8.486702611905554e-5,-5.066489427503125e-5,-1.2554601051161668e-4,1.9319994911972783e-5,-2.8169571711265827e-5,9.082799460036353e-6,-5.6309665760611836e-6,-1.0069995876030522e-5,-1.2487205913811016e-6,6.720637153877137e-8
C15/C15h,0.007891809767910858,-4.214423824575182e-4,-0.00812742043930823,-1.7200453555180474e-4,-0.0017172161348680708,0.0030835630927588996,-0.012044181007042135,0.015378218547467582,0.005916092006358423,-0.0016061574764729858,-0.05456987853593773,2.875620031789412e-4,-0.020213324306784988,-0.01724724218897645,1.4429707149202393e-4,7.989825624086674e-4,-4.12717276998893e-4,0.002179751678861134,-4.481503267201717e-4,0.0017976059810944306,0.001935808443986464,0.007458485011239249,4.7844391071650964e-4,-0.002663461448168384,-0.001651732134128109,-0.00118684295405464,-0.0010828454664157717,0.001021253794469429,1.1418411165376136e-5,0.001697503960838175,-5.769575523205076e-4,-0.002761466112063193,-8.102193628572501e-4,-1.3287387567262066e-4,0.001382796642703782,2.4952420109287173e-4,-1.5246085136538643e-4,0.0018148362909085165,0.0017616312060161046,-0.0015575889148050632,2.8272592409916275e-4,-0.002084229973295492,-0.002874027991176408,0.003934848761835539,-0.0021573831820979397,-2.2814816152376099e-4,-8.452507208030675e-4,0.0015977344088569745,0.0014940303114402954,7.70904011159637e-4,-0.0013986753736127343,1.1120867041336382e-5,0.0011585847574377708,0.0026252215329366497,0.006642347326781514,-0.005268803832660178,-0.003524612890509607,-8.489865698024682e-4,8.462777624375729e-4,-0.009379448095728951,-0.0021481803600339154,0.001722075489227042,0.0014341830237210133,0.0016349501586987478,0.0010306184194552514,7.967923694326071e-4,-0.006636936711500113,0.010942491466002844,0.006715683066220902,-0.002212788952349472,-8.223781492467495e-4,0.004698941606582205,0.002714716348499859,-0.0013054846118697924,-8.69725780963117e-4,7.391854232253112e-4,2.942641624308081e-4,-0.0016856549761861135,7.975930873211288e-4,0.001770544956552745,-0.005417454475142953,-0.0016476710392012595,3.153409462243842e-4,0.0012915012743968581,-0.002440872216590302,-1.493913909425679e-4,-0.0017797650876531128,0.0032398519728197945,-0.004126371905665791,-0.003271704713182106,-4.688099253613761e-4,-0.0012221300928241033,8.506747188364622e-4,-0.0013358888478078592,0.0013266514620538224,4.146557034248173e-4,0.0014129114813797464,-7.994255818017098e-5,0.0029471866823271775,-0.003660952940983326,0.0032749055968417234,-9.46792036930426e-4,-0.0013675229325278509,0.001074683538133866,-3.9957086511162483e-4,-1.1248771152720058e-4,-3.4115218266508494e-4,5.7966857523171965e-5,-5.482233603096602e-4,-0.001759669855673301,9.881764616010904e-4,3.9383380802250005e-4,0.001901790193647099,-4.302701234164054e-4,1.4730591211622565e-4,-0.0010734068787408035,-9.801647087461856e-4,9.776284262919136e-4,-2.937903124197204e-4,-3.2518065996178834e-5,6.756106042714864e-4,0.001544181767070713,-2.8346567510102526e-4,-2.3602288729931555e-4,-2.1371394264908474e-4,3.4435335748720064e-5,0.0014252836770442762,4.1316701001420755e-4,4.4958015890190367e-4,-4.4498690904332014e-4,4.884024200745574e-4,-6.419817086589986e-6,-2.0896272825033648e-4,8.025714994881369e-5,3.479293514299729e-5,-8.424408116222378e-5,-3.64242809467068e-6,-6.025262180020757e-6
C15/C15jr,2.2622387833427543e-4,-0.004986436410780357,-4.1656102111584494e-4,-0.0031687592164156035,-0.0033813041674346186,-0.0033994549199364258,0.002257363507275473,-0.004264271216125229,-0.001060299932136432,-0.0013542644273301947,7.114316123329455e-4,0.004332308379625474,-0.0067181633682550194,-0.004971752950177956,-0.0032245767742505667,0.0015021060853851154,-0.0017070721252732785,0.0033677759811729466,-8.7156830152337e-4,0.003456931748205381,8.841327278706473e-4,0.008428885377132737,0.0012150724708976275,-0.0051746209367774425,-0.0010109088515311514,-0.0022720462831610925,-0.003282748541136352,0.001055838749183797,3.7685178475804445e-4,0.002639828986989553,-0.0012199841595535328,-0.006089355026803238,-0.001262021024921383,7.777750747714249e-4,0.002328000867306718,-2.2483947559255154e-4,-0.0010821046516661867,0.001730241991757999,0.0013317882818906467,-0.0031555854407315028,-1.7757993572528103e-4,-0.0014563793526661407,0.0010945112058808085,-4.607012725764748e-4,-8.823891128670524e-5,0.00342854110713591,-0.0010681948139799717,-7.350527902613557e-4,0.0012437035769421992,6.133743407392445e-4,-1.648384991601537e-4,-0.0018954713279682794,-0.0014140071104845053,-1.8196762092026063e-4,7.115326992241702e-4,7.383141546283442e-4,-0.0026948255164833254,0.0013637827166705803,-0.001243649751775213,-0.0029283052370664415,-7.852224042860434e-4,0.002365041840186074,-1.108002940776158e-4,-4.472465313181475e-4,1.967917071644966e-4,7.149204722155878e-4,4.095913676621604e-4,-6.998458725303117e-4,-0.0013801338413964304,-2.3900229160408475e-4,4.7586905226166306e-4,-8.950410327423576e-4,-0.0018393215145714051,-0.0012835570076729919,-3.8251709348963267e-4,-3.399009681859642e-4,4.5147834460652556e-4,8.356187220876672e-4,-3.328642835302618e-4,1.6037876924030294e-4,5.133364129250154e-4,-0.0012523924513801212,-6.492056669329275e-4,-6.185414190041735e-4,7.346062012842428e-4,-4.685954355787327e-4,4.972998759790192e-4,-4.79486016800693e-4,9.841027077819647e-4,-2.494395249446446e-4,-8.31255799521267e-4,0.0011505978207291033,-5.42522820050681e-4,-5.750538418566627e-4,-3.1100534545278004e-4,1.3791102167443178e-4,-4.94131116883266e-4,-1.2598246656686263e-4,-1.8854868194200357e-4,4.0370914282187307e-4,-1.9792362167358012e-4,-5.935947859859815e-4,2.703673939597127e-4,-2.4410171481758006e-4,-2.1968184294599236e-4,2.648890721711725e-4,8.904165095914627e-4,-0.0011589064456477363,-4.880268458970211e-4,4.8387690818819365e-4,2.262117797988123e-4,-5.525374379355643e-4,1.872563517549843e-4,5.949379264222008e-4,4.508533271015734e-5,3.786632985898126e-6,2.865790761908829e-4,2.7194940406976393e-4,1.0295046022386662e-4,-8.550208423807116e-5,-3.4613218847197934e-5,-5.953123803061718e-5,-1.6234003358673292e-4,6.528808936485304e-5,-5.60756608823127e-5,-4.784432110461678e-5,1.3619292278902012e-4,-1.2585367096430353e-4,1.3691454594589763e-5,6.561834763162697e-6,1.0170974118474585e-4,2.6788685685794213e-4,-6.664420570107305e-4,-3.6140871925523884e-5,2.044069622759128e-4,7.311007048751147e-4,-1.0280168157361415e-4,2.288247467304784e-4
C15/C15m,0.02589704000539495,-0.030196404005735714,0.0491638772410318,-0.0016266794495717826,0.0011473758907397235,-0.0031711660292019976,0.004493399155515093,-0.004086910314133388,-1.3030303126651899e-4,-8.207819285858274e-4,4.7153255232242725e-4,0.001608750167405322,-0.005320935105931301,-0.002192172900737568,-0.002063887256683586,-0.0012523067815049303,1.3373663265078467e-4,0.001550967219840723,7.35013892781327e-5,0.0014812767264795743,-8.643574961791181e-4,0.003897251948455786,7.374831987540973e-4,-0.0026058066303866353,0.0010982912537531914,-0.0063183706699557135,0.001044847452078378,0.0034137774334777674,-1.4215797531264932e-4,0.0017541774500865453,-7.28174151689676e-4,-0.003488306382150848,-7.644149291907511e-4,-1.5290017807403424e-5,-0.001771028454319091,0.004353572134629967,0.018658718023022047,-0.0013222234129181866,3.8102326389017233e-4,0.0016306008552201606,0.00109808432938893,-0.0034593764414052753,-8.673078515707518e-4,-0.0043958058600222245,-0.003298094570781855,0.0031935835345240776,-0.006586489668236863,-4.798524936248292e-4,-5.567895425087698e-4,-3.4692829920696523e-4,-2.824233900549782e-4,-6.523177083364931e-5,-2.956356067945009e-4,1.0684241852018474e-4,7.380393517019477e-5,2.891971384331768e-4,-8.091635504796455e-4,2.566918986994849e-4,-6.174907987278983e-4,-0.0013143189792480005,-6.255690961094287e-4,4.585599591125644e-4,2.1379896625338824e-4,6.654177327141207e-5,-1.3826754365282254e-4,2.756389827686612e-4,-8.212432092668212e-4,5.015533875626383e-4,-0.0022124047066265063,-2.2791782066244545e-4,0.001183090505351018,-3.283875693679271e-4,-9.9933743765564e-4,-6.219961691791237e-4,-8.165899966068793e-4,-9.887045698517786e-5,4.031586490989096e-4,3.7766306782851947e-4,-3.5981246445472055e-4,-3.677764045564381e-4,1.849117257691526e-5,-3.401726111890308e-5,-4.195133058057368e-4,-0.003270511508674341,-1.5939602526898362e-4,1.9183628650577274e-4,1.2857397668149245e-4,7.365753214423111e-4,0.003016829309703754,-0.0017654286420065188,-0.0032451594087500105,-6.882643679656983e-4,0.0019267945163693283,0.0018793260948752868,4.19404225596916e-5,-0.004992403863903358,0.0011636539471347443,4.3903692920359353e-4,9.374861231415981e-4,-0.0037990374839235496,-0.00250628219279821,0.00522724444324193,8.991934155755726e-4,0.001931840575225818,6.731159387126013e-4,-0.003116427688482584,7.256850296403603e-4,5.617730700270243e-4,5.584319072483723e-4,-2.5191756005689105e-4,0.0012325387938777114,8.15721673760343e-4,-5.156085797722615e-4,-9.611441570793355e-4,-7.244496948765434e-5,-2.4021725454135697e-4,-1.8506980689809597e-4,-2.8172604317464576e-4,-1.8034177606233748e-4,-9.718393822812137e-5,3.2087520564690725e-5,3.234861488760358e-5,0.0011345664998847625,2.2121906540123016e-5,-0.0012943595205854135,-9.66004064216264e-5,5.172324725413564e-4,-0.0028303573480984116,-0.004445756210210727,-4.3939866498778307e-4,0.001688516693199807,-1.5746108453418154e-4,-1.635071377436784e-4,5.4315353481543905e-5,-3.7833023743639753e-6,-2.968583796680642e-5,-2.1685891966101623e-5,-4.0640535148557535e-6
C15/C15m-C15ae,0.05054519628456415,-0.055054026264705264,0.09736626254744477,-2.8316025138238514e-4,0.004996146257892211,-0.003357687870554508,0.00725236839305867,-0.004427127508887687,8.595590636523654e-4,-2.325421703669668e-4,3.3526961048541685e-4,-6.146238972174629e-4,-0.004888962088999518,7.199736372792447e-5,3.5047826536550647e-4,-0.0020693086511767477,0.0011271406411630276,3.161272111223989e-5,0.0016904150369443564,0.004198849769121926,0.012315965327656588,-0.001673361111442191,2.1640593689993337e-4,-3.9695612472699654e-4,-2.636761037972277e-4,-0.001139260733972178,-2.5388099773592985e-4,-7.371589811902752e-4,7.758192771466077e-4,1.6018618665080602e-4,3.514474522274015e-4,-4.690838966217097e-5,-8.503081600782977e-4,-8.112218847595743e-5,-0.0028130461949940192,0.0029982629986386074,0.009302257887120748,-0.001178777907007112,-0.0011370783448793492,0.0019498787392973626,0.0014419862644423748,0.0022417503907690766,0.001884761447393345,0.010734492891568673,0.007525734350349342,-0.0017670616919299139,0.021847585139244483,9.285189681764506e-4,0.006487874896273182,0.00412085172979517,0.0021792694238979772,-0.0012881722875530764,-2.0034864297787622e-4,-0.0025768241102185484,1.0454465197568554e-4,-3.9230025510760165e-4,-0.0010406006550134595,5.057530322840572e-4,-0.0026499562792128405,-0.0017729415318540487,-0.0010805238031330417,-8.184099688819732e-4,6.27858497558022e-4,1.2066179636583885e-4,-2.3417585794953389e-4,3.244421016047089e-4,-0.0020635806856568037,0.0015104955849871203,-0.004533649005302287,-4.831659632297477e-4,0.0033474301297901727,-4.4874793565774187e-4,9.712126810123711e-4,-4.0521208224523857e-4,-6.391680915824077e-4,0.001297129266219998,-9.854707044413997e-5,5.873999504981548e-5,9.006802496483288e-4,0.001394440674199389,5.514921740586153e-4,-0.0015084122814383071,2.892534836752685e-4,0.007227107162520595,0.002052896881777821,-0.0010389615832744952,2.7053688379756414e-4,-0.0022137386227194587,-0.005116168172563569,0.002946351693115419,0.006753290410113352,0.0029581163276929433,-0.004715619006998372,-0.0050527257177068775,-0.0016749441721408541,-0.0021218020602852615,-1.4416110382089808e-4,-3.214392892028981e-4,-2.6769094654409387e-4,0.0036869264943157065,0.001722474915220549,-0.0037643339477752423,-6.115369811645137e-4,-0.001380332110954173,-5.07550699194258e-4,7.519711045666482e-4,-2.6833535552607817e-4,-1.594308488676175e-4,-5.851965321931336e-5,-2.926374777248232e-5,-1.236154353575739e-4,-4.544976003619875e-4,1.5074333701851738e-5,2.1366441301787909e-4,-6.78827164681558e-5,2.3045623205563456e-4,1.170018415067595e-4,2.80492843984429e-4,-3.312484977696848e-5,-9.559849943149545e-6,3.258087990041314e-5,1.2737979623446378e-4,4.482241703547675e-4,1.3353828373749413e-4,-3.3373249461085406e-4,-5.840239495885256e-5,1.928143096524674e-4,-7.195362555306201e-4,-8.8997102905389e-4,1.9147574071223853e-6,1.592109566731987e-4,9.195996068755886e-5,2.5848616533609654e-5,-4.774219883928071e-5,3.371253411762906e-5,1.4695715067899403e-5,-1.774050832933468e-5,2.906372723440762e-6
C15/C15m-C15bx-C15fv,0.04512681657796639,-0.048139471688996606,0.08421865614251005,-3.1852558664197556e-4,0.00425438659226964,-0.0026981682222645908,0.005564660753369495,-0.003397340304577052,4.713764421561322e-4,-3.843144034244623e-4,2.3260528491453306e-4,-4.314229845615244e-4,-0.00355957075949311,3.1798914966022235e-5,-0.0010679930382615807,-0.00280185542915225,0.0013131965892751634,-1.930926537936014e-5,0.0012458596035728904,0.0016975574664744844,0.005629578142962776,-0.002215797184381215,5.359670838857583e-4,-0.0010803191665145016,0.0016587989339299607,-0.0064086808984928825,0.0019337937096472748,0.0012575951153577603,0.0011321214707667416,7.363413540241484e-4,-1.346405198015029e-4,-0.001593671177651135,-0.0020291669847474544,-0.0011237276800241456,-0.008511679091457695,0.01155307177234505,0.047519147487057066,-0.005011446690367952,-0.0014045590473023293,0.00741379914350388,0.004315317384631539,-0.0026226758182970314,-0.0014682723062408624,0.0019382361454354999,5.2595023459558833e-5,0.009925180522417218,-0.006134916959893315,-1.5271855177700891e-4,-1.889126455984946e-4,-0.002136737842871107,-0.001360558404309846,-1.3363361183442454e-4,-4.2105539403948316e-4,0.0016885223033731621,2.172151792899259e-4,6.507892157680876e-4,8.878901366774618e-4,-9.936717224414268e-4,0.002660193546507065,9.166084333852142e-4,0.0012282231922740455,0.0017493510220429158,-8.429871287117703e-4,-1.0283793660032642e-4,1.822882974261806e-4,-3.674104893512406e-4,0.0025659590717554757,-0.0019613290274572625,0.006580111711239738,0.0011613001133455527,-0.0033930983219371768,3.676694057676917e-4,5.612362211196103e-4,7.762901679779769e-4,0.00235248351598273,-5.069962442205346e-4,-2.825628042746999e-4,-5.06575085537878e-4,1.2553120240346935e-4,0.001555217120253943,4.6260961086800576e-4,-7.238864270560483e-4,6.609679211627493e-4,0.00653770461119037,4.807320971733433e-4,-4.683802666699253e-4,-5.208542889082143e-4,-0.001349247459714895,-0.005007405496727782,0.0026961616288203433,0.00450456667353532,0.0016478925776164108,-0.003054831971628205,-0.0029373501435074664,4.076085564603756e-4,0.010552504623435236,-0.001951953952995667,-7.898719226489767e-4,-0.0016775740942678648,0.007345612222076682,0.004305404413152059,-0.01051196071358963,-0.0018849945700470595,-0.003997614611505308,-6.951590792346257e-4,0.006469828370900432,-9.78563394746835e-4,-0.0013662619953123912,-0.0012766917484127937,8.395476241044148e-4,-0.002307625089883161,-0.0015387859311941103,9.025586644908571e-4,0.0013771906281161662,8.915373980350863e-5,5.658634005926166e-4,2.5599838570417185e-4,4.0847726255553783e-4,1.8273817465230775e-4,7.763348070401555e-5,8.644860800832156e-5,-9.865127623437522e-5,-0.0010207762967283833,-7.12129446693373e-5,8.194794031399495e-4,3.841822191126171e-5,-3.2480876941451284e-4,0.001579501125160347,0.0022815116570116807,1.502835269361593e-4,-6.164365595834003e-4,-1.8313069691667356e-5,2.839434370731336e-5,6.568228224113598e-6,-1.6479127192086144e-5,-8.170076111494297e-7,1.4720570518124432e-5,-1.4444880929285968e-6
C15/C15n-C15l-C15il-C15.8,0.01006285819459501,1.5465491979638126e-4,-0.01080731753788873,0.004861531617896388,0.0019268452796186628,-0.004664058950138272,-0.004534982835093107,0.005287217556064974,-0.002771935387630438,-0.006960779078296261,-0.012989023817331306,0.005781834479777823,0.008376018811204245,0.050234969480777,0.010986794282578287,0.00504669175505111,-4.3504519159375655e-4,-0.002630524846375113,2.0236056398638188e-4,0.02868657662386618,-0.01188697488384947,-0.01736565949577938,0.0026594219361504613,-0.01001187199456648,8.394951202457231e-4,0.008151146685336856,4.4320610402173326e-4,0.001447335903928935,7.245993117894225e-5,-0.004724012316231362,-0.006170240331852562,-0.006150125499118404,-0.0063788770488134305,0.003004814462418939,0.006617879156266027,-0.001082985579802485,-4.6706853309744423e-4,2.9928959263137686e-4,-5.1037294018578e-4,0.003127499339405042,7.626816196451318e-4,-0.004374174827134501,-0.021157944875267367,0.003885108490494048,0.0018385024765793891,-0.003102224476960969,-0.0018487099580803145,0.00411321889616863,0.0017333558056735888,0.002141862718806244,0.002118157077072984,-0.0016184905441167534,-0.006373660958005189,-0.007878439424254365,-0.012616204912749052,0.002172966303439133,0.006319543965683382,0.001811735697882825,0.0015367419288649636,0.004820917652950752,-3.7104229939181833e-4,0.00057949085122399515,-7.154655203126306e-4,0.004332818238966678,0.014954252581372684,-5.648936452060566e-4,0.003255220406626518,-0.004709507688151648,-0.0027315888522818485,6.432758560237831e-4,4.0092182401240377e-4,-1.806665202710611e-4,3.1506518235104947e-4,0.0015558335254438858,-7.563688497467901e-4,5.575727407494059e-4,7.337131706143218e-4,-0.004298157092047235,0.0028755136136331583,-3.493698352851317e-4,0.003195888825663848,-5.258958143106439e-4,-0.0014353953555997754,0.001231100439372273,-0.0022896894409616913,1.1482432383254651e-4,-0.0023863632921401795,-6.57083418577445e-4,-5.691831468843297e-4,-4.3866266569019804e-4,-0.0011273919479018186,-0.0018480430278966413,-7.290360037650319e-4,-2.2808531227624127e-4,0.0010825642366493397,-0.0011843086285701285,-0.0017913220486985774,-0.02500027518867401,-0.00116064430229605,0.001345942238654149,-0.005091820621984659,4.276448943862108e-4,9.835178131374588e-4,0.004382719208043995,-3.9265171445736896e-4,0.0020742240042968,-2.2834278931932044e-4,-0.0013326553107400906,-6.73270820054552e-4,-0.00956922296692736,-0.003208576137866108,0.004138327866005213,6.147177166554798e-5,0.0028040134320348716,-1.1208476283467453e-4,4.926540735242053e-4,0.0017441704235691864,2.933574048909411e-6,4.95952663742856e-5,5.111139290732129e-4,3.8615762015090587e-4,-7.737810662179486e-4,-4.7011614202990044e-5,-5.828566793669173e-5,1.226793862593503e-4,-4.828554658501527e-6,-2.2391724151417958e-5,5.17158608735613e-4,-1.1855750054822855e-4,-2.847785870302817e-4,5.459431360007042e-4,7.333720948083907e-5,7.161882165094274e-5,-7.497321806994866e-5,3.6893825132808434e-5,3.4280519224049807e-5,-6.2322338446591015e-6,2.4643505675741465e-6
C15/C15r,0.004721402296038603,-0.0017624105498964709,-0.0041252171636988536,-0.0013799914480769318,-0.0017549513839130902,-2.1066675663818836e-4,-0.0021619065814387993,7.932924155431591e-5,-0.0012928893832273541,-9.227692861265122e-4,-1.5020289264053774e-4,0.0021947647302877705,-4.600234722971146e-4,-0.0020452370073575734,-0.004764031516399968,-0.0014549066183176746,-1.922479272371968e-4,0.0012419811570644217,-3.612469028667954e-4,-3.632283048727881e-4,-3.8078268167283e-4,-3.653821276555893e-4,0.001351813907674777,-0.003739333649968991,8.93278941926925e-4,-0.003994263489457347,-0.0016093845533274678,-0.0010332861740290921,0.0015045622163656223,0.0012019950146078958,-6.438670039777058e-4,-0.0038407516332538425,-0.0022548174172237036,-8.245490204418096e-5,-6.950545941020922e-4,0.0011838391813727975,1.888956429998948e-4,0.0011426424147776449,6.821882137565099e-4,-0.004164758096774782,-0.001022528647580731,0.003192758278993883,0.0020562949173763946,0.0020680786384942138,0.0015124368802636587,-3.9223140902720213e-4,6.293317725240162e-4,0.0011471583913470296,-0.0012634248122943607,-0.002768684725857383,-0.0022044393133996503,-0.0012220118979963284,-0.0012350436954503255,0.0021204768314282705,0.001963246834191455,5.941924299725312e-4,0.0015302437647317718,0.003030957923718926,2.2203182171758203e-4,0.0010129212289128183,0.0016395864077401756,8.015822736966902e-4,-0.002119234796456427,-3.0162598161993695e-4,-4.0749088483181935e-4,3.1372931885535933e-4,0.003425727864073702,-0.0019305859400485803,6.813113138832592e-4,-5.971976913919612e-4,0.0036437010394245774,-0.0036744079416724217,0.01609683067485997,-2.540873924885208e-4,5.8826273837868e-4,0.028684336523331695,-0.021248901712336708,-0.022373837436131024,-0.026366640745591485,-0.007867938419732302,0.0011958296374347812,0.009074309455236112,1.879025495894154e-4,-0.0014744655771814494,0.0013903154332844565,0.0015517813550701674,-0.0034378451092133716,0.0019325843741365494,1.903129091344782e-4,-0.0016373855124260158,-0.0014647045431470007,9.748676129307171e-4,2.591397785775304e-4,-3.388294761670385e-4,4.6975736115714717e-4,-8.03852154732956e-4,2.8386936709702527e-4,6.59132002360216e-5,-0.0010121747012299582,0.0013905626334010678,7.260438256223174e-4,-5.399951895668373e-4,-5.882960799136412e-4,-7.21514205652909e-4,4.230241345624744e-4,-7.982562013556718e-4,3.652129968586579e-4,3.904363633738281e-4,-1.0990518369617759e-4,2.3521761100401615e-4,2.073698007698281e-5,-4.557563245502744e-4,-6.610394153664642e-5,1.0070216368993633e-5,-3.5750567425015653e-5,2.693829954328452e-4,1.0378082583546203e-4,2.1926046246364958e-4,3.216969384092301e-5,3.7716083694583296e-5,5.0066322587117966e-5,-1.3087137165516532e-4,4.945201917688781e-5,1.2573039456649009e-5,-5.378333195366554e-5,1.3139493605270841e-5,-1.5337886804667072e-5,-1.4794164702824739e-5,-4.6997330048774183e-5,4.025635590322449e-5,-3.679717603866717e-5,1.2258083620901138e-5,9.368798317239148e-6,-1.5016527798302606e-5,1.1273742690726251e-5,3.345830334866371e-6,-1.7804025033543653e-6,9.148095413293984e-7
C15/C15u-C15df-C15v-C15y-C15x-C15aa-C15z,0.011033048457625816,-1.0041628465883338e-4,-0.005633595675939556,6.194495620231832e-4,-2.912892039240135e-4,0.0033611348007972185,-0.007742761391222497,0.005449592912999727,-0.0027777792436668976,-2.312877064103864e-4,-0.001252025587520725,5.803710355807544e-4,0.010139798598748964,9.287666271156181e-4,-0.009888974196098051,-0.00977403787250977,0.0030516110396836917,-9.806138242978888e-4,-0.0033407734675359015,-0.020784727351742444,-0.05209096918013239,-0.009335444714863143,0.0029331721843600376,-0.0031561648479933413,0.026051267528537765,-0.06307111108144395,0.03547964634639073,0.043330710964572694,-0.012716575357836166,0.003641778588323772,-0.0026258116567249505,-8.594726551143331e-4,0.0068265792364211675,0.0018245525118141172,0.009957812252695186,-0.00868394951276775,-0.023135691698832145,0.0021713428048906777,-3.3571104847876564e-4,0.0013855940887586766,0.003398712935589785,0.0029672463545908044,0.00217482805902847,0.02218271508620993,0.014555733945395711,0.014753213597912092,0.007376741534375317,-0.004044751978374818,0.004246639491523406,0.0010179627575474044,-3.6583227460444424e-4,-0.0035768890848918477,-0.001644192199457653,0.002421060100234701,-0.0020062884767187775,0.0020402021037560568,-0.006195497493260724,-0.004080772424144923,0.009082113766345178,0.0010816856156782846,-7.452714701248349e-4,0.0025609844984853117,1.5903857209486488e-4,-0.0021816199238251393,0.0022624939073544814,9.496998380179809e-5,0.006378210276661648,-0.005176883877449847,0.011527901209453843,2.642361943401192e-4,-0.010049079407188006,0.0019359503961576853,-0.005640958873543981,1.1567219640267811e-4,0.0011428904075753464,-0.0046390062548849805,-0.0011046038723010968,0.0010191412770941333,-0.0017477419243320576,-0.005831351654254654,-4.221002692130604e-4,0.0044326759313835775,-2.9075465971248186e-4,1.9642856641925336e-4,0.0012987216832636653,0.0012630687132354126,-0.0011380759461328393,0.0032070730934763074,0.004256278646239717,-0.002759422822932978,-0.004303572137179599,-0.001828273937334848,0.002300801954247136,0.0031647376570161844,3.985955657908223e-4,-0.0011179539189487852,0.002183717755278864,4.534093915052855e-5,0.0020182798133719097,0.0033663750811113954,5.877161184425851e-4,-0.008743006051667609,-0.0015445648145772574,-0.0029603702374254486,2.556127693755434e-4,0.006806997509536646,-0.0013714011229096167,-0.0016869494119640944,-0.0011604816889182466,7.771200363470996e-4,-0.0018424601615850055,-7.038487158614842e-4,5.911045809575582e-4,4.550074257281205e-4,3.7825691962208565e-5,2.2056292844826997e-4,6.459647765741522e-5,4.798022851970955e-5,4.229670490014061e-5,-1.640650821108595e-5,3.891343080693485e-5,1.9851348196571968e-5,-1.5420850824177996e-4,-6.276831846148223e-5,-9.560856728076424e-5,-1.7414908002989396e-5,4.554495625822715e-5,-2.61741433197169e-4,-4.8441627009583604e-4,-8.589860744566383e-5,2.9793777597683565e-4,-3.4997480627536424e-5,-3.223655616322585e-5,1.6751779279651807e-5,-3.5865522963960716e-6,-1.0065867042131892e-5,-4.860138523861618e-6,-9.369290888435942e-7
C15/C22b,2.868766066877507e-4,-0.005064917886846521,-4.1143496907145786e-4,-0.0032263820724993206,-0.003425242408336221,-0.0034026529922583475,0.002282629133734143,-0.004287283016173868,-0.0010256418138631272,-0.0013181017152837779,6.915461112839683e-4,0.0043196519440365354,-0.006648560854971173,-0.004992888933915511,-0.003220289380400909,0.0015496537997507888,-0.0016901658494499294,0.003369122355652655,-8.99995922635923e-4,0.003469311631187573,9.15592275294801e-4,0.008407709924317856,0.0012235575597324317,-0.005195028281370696,-0.0010521250680516295,-0.002287659707612014,-0.0032999931641388876,9.687575786683643e-4,4.2313620031555414e-4,0.002636766506327379,-0.0012361618063882354,-0.00611150054113272,-0.0012394922150519162,7.551944643751004e-4,0.002311283919668936,-2.2627277734258566e-4,-0.0010492561829564251,0.00172285082031824,0.0013461491724200956,-0.0032128600076409613,-1.5864548950150336e-4,-0.0013756371658972175,0.0010580261246381643,-4.91458229041226e-4,-5.822857368128873e-5,0.003466207995495949,-0.0010584989223723401,-7.774914700543254e-4,0.001258088021503063,5.676319624250474e-4,-2.0998040880318124e-4,-0.0018675611581789478,-0.0014085835719024869,-8.120348200350207e-5,6.425678643952323e-4,7.90548092528939e-4,-0.0027655152282376194,0.0014064096659036306,-0.0012417793594200603,-0.002870566864527705,-7.73041111080976e-4,0.002356878161923164,-6.485912700821293e-5,-4.5008352431598315e-4,1.6996541109497808e-4,7.519161018365048e-4,4.091960404363181e-4,-6.938476457955837e-4,-0.001387172145934832,-2.5055051471670745e-4,4.7450980735556914e-4,-8.790257613785382e-4,-0.0018184615786709533,-0.0012859563958635986,-0.00037132948105548667,-2.977781000709589e-4,4.8644511612366587e-4,8.449556553401765e-4,-2.8570004999736536e-4,1.6755090053611015e-4,4.977478361075962e-4,-0.0012599135519510481,-7.48220090738836e-4,-6.08826441514106e-4,7.450069647988049e-4,-5.090509475102089e-4,4.38333374632953e-4,-4.533998100194283e-4,9.486902105799812e-4,-2.73372718022518e-4,-8.29992515842229e-4,0.0011491590285101613,-4.5697020566124824e-4,-5.961388871763892e-4,-3.889718291522671e-4,1.3308189144151813e-4,-5.152369933859701e-4,-1.3248742586018295e-4,-1.8789493754634942e-4,4.058943054901183e-4,-1.9139998672694408e-4,-5.611283945552544e-4,2.6190943675926824e-4,-2.7244242906296134e-4,-2.095604207673096e-4,2.7539374755287553e-4,8.880488456464755e-4,-0.0012589618742936814,-5.117304732612005e-4,4.725345892214857e-4,2.763057737450053e-4,-5.592259398888648e-4,2.3689382801689228e-4,5.562430810435472e-4,4.7948353379897477e-5,7.004906427645424e-5,2.8755340403235436e-4,2.401425754688696e-4,9.655170522769398e-5,-1.2687768253664822e-4,-4.5677397220678086e-5,5.341369127829564e-5,-2.440563864734675e-4,1.5584305056318273e-4,1.1656572641965595e-4,-9.03245872631027e-5,1.27162039083692e-4,-1.382292125228576e-4,-6.0748520472726314e-5,1.7045343160525017e-5,1.7600918269373094e-4,-9.910976832377418e-5,1.587296746082416e-4,1.003609750710298e-4,-2.144567058056101e-4,-2.3308871074073723e-5,-4.642380937664312e-6,7.200665647685354e-6
C15/C42a-C15ct-C1,-0.21074344807457818,-0.13723157701631186,-0.013859176345340393,-9.739889824862242e-4,0.007922243972341415,-0.0038489744189876664,0.011660674976978916,-0.009925341181012293,-0.004427328405600854,-0.004209273767209985,-0.0031971639429775184,0.0013418935289401881,-0.009051600684700071,-9.959493853518395e-4,0.008455609249463992,0.010055804786859501,-0.0051722697869464145,0.006599990744262889,0.032287991165341944,-0.0016110202148482762,-0.0020992864012861732,-0.0014149408261729484,1.9790827952919995e-4,5.558261883354955e-4,0.0021126460493172358,-0.0012936134647576149,-0.003995982351323791,0.0028272675199054174,-0.0018504531142388674,-0.0011870447555827346,0.009777487629143109,-0.0022737060243097885,7.339389355388786e-4,-0.006186997061989184,-6.321712409258294e-4,-0.00508489219381859,-5.154581162659352e-4,-0.009205460738793686,-0.0015903016777602012,0.0085955107801176291,1.5519696013823828e-4,-0.03201365183993287,0.010821666167363448,0.0047443934057516245,0.007789228148812035,-0.007281345006399301,-0.0016088235433738575,0.007406927019702575,-4.603343251863216e-4,0.002637804020577541,-9.810393568299642e-4,-0.004140802150942943,-9.637176357236471e-4,-0.011161767555847217,0.013555420133723168,-0.0023341123224937766,0.007065471141011652,0.00707028456743438,0.005806498468629117,0.004639372380021094,3.241109521475851e-4,9.110142280116855e-4,0.0015752115868786045,-8.339515357388198e-4,-5.880304892447395e-4,3.1152305064053557e-4,0.0029540917041168645,-0.0018455264176089044,-3.31435402177249e-4,-0.003644187970675907,6.906936048653695e-4,0.0048344911514176594,0.0013486070346195962,7.358107091453246e-4,-5.894941991240667e-4,0.0019394814837557707,1.6688822324770037e-4,0.0038723016370539763,-2.1366682968842893e-4,-0.0055631840618611105,-8.982211341812208e-4,0.0022705859464426624,-0.0015148988104147535,0.003528979253463824,-0.006387891827058849,-9.03251851257316e-5,5.66776093918173e-5,-8.292647450347181e-4,-0.0011772433354400812,0.001428321197305473,7.686611895641507e-4,-5.053133100321168e-4,-3.744199810726213e-4,0.0010481005490953375,1.7132925076578136e-4,0.0010607520637582117,0.0015960371969805267,2.91371136032923e-4,6.683226931055141e-4,-0.0015602153295105371,-0.0010213334217890196,-0.001470457852037963,0.0012094990598462993,0.0016200698357048719,0.0013397844504961403,0.0016200378983322566,0.0010413877437287903,-1.1060281797885003e-4,-3.3621584580416707e-6,-5.930175027765665e-4,0.0014821456653168405,5.155919254940309e-4,-8.196261625591899e-4,5.034201190800288e-4,2.491786964929553e-4,-0.002656295695154952,-6.783676544726815e-4,-0.0016659846616222675,-8.244584531459241e-5,2.911891553019459e-4,-9.516526662316031e-4,2.0392834522620882e-4,7.922511809522456e-4,2.0658125767026634e-4,1.9407704363364132e-4,-4.726215339927481e-5,-9.453227163212198e-5,-5.276515036505269e-6,-1.2540257866323968e-4,-1.2913841108864796e-5,-2.8652278035849017e-4,1.7657921435595868e-5,3.387204447246554e-5,-5.406166188117937e-6,-1.720031383523654e-5,-1.1075420164203848e-5,-3.8701027296063616e-7,2.1037430282055394e-6
C15/C42a/C1/C42.2/C3-C1b,-0.21277429105268467,-0.2619861668266513,-0.0747537986279686,-0.010710999210271788,0.005666769941292737,-0.003987274016493711,0.006331355193146492,-0.001855645627718979,0.01661460496280085,0.017696786947727985,0.006812734907389496,0.03701725217782042,-0.018909955001606985,-0.006914715071413332,0.019879441257138798,0.037032370657721025,-0.020220434566819486,0.011365355510464692,-0.01591362310691902,-0.005023400944471938,-0.0033754368604701113,-0.012648483630979004,-0.0025628476543604665,-0.0018321464782488166,0.0037598448289099485,-0.002111164709162976,0.0012126395181341638,-6.383735878449507e-4,6.919980524012504e-4,-8.357348893183534e-4,0.006413462744368881,-0.0030155955325841194,-0.002550595280411462,-0.006022277944806292,-6.366501085141727e-4,-0.002653975888480564,-7.595529412142344e-4,-0.002565955034945858,2.6921566452329696e-4,-0.0037066057254564323,8.317560356815733e-4,0.01114652247433869,-0.0038698193770067613,0.0013202975976869084,2.8939929193884933e-5,0.0033152063086368823,-0.0060431703953705415,-0.0019883034810035307,-6.731063904727367e-4,0.002730782336485545,-3.4136435723930626e-4,-6.757291202158361e-4,4.7305373821674796e-4,-0.0014722188942665774,1.682989216925666e-4,-0.0013889968005063856,0.002740787267714064,0.007413007074092288,-0.016561225022951858,-0.006148037257132305,0.0032893524257870243,0.007232277417745149,-0.001537615855087755,-3.599105798378199e-4,2.869536933253857e-4,3.3026921074147885e-4,7.738588206953062e-4,-0.0012624100173542262,-3.671980557860604e-4,-0.0011117388596436945,-0.001295615735605713,0.0011969874896315478,-0.007113919439326135,-0.0024117605760556283,-0.0046322207050073895,-0.002807144112613688,4.025401518952535e-4,0.0050713887344372805,-0.0029217073665606568,-0.014920832638734727,-7.600528925576002e-4,0.009628426157106896,-0.0039023197360246805,3.3334594219557864e-4,6.52293839261649e-4,0.001020031379960015,-1.1441011841806291e-5,0.00793260811607819,-0.008917965857221228,0.005394242753147773,0.004329602041519896,-0.0016453016018526398,-0.00275682346485539,0.0017601087084996435,-1.2853017070119923e-4,5.707872645683656e-4,-0.00256622795408702,-4.393202992055541e-5,-0.0020686328604905967,-0.0010909537056494115,-7.42620723372368e-4,0.003647957515238712,-1.5529383731351462e-4,-3.394271869647078e-4,-0.0012860560672519838,-0.0010621207110825019,-0.0012829233840407454,-3.370658564819972e-4,-6.581929446193269e-4,5.521455604340479e-4,-0.0010959699836628188,-5.370159152834395e-4,1.50757160211335e-4,-4.512640694918463e-4,-1.3963156682498962e-4,0.0018233279378932967,5.497034447381051e-4,9.71840679640879e-4,1.0625107283262301e-4,-1.738275201598763e-4,6.212893900463898e-4,-2.0675077221278976e-4,-7.646569938556491e-4,-2.1629643853450435e-4,-6.575980714336449e-5,3.4845697529936794e-05,-1.2633858264827605e-5,9.921925145069314e-5,1.3265733075424813e-4,-4.563094197667178e-5,2.318380548701654e-4,-4.0212864374207315e-5,-4.2706097402167414e-5,2.5830779249149435e-5,-2.5415341745736618e-6,-3.4173718659066154e-6,1.536125156530389e-6,-2.3092973055463137e-6
C15/C60a-C15b-C15e,0.0018609987256502443,0.0033717118164650053,-0.002208127009013484,-0.005834860292388475,-7.442893912367157e-4,-7.19707671371381e-4,-0.001603685653165997,2.3975393918711582e-4,-0.002196551256779319,-0.005011168101829296,6.972613216822405e-4,-0.016047741646421327,0.002084075257821126,-0.00165836161510532,-0.006210569639302911,-0.00235241003048528,8.562063713691384e-5,-0.014784139456626478,-0.027525196692576418,2.064258403261779e-4,0.0017179004596620643,-9.350785301427888e-4,-4.942377383067534e-4,-0.0034145511518833055,0.0021635574631475823,-7.50146178028237e-4,0.002758614773953099,-0.001939915237500509,0.001608521601015382,0.008713426887447003,-0.0049269646329238225,3.5358062331936985e-4,-0.01412819813040573,-0.045597183260338466,-0.00684116458429654,-0.01769824226994404,-0.0016163920987151646,-0.027192335894627488,-0.0027037780201429632,-0.0013850632548714097,-9.052528312421633e-4,0.008428138262026865,-0.002004242359331551,-2.506778643047148e-4,-0.0013195156705594318,2.4072020878481654e-4,-9.07219978354553e-4,5.19996475147483e-4,7.987731605055521e-4,0.004682139316348674,0.0032378380754531566,-0.00921731695062803,-0.002188858498232417,0.012369431697923363,-0.0014216056316256496,-1.6164583863726028e-4,0.0033529175529674665,0.005782979885840636,-0.0015525970250298159,-0.0011454939847191914,-4.311760317402777e-4,0.002587092379556802,4.04416433069647e-4,-1.0787795817458347e-4,-5.60713595683343e-4,-1.76679471513488e-4,5.360176236335036e-4,-2.1923723331907944e-5,-8.679165569840224e-4,6.292465211838285e-4,0.0014494729135487226,4.2847031774491265e-4,9.499291815683516e-4,-0.0010695722430759556,0.0011466688738876818,-8.91446891081709e-4,9.443532007474173e-4,-0.003557699967923925,0.001689901295341733,-8.535742516769841e-4,0.0024260623483368464,7.102924766584739e-4,0.015151311787107904,-0.001060635268664797,0.0018751156612570206,-0.0013418096781624865,0.008395056920498509,0.0037442503806050646,-0.006665089877941851,-0.005203775963079656,3.0844278240335486e-4,-0.006083767646625575,-0.006940311582735413,0.005492726647774822,-0.00254956980051854,-4.084800455308131e-4,-0.005206953617641527,-4.348578103082757e-5,6.163295645429903e-4,-5.4527784640871565e-5,-0.002276230457219905,0.0013460990176253856,2.6489157807767233e-4,-6.995255757264951e-4,0.0012557567473199117,0.003052391455552296,-0.0012479918687616212,-0.0013038026605103666,-0.001913231056758331,-5.772106703653075e-4,0.003152834975936329,9.981854213808891e-4,0.0027692663806015354,2.770155056708074e-5,3.802008544938619e-4,-0.0036818354117813313,-8.339891684898458e-4,-0.0018045496177920082,-2.4949952204964594e-5,7.212981189968011e-4,-0.0010583813567246786,-5.089421947459073e-4,0.0010755852248307497,2.5712804434548493e-4,7.07295047120394e-5,-4.0575538106338504e-5,-2.822462616237182e-4,-4.39297118694109e-5,1.1064434843847231e-5,-2.4831808997514053e-5,-2.535758858432323e-4,-1.3404708127536835e-5,4.413153390279339e-5,1.4026635789285434e-5,-4.8340175434622167e-5,-1.6159016478063433e-5,5.9474620994192865e-6,-1.703089682048746e-6
C15/C93a,0.006325264221057306,-7.683870567696896e-4,-0.00568255620954239,-2.905566197583894e-4,-0.001057791865894339,4.5463227012852714e-4,-0.003288436927348852,0.0014293735576831844,-0.0014802939562831017,-0.0010090811374136469,-7.312166957115143e-4,0.001849101703535807,0.0025663440517941344,0.0025404721342456573,-0.004295042005464885,-0.0017118316252410937,-3.402403522758338e-5,8.352576003187202e-4,-4.0225347008224097e-4,-0.016051162129649375,0.0040878391822778545,7.081558087504008e-4,-8.813983439001897e-4,-0.007590769347956369,-7.980760239221194e-4,-0.003953189351075367,-0.0020638508704466014,-9.240056487816044e-4,8.913437748117041e-4,0.003846189591962086,-8.552322045242161e-4,-0.004677670551593127,-0.009851346699816358,0.002772691953957631,0.0015688479560071013,-0.0030953712205088637,0.0021079848420577575,0.003220691303304584,-0.003018686734629358,-0.00563689592420929,-0.0015799443460498901,0.0033211881688221274,-0.0017746992530017747,0.0036615836882058746,0.0026650397795413036,-0.0025252037631392607,0.0010944153910180847,0.0027105740351230424,-0.0018253575889152275,-0.00468467696783932,-0.0036441225710149338,-0.0017787340076192866,0.0018421853615829254,0.00352103188549781,0.0012642973148139702,-0.007437170215738376,0.008201114445494704,0.0064924953546104175,0.0056307186285527375,0.005681511708011359,0.005641219976928195,-0.014388989712969662,-0.04690867244023485,0.00589420263029573,0.0032221014720625585,0.03953501861547043,0.012505795645910379,0.017915028201512678,-0.006266736260019027,8.729659995571688e-4,7.751654636453754e-4,0.005582754386307857,-0.004123356617360639,5.521173616242628e-4,0.003966331037596484,-0.002781910234672812,0.0010147427645077385,1.8811401284113397e-4,-0.001188303072006497,-5.059362990611516e-4,7.191641160957721e-4,5.53223781495907e-4,5.911159254622042e-4,-5.029808646759894e-4,1.656359213831942e-4,-1.1111105485584778e-4,-5.770236044874882e-4,5.760329006192337e-5,-3.307553157547555e-5,-1.5953872289136033e-4,-2.097120133463816e-4,7.491975512593041e-4,4.420212714659392e-4,5.223187909165264e-4,-6.567932153067362e-5,-2.4235912856457835e-4,3.0162897984704974e-5,1.3967385183393403e-4,-5.534317614491817e-4,3.7867979852891436e-4,1.2766992607649578e-4,-5.374838652704649e-4,-8.672730302741218e-5,1.5751002968275425e-4,4.991571033047544e-4,-2.488354251695405e-4,-8.532615261908549e-5,-9.449212870161088e-5,3.557765675869803e-4,2.458096612325166e-4,2.8595058475656846e-4,-1.504696546449714e-4,-1.0775784610675033e-4,1.1584768598840026e-4,-1.8899202980646288e-5,2.0548822405781113e-4,-1.4684594060333979e-4,1.2575140227486114e-4,-2.4732912912172974e-5,-1.2007551691616551e-5,2.2161924235890237e-5,2.3625411111089157e-4,7.00291859362593e-5,-2.0081904280288402e-4,8.790025967357164e-5,-3.274690700705012e-5,-1.566173826735849e-4,-1.7798044594822868e-4,9.079987403735311e-5,6.840225613773983e-5,4.720143520078959e-5,-8.10097532860365e-6,1.0721169782340018e-6,-1.758698740660031e-5,1.3809814189145995e-5,2.227699388497866e-6,-1.8618932059181229e-6,4.6679945472735656e-7
C15bd-C15-C15bh-C116o-C15bu,0.026221421103844282,0.005992923177142593,-0.030343830047199385,0.008228905557084332,-0.010134770181790563,0.040964648203027025,-0.12756717733852685,-0.18110053045944788,0.013578558991809165,2.2869863066655872e-4,0.006780308134215819,-3.835737538938606e-4,-0.030186065944582913,-6.465816373594671e-4,0.007468254824195319,0.0055292583543028375,-6.249085662414031e-4,0.0017711480115066213,8.262408495865821e-4,0.005829767558692929,0.0017280203092497985,0.009462427148315385,-0.0017635024178915654,0.0014112309846368428,-0.0016874509016252994,0.00408436282376744,-0.0013809391484593178,0.002619618769778693,-0.0021193757696682373,0.001768201872540559,-0.0019606380804641035,-0.004533120259522641,0.006931671175497356,0.0023363332999013966,0.002277636683772618,-0.00518572430856671,0.0014843730102617758,0.004952385453375669,-6.045686789677043e-4,0.001955609049603491,7.951568073651448e-4,-0.0021296300076727322,-6.167085040854211e-4,-1.8840065524882373e-4,-0.0035784169824979225,3.873184632961135e-4,-0.0010881019334053577,-0.0013220490266988123,-2.3003173396318408e-5,0.006414860128636924,0.008067732052284863,-0.013436936854281666,-0.005099602812081962,0.010665049709698372,0.001084134841384449,0.001647075253162696,9.860411250726416e-5,0.0018560904780418766,-0.002028897464018042,0.0018367346622713762,-0.0012633651687455592,1.2930630852746943e-4,0.0011326130849655203,-1.4206332016404382e-4,2.2994929519697384e-4,0.0021534655157441573,0.00124843013335092,4.4541918439195804e-4,6.287912611549521e-4,-7.491020458026208e-4,-0.002771878522210535,-7.101682449417811e-4,-0.0015045893400378158,-5.725345627831687e-4,-0.005553929848600707,0.0013551334578959906,-0.0035772501084809917,0.002389077731835741,8.09964726565608e-4,8.359591920500431e-5,-3.9876967754706537e-4,-0.0010585833243229358,-1.1295500461294526e-4,-3.86654863897881e-4,0.0010152693625806466,0.0010095172316092987,7.887518797477391e-5,-3.742752771281921e-4,0.0013762051566713629,2.437929457538377e-4,-7.129807183457511e-4,-3.9199204460848175e-4,-0.0011284340886622043,-0.0025859417037940972,-1.0607582060538424e-4,4.4826011184999337e-4,2.381594177422545e-4,-1.5822289198927434e-4,0.0016034396622420896,4.364642653547889e-4,-7.916217825771536e-5,-1.0178827610112686e-4,-6.935551575141146e-5,5.148457902150144e-4,-1.2625790100595288e-4,-6.051076627049723e-4,-7.706952532850839e-4,-5.395093858597e-4,0.0017539228426937967,-4.330289630720453e-4,3.4261719740700137e-4,-9.4572125926642e-4,-1.5448426129221414e-4,-5.052400961260599e-4,-1.4496905599903663e-4,0.0012230016408272136,0.0017176571528774386,0.0018828507293046593,-0.010649065137108797,0.0011242365212356575,-0.002823676644424601,5.660318193065723e-4,0.0012280859086927112,6.937152251968394e-4,8.398186914692494e-5,2.164303943186683e-4,-2.9043764366950653e-4,4.2006314427425577e-4,1.8335543714219666e-4,-1.056188705097916e-4,1.3481725566596092e-4,-7.480499142388518e-5,-6.8667784763732e-5,4.5348410903348355e-5,-1.735352860961295e-5,-1.8771957420891683e-5,8.267424802878025e-6,-3.453786245921239e-6
C15bd-C15-C15fp,0.020675893581281118,0.004951258460497091,-0.02319804300340339,0.005865756622398464,-0.006515121759565791,0.030023715126689613,-0.09273811150552817,-0.1292319116145939,0.009386258307114283,-2.3202019422819892e-4,0.004722302889124826,-4.926428934058191e-4,-0.021267114857104325,-1.9264197680035874e-4,0.0036444613546058042,0.0014249942102401117,6.278480836038793e-4,0.001107205937621263,0.0010190189853644786,0.0037170181878860577,0.0013883749707283468,0.005451507014967235,-8.972017143813135e-4,5.684518709712725e-4,-8.042909606224381e-4,6.255185490911743e-4,-4.3845581754239373e-4,0.0015527310838996517,-8.598365157584592e-4,9.056564842687148e-4,-6.552673610657404e-4,-0.002052921522476634,0.0026153039779129583,0.0014509193370592466,5.246176668247947e-4,-3.9461092410793155e-4,8.551528880319571e-4,0.001688058399445992,-2.9695783044792357e-4,9.624530534485463e-4,4.767499458753655e-4,-8.461761930638235e-4,1.3032343583726366e-4,0.0013649285709736055,-1.7947391544809842e-5,-5.292319450606628e-4,6.019932889766565e-4,-2.491371238635804e-4,2.580240302755255e-4,0.0012873912689329388,0.0020073543438923723,-0.003055659939852739,-5.436452491698572e-4,0.002879065987055081,1.0802694502373041e-4,1.253509899280061e-4,0.0013352453156903474,4.996827343528735e-5,6.266381064030513e-4,-2.8962397526289505e-4,7.021441643391316e-6,-7.385481199199692e-4,-2.885791872068882e-4,1.0271519548552255e-4,-4.8530920652800093e-4,-6.58901630233096e-4,-7.842955778314861e-4,2.4387579303997113e-4,-2.2125704632341707e-4,5.972317851004955e-4,0.0019736383127670503,1.0289316463006412e-4,0.0022665881775582133,4.606400853912096e-4,0.003714686118489542,-9.728845311740499e-5,0.0022258448833084622,-0.0016269322527597005,-2.1983667016573335e-4,0.0011679243061646046,3.2228539742516603e-4,-6.0216790758035604e-5,2.6400570491549386e-4,8.228705658170658e-4,-0.0015181594927852393,-8.557188347368406e-4,-1.499061557054793e-4,-2.6658858456956355e-4,-0.001982548658589583,4.2306204753191204e-4,9.034919359356796e-4,3.2033649507713316e-4,9.80906038664551e-4,0.0021220968361161784,3.14343156053899e-4,2.9364281977814786e-4,6.819640307282459e-6,2.0381074167578723e-4,-0.0014842667351424763,-0.0017093213985174768,-5.550995171498515e-4,7.371431378034325e-4,4.48686002410316e-4,-9.773859749427472e-5,6.998572502091483e-4,0.0014608949018127403,0.0013038784873914333,4.639286364958343e-4,-0.0026563096307533813,7.831566296580585e-4,-4.5188392851802704e-4,0.0012324897793034564,3.359180492864026e-4,8.335573076468411e-4,2.879612010244804e-4,-0.0024552292382623484,-0.0022991490248334186,-0.0012530831042746992,0.002893463153995864,-4.942488310590984e-4,-0.0032232907111670755,-0.0036609147739021623,-0.007199770518498223,-0.003383904825821471,-7.286137060695533e-4,-7.379650272283277e-4,0.0011348689756356582,-0.0013568366211938146,-5.312046053792253e-4,3.359107772363644e-4,-4.6420998275218414e-4,2.9006235248807335e-4,2.507217510770466e-4,-1.651672668086539e-4,7.531356030068104e-5,5.628072732149254e-5,-2.899640168082719e-5,1.116251833251959e-5
C15bd-C15-C15fp-C15fy,0.021312537729743834,0.005131149287127788,-0.023887673480070794,0.005898144466592903,-0.006788315829458268,0.030716894799803583,-0.09493343325466715,-0.13187093666673314,0.009425109433125167,-3.845391157976327e-4,0.00482039094739595,-9.694762952364709e-4,-0.021383372520685055,-3.5586591437191577e-4,0.0032406960291927562,0.0014143336430706985,5.851063764035663e-4,3.2226115390717483e-4,-9.566393299232476e-4,0.003687436201632854,0.0014762966767788257,0.005379826290900814,-7.961651744420356e-4,-3.05322713974908e-4,-4.5983596321777287e-4,1.4890361385657532e-5,-3.315198493440909e-4,0.0010920750457637872,-3.3310960616560144e-4,0.002591468064688213,-0.001787112507555976,-0.002640642281620149,-8.028646459105502e-4,-0.008453701145158548,-0.0010795016565816615,-0.004007965682593166,3.7699906420052753e-4,-0.004987963838007216,-7.369573705770396e-4,-9.913423558905122e-4,-1.0332617311018548e-4,0.0035913226514901935,0.0011443053751978463,0.003318782877753569,0.0018393899155605662,-3.213061302328645e-4,0.0020511923696985577,0.003172837926935372,-4.7240804359744516e-5,-0.015027436717886117,-0.02184729814903389,0.038638950610042876,0.007459411219008943,-0.029679305143610866,-5.391316255986877e-4,-5.728928535498083e-5,-0.0043929357183234595,-0.005774814017326219,-8.511301209734664e-5,0.0010008148644862875,-2.2817506293868514e-4,-0.0015026727066208318,4.0851602332552423e-4,2.534606145943811e-4,4.6995809938145996e-4,6.744977401247844e-5,-7.00114999663178e-4,5.922058281878884e-4,5.063002978338515e-4,1.5895957526832976e-4,-9.518644574430037e-4,4.2468308344203415e-5,-8.646283988708452e-4,1.9457924796824328e-4,-2.367196284404081e-5,-5.934000899452456e-4,1.7223129975382336e-4,-5.675948384275798e-4,-2.009455622671886e-4,-3.4454196722830956e-5,1.0369321224939721e-4,4.6426081639054103e-4,0.0010004432044652643,-1.1930160883569672e-4,-1.909794723955046e-5,-2.2664139645878582e-05,5.976592905053332e-4,4.0534566387454414e-4,-7.430645605948743e-4,-9.265317720482116e-4,-1.1524595176088233e-4,-4.2225890684969e-4,-5.140380943434767e-4,8.082297384514115e-4,-1.4068213804997848e-4,-3.463045878987771e-4,-6.956190521578497e-4,6.355827552604533e-5,-4.566700219882477e-4,3.383645714591923e-4,2.451508887432953e-5,1.8064707224003135e-4,-2.533413143526887e-4,-5.267482987331095e-4,2.4104106175394305e-4,1.1790997078668014e-4,1.8249958257622806e-5,1.6274231918723123e-4,-6.212502682078361e-4,1.5831787599380456e-4,1.5894681735590624e-4,1.261268635276901e-4,1.8293925043556111e-4,1.1003870589827089e-4,2.696908035039714e-5,-2.2776931833662185e-4,-2.5757584007920765e-4,-3.369633002839061e-5,3.5352455044404454e-4,-7.3644727016024144e-06,-3.197946980679572e-4,-4.4196941146594363e-4,-6.929257452921634e-4,-3.0065192987594434e-4,-1.1533880430726383e-4,-6.238013029304985e-5,9.30278889067851e-5,-1.5027986996775407e-4,-8.328991352501973e-5,4.9666981149732107e-05,-6.919179187836584e-5,3.561483975858563e-5,2.9434426104382094e-5,-2.4359998279908693e-5,1.1555562564359866e-5,8.417551022336428e-6,-3.03987609601252e-6,1.2662641030533692e-6
C15bd/C15bh/C15-C116o-C116p-C15r,0.026037370475497854,0.006008342145845589,-0.030074308869732544,0.008141722410817035,-0.009933378685479955,0.0405395073522148,-0.12612557186792273,-0.1787914465657128,0.01336114406707954,2.263040979082013e-4,0.006652365377023413,-4.3182193129769547e-4,-0.029756767074461232,-5.975372079054265e-4,0.00726109554597633,0.005292915521189715,-5.856556627926986e-4,0.0017227460814565432,8.528745761087812e-4,0.005718255968395392,0.0017223496373328776,0.009217061031496361,-0.001719022630554525,0.0013909543924669864,-0.001625444764963587,0.0039003383790471857,-0.001307125438073883,0.0025713075547162652,-0.002054330966956506,0.0017175423331831528,-0.0018969398721129119,-0.004387793491633599,0.006718188368099426,0.002315018559159385,0.002093035945202594,-0.0049622036909005894,0.0014727361023289952,0.00477999294873768,-6.009187588638254e-4,0.0019401736560408303,7.898840435041098e-4,-0.002053376836700956,-5.473272121658275e-4,-8.047211156116273e-5,-0.003385096545303119,3.107075383548347e-4,-9.387072541268483e-4,-0.0012637471376360158,-2.7645888060346445e-5,0.00614744578424242,0.0077556583171832574,-0.012917815695487367,-0.004849721095328654,0.01027763902449207,0.0010165339904240228,0.001582799603233648,1.5601569720452164e-4,0.0017587924186429058,-0.0018517161088744516,0.0017738044143426571,-0.0011962810108428017,4.629486867364285e-5,0.001075692150305779,6.290160582236229e-5,1.4537204983781763e-4,0.0020027549602662626,0.001189611723104447,3.732959143377592e-4,5.350970515572157e-4,-6.647315482435791e-4,-0.0024983760388772374,-6.943734175207077e-4,-0.0012537010145185227,-4.819230655386896e-4,-0.00500311057677984,0.0012950214239516133,-0.003254834758457008,0.0021549240868459145,7.687253257637213e-4,1.7006155681477156e-4,-3.2723843113632856e-4,-0.001016919947040457,-8.341129556382495e-5,-2.964198378272951e-4,8.38830525258481e-4,8.230572805563026e-4,7.557239501276935e-5,-3.7597729541298015e-4,0.001171289026995584,3.0138400997777644e-4,-6.221457490602843e-4,-3.328286289236005e-4,-9.809790523449395e-4,-0.0022800767872705754,-5.679161050995797e-5,4.634541586451838e-4,2.0759743023640825e-4,-1.1941390426325963e-4,0.0013538809534411594,2.8757174918975215e-4,-1.4770659633503208e-4,-3.194745332102562e-5,-1.5777659919219664e-5,4.8137151155807614e-4,-6.127201257392685e-5,-4.35586823684078e-4,-5.872289252956475e-4,-4.417103421057508e-4,0.001386833658745289,-3.3288355667453824e-4,2.706760980735658e-4,-6.325664442736555e-4,-1.5228114434229697e-4,-3.3054091691388487e-4,-5.5034211218221944e-5,4.8371469122436274e-4,1.8475282351157154e-4,-0.00119072082467894,0.008750384950917432,-8.782608391870913e-4,0.005234444445772009,0.0019656799482634774,0.003771599782233079,0.0014161790642841362,5.378669421375245e-4,2.5663296364059e-4,-4.375012461642066e-4,5.759436067945591e-4,2.0669946474873748e-4,-1.077956458055404e-4,1.910099000665096e-4,-1.1009361197128829e-4,-1.1901829480299025e-4,6.987942048072724e-5,-2.18656189051388e-5,-2.624313818971102e-5,8.329649467897642e-6,-3.902099191098459e-6
C15cd/C15-C15az-C15cg-C15ef-C15eg,0.014138699970630874,0.0020542464435058154,-0.014007506295603937,8.383463819355273e-4,-0.02909900690765151,0.0014336154756504859,-0.009760458015716296,-0.010613075279032286,-4.2022421265084845e-4,-8.851548204248723e-4,-7.066720704047284e-4,-7.223861792008856e-4,0.006067125463944796,0.005067055323473403,-0.005448172014931312,-0.005357890739929241,0.0016468375978155522,-0.001960069631252055,0.0010160472655113876,-0.023435275757807808,0.0038500721309297453,-0.010979100088952531,-0.006932194855296634,-0.00376462718852777,-0.004816729000446427,-0.013775254393333058,9.738585064972545e-4,-0.008479557026963071,0.008061416648629919,-0.008128687006650618,0.0053219310941312265,0.0025490411193389833,-0.06322917315449189,-0.0017471786157902596,-9.64863269587491e-4,0.1123098100447607,-0.03907197654351268,-0.0437502883874772,0.018440665709828604,0.011896970653436843,0.016270058981877833,-0.005043792015519028,0.0017150624088186643,-0.001393057906874979,-0.0045233394365888835,-2.7129447422650946e-4,-0.0019380627606152203,-0.0034478120543299322,0.0031167093118896704,0.001236695664602081,8.272976847531062e-4,-9.82918950528617e-5,-0.00307652506129958,7.845757229401351e-4,0.0015954350106028908,0.003962010318922904,0.0025269850523214864,-0.004049376932670835,-3.276945660915826e-4,3.959346430908818e-4,7.055849640818664e-4,0.003082211219104966,0.00197551408926126,1.5452303956279968e-4,1.2973042881442515e-4,0.0015610660410868937,4.498159611360393e-4,0.0014565599387850268,2.7155682629619775e-5,6.72511143305295e-5,8.197352380527448e-4,4.675922716149948e-4,-0.002164772325345504,-5.231525257456684e-4,-0.0028449071461436382,-1.1050409031178066e-4,-0.002220214721637635,8.280424083973268e-4,8.593068982404538e-4,-6.239010161824895e-4,2.7687423865090587e-5,-8.192503133129189e-4,-4.260498792756908e-5,-3.5102281332291524e-4,5.724620428750017e-4,9.220759898504801e-4,-4.438573021345462e-4,-1.9605419113538867e-5,3.559222081536653e-5,-7.252575418966076e-4,-7.935166635266959e-4,-1.3115694480430635e-4,-2.0395312309353937e-4,-0.0010325996450869387,2.404637628162852e-4,-1.1758713667180523e-4,-3.8182298720163807e-4,2.2888011098764173e-4,-4.134233099370339e-4,1.1547535426881432e-4,-9.588768765186756e-5,-3.807878959951181e-4,1.4200162744356913e-4,2.2854397202345467e-4,3.6804946402735074e-4,-3.884828652140662e-4,-2.345595826298044e-4,-1.729543921207388e-5,4.0117874678309936e-4,5.939855344876255e-5,1.657585905974048e-4,-6.61688277836327e-4,1.1387829604990398e-4,4.909137048655814e-4,6.740739529939953e-6,1.344829809519503e-4,2.2288985062330496e-4,4.4740093575981873e-4,7.60079621438046e-5,2.5267316105533446e-4,-4.233933662937215e-5,1.6925229812460906e-4,1.6280634284424674e-4,2.288975546707582e-7,2.1328808645789516e-4,-5.5112168710210885e-5,-6.948086089267633e-5,-1.2042453285051765e-4,-2.9046961670137816e-5,3.032615080129219e-5,5.094413691055504e-6,6.371855743529172e-5,3.0654748785895856e-6,-4.549042600608469e-5,3.224410695835037e-5,7.93888761195849e-6,-8.044128465860489e-6,1.709340879097943e-6
C15cn/C15-C15dz-C15cq-C15fz,0.007105490232634607,0.019000323623661476,-0.009136142628655171,-0.003108777232454053,-0.001722516948564734,0.01139721876998077,-0.033582943253597945,0.05163039015113529,0.08506058650748742,0.04624532022868834,0.048229401866266564,-0.08752555373468676,-0.010944179434870414,0.007178205173978478,0.020950452914007687,0.008174220265509938,-9.544029426078034e-4,0.07231496893940138,-0.01785487076779279,-0.0017639306519420007,-0.0012966662709612718,-0.014757969702891718,-0.0057147270257022174,0.003651615399221252,0.010455490766562357,-0.0036918325992388893,-0.03744091088646498,0.005971913214604792,-0.0019581078815807266,-0.01671252994871809,0.01505229661356173,0.0021677278483415428,0.007736072930499329,9.443989712192689e-4,0.002909314686295898,9.921314708389206e-4,-1.407158753780357e-4,0.010656180066232259,0.005171017315847685,-0.0035655203230715023,0.011500051308200223,-0.0011320148077738925,-0.0017576649161861124,-0.004943953149621998,0.001062394341277044,0.002964726305406688,-0.0015567056545318044,-0.002857338757938216,0.0019932835182308807,0.023597089478195426,-0.02018095839257051,0.002363708752209313,0.0046642812092132935,4.961875691889781e-4,0.0031026820042604412,-6.30446552202614e-4,0.007095271164636039,0.012082059849615549,0.006071375620171782,0.003492651607564746,-0.006681702815871185,0.0027466046214877785,0.0056262130838612865,-0.0011622436942574069,4.698347789290305e-5,7.068881956195568e-4,9.422425877222499e-4,-1.3616635550791725e-4,-0.003519455183497665,0.0013048381038323466,-0.0011921420011057964,0.005627123627338618,-0.003274601360440638,-2.353661063633246e-4,-3.9580239463471803e-4,-0.0023685313421087616,9.653779149141482e-5,-9.497394209287056e-4,-0.0012020186692973107,-5.5755571971560485e-5,0.0019419426013180313,0.0014673362166740891,0.005734711184799759,-0.0010297451602622766,0.0011333552569115547,-5.166224646009736e-5,-2.905152617638457e-4,-0.0015936649265329305,-8.480001527757881e-4,-6.520529996210004e-4,-0.0010431264762486218,0.001825481262023274,0.002459931386409302,-0.0026787502884392644,0.0017616356721584122,1.7536904709705692e-4,0.0023009134234544945,-8.956784317964671e-5,-4.767350467280009e-4,1.5838403144487908e-4,6.502609935232963e-4,-4.8432064075883363e-4,-3.3172097498361406e-4,1.0748747657051887e-4,1.5188734859664202e-4,-7.095038653457989e-4,0.0010360095441793679,5.813825238919914e-4,8.786683020469897e-4,2.651109730446471e-4,-0.0011842094038645157,-1.8253189393973527e-4,-1.5755752673587644e-4,-1.8458721453876886e-5,-4.0532065805029846e-5,3.60849651308627e-4,-1.4897568759756667e-5,3.0113583086706846e-4,2.1220693634657385e-5,7.32730361087273e-5,1.4612036276233017e-4,-4.530774368479296e-4,1.375224426276416e-4,-2.8251829351147797e-5,-1.913663901199402e-4,6.338065546946814e-5,-2.3111658440425975e-4,2.372883543146104e-5,-2.4945495068942343e-5,1.9377279356484327e-4,3.375344931676022e-5,-3.3410419355250415e-5,3.300752745939457e-6,-1.6391649646063347e-5,2.1642489050357354e-5,6.5274664626639445e-6,-3.963678059025291e-6,2.806661473054824e-7
C15cs-C15-C15cr-C15ec-C15gm-C15lw,0.023846975617785388,0.005777200711995545,-0.03201528956826183,0.03577322999543314,0.020453759960179136,0.09457282897784111,0.08757500312866405,-0.019500778803890707,0.004094709048712491,0.0030172733999687344,0.0047649407680082955,-0.002447879435240214,-0.010080820937002027,-0.016115941518700397,9.055403566080363e-6,-3.30853716134509e-4,2.756312940946153e-4,2.5929727667489043e-4,3.090486328538255e-4,0.007351857832710527,-0.002160425034256684,-0.0028159708804507302,4.424354218052559e-4,-0.0016503739962714992,7.869023912819324e-4,0.0024128258190235854,0.0010368600822272765,7.549277684995801e-5,5.152808573047226e-4,-0.003274154918383974,-0.002856047370063037,-0.0016875510928033093,-0.004501630228533291,0.0019074526682014525,0.0024768940744929377,-0.0012057966705938197,4.324395825129702e-4,-2.0853326149364277e-4,-0.001951257841373637,-5.310499259441492e-4,-6.873195631821128e-5,-0.001793377726357845,-0.004181426220628627,0.0019655194848410677,-8.880125973867606e-5,-8.14625936588186e-4,6.630362098515566e-5,0.001042435606634052,6.353802208385163e-4,4.4690244853552713e-4,2.170371863346666e-4,1.1461084226799641e-4,-1.1080082418276432e-4,-3.4537304661906695e-4,-9.780744210793123e-5,-1.4710941696001884e-4,2.0365821132744207e-4,-3.5066340428328217e-4,4.059708592872974e-4,7.3046530491979134e-6,-4.422768760193278e-4,-4.35904337932344e-4,1.2083272846144776e-4,5.973685145171354e-4,1.5221229534354385e-4,5.165012318091736e-6,-8.575855828655701e-4,5.429251453230309e-4,-2.1897590814908506e-4,1.720892729906852e-4,8.901706042779355e-4,-6.645634750296349e-4,-6.729649913483426e-4,0.007227564965945631,7.285147939524939e-4,0.00212503332645501,8.238313206525814e-5,-0.0012905099885526464,0.001113469123494598,0.0027374687713717888,1.7698384101689097e-4,-0.0017130227768440511,0.0010441496689262007,0.0020473890277802405,-0.002946591567181441,-0.0017308212630391022,4.648872201086494e-4,-0.0029192989120704524,-0.011177872115943356,0.018777596094309693,-0.02397593415990354,-0.0029741319147810114,-8.672995707657499e-4,0.0019467760808396105,-0.0036212367188517055,-0.0028580784752623876,-2.0544143706321396e-4,5.314848237558771e-4,7.049002932453751e-4,0.001596759550447021,0.001204771779095734,-0.0010450043036260715,4.931496345826543e-4,-0.0021071465766083083,-0.0010930845308541597,-9.025318562264894e-4,-2.3177205491749572e-4,3.6868418960533413e-4,3.55886387056508e-4,-2.3997472880774387e-4,-7.390296052371348e-5,1.0084127142481823e-4,1.0237091345697183e-4,-2.0943076149802857e-4,-4.7931121344657317e-05,1.4604748762008857e-4,-5.362968282843362e-4,-0.0013499600314449468,-9.737168009420798e-4,0.00454367047546521,0.0030373397520317585,0.0011124866745420596,-0.0012116068932024671,-6.835918467515745e-5,-3.30710034167993e-4,-4.24320609934035e-6,1.4417607689428725e-4,-4.7713462674514687e-4,-9.246318976622804e-5,2.926173533093491e-4,-3.9225731796009214e-4,7.5225044370388e-6,-2.0245932499017693e-05,1.5724336340000146e-6,9.337809933401736e-6,4.668708098505784e-6,-2.6572894799459037e-6,7.800090335129999e-7
C15cs-C15-C15da-C15hi-C15cr,0.033446648883760643,0.007980238047401996,-0.04666975859950095,0.05482060925056271,0.029772876793294073,0.1453879101498118,0.1364219090089566,-0.03037330874472282,0.007114858297496552,0.005571859499061283,0.007992408128215995,-0.003950389898963971,-0.014855245616584037,-0.02793421179036113,0.0023949979808623413,0.0034201398578531193,-0.0010020797701104439,4.0682034422267934e-5,-2.3430783777560259e-4,0.014493989103520927,-0.0060276396466600515,-0.00847170999991442,9.576070758761851e-4,-0.003596634458183251,0.002807394387891018,0.0112886743022374,0.0028189428669843407,-0.0021091625239143623,0.0026685682420997583,-0.017394631205023887,-0.015523311434967522,-0.009347291618819533,-0.03145433834364871,0.01702011743748934,0.03719196421320458,-0.026714660615290656,0.008821674942027163,-0.010678509958493043,0.041514057283856064,0.012409486652654829,0.0035553110040590645,0.002987171635440074,0.01349688565035996,-0.0048320502572520695,4.830194139632555e-4,0.0031585001688933406,2.8255982789982675e-4,-0.0033571342163854633,-8.400331278487683e-5,3.308780109027023e-4,2.3545362978116713e-4,-3.54753580377866e-4,3.2270631305126815e-4,5.059774340644605e-5,-1.4820150282891922e-4,9.044061733525675e-4,-0.0013457122913544215,2.8401188724797976e-4,-0.0011938403555647535,-0.0012129359728357532,-6.051392810056101e-4,0.0016880915024829841,-4.416000310854345e-5,1.1108232424411188e-4,-2.657183420414135e-4,-1.149211531771789e-4,-0.0014923545679413168,0.0012110509735401356,3.513244297941424e-4,-7.714133989147838e-4,-5.879584994466827e-4,-3.39834378981996e-4,-0.007149438404997988,0.013662325931394336,-0.0016932897905132496,9.694123326819418e-4,1.398047724464329e-4,-0.0025191551348546274,0.001027953507036229,-0.0022524794103229028,2.7745670469823795e-4,0.0017045332052174436,-6.176160341213377e-4,-7.708962341141777e-4,0.0010042300986452854,0.0011821762858534915,-9.463113495778052e-4,0.001560374592544399,0.0054245081934137015,-0.009407072947298456,0.0114850765365684,0.001190837844705058,4.538034295495712e-4,-6.731248860398232e-4,0.0021044276025636594,7.466057510940646e-4,1.2263803229038643e-4,-1.1666347590880126e-4,-7.22090763932781e-4,0.001240963063690342,3.1926710574529e-4,7.236110556281183e-4,-0.003905470828294559,0.004180340899554011,0.0010600831121704137,4.181459774861001e-4,-7.048227451490841e-4,-2.5136223118600785e-5,5.2122521978652725e-5,9.263609641656138e-4,4.56449261010094e-4,6.027084155171941e-4,-1.9791921917417044e-4,3.232451005676091e-4,2.7737785624667594e-5,-9.503572829939223e-5,-6.954139927996772e-5,1.8192439835743377e-4,1.4020824038581866e-4,-7.04699876129439e-4,-4.811882326327882e-4,-1.286481783363583e-4,1.8456081005263186e-4,-1.0486474232696296e-6,5.662289405186058e-5,-3.907486232326108e-6,2.9417369254895127e-5,4.616858743221459e-5,3.413985042336477e-5,-2.956949922335653e-5,3.9442336525682266e-5,-8.874575699087416e-6,1.946217034629955e-6,2.2882914878667077e-6,-3.330043883144941e-6,3.188439845955162e-7,1.0246921231185823e-6,-2.1405837525425074e-7
C15cu-C15cv-C15-C15co-C116-C15cw,0.024488084055587264,0.02508804425084156,-0.03355316453202378,-0.19749572257464748,0.045389429557560555,-0.03521533594736691,0.05062973363761614,-0.019361291030921164,0.016435662080576317,0.01530049025379097,0.007452194253103364,0.023579325463847296,-0.019089103702917245,-0.0022330729733484015,0.005677050678571462,0.0028689011319670693,-0.0013769411679718283,-0.018703035147288494,0.014262505634188214,0.004493113443072364,0.0018431623023133078,0.012373082260619088,-0.0013985746310453129,0.0023825937090680882,-0.004218428353955343,0.0032602570220318463,-3.1830151052870796e-4,0.004406870063471963,-0.003041445120716803,0.0027085958071925045,-0.003466845734331975,-4.194735634446381e-4,0.008542516881278816,0.022432834086544617,8.306337912918152e-4,-2.2715107115723028e-5,-0.0014127669298157387,-0.014674756153437551,-0.0060569024208233105,0.009526748901729035,-0.010836049081570091,-0.001484721984291396,-7.229507145470871e-4,0.001327909880767167,-0.0030969161871794984,3.001347327912027e-4,-6.007148626360775e-4,-9.468512217180899e-4,8.776199097117247e-4,0.0053178799822361815,-0.003293753797698489,1.6531490074038412e-4,0.002308587353837241,-9.757552203004654e-4,-3.365634563630355e-4,1.1563032554900291e-5,-0.0012413425038572885,-0.003068109955086011,-3.7541358428543753e-4,-7.690365488427237e-4,0.0012964396385290798,8.434316558599168e-4,-1.4310443785341343e-4,4.528566244736613e-4,6.569008518315125e-5,-3.3495033232640406e-4,-3.2626727326281254e-4,0.0019408853137658517,-3.4958906738188385e-4,4.088651663108296e-4,-5.124555532550628e-4,0.002027190456542498,-0.0014793625420422168,-2.3604830290002712e-4,-0.0011858586305172928,-0.002579158168195688,-0.002531951780703998,-0.0011577153529205228,-0.0024166662584102694,0.004870963125135034,0.0014163997929171252,0.0024174829078749687,0.0025892478967777964,0.0019262999212617661,-0.0032478646869578474,0.0023625300939395123,0.0019065891792185501,0.0031389203826899504,0.002855537462138178,0.003884774701804259,0.0015748841169037652,0.0014772119917558922,0.0019574002594940883,3.6582745731336366e-4,5.311565109598694e-4,-0.00080067747129708205,-0.0033324813028478006,3.669747283463381e-4,-1.4157415841339237e-4,0.0012814880879375486,-0.002485123397759508,-1.406522779142511e-4,0.001046858793326256,6.250269777277284e-4,-7.502349343340281e-4,6.826274939864007e-5,1.8702215003978023e-4,-2.618548058096974e-4,2.8206156652172906e-4,5.7189302921396e-4,-0.0011098966861486682,-2.4168858533913333e-4,-8.75404409843821e-4,1.6354071994868123e-4,4.6323301387558875e-5,-7.920443606353807e-4,1.4392904597255605e-4,-1.467245917247614e-4,1.5158286983075306e-5,-4.311030938067643e-5,-1.0690439507219469e-4,9.761563366323388e-5,-1.3981799746068805e-5,-2.741803187816396e-4,-2.814099894625381e-4,8.79442216035128e-5,-6.896585106016016e-5,1.1451918484030965e-4,1.1987227646040168e-4,7.068280995809868e-5,1.1730731422282982e-4,-1.2691061366751715e-4,-1.6475454602344795e-4,9.003480440020634e-5,-2.2752364166471364e-6,-4.835324520154793e-5,3.707411226544877e-6,-4.848529278352204e-6
C15cu-C15cv-C15-C15co-C15cw-C15cp,0.0241833463449556,0.019235027691322924,-0.033771152849827395,-0.1932198368181612,0.04508614185676606,-0.03643937382905028,0.055121988888301096,-0.0304351772897879,-0.012928934384126577,-0.014883237254791617,-0.005195396505041057,-0.021035204796176436,-0.008350635286350494,-0.0015245197420143916,0.0022725599854298067,6.013887582373729e-4,-2.110642844025653e-4,0.002032328060644221,-0.020575625301220018,0.0028882279577259434,0.002248703571677811,0.0036066586786750875,-0.0011021434746660407,-0.0010033598977906887,0.0015686521854336869,0.0030119157881335636,0.0018715918569284402,3.9407750262231286e-4,-6.104123711691125e-4,0.005294395451979129,-0.0011592674321447476,0.001851780126598621,-0.009992058598540564,-0.037096132333185476,-0.0030450959491669983,-0.01334527361044903,-0.0013995423089293252,-0.014731161824402135,-6.477029861832644e-4,0.0012323255572285277,0.0028308569513980654,-0.0017163587732134105,-0.0010840654786176736,-0.0012940059983652524,-4.372989334241028e-4,2.733735343936719e-4,-5.246884310386553e-4,-1.7312791304841072e-4,7.835154751496155e-4,0.0022875024080737383,0.0024598743963679544,-0.0031538294464574985,-8.776278368264791e-4,0.003633649254824468,-9.586466875870528e-4,-3.157208792451627e-4,4.3328963183216943e-4,0.0014349077888610585,-2.2378782914919177e-4,-7.477702265763092e-4,-0.0015292261402272873,4.181054682253949e-4,7.269731658727653e-4,-1.8039069880285292e-5,6.793700140772279e-5,6.146193497337087e-5,-5.621452810890474e-4,7.0266388781691e-5,-4.1703653200988257e-4,-2.9296524898669477e-4,-1.5903608443019397e-4,7.89480587557669e-4,-0.001001116438204337,6.282107232598914e-5,9.06509445859131e-5,-3.108457539374111e-4,3.6953375166553213e-4,6.641757825091452e-4,-8.093522460871543e-4,9.071660330369636e-5,-4.898798810132456e-4,-2.861109884059499e-4,-0.0038745413392178734,-2.0197208248483867e-4,6.039660255634952e-4,3.231881340169586e-4,-0.0034412206726156373,-5.571813663186353e-4,0.0014494602984739813,0.0026071083224604354,6.172621758575304e-6,0.002940203082621675,0.0034115021384867484,-0.0024051775500584793,0.0016938955358158524,5.266359674975804e-4,0.00235549807499524,-3.864602671753484e-5,-1.681439840699141e-4,-7.850719907120463e-4,1.3340573629801574e-4,-9.058013481339363e-4,-4.529596683625353e-4,4.4952350376859436e-5,6.929590590256145e-4,-6.902381698496012e-4,0.0012103218027174265,7.976282729468422e-4,7.000464953381861e-4,-1.2891943423751453e-4,-7.336978295355606e-4,-1.88811677424178e-4,-3.8673226592855905e-4,-5.447851015331411e-5,-8.612804331150067e-5,0.0010204441822615166,2.3478479066380885e-4,6.532027915388159e-4,6.058124050371295e-5,-1.2063493044225312e-4,4.240114293807404e-4,-3.79898346539266e-4,-4.327363951185223e-4,-3.2158804573869455e-4,-2.3772628032464954e-4,9.95324435535421e-5,-2.0266318998217816e-4,1.5583605955111582e-4,1.1666480420316934e-4,1.5083134232340915e-4,3.3279138418266493e-4,-1.5849332058396338e-4,-1.9530041938346614e-4,9.080183366895337e-5,2.129302736790117e-5,-3.507733272633171e-5,5.482492701945221e-6,-6.702036710119383e-6
C15cu-C15cv-C15-C15cw-C15co-C15cx,0.031544183125176865,0.01543929925201143,-0.0412306611729605,-0.21673875826457398,0.04999083991430173,-0.04106233635942837,0.06256666232774497,-0.03439244352470272,-0.013316342269252799,-0.012331299995737283,-0.0065245561483438935,-0.0037843612733702153,-0.011041103942981067,-0.001767963284498615,0.005513074466568265,0.0028166280690382272,-9.154330049286744e-4,0.02050688071396998,0.005419485875704559,0.0022772986845186636,-1.2368760133254916e-5,0.004202540816746167,0.0010137261294644476,-2.054756917779141e-5,-7.921860252177973e-4,-1.786513995991554e-5,-0.0017539552695791177,3.9271013981809975e-4,-2.6614133754084542e-5,-0.0039444774201967915,0.0026867268396997776,-0.0013335333493047245,0.0022337022316813405,0.008637505079218878,0.0033308531726833138,0.006086057530627713,5.538606628764369e-4,0.016061374857235636,0.0038253436425563386,-0.0041550218002563075,0.004806574230231614,-8.637156354886072e-4,3.3838229168669035e-4,-0.0016563152912997677,9.76209131805788e-4,0.0010080182724453504,-5.215288458163916e-4,1.6573169544480078e-5,-1.343392227808686e-4,-0.0027467091222252017,0.0011424558883978552,0.0010704016867237743,-8.17939440480073e-4,-0.0022589666887120954,3.6796545698514004e-4,-6.665501190585811e-8,-9.517782769059215e-4,6.287583648618141e-4,-3.308202095229207e-4,-2.4928973250597924e-4,-3.7291792897172827e-4,1.919345714115073e-4,-1.4621481884107796e-4,-4.6150173942966356e-4,4.37555751928446e-4,2.4136394710455903e-4,4.5680984195038313e-4,-0.0012588812232427957,2.0516413891047292e-4,-2.5584445014448253e-4,-4.645324149967618e-4,-0.0013298910589075073,-6.528476135642423e-4,-2.570656648531015e-4,-1.2413537761008197e-4,7.42973285347971e-4,0.0013263969360715433,5.552604837162136e-4,0.0013925001414671753,-0.004333528637556079,-7.001107375372657e-4,-6.783420337572471e-4,3.2090280916482556e-4,-0.0019117567276431126,0.002659545379500624,-0.0015966423043602498,6.958827717217251e-4,-0.0012748079789673984,-0.001817237163613301,-0.005295861711832503,-0.0016924335599163888,-0.002868700475319572,-0.00375119292367004,0.0012306936316796029,-0.0017054775062691823,-0.00056171766337067045,8.413043165040533e-4,-3.803522236141334e-4,-3.4171746442266947e-05,8.214960263110277e-4,0.0021571436036120833,-1.524172659607855e-4,-0.0019350454996081281,-0.001997006138753199,-7.458694181427093e-4,-9.106621391955746e-4,-0.0012126447710806233,2.8811223917674436e-4,-5.023744574974455e-4,-7.213530220208356e-4,0.0020096517671239233,2.3322743769388826e-4,0.001408108729598722,-1.430557713476431e-4,-8.190726080099982e-5,5.888930957972978e-4,-2.6542041465755297e-4,3.808196447902522e-5,-1.5163538354867707e-4,2.456489756135267e-4,-1.0434277916908807e-4,4.1497875806880834e-4,0.0011474050549693015,0.0013560879548435317,7.524609444747266e-4,-3.72669177096832e-4,5.942999505347404e-4,-8.831772203779191e-4,-6.084641166938801e-4,-3.1289434085763506e-4,-0.0011170968633291431,8.238093563961619e-4,0.0010045756846916764,-5.535543602817886e-4,-2.3839295727795626e-7,2.639803092425256e-4,-3.534914058307843e-5,3.32319187785425e-5
C15cu/C15cv-C15-C15co-C15fx,0.02777600591726751,0.013656463943571288,-0.035262962841018465,-0.17982634111167284,0.04226299731175263,-0.03333752248805108,0.0506923823905319,-0.027604071656275243,-0.011246588011970747,-0.010470884571226736,-0.005524387876033641,-0.0036589373253862185,-0.008517348680806643,-8.644654813411236e-4,0.0033855511340270122,2.8349943218639024e-4,2.1780968380020346e-4,0.016318671147737652,0.004878127687560747,0.001470572360034106,1.0043796948495933e-4,0.001888589337669692,8.618981980668378e-4,3.855909099752338e-5,-2.7237375900884516e-4,-0.0014109241235730154,-8.951960715462338e-4,1.206057711395016e-4,3.1545383140559665e-4,-0.0031732219345032577,0.0022567071833628338,-7.261485173081256e-4,0.0015466348832887313,0.006805877743155625,0.001719254654600418,0.005331286168981432,9.829644241263066e-4,0.012052955467581065,0.0025547084064915094,-0.003040819383674887,0.003571281513970843,-1.4114574001334666e-5,5.878223117101755e-4,2.590321549947693e-4,0.001392507036095519,-1.2008101037448109e-4,6.564807997309878e-4,2.564608568913329e-4,-1.7832322582017095e-4,-0.0023232665168844346,4.5664127196167517e-4,0.001232969388832695,-4.115824169611104e-4,-0.0011197529685559968,3.3841699181793086e-4,1.5717137348553696e-4,2.7411366578495677e-4,2.138216336474026e-4,2.7448759384367775e-4,4.2461930192949193e-4,-1.7682131285482272e-4,-6.386388622991832e-4,-1.1575658267258751e-4,-1.4998266918643202e-5,-1.0964735982222042e-4,7.707955019030693e-5,7.357233411365727e-5,-4.895465280668743e-4,2.2707471813570546e-4,7.505528110536338e-5,2.384107866587639e-4,-7.591933291730915e-4,7.883988226182957e-4,1.5564611818087183e-4,3.8592642027948887e-4,7.567174047457112e-4,6.214695389029822e-4,-4.200902220092207e-5,9.408239505607613e-4,-0.0015456251516214627,-4.105504343541549e-4,-5.068627110814995e-4,5.001888028843221e-4,-8.277928929143414e-4,8.460770795409332e-4,-7.892035397655434e-4,6.003771807393792e-4,-6.491654797509121e-4,-8.238339896174333e-4,-0.0026726654502248624,-0.0013498589816183823,-0.0018361632384915742,-0.0016905276060263689,0.0010762825159334227,-0.0010150426344110312,-0.0011895420239338842,6.130296786725106e-4,-4.781725070702325e-4,-3.6263924665816313e-4,0.005962525366330595,0.013287564197756433,0.00561603167642832,0.012716857417813707,0.006089875699774343,0.0024822123849281017,0.003998857642919152,8.144753345331335e-4,-0.0013958026108999084,-4.5645684189446093e-4,7.350319376827153e-4,-8.120686995373445e-4,5.615470169301974e-5,-3.689819035284155e-4,5.207747779767006e-5,1.0343693077248555e-4,-6.906880939563174e-4,-4.00044317131575e-5,-4.0459264387385663e-4,8.734933269684786e-5,-1.13593272917898e-4,-1.4072842335624244e-4,-1.486416400210728e-4,-6.659521834379772e-4,-7.074706990668935e-4,-2.6575706995538576e-4,1.7347699165126327e-4,-2.9197171026168733e-4,5.254086550307748e-4,3.097165871858783e-4,9.38194051978659e-5,5.873985638773886e-4,-4.503655113856076e-4,-5.4083035115917e-4,3.092899327027558e-4,-1.2174033844264573e-5,-1.4901748437072334e-4,2.1152739799708202e-5,-1.810662530425482e-5
C15db-C15m-C15-C15xq,0.09070702048343962,-0.10511110676626578,0.1867935127138306,3.8569449791816163e-4,0.007199912325984927,-0.0075045567670585355,0.016643492859793937,-0.009479712366539756,0.0029527234952634387,0.0011852633066416194,8.714429139001117e-4,-8.973689956262596e-4,-0.008475945588390172,1.739714264973813e-4,0.0071816664410777374,0.0035391768272854066,-7.246847272497114e-4,-0.001157315165734164,0.008114352011613283,0.026878144006756453,0.10465399258364606,-0.030862798106953374,0.0033474034056504296,-0.004222128881618238,0.01579744977435512,-0.03447806764021549,0.019594296714278977,0.02763559765227867,-0.009624749674459507,0.002445484894442268,-0.0022996529951435293,-0.0020651939270947476,0.006106053452098247,0.001746063122965394,0.013409633600090348,-0.012323776756987221,-0.037170783742320176,0.00436281562806358,0.003783999160520175,-0.005458526011143804,-0.003836862165057944,-0.007798458734194409,-0.004873534453195462,-0.026180434867820526,-0.018286408826220953,0.005069047088369963,-0.04537831181507543,-0.0015673397940498,-0.012342995675694525,-0.008062199682165962,-0.004117789010031326,0.0028504559929912795,3.443678166241397e-4,0.004659282484358553,-4.9722947600093204e-5,8.343131127883585e-4,0.002363540581002467,-8.340659330245397e-4,0.0035424218186698004,0.0020805123503390235,0.0010063476074067843,2.734467179071644e-4,-5.88247727157958e-4,1.8677923581789937e-4,-1.8949294974601172e-4,-2.8923623852434704e-4,0.0013344004805794642,-8.934395591545543e-4,0.003036919619335642,5.061108111914999e-4,-0.0014322588977925316,1.0987778182685185e-4,2.987967033208119e-4,2.6545789405516115e-4,6.251060939992766e-4,-1.6290630602314553e-4,1.4602287669922972e-4,-1.1347405542425766e-4,-1.7299169060938245e-4,4.5923444397033184e-5,-1.0131267195415114e-4,1.3360660979497548e-4,1.0362564852617203e-5,-0.0018323345769359941,-9.275742393226068e-4,2.1165308073958935e-4,-1.220832524177364e-4,4.5573573867964406e-4,0.0010299069157322723,-6.55837698206677e-4,-0.0021906373570844506,-0.0011166749715034374,0.0018481023515180722,0.0021379479331795096,0.0013407935428414882,0.008512969853009419,-0.001724348819628682,-2.1236809497944951e-4,-3.9979268062454305e-4,4.995412292788319e-4,2.9164826208297363e-4,9.655449821832386e-4,3.349953005147243e-5,1.7561393422749612e-4,-2.044935511906499e-4,-0.0011475943618929204,1.4182377591159698e-4,2.813099396226081e-4,2.268052743263898e-4,-1.6118875128101696e-4,2.956470781555131e-4,1.1093033725449878e-4,-1.2274708040714243e-4,-1.2228482313686765e-4,-3.3384977757601416e-5,2.998471140966339e-5,1.883189006385701e-7,4.590130091692791e-5,-3.061900952962085e-5,-1.2817695655767423e-5,1.585043101551636e-5,4.283984230736596e-5,2.066808643907878e-4,4.8019885714515364e-5,-1.4638185504601387e-4,-1.7836315765297092e-5,7.065754573013854e-5,-2.966983610998143e-4,-3.830556245824285e-4,-1.1262108956966181e-5,7.770160345637815e-5,3.155145368710374e-5,1.5980107785273124e-5,-1.951268792713439e-5,1.0586365423814553e-5,7.564639137569503e-6,-6.6549343957929964e-6,1.292383652243496e-6
C15dy/C15ei/C15-C116w,-0.11431057053159657,0.12670871542147083,0.08781202389328056,6.04217731188146e-4,-0.0035044461932096,-0.003995075305777559,0.011235999869733622,-9.252860136123986e-4,0.029034498854408588,0.04955450749724508,0.007374069851855515,0.14582676535197586,-0.01760081015615808,-0.0020630401670334387,0.006790770714284005,4.8224001795461175e-4,4.071634280274801e-4,0.02896739371696313,-0.052994997331565645,0.0050835658574705745,0.004505146631330962,0.0026779942609167517,-0.003541170395089706,4.5765896323943673e-4,-0.00327829580730997,0.0018131421246880912,0.006186071881250464,3.4862931700000474e-4,-2.453383216041395e-4,0.002800698212503462,-0.004112649989902036,8.577769774500812e-5,9.265725774260688e-4,0.0035569921589278758,1.480751874280729e-4,-0.0013435684900246453,-6.466627089259537e-4,-0.007432738402933436,-0.002896905960453668,0.002248444708780118,-0.004797265418140898,0.011246937980439376,-0.004008187053666359,-0.001862430064013111,-0.004008928622534067,0.004450276061408964,-0.0021461745821964207,-0.00421969329420677,0.001891393524096689,0.004640402682726964,0.005468856307934475,-0.0046033444297475575,-2.733117022581348e-4,-0.01050892096314235,0.007424936706499508,-0.0010834612576488367,-2.1117988617958884e-4,-0.001945203404229752,0.002870549407369487,5.039932189291496e-5,4.48493889812114e-4,-9.623134317259303e-4,-3.960273877603003e-4,-1.1733497840472086e-4,-1.1509808181027157e-4,-1.4053758139508254e-4,3.347952370868072e-4,-3.54767711363415e-4,6.170552365858876e-4,-0.007236007172072517,6.150790730423938e-4,2.6385471504384716e-4,-0.0010215153402820124,-2.2490647971490483e-5,-7.844690235317931e-4,-0.0011286477432881168,-0.0010773432490396436,-0.002210665614271474,-4.5244625674294907e-4,0.0044138287286408584,0.0015595236008138563,2.6772233956599335e-4,-6.413547091727461e-4,0.0017541615745220787,-0.0034922148823469733,0.0020434887506669227,0.011392111953122423,0.009260702607470127,5.375708686541076e-4,0.0013983564952389843,-2.80093825087073e-4,0.004404335738651661,0.00550569644153462,-0.0031748393170564393,0.0026647198398429355,-8.495964927638312e-4,-0.0010922310206470712,-4.304591852342231e-6,6.233417654316334e-4,0.0014385391303917763,1.8590869357707935e-4,-0.0012536255915924033,0.0012074914389277225,0.0012673383377405675,-0.0010714110429676643,-9.368072202687265e-4,7.578777597925152e-4,-2.0837698972518642e-5,2.4938313081552307e-4,-1.1841046784316546e-5,-9.839913009609491e-4,-5.696722040367066e-4,3.2573914935536084e-4,-2.650108024403885e-4,-1.3982294374497407e-4,0.001849287931363627,6.048560653378278e-5,-0.0010398413275757327,1.0116110221753149e-4,3.3525196049837e-4,-3.3511212818186414e-4,-0.0010241379980997633,3.5356560329501195e-4,4.406790416432922e-4,3.310020294987153e-4,-7.149032517490211e-5,-7.996184166474007e-4,-2.166184458177504e-4,-3.9270836603771286e-4,7.716106872357783e-5,-3.0852269910024654e-4,6.887368100416688e-5,2.668628512895699e-4,-9.65928789277074e-5,-4.27106481922444e-5,8.028317998213654e-5,4.5241374938697935e-6,5.562703747374316e-6
C15ed,0.018960229032915683,0.0044888754311919,-0.019473273579825236,0.0033258920955696954,-0.002526112328339119,0.0139278932782954,-0.03535371629885821,0.044419018322071076,-0.1361694072075143,0.0692268718318221,0.03463519413884036,-0.007311654524068762,-0.051038272296543834,3.4110191907165305e-4,0.013850360238810281,0.0014255649888286377,-0.0050116559337478545,4.7990098283688985e-4,2.47653855619355e-4,0.004236919462391235,0.002061745772192071,0.007983658546927428,-0.0013458258537352825,0.0014247390048686775,-0.0014336294215525085,0.0037260264037071713,-4.527209921642296e-4,0.004119042299457847,6.410446829918031e-4,1.8402590810521016e-4,-4.962294729282762e-4,-5.386341231448615e-4,0.0010768202427089968,-3.001015348294402e-4,8.623925726265447e-6,4.276038149505152e-4,-5.904207730594152e-5,-4.1153649087980474e-4,0.0010257408282509392,-1.7523828746368738e-4,-0.0021767352135851695,-3.5852255725596783e-4,-2.8611347966164537e-4,-2.1163477301280311e-4,7.55918685217141e-4,2.7406430490145166e-4,-3.026966246677733e-4,9.533146650543863e-4,-3.779422481180631e-4,-0.001096770212375238,-0.002671164931194303,-0.003796129550154353,0.0010010484197619507,-0.0018690511071788912,-0.0017269620943088277,1.1818639485265358e-4,-0.003492030279660672,0.001034275741287975,0.001349339152283138,-4.4444590840464634e-4,0.0012607920484104568,0.002129439641811797,5.220457085439058e-4,4.975131567179237e-4,-3.477026869378361e-4,0.001325310364000969,-6.95296488156789e-4,1.7235795610214294e-5,-4.71115172926625e-4,-1.5295227481216577e-6,3.905258661118347e-4,-3.6331683779873455e-4,2.1266423624720208e-4,3.9515098259794415e-5,-1.6956972064437634e-4,2.073375515634842e-4,-5.858003106799133e-4,1.232150654898459e-4,4.84311243549788e-4,-7.885345303151371e-5,1.5372207454742193e-6,-5.049664666363736e-4,-4.289116535565135e-5,8.762970926282847e-5,-1.5519646490612854e-4,-0.0027433327944421057,-3.3882784713502515e-4,3.751704073946694e-4,4.0460974831898806e-5,-5.432692021234654e-5,-2.3219072819967635e-4,1.674662365836114e-4,7.181996277893313e-5,-4.712748584674286e-4,3.4768058647930317e-4,8.830850426890595e-5,-3.395486318480916e-4,1.1627405647415794e-4,-1.3307606573770964e-4,-1.853496797366472e-4,-2.54491130945092e-4,1.238100249127812e-4,1.5586802227949748e-4,1.4606000831418316e-4,1.1778797226171661e-4,1.536209824107226e-4,8.212533421382528e-5,-4.1633292239652094e-5,-9.444892606718244e-8,3.619048638348145e-5,1.5332929787254798e-6,2.3587117828232254e-4,-1.9222206248856494e-4,-3.505816000459838e-4,0.01473518418436924,0.0013387856225363201,4.015382565286725e-4,-2.3511379508622148e-4,1.4353304797026347e-4,1.3550934314221852e-4,-2.809892151073772e-4,1.9848067150812928e-4,1.9770206151494213e-4,-1.1504700252857892e-4,-3.9986803244305475e-4,8.878332597556236e-5,5.615823636193499e-5,8.185610762914768e-6,6.578328234383778e-5,-1.527923032154745e-5,1.0418300184144125e-6,-5.274712525546716e-6,-1.140319792198944e-5,7.78382788224895e-6,-3.8932359405313656e-6,-3.079681216270988e-6,-2.2119221109915665e-7,-3.075455870340062e-9
C15ed-C15zv,0.02056644545834727,0.00485596765553189,-0.02132297323936355,0.0038061016878380032,-0.0030692303053417623,0.015455983707014445,-0.03924302501467154,0.04973743149360594,-0.15287674545243374,0.07797379054642999,0.03903393797691724,-0.008245855728256235,-0.05744622046284007,3.9731460746656713e-4,0.016347585788632015,0.002406632596303842,-0.006012445582074987,4.722755154037107e-4,1.5992998843773832e-4,0.004799442493173191,0.0022671027223186784,0.00927172373642297,-0.001655003928720613,0.001884072184062942,-0.001783712228557073,0.005096530790018965,-6.142576245412632e-4,0.00482666262074501,7.074986046588234e-4,1.0859086219512775e-4,-6.267965469925594e-4,-5.091384933016693e-4,0.001456096009282103,-4.3787311540814065e-4,2.5723589123760176e-4,3.1456564837375263e-4,-2.758322279247972e-4,-5.011587345373137e-4,0.0014025289380321015,-2.555441871242774e-4,-0.002903523153856607,-5.219340945029975e-4,-6.191459635184799e-4,-0.0010186972491988116,7.138993888150412e-4,6.147274766199968e-4,-9.106178317157175e-4,0.001319372689988119,-6.236433470011247e-4,-0.0015185102037622601,-0.00396003704195271,-0.005951702180639454,0.001518711051000524,-0.0030178127519671365,-0.002744287884573928,5.1559695491780384e-5,-0.005977417390691019,0.0017833246684512089,0.002068665032700303,-9.151707692548696e-4,0.0023357700460360396,0.004244864436422806,9.035602144645958e-4,5.023083713003498e-4,-3.444818568697526e-4,0.002432505547709887,-0.0011388736315724468,-2.7014864661773648e-5,-7.900904558255858e-4,-1.8916868814550645e-4,2.964196012594295e-4,-5.312221155217014e-4,-4.966325360486631e-4,-1.4207742385359228e-4,-8.785620921437158e-4,-1.5602964825440852e-5,-0.0014658459101252379,5.004112743916398e-4,9.32918775751129e-4,-0.0011532037227809443,-1.6003714361889076e-4,-6.832269249387294e-4,-3.2828916536751325e-4,-2.486875574996278e-4,2.274346502778677e-4,-0.007577768203081696,-0.0010864729445154734,0.0016152646630325429,8.816109224340205e-4,-8.631323874288467e-4,-8.927616972456581e-4,5.232253401546234e-4,1.5396466603869935e-4,-0.0015846470389872544,9.688790730258865e-4,-5.09234447774068e-4,-0.0015518491138341818,4.213779246500322e-4,-4.642095953149264e-4,7.630566165043309e-4,-3.087551771040431e-4,-3.231128328934435e-4,7.055298414434403e-5,-2.0011227087637936e-4,-3.7588529437996426e-4,-3.7647016912790906e-4,2.615331682165861e-4,1.0177275655559884e-4,-1.0443650656093342e-4,7.697355813717824e-5,9.376012922976611e-5,-3.627778508177281e-4,1.4637158803058395e-4,4.757237492298867e-4,-6.737150608525592e-6,0.0012403871227111795,7.291676411201261e-4,-7.286455818841293e-4,4.307022016125387e-4,4.6300627141296444e-4,-0.0010034605221426493,9.072482274380107e-4,0.0010110711414348598,-9.096201376837701e-4,-0.0034096795436490694,7.710562956391606e-4,5.608931564310064e-4,-1.326827487230277e-4,7.497590352907908e-4,-1.641907753337321e-4,-1.4436728148752107e-4,5.248164936238227e-4,6.768223983017068e-4,-3.9731271452112736e-4,1.693505427234682e-4,6.606954436468723e-5,1.8239422048340147e-5,-5.331183051951045e-6
C15ed-C15zv-C15,0.019627013344310686,0.004653473178027248,-0.020232614688698167,0.0035279172562936003,-0.002720589899847518,0.014559321927372262,-0.03693853107638846,0.04657352748866716,-0.14291387200575603,0.07275710138992691,0.036453267960331145,-0.007700166621269308,-0.05360435441947559,4.0239227716810244e-4,0.014877516172716054,0.0017796804551929602,-0.005349098294128439,4.5634038462160953e-4,2.1759909080938672e-4,0.004430531732676107,0.0021290933995345646,0.008423491230908796,-0.00148063169261838,0.0016348768350254448,-0.0015718512767034932,0.0042597489654461794,-4.985659721210669e-4,0.004375951021092547,6.744883950978516e-4,1.2646677915893856e-4,-5.413676859165597e-4,-5.043800230922883e-4,0.0012143487190693697,-3.675409906244498e-4,1.0395550112686296e-4,3.837689862150851e-4,-1.4164357092086869e-4,-4.3561459410580136e-4,0.0011647291631826028,-1.9224723268593998e-4,-0.002464210576965718,-4.028812020893047e-4,-4.3419394303610134e-4,-5.163157998463483e-4,7.332241779529182e-4,3.8258347033482326e-4,-5.521062490997015e-4,0.0010971158987399241,-4.676050535542576e-4,-0.0012688391632470295,-0.0031701279860822753,-0.0046109596069027455,0.0012051109714221833,-0.0022930906678174517,-0.002085417892037932,7.27618954739338e-5,-0.004418109096642803,0.0013109343161543383,0.0016206452521489853,-6.360460682015142e-4,0.001695346251222243,0.002974491036837782,6.528461125627363e-4,2.4719233596019903e-4,-2.450715688575376e-4,0.0017668971469755224,-9.453934821616139e-4,9.042538575513683e-5,-5.283904715241888e-4,-8.688705530465851e-5,3.567092122793912e-4,-3.866134381881862e-4,-5.392719629903887e-5,-3.91901451455311e-5,-4.7526397422262485e-4,1.2225431210113562e-4,-9.431467652823751e-4,2.591148543050833e-4,6.744389326891975e-4,-5.197285566201938e-4,-1.067952243103815e-4,-5.703574224392397e-4,-1.564965614261386e-4,-4.7232397213701016e-5,-8.007087836133195e-6,-0.004740009392747069,-6.692315366078509e-4,9.283083410081628e-4,3.64755233319557e-4,-4.3279680413585116e-4,-5.067691719402944e-4,2.967388093115459e-4,1.2603563054772366e-4,-9.518659980073898e-4,6.219179454127902e-4,-1.867751997657098e-4,-8.763437803356992e-4,2.571959163576787e-4,-2.2782409509083902e-4,2.1125507464631803e-4,-2.6190442850547473e-4,-9.652720626891112e-5,1.1066399285223926e-4,2.6369623294357683e-5,-9.841537999443258e-5,-9.052580029559149e-5,1.2391228316929194e-4,-2.0988916568708243e-5,-1.1988723031834161e-4,7.575143954231132e-5,2.502630762728188e-5,-3.7191286810114486e-4,2.3101624608568618e-4,5.492498821557958e-4,-0.014373927832949666,-0.0011816331688750121,-3.004898719065587e-4,-1.8003005390078737e-5,-3.399849714883609e-5,-6.362619636899923e-5,1.4471683285726308e-4,-8.840864275838379e-5,-8.897904308343919e-5,5.4806332739402956e-5,2.5202420858818974e-4,-3.953978484339539e-5,-6.572612961454448e-5,5.756184208603901e-5,-2.3664604196012133e-5,-1.0355536058246454e-5,2.34490110750565e-5,-3.078530931386559e-5,-3.013683641721375e-5,2.1023673875049337e-5,-1.0258108694952225e-5,-4.689178761377063e-6,1.4085154827459897e-7,-1.1570210008894082e-7
C15ed/C15,0.016169051488616103,0.0035190889222987986,-0.01643534362316321,0.0024649262744605898,-0.002028370118425138,0.01133166591358145,-0.029157857311980843,0.03616319098122338,-0.11153159703404325,0.056343927550678,0.02835465154515401,-0.005629322512487684,-0.04214265839939068,-2.4374742571506408e-5,0.01042123478911279,4.2624629443367506e-4,-0.003704408088628904,6.861768568187077e-4,2.3846706213963178e-4,0.003640790800709992,0.0017689342438049042,0.006797286054386713,-9.108403244764536e-4,5.91791294696264e-4,-0.0010955384289070226,0.0019968726708540743,-4.584939459043592e-4,0.003235806216594846,5.144691666174558e-4,3.8990922248445455e-4,-3.8948675507608643e-4,-8.861689119785707e-4,5.633296987492881e-4,-1.2098507152632311e-4,8.70008153493557e-5,4.832026961304712e-4,6.813156016822188e-5,-1.6097050798846314e-4,6.460794228437791e-4,-2.274327617002863e-4,-0.0012755701512446687,-3.0078715308704337e-4,4.971078888761466e-5,5.755006626628554e-4,7.080187756013264e-4,1.3195888469200891e-4,1.5299857124742792e-4,4.3657291744780504e-4,3.140165283216218e-5,-5.151696190619865e-4,-0.0011318509033148739,-0.0013421181782423783,3.114321915869652e-4,-6.22187928833275e-4,-4.66204058272172e-4,1.730777642597202e-4,-7.759387378887178e-4,2.1759693983855135e-4,3.715248444673572e-4,-1.9336103769528927e-4,2.8702000596008164e-5,1.546419195389818e-5,6.183400264002949e-5,-1.5620415124641105e-4,-1.1758906856114748e-4,1.8214108036223063e-4,-4.020558405083387e-4,2.2192643855122192e-4,-5.932365055103072e-5,1.6263101007336965e-4,4.881201937730613e-4,-1.255077072284559e-4,7.551279563818458e-4,1.4766880718480565e-4,4.8168826162235494e-4,3.620926507458905e-4,3.482766953777995e-4,-2.627956219571985e-4,-6.4960317931152504e-6,9.667505974211995e-4,1.0638440744034264e-4,-3.4530610501612555e-4,2.0419256571243638e-4,3.814699466288976e-4,-4.877135677715421e-4,0.0018105051263741143,3.483482353278542e-4,-7.359373832511604e-4,-7.748244101696644e-4,5.834960888236177e-4,3.084800311301703e-4,-1.2257722678065132e-4,2.511367380723805e-5,4.5208499688957805e-4,-1.766127473359346e-4,5.464154698706902e-4,6.368027424269577e-4,-1.3152226469266112e-4,1.4091430670406092e-4,-0.0010699748393776048,-2.583280675445299e-4,4.74655630751111e-4,2.702325687632858e-4,5.147411275723899e-4,6.021945859247332e-4,6.879008678270062e-4,-3.470923538511396e-5,-2.898990420594729e-4,-9.37302571431957e-5,1.4458341180741398e-4,-1.795290034512087e-4,1.926352372377508e-4,-1.2659241237788016e-4,-3.088476033314954e-4,8.147467661955758e-4,-0.0016134385424841533,-9.223725337795042e-4,8.727391140013743e-4,-6.3083395664352e-4,-6.343659742368934e-4,0.0012064325683105793,-0.0013586295445524041,-0.001601621879453889,0.0011760522008357106,0.004773144238652454,-0.0010963884098647773,-7.680239746293625e-4,2.0335521321148144e-4,-0.001048885675430439,2.863621565883745e-4,2.5249048192210006e-4,-8.441953565780637e-4,-0.0010973497745319812,6.538310955792728e-4,-2.81624048049666e-4,-1.0676617873084051e-4,-2.5534814293830976e-5,7.831689145509369e-6
C15ei/C15/C15dy-C116w,-0.10485417952852118,0.10927333538086567,0.0806564142676218,0.011432489658680874,-0.003999155241653598,-0.0037497930347173054,0.014995917853153035,-0.014430801253207842,-0.010661387156320826,0.012998218707017463,-0.01112650022011859,0.10916140767689399,-0.0032870849243783963,-6.255074112585479e-6,0.0033603081786679396,-0.0036129920338087555,0.002865157219501116,0.08203375918546714,-0.07046654879260408,6.946925872905058e-4,0.00216942348814296,-0.01498407746296012,-0.006948523190377836,-3.637983981782809e-4,6.620994758004635e-4,-0.004040862082339491,0.005577273742424495,-0.00480597043994404,0.003828660531060819,-0.0043466430411955225,4.2916273076994566e-4,0.002578152265983089,-0.006926579683479436,-0.017224662918670988,-5.686086504664827e-4,0.0045192698458422055,0.0027665470366860017,0.025085519937882838,0.009768771648324312,-0.01765911389016703,0.01836596301092952,0.01646814001011791,-0.0034910623034040402,-0.0043001518920793395,0.0016288541498663104,0.0046747352443315794,-0.0025340010436300923,-0.002256253338701206,0.002796502788013221,-0.0037704891393195135,0.015900166815847407,-0.007337075703604614,-0.0035009577658026148,-0.018488413069870792,0.01172534514271236,-6.839156693246204e-4,5.281305145648727e-4,-0.0018357353799953293,0.00586876346265976,0.0023898381696302825,6.153309412322963e-4,-0.0019345700793662224,-6.570196543567293e-4,-5.053621915618669e-4,-6.735687160159558e-4,-3.536759343297342e-4,0.0013817828591634357,-0.0018929455079285435,-6.069015535151625e-4,-0.005301590744340359,0.0015270170081840312,-7.41447258100476e-4,9.069473746697572e-4,5.97802694694913e-4,5.996081629774103e-4,8.173692030737277e-4,2.1430729387526357e-4,-5.24758979426891e-4,8.541143073691538e-4,7.191699803233384e-4,0.0017441671531604876,-0.001012651240306384,-7.839380323131407e-4,7.538259602678755e-5,-1.215784202677803e-4,-2.2430573168393732e-4,0.0036553589333762283,3.367262683163508e-4,-0.0011908897425012247,-7.95212243599171e-4,-5.796632460911116e-4,1.570060239762811e-4,-2.265992025400972e-4,-5.100001275028013e-4,-1.0908067098972985e-4,7.250127755033298e-4,0.001581635650369778,-6.475639321917035e-5,-4.238138374817368e-4,-0.0011220358600269157,5.407164219837795e-5,1.1876834819445292e-4,-5.903404421851981e-4,-2.3469115928328476e-4,7.258333742564662e-4,1.8585050027955386e-4,2.561360336758457e-4,1.3337078869737654e-4,1.8936796363128899e-4,4.2618307126568276e-4,-1.106752467658654e-4,1.6572006546102612e-4,-4.96102851224184e-4,2.1707653120965002e-4,6.1180120579631275e-05,-8.727484688238049e-4,3.9790111502915964e-7,7.771203748065958e-4,1.7570095051144313e-6,-1.7028922802399027e-4,2.1991950054909673e-4,4.280619109685333e-4,-2.5820141396639567e-4,-4.132366296943793e-4,-2.9144317280203614e-4,7.982369679324624e-5,2.980005263232825e-4,2.2141808558051384e-4,1.7611712346853574e-4,5.856324601098755e-5,2.0319307247661786e-4,-6.42370438017492e-5,-2.1577317025843804e-4,7.289440574497422e-5,4.066839399523653e-5,-5.8364526997583714e-5,-4.822249601287187e-6,-4.2228845412456976e-6
C15et/C15-C15ab-C15es,0.10353188146342406,-0.1292307544838778,0.22478040482239545,-5.383355980375016e-4,0.004207018090162947,-0.012318707067218665,0.02396399413830645,-0.015277994935001912,0.0038873962996062972,0.0021992615207336343,0.001836022868090812,0.003737472405750567,-0.012332374332423712,-0.004768632658791691,0.007477367927363914,0.011992044374560033,-0.006147729423341989,0.005062259100439925,-0.012814005712604638,-0.02553729437112013,-0.13026139323764033,0.062202063344155165,-0.0063615283410104854,0.008410532414167027,-0.030777930181043883,0.07269203593908688,-0.0362346770145617,-0.04091646764805394,0.009649154779659745,-0.003926889240347506,0.0029873267317847437,0.0038025642803578633,-0.0036140721241086572,9.373261541917108e-5,-2.2905325295650823e-4,-0.003465102663464554,-0.019531345821352974,0.0022012553995578495,-0.001081667371664455,-0.0023096895475561417,-2.515864270980493e-4,0.0018770254492241367,5.290144290021326e-4,-3.206780764324372e-4,-0.0013034043434281474,0.0011911973335998508,-0.014286227828937289,-0.0011049358883319113,-0.004682866944984011,-0.003354593685916,-0.00193163673840987,6.085420728293578e-4,-9.78843447403367e-5,0.0026560492688331027,-9.50330182044373e-5,4.583841628932178e-4,4.358438526528479e-4,-4.97770754291723e-4,0.003402158820207944,0.0019007215120150917,0.0016440101969664093,0.0018573192397880966,-9.78877765723682e-4,-3.4496631171019064e-4,4.061569422794027e-4,-4.0215167874574565e-4,0.0028821738216455403,-0.0020920763822939027,0.005846339805188952,6.401817783463812e-4,-0.0038033054416957315,4.0301784291801635e-4,-8.197161136215531e-4,2.8859239028959416e-4,6.861548557945977e-4,-8.71143105860533e-4,1.603783697551853e-4,-3.324213655568963e-5,-5.530736455552443e-4,-6.238792006229237e-4,-2.2372835911062846e-4,6.755392643827888e-4,-1.0399537145863904e-4,-0.002921021996815101,-8.902576761896704e-4,3.389583883021756e-4,-1.259568215264722e-4,6.007132521433574e-4,0.0010160467430878877,-4.801013814909494e-4,-7.938557539073809e-4,-2.3217730291724437e-4,0.00029259118293163716,2.3472497079106875e-4,-2.371710374697729e-4,-0.00357688891524654,8.861768330115017e-4,1.4777666920306253e-4,2.4288312470004329e-4,-5.559605493914124e-4,-3.708016091058882e-4,-5.612210280719498e-4,-9.730971061967537e-5,-1.4531491318473487e-4,1.0641431551070724e-4,7.142973866243561e-4,-9.723144148227662e-5,-1.697104510025073e-4,-1.356267685535602e-4,8.110974760953133e-5,-1.6747309659256537e-4,-8.916239431034484e-5,7.381708454589039e-5,8.13227017484015e-5,7.383963549376007e-6,1.3547481400293509e-5,1.5212781784246682e-5,1.755233829395086e-5,8.302208970903625e-6,9.907495532119994e-7,-1.7912886716794782e-6,5.042015573186597e-6,-1.9933480698377903e-5,7.802991325892713e-7,9.825803492271776e-6,-1.0571535512808784e-6,4.4310914166766253e-8,1.1412007979962354e-5,2.0414957386605725e-5,4.059324580920475e-6,-6.971310889657704e-6,5.618803129947364e-6,1.1638167105364986e-6,-2.527946961130064e-6,2.1893657965937754e-6,3.8052413386185013e-7,-7.94066344593541e-7,1.2694343819310263e-7
C15ex,0.027778446630961243,-0.009798419344697558,-0.03783309483995369,-0.011347117333714744,-0.3370009578527111,-0.06123834589584579,0.08998704192214602,-0.026382097844519704,0.005458000318489964,9.981588787068914e-4,0.0013830745220056323,-0.00294405616128912,-0.020930889171060823,-7.146796695711098e-4,0.004925247299139054,-0.0016597470102438245,0.0011190897986177936,0.001839459963396031,6.066367786104734e-4,0.0066820601129169346,0.002059683872843521,0.010504338621476511,1.1463839144419045e-4,4.3700482336738296e-4,-0.0014027115495958372,0.0029037543958528133,-8.117784284666157e-4,0.0031410437261858355,-0.002058289434309119,0.00142114103828516,-5.417076863266397e-4,-0.0014515115771587782,0.0053636293376209876,8.004831671930526e-4,0.00216602077308249,-0.00894806024552359,0.0017227398320615564,0.003543117462653171,-8.581914069529081e-4,-1.6347164419131446e-4,-8.412296666959074e-4,-0.00209364134859276,-6.044077949127193e-4,-0.0018802134989054193,-4.8764081799659474e-4,0.002262976787960942,-0.001806630985920146,-5.229899392789622e-4,5.283364514691098e-4,0.0014223476297532509,6.55806046936989e-4,-0.0011906734996770414,-8.214163511139952e-5,-0.0013760261466456217,-3.3106381703227364e-4,-6.239491629084025e-4,-0.0026689468445349864,8.461150030985629e-4,-0.0017674445849384529,-0.0022914738989280197,-6.169699582201997e-4,0.001696779068210751,-1.1648089693469847e-4,-5.419375361121448e-4,8.886770434648306e-4,7.709710392726772e-5,2.3854735859287645e-4,-7.764210015820042e-4,-6.951348978848701e-4,-4.7703458897099127e-4,-0.0016629583491582648,1.7517922928943772e-4,-0.004053059560249049,-9.814561744036067e-4,-0.0012077772470965398,-0.002122938323598214,3.9689975544944685e-4,5.748692161972937e-4,-0.0014669569646360583,-0.002452796170365171,-7.794110585852524e-5,0.00150050011032405,-0.0010013342224129875,-0.001993475060389778,0.0025804240173698508,9.594596319820635e-5,-3.849966832651295e-5,0.0011187677261874083,0.003481179293584295,-0.0024275482152116548,-0.0013252850211405334,6.90129721636176e-4,-5.43156605591062e-4,-3.5570014744123985e-4,-0.0010652593001931874,-0.002797206807463196,-7.827892664462366e-4,-8.089666575037157e-4,-0.0010101439613796658,0.0073054336312673605,0.0046928298043224835,-0.0024334570339918484,-0.0027142893222123145,-0.005924908418618301,-0.00639811888302069,-0.007851627453428416,0.0013185549714397283,0.005516016795978168,0.0033692533637968885,-0.0035883832155177964,0.0021140893014074988,0.0031620240274242684,2.3011539526687368e-4,0.0012028912612222855,4.614642600984529e-4,-0.002508141872548269,-5.270823742097776e-4,-0.0012382356724339868,1.9031006207685997e-4,3.0905424624662776e-4,-6.876729636459373e-4,3.8784194062119124e-5,-5.55912008008805e-4,-4.0467752973706274e-4,4.521965380186404e-4,-1.5901812593229777e-5,-2.06687928682957e-4,3.399966076003172e-4,9.879864474638632e-5,-1.1910468499800559e-4,2.1646669059436578e-4,-1.0172869475488386e-4,-1.3958347277095943e-4,7.636611442248542e-5,-1.3286424924766417e-5,-3.8860715544311625e-5,1.2801942077305755e-6,-2.525621489957155e-6
C15ex/C15-C15ey,0.027143159081162296,-0.004051393222498629,-0.03407262783341625,-0.008001262320895524,-0.2736605242443795,-0.047181172105346406,0.06977538729185305,-0.017939557306342734,0.004045684328596057,4.024643603922637e-4,4.5949908537979084e-4,-0.005392660844786536,-0.013578739031567623,0.002785798376208497,0.0016571629996128142,-0.007366401918629151,0.003988708074303735,-6.814787074184006e-4,0.002122339493857198,0.0026389685771614673,0.0015556654516124787,6.730941043643488e-4,-1.8910717675628638e-4,0.0020308471844780727,2.490636798299618e-4,-0.0015246704655457282,0.0019421228463316197,0.0011621661998913334,-4.22667751927984e-4,-1.621148800356563e-4,7.005082058605987e-4,0.001987034416784981,0.001809460588547311,1.312940368435281e-4,-0.0019469007023131329,-9.265596694985718e-4,0.0024182283901874892,-1.5730979942257388e-4,-0.0014567499026690884,0.001554295592815745,3.0425976460659335e-4,6.939038005661176e-4,4.8225304691488694e-4,0.0033085675512238705,0.0011350899076030415,-0.0025961978040158814,0.002800146432005025,7.023317276263507e-4,-7.648004984387867e-5,-0.0011637779036147323,-4.5897594787669546e-4,0.0018012080550326034,5.451273310310945e-4,0.0012627120779563946,-1.9554640633920724e-6,4.950770942604581e-4,0.002873395831815201,-0.0011674892191424215,0.00222008648756267,0.0023198345712637557,1.331896174778251e-4,-0.0025956378792946415,8.153476497412502e-5,8.332962916140816e-4,-0.0012158488056922285,-2.328003305827204e-4,-7.781459334791897e-4,0.0010625874552778192,6.352857719370375e-4,7.252918196777603e-4,0.0021653456800365166,-2.8473073151975094e-4,0.005172044810268451,0.0012665681740879936,0.0019603239332414554,0.0025764870326022665,-1.439152961373123e-4,-8.801331585672084e-4,0.001616249070981241,0.0034568238384356945,1.8955756711410744e-4,-0.0020139511611954094,0.001259688929049964,0.0025753057181180307,-0.003391652175320609,-2.582342210153718e-4,1.9403994922260206e-5,-0.00146741274615831,-0.004422399807757072,0.0030977235369520047,0.0016375306695722437,-6.987698874845132e-4,6.796159562250279e-4,4.8785986679229174e-4,0.0013765380947113664,0.0035225700137576986,0.0010515302690894803,9.839805003465064e-4,0.0011598191475816698,-0.00902322317898322,-0.005777099395425664,0.0030236589171938662,0.003306987733711994,0.007218730988709009,0.007902652137198426,0.009636954157615705,-0.0014895587738375739,-0.00672936675411088,-0.004182684613394936,0.004432595345500604,-0.0025843474080005572,-0.003835890283155275,-2.979595505697657e-4,-0.0015032888208007722,-5.5666116843317e-4,0.003025055010216395,6.245970391174457e-4,0.0014548305699288472,-2.3008867468331004e-4,-3.938036415954169e-4,8.344852743037228e-4,-8.723112191530746e-5,6.442377490815687e-4,4.831845220064826e-4,-5.697586504932979e-4,2.4609582946509486e-5,2.496267933650611e-4,-3.899175662712172e-4,-1.1894978970634615e-4,1.416883824030002e-4,-2.6189139754830796e-4,1.1596531085234166e-4,1.6599861598520042e-4,-8.724602984486211e-5,1.2696920922866799e-5,4.6746109628121294e-5,-1.038633678302781e-6,2.8279477420982866e-6
C15fa-C15fb-C15fc-C15aj-C15-C15fd-C15fe,0.014681614086743235,0.0034816176924325377,-0.0158677592499921,0.014770497991030997,0.008715812825533055,-0.020769691975036902,-0.00189362925365,0.001063194202946761,-9.038826145720901e-4,0.0017285657658688786,6.392915320836275e-4,-0.0011845012132695577,0.005265954958911887,-0.00624912557643577,-0.008420031034141627,-0.0053935739373129265,0.0011737386563504197,-0.0014299117623156631,-7.366049830005383e-4,1.9089880828781423e-4,-0.006081613884913314,-0.01993789184513555,0.007814490828866982,-0.0034312378358100065,0.004142140739664745,-0.013958084855627169,0.002298351822871168,-0.011520145748045033,0.013861701279014638,-0.022923434223272247,-0.01717215440320174,-0.0306600052991556,-0.0485362643091493,0.026941619308270878,-0.11796761267169738,-0.03300272769274679,-0.01910651102860049,0.021331689773372433,0.005783081283262641,0.02070985727883645,6.556857951329513e-4,-0.004676886964418012,0.016736086080953446,-0.009091923250987472,-0.003936505189146469,0.006641936407543249,8.6884815215656e-4,-0.008449646322606887,-0.0016070136307233082,-1.2603940654699156e-4,1.164431828846512e-4,0.0010058992211117708,0.006204310826929793,0.004290325294497649,0.010409853610903434,-0.0015022008101148881,-0.007170832220330685,-0.002484629860947683,-0.0031115871694863996,-0.0045450376316303115,-0.001567043564307599,0.002047854343282847,0.001646865913595107,0.003706562821498513,0.015574592467829431,8.481264403420494e-4,0.0027847553065790676,-0.0026243507863951136,-0.0028313063944636024,2.2430595205488347e-4,4.139687604748788e-4,5.857244410102708e-4,-5.945596247273383e-4,-5.782857685799306e-4,-3.422822088331069e-6,-2.1647566601503567e-4,5.108427354844784e-4,-6.092900310046498e-4,2.3638960996120745e-4,4.960286913825548e-4,3.0098107796409994e-4,-3.9602890511697067e-4,-1.2031082711789798e-4,7.985355872077805e-5,-1.3836175132521112e-4,5.1142014827761814e-5,-1.6877102168809464e-4,-3.160428121904646e-5,-7.159569720304677e-6,-6.394203256502986e-5,-7.139241473538609e-5,2.6298971523706677e-4,1.4528699699314004e-5,-5.110393604836571e-5,-8.806781201287097e-5,7.666030592725491e-5,-5.3122615382649966e-5,6.177488006309066e-5,2.280934999838924e-5,-8.375393968864174e-5,-3.297593533512306e-5,-6.694231784150095e-5,2.7108304997166404e-6,2.106946956686187e-4,2.488001005068832e-5,1.8868010424581577e-5,-4.0470231896846225e-5,-1.9445059431925685e-4,-2.5004724054985167e-4,-7.390706587745507e-4,-3.31987192226372e-4,3.811119352870963e-4,-1.623502400267927e-5,5.356344094730968e-4,-2.1229258022029276e-5,2.928467949680737e-4,-3.4108190131032246e-4,1.7667322401333243e-4,1.7416308336271867e-6,3.0845409929089704e-5,-1.714468809549771e-5,6.911712794697683e-5,5.074092151020319e-5,-7.877412948447283e-5,-1.5164637691165729e-5,-1.3225126901307191e-6,4.6661595988059746e-5,1.7572443324718434e-5,-4.558702020655212e-5,4.054429002671899e-5,-6.714220955796433e-5,-1.0762418750745592e-6,-1.548292269420279e-5,3.6256247597807096e-6,4.529075372306393e-6,-3.929990805367839e-6,-1.7706072942652999e-6,5.978110964347351e-7
C15fs-C15-C15ew-C15fq-C15fr-C15ft-C15fu,0.022128386549563485,0.004776242102232085,-0.02239073946900005,0.00359406708207178,-0.004156223796656281,0.014835465041776522,-0.04218503448406884,0.06705661420019932,0.002332878459194144,-0.17258778709761957,0.07393441736078148,0.042536581413146264,-0.054690671877617066,-0.026718834103833782,0.007248060603837945,0.005570226036195629,-0.003049766490116289,-0.0031135827176206397,-0.0033020934505947055,0.004676572839045938,0.0026348517174565006,0.010487104757493383,5.2783868157959e-5,-0.0023057542369169753,-0.004145167912919888,0.0036749504730271432,-0.006249761137664668,0.004334061152996397,-0.0026113306202741856,-4.2832249206451324e-4,-0.0020803102558891668,-0.012691081751815743,0.004199680049667473,0.003976707355038974,0.005221741189729472,-0.001103845356781017,-0.003151698378352875,-0.004700429250432156,-0.012599197036350701,0.01007086310247398,0.010620306893028862,0.0031112270128584424,-0.006830347091843534,-0.02959429621900888,0.03374248562821241,0.004928626504022622,0.0028085224198115613,-0.004824665458525854,-0.006995202591761649,0.001395717448708883,-0.006788856068592744,-8.367654848541211e-4,-0.02005841350246543,-2.800449284432537e-4,0.0014372475123898697,-0.002277273330746114,-0.005077655110422855,-0.006080915581765693,-0.005666307832405202,9.361875409728046e-4,0.0012384147340195146,0.001423573768867752,4.441475786771173e-4,1.3419761884765003e-4,-0.0014633515289297569,6.953619071527311e-4,0.001826052948124505,1.1201252278158698e-4,-0.0017920239622840803,0.0024645230243980696,-0.0027890618973844734,0.0177252210466695,0.002090757993822091,-0.0012873663040844103,-0.0040835692001836565,-9.121597213575006e-4,8.607147028023672e-4,-0.012037138408867722,0.006116076522832967,-0.002670606083545628,-0.012264277356503078,9.178408400879872e-4,-0.0017311713086479961,-9.369548133015014e-4,0.004498613567256307,-0.0012685644593704107,0.005606017506906013,-0.004589673122681405,0.002331414539676065,0.0030613584495472316,7.096571385978273e-4,0.0011146119383608404,6.154017101414966e-4,-4.751488594339756e-5,-0.0012241961758029181,3.9380393808772444e-4,-0.0028329360133714093,-3.933176810427505e-5,0.0034844893283859997,-0.0038387295310185763,0.0033587120079743927,-0.0018706191456848327,-8.430530597981121e-4,0.0016225504851939802,-0.0017047766991068471,-0.0017393205878963153,-0.0023244148992282985,-0.0011042139530820219,-0.0022783374311871286,-9.168598735329136e-5,5.779998979222708e-4,-0.0012390016342044001,-0.0022916052760018073,4.133221764717723e-5,3.157049091943933e-5,-6.2799333351198095e-6,-2.484361190971273e-4,-3.365451297055082e-4,1.1529652995246406e-4,4.973760543698645e-4,-3.2086786937382924e-5,-0.0011276362353483055,5.578936322216749e-5,2.1522278091359967e-4,-5.140081507323887e-5,1.361051445507297e-5,6.081351399561377e-5,-1.1006343808659662e-5,1.1352597636444655e-4,-3.750264212146175e-5,8.618151930521296e-5,3.6788066314832893e-6,5.073932007024515e-5,-1.0182059354409722e-5,-2.7861887418964948e-5,1.5130569144784327e-5,5.248449689446293e-6,-4.248994280133397e-7
C15fv/C15-C15m,0.05655204657617987,-0.06268597126381074,0.11171367791613224,-3.5394964068501106e-4,0.00557970732677037,-0.004132849665497634,0.009128925320322645,-0.005589408631684366,0.001249562166825979,1.0038993995769542e-5,4.436923516149693e-4,-6.273550152318994e-4,-0.006109196519091337,-1.1380626771138595e-4,0.0018159944324108957,-8.107735943363565e-4,6.341477968146075e-4,3.2956863149506666e-4,0.0012604797295831726,0.004517227988325479,0.010062575621939804,0.001993443984973466,-3.661919954201395e-4,4.6405347390196105e-4,-0.0032255692391851437,0.006625970061264759,-0.0038131351847966602,-0.004281720735602735,0.0010533857625128408,-3.692157643494861e-4,6.314929752738778e-4,6.845372803606627e-4,-3.9885342642113236e-4,3.79703533885409e-4,4.7908031567606575e-4,-0.0015068951716414977,-0.008638265388728241,8.290999147469249e-4,-4.979051951333697e-4,-7.27824860953318e-4,-6.0391958891245295e-5,5.753835995410989e-4,4.282998913018286e-4,7.664435532280784e-4,-4.193741468385928e-4,8.604248277429149e-4,-0.009016396541993153,-5.866482132335166e-4,-0.003064590058226887,-0.0029316231749320918,-0.0017711308092581274,8.893046553480302e-4,-4.652577916542205e-5,0.0026340942192754403,-5.205794029435566e-6,6.616607209044006e-4,0.0011058181861263927,-8.062923408281812e-4,0.0043198790074879725,0.00256240184180544,0.0020871751379596616,0.002131667499307288,-0.0013964133869720247,-2.2648341346283098e-4,2.8157691646590183e-4,-6.625521219908619e-4,0.0043665782441244605,-0.003296170008935784,0.010505338868724633,0.0014807023713158147,-0.006988411689285011,7.517185976150528e-4,-8.962631215106418e-4,9.986957710177203e-4,0.002357446385219211,-0.0019843539540820633,4.7314819632333113e-4,-3.756201432349417e-4,-0.0014149244313012054,-0.0010487002513729045,-6.998938284471564e-4,0.0017178877292053079,-1.3302538194405155e-4,-0.010208579013440851,-0.0040397816516583585,0.0013222053142858117,-5.372948140216067e-4,0.0025452482731634883,0.005136697259735715,-0.0027384916464765745,-0.007067347898515084,-0.00300721481986087,0.004713851074465306,0.0049529281853230465,0.0015240948569036964,-0.0015219852311525136,0.0014196617492128868,5.285901696341041e-4,5.371780704078247e-4,-0.003987499700440178,-0.002164204671676404,4.09371918651493e-4,1.8934935229863818e-4,5.875115117542968e-4,0.0010326627235564352,0.0027475182225764174,-1.9470570144222162e-4,-8.383655285358291e-4,-7.455121986018038e-4,5.479389407151879e-4,-7.95719038307884e-4,-1.7970138790299517e-4,3.425289486426699e-4,2.7508305736735487e-4,1.205559521585258e-4,-2.1530887279626898e-4,-4.987897276934111e-5,-2.3932580080985832e-4,9.984975888606864e-5,1.2216898613855285e-5,-9.792189775750573e-5,-1.4088149072850938e-4,-6.45189969471413e-4,-1.7248213379452551e-4,4.084538781480352e-4,4.997531888609745e-5,-1.885364029440771e-4,8.20877456130255e-4,0.0010468144378351955,2.2145934220381568e-5,-1.907764256050746e-4,-9.55944438700636e-5,-6.016940606297401e-5,6.27907224775966e-5,-2.9310385153277197e-5,-2.4683236707553004e-5,1.8286972821619156e-5,-3.943803369776633e-6
C15gc,0.018688014386202694,4.99875631525097e-4,-0.018191355715932025,0.001190889826673489,-0.00803777336120711,0.007683358644397532,-0.02136443683706241,0.020478079912033955,-0.01590124954434363,0.004933316216506428,1.6425453729302245e-4,0.0066365281081864355,0.08493735742223778,-0.014773047927596534,-0.1210559664038893,0.19141794808038,0.13737877294637776,0.01781821253900618,-0.0012633846861360629,0.019977998687385555,0.009181693303612294,0.03707300652093269,0.013883277650418182,-0.004965788438772349,0.002804134473914116,0.004296444705606275,-6.204002964863248e-4,0.005811303859277843,-0.0015510527587031706,0.0017336270600825932,-0.0017337586049263945,-0.007374759779507057,0.0013657382133383863,-0.004152534636930947,0.003230598785458106,0.0048951614433035435,-9.155711490093073e-4,0.004133662217468591,-3.4797021136537265e-4,0.009135563170651088,-0.013995144834972828,6.279949220876228e-4,0.0015183043973886077,-5.1982321400792005e-5,0.0017984524378763518,0.0033441190338358694,-0.0017884692890642719,0.004956267163693966,1.0239193912355196e-4,0.001074869598982912,-0.003655093518642858,-0.0060024018308499506,0.0025911619584967627,-0.004065268860235691,-0.004367329171365287,-0.002264940203455118,-0.01100707072129722,0.004233721574025994,0.002467816531436876,2.0688596200807957e-5,0.0035056919917878663,0.004703998395675598,-0.0012563045767955935,5.004936883319619e-4,-5.557810742976109e-4,-0.002989489178219457,0.0018182688575172092,0.004075065234847604,-0.0026307444296596923,-2.0094355949825374e-6,0.0012090388911778407,-6.574615614543575e-4,-3.022930575451426e-4,-3.2237378656857014e-4,-1.0386498909385549e-4,-2.7777797119480426e-4,-4.592792501317673e-4,2.031057010055622e-5,-2.5808595624855085e-4,0.001222541500067168,2.4720429865698006e-4,-4.38992362621019e-4,1.041679098660204e-4,4.990211007495482e-4,1.1470477549677334e-4,0.004203980613248686,5.081375352429415e-4,-8.88354401842391e-4,1.6499549916523375e-4,2.891261967551695e-4,-2.4609308976295896e-4,-3.6156043722809555e-4,-6.972643337867619e-4,-9.531245340910959e-5,-3.217227704604243e-4,4.0829904465523946e-4,5.25835661945596e-4,-1.4012669337395853e-4,-8.058208885927856e-4,-8.940600239912268e-4,3.6099244905941273e-4,-1.0181398192516504e-5,-1.2333998421187208e-4,1.0405750190347002e-5,1.9181455066633106e-4,2.970822165169974e-4,-1.4958301468485468e-5,-1.3253984252378496e-4,3.725310424181578e-5,4.1266860920560727e-5,-1.6363192806444732e-5,1.3132329333371802e-4,-1.1619787753302853e-4,-1.6989922278801785e-4,4.5874044988363385e-5,-2.7306154293191336e-4,-2.072520590262848e-4,2.585062129480908e-4,-5.781048078271276e-5,-6.267620027262171e-5,1.941972064153323e-4,-1.0360141557811666e-4,-7.837050932892433e-5,1.0378882936890973e-4,1.5114932024053586e-4,-3.191514224301107e-5,-3.924498663062792e-5,-1.1262099739889196e-5,-2.95717495560109e-5,1.128394637649217e-6,-1.4416950838349573e-5,2.847682042850061e-5,3.3260017361691115e-5,-2.229521820166639e-5,8.797794605497607e-6,6.867025285162841e-6,-7.454967065102606e-7,2.554583920051627e-7
C15gd,0.018551584165698107,0.002080670845334601,-0.018539527197293487,0.0035124091944508952,-0.00620339201994294,0.009730957037060622,-0.02028446870545146,0.018068002167452787,-0.005350317490974855,0.0032318191746679814,-0.005442870047047054,0.0038384292804244605,0.07435250975478745,0.006920990097146498,-0.13718460126664764,0.01202611342004763,-0.22311330097191356,0.02898989586579375,-2.7475719837685367e-4,0.032060874552807414,0.012950358161326237,0.053060809414379906,0.024539733856814495,-0.018324225858295098,0.014116925885042748,0.010825449485767746,-4.022368858030895e-5,0.007230158829957587,-0.005752302900684068,0.01590975964052654,-3.379132235118987e-4,0.005846859011832056,0.0023229297341361174,0.011911662939398547,-0.002667264220166563,-0.0020228946801834863,-8.690850171705804e-4,-0.011818281726046754,0.0012186838238856007,-0.004704021730995466,0.015996034348097803,-0.0034231616125140886,-8.374019200398051e-4,7.548920083130875e-4,-0.0031490687514053803,0.001207066844339528,0.0014647884529611892,0.0013368957438465781,-0.004894715920967289,0.002772582032836925,0.0014809281143964477,3.0398923897001204e-5,7.904538283049755e-5,-0.0015387108866911955,-0.0013310360604449159,-0.0011829804137780343,-0.005110120201478076,0.0023848138534675214,-0.001078380586241562,2.471447606320794e-5,-0.0010287497431897673,-9.069522635688677e-4,-4.764169759320975e-5,-8.817454151259407e-5,-1.2021282574878515e-4,4.163725668280958e-5,-1.2422540964451408e-4,1.0626511387332867e-4,-9.982599925108724e-4,-4.780718529967769e-4,-0.002318440244271504,-6.461635689685498e-4,8.742750011153245e-4,1.1245243900223435e-4,8.06051990084906e-4,2.969723764197817e-4,5.250819170222509e-4,3.677960794493318e-5,-2.7846130719816225e-5,3.1889912555432403e-4,-2.5887677649610286e-5,-3.106459714508424e-4,7.660654212392194e-6,2.1983536165206998e-4,-6.811477505207384e-5,-6.587068337287645e-5,5.037256156139209e-5,-1.5872773583743525e-4,-3.50708056267691e-5,1.537211064582311e-4,5.381889081531748e-5,7.191681953796225e-5,-1.5103496027497093e-4,-4.3617065919833095e-5,-9.582489900647271e-5,2.3344870211726234e-4,2.276867545627351e-4,-6.95639792159743e-5,-2.3865126727327256e-6,-3.1381491617763716e-4,1.599437901809719e-4,9.349165752609641e-5,-1.796790133532121e-4,-1.4888209619495917e-4,-1.5580929006856506e-4,5.776708042383901e-4,2.3426671641337235e-4,-0.00021760434956883852,-6.431497293686772e-5,1.2395670850462508e-4,1.0626405669591548e-4,8.651275355197719e-4,-2.3619406696276363e-4,-6.937715725254992e-4,-4.5055054364815975e-5,1.564419260985611e-4,-2.0751337439760902e-4,-1.0858518749021315e-4,-8.846903464882088e-5,-1.7099626738612168e-4,1.3890317695787485e-4,-6.003420693182452e-5,-3.951858523064784e-5,-4.641281486466607e-5,-1.1901155474536346e-4,2.8554651334234182e-5,-1.1861321682285298e-5,3.662890681277552e-6,3.9466844498727714e-5,-1.544962888893201e-5,7.980508952593056e-6,-3.8340190782073566e-5,2.359052394185782e-5,1.223353743936474e-5,-2.0462991831161365e-5,7.091294335682631e-6,6.299334297419808e-6,-8.989453679436444e-7
C15gf,0.021145433075873743,-6.449351827774321e-4,-0.019983973156464163,-0.0012566519783486605,-0.011034598231448802,0.008222075944173525,-0.028431274206479958,0.017259590744546395,-0.023118810926797084,-0.0019079233275949496,6.178540459178185e-4,0.016684788107097535,0.18865990662910484,-0.09566359855220095,0.15947572322402753,-0.006084229797596506,-0.013139494380144487,-0.004877270321962095,-0.0021937876218598514,0.028234891053863554,0.0045279092767796765,0.0411972868588153,-0.022966520314121233,-0.031041553687456147,0.012175351960603148,0.0037846465799638196,-0.021837491219670026,0.013660225166104111,2.5538809255761647e-4,0.02179562654247787,-0.02026776787006211,-0.0380474623463182,0.012073469025989235,-0.0050689776623011945,-0.006751866339679255,0.011906642799895966,0.0016189860006613987,-0.0034700701827635894,0.02021693457983077,-0.022164050616188497,-0.022808648287378736,-0.006935334949076982,-8.734424497528824e-4,0.0011541146846922546,0.006681976686708687,0.0040157468471916525,5.049234300175306e-4,-6.896995916011372e-4,-2.980770195221427e-4,-6.418996254173907e-5,-9.517503709033003e-4,-0.002149834477849108,-3.482431708042851e-4,-8.772459004366127e-4,2.850672960795626e-4,0.0024075564941844715,0.0011221351781633146,-0.0012479211958683159,-0.0025327969315108215,-0.0025772307984114557,-0.004649765422089964,-0.00470069597292781,0.0013384300603806532,-5.063340513357836e-4,9.768937864530973e-5,7.732132424155582e-4,2.0353490190573446e-4,-5.273683339682137e-4,9.450742108383308e-4,-7.972407226059011e-5,-0.0016595722064293634,-2.1145486081709718e-4,7.259873921379528e-5,3.45460767145106e-4,0.0014559146660031636,-9.881878285417332e-4,-8.755806403770125e-4,-1.0261279424436663e-4,-6.901574516674587e-5,2.8138242011067926e-4,9.171132115835842e-6,7.607609487828377e-6,1.121723429570148e-4,-3.0660435685242845e-4,-4.5364553439291823e-4,3.8359420178502084e-4,7.212101574256331e-6,-9.274414155012753e-5,-1.1807634896457459e-4,2.847075508005651e-4,5.418000405202027e-5,9.450123244682982e-5,-2.661373852537938e-4,-3.9481775357322866e-4,6.779631202234944e-5,1.0877688419472307e-4,-7.434573403316609e-5,4.613937163007133e-6,-2.9614583216373066e-4,-1.5412210284816886e-4,-1.7764714056499063e-6,-2.4304162532295067e-4,8.193764414582557e-6,5.5938563031451186e-5,1.7180368441269638e-4,1.566765072515224e-4,1.0481411538593942e-5,-9.311282509189175e-5,1.5384946129784728e-5,3.44518966061965e-5,3.7517199958093784e-5,-2.128845562355489e-5,-6.017831264418247e-5,-1.281301881349215e-4,-1.2496823247654301e-6,-6.466674757695072e-5,5.1176851434578995e-5,1.2680345722959868e-4,1.081202789241805e-4,1.587565183967284e-4,-1.5499856509172994e-4,1.9060816917844166e-5,-1.4710232978636634e-5,2.7713028738226436e-5,3.6944166612213715e-5,-1.4504911487429401e-5,1.2681920985649599e-5,-1.108361652036254e-5,-5.214609928353728e-5,7.125995864015454e-7,1.3588312712514918e-6,-1.868604844368914e-5,5.741578736121328e-6,-3.6398765452876283e-6,-6.595271259046892e-7,1.857771099660441e-6,7.40580518293248e-7,-3.2937989660506824e-7
C15h,0.019176101203442687,0.005051082215040326,-0.019886961518612037,0.004152746465463375,-0.0010216680037756188,0.012670731058861857,-0.03395388806996648,0.04553917279788198,0.015575004793503449,-0.0017927278362822475,-0.14959383166596332,-0.004404463402609591,-0.044557492349286965,-0.04312268557142408,0.004970457427463,0.0024954286980005437,-4.223160504928068e-4,-3.9214473278763177e-4,-0.002268806946750884,-0.003497634796796923,0.004330358075873714,0.00782099877194316,1.692390812416657e-4,-0.0010046450706769987,-0.005727614613222279,-1.1636752495208112e-4,-0.003846555086067248,0.0023749780806504913,-0.0014232182091804585,4.329977433409926e-4,0.0021870125968259683,0.0014136564567612296,0.003230794287677133,8.165076748586936e-4,-5.771081588396535e-4,-5.499267624991926e-4,-2.0698581303235428e-4,-0.0016566825637822323,-0.0023145032966102493,5.605308459801092e-4,4.7977334427880443e-4,3.4164796802000215e-4,0.005583935633447017,-0.003653343954947267,0.0018956676798373704,0.0018054138794935423,8.181345889459378e-4,-0.0018970492115648184,-2.9237384624369314e-4,-1.1602696701941489e-4,0.001085876607696962,-3.2325019684577744e-4,-0.0010703341325776737,-0.0015849586936974185,-0.003975377835899393,0.003082863581694442,0.0014061303037672585,4.4867084306945596e-4,-1.0645542914527845e-4,0.002698579036773878,-3.843669219378358e-4,-0.002204660141946744,0.001583731459379498,0.02834145629945187,-0.011012554606301461,-0.001430989059012524,0.008829511892596127,-0.01010914552659023,-0.00476511221623705,0.001037310224874144,2.0538335511889532e-4,-0.0026271167583986482,-0.002212026741026446,2.518174785087464e-4,3.3483869773352786e-4,-6.119902672509092e-4,-6.2833716986021476e-6,0.001053251989640015,-5.904298276005813e-4,-9.761459778847498e-4,0.0020582048113631794,6.38317663860685e-4,-2.873487565823438e-4,-7.282593481830464e-4,0.0011903297393422573,1.5223695992311795e-4,7.65874362150857e-4,-0.0010833370873258121,0.001578688944625991,8.335399174220553e-4,9.787347038975784e-5,5.065462895181063e-4,-4.2868974064436295e-4,4.7705576297445726e-4,-3.3112434808993033e-4,-2.0387735668728842e-4,-2.5535811106784076e-4,4.978085338821736e-5,-8.269319209088538e-4,0.0011218240376570062,-7.055665126610173e-4,9.557550155128905e-5,1.8213085202918564e-4,-2.814733119781008e-4,7.891301372521729e-5,-7.587274362506554e-5,1.1219832422829406e-4,1.0230943023620372e-5,8.905289995523929e-5,3.3779219699401193e-4,-1.7318289607160507e-4,-9.975001401750242e-5,-3.1911631400792094e-4,7.205105121666298e-5,-4.8032017695727e-5,2.042736630277974e-4,7.730409836565087e-5,-3.223993084808992e-5,-8.756099381013165e-6,6.803792501447036e-5,1.4247619540310251e-5,-7.76716619987447e-5,8.299052166550214e-5,4.5693089700584604e-5,-7.537644761010756e-6,3.013177200113134e-6,-9.282289682404626e-5,-2.2367169232539482e-5,-4.755633378967728e-5,1.590329823134099e-5,-2.68549898735236e-5,1.0796349123536062e-5,1.5006035598687858e-5,-6.839571696533334e-6,-1.3348525035758626e-6,3.5882627406739e-6,-5.120350422353902e-7,3.2210968969054107e-7
C15h-C15,0.013961501731873749,0.002853354019163246,-0.014337510277285312,0.0022794307474560548,-8.620086915798827e-4,0.008311773153832596,-0.023475804988094862,0.03099140266079149,0.010873968629451194,-0.0017323088400151088,-0.10297670588771264,-0.0024218167481877004,-0.032259667144561785,-0.03006582498710198,0.0024084566970267157,8.838345174145327e-4,4.947035754355355e-5,6.198798564026517e-4,-0.0012579262959040549,-0.0012638176616055073,0.0031257461235090216,0.006868020577904505,2.8252273181330934e-4,-0.001577380505022756,-0.00370651903036921,-0.0010486495115243635,-0.0023005323613575113,0.0017287728460275223,-7.363358542284977e-4,9.119844857922379e-4,0.0010645667653708265,-2.2091813056602388e-4,0.0013701649728311183,2.855123228718725e-4,1.0841714452737844e-4,3.1363376396022556e-5,1.8880904989806126e-5,-1.3194828852051526e-4,-6.638621617516031e-4,-2.989228123102141e-4,4.0836526485912904e-4,-5.193105362320187e-4,0.0020646483885374107,1.1501646834438945e-4,3.923714664649576e-4,6.626730858610289e-4,2.8037392970822517e-4,-3.903419810902287e-4,4.914202051894941e-4,4.5007776714938634e-5,2.9495780088053725e-5,1.840424629667636e-4,-1.9238223793877467e-4,4.8395925929986526e-5,1.0214460673811509e-4,1.4777434433584112e-5,2.1761901841271584e-5,-3.0273424227723286e-5,-3.711753428232596e-5,-9.250993720582002e-4,-3.916708972161999e-4,1.2508141447036968e-4,-1.0018326851865374e-4,-0.002648473137897563,9.614568797080036e-4,1.83635090411192e-4,-0.0018298715742365856,0.0021385556842850313,9.336675923744399e-4,-9.825832438941388e-5,5.260218752857823e-4,2.5127116542753095e-4,0.0011796060580097512,-1.4026649173927408e-4,4.370282205795149e-4,5.47203147890697e-4,2.1524463324387632e-4,-5.654131129854164e-5,1.3474431471375008e-4,0.0010229474829837261,-6.606032621673073e-4,-7.986417349330358e-4,1.474545531159553e-4,4.3441242757519667e-4,-6.097933962641556e-4,-2.1177613157615373e-4,3.581596294542211e-6,-9.923651579193699e-5,-0.0010683348058949697,-3.5742510550891293e-7,4.869523365996317e-5,-5.067335043682948e-5,-1.799367179246406e-4,-7.105777680856406e-5,4.476186305892169e-4,5.55065713433616e-4,3.960425530248081e-4,9.408465342006785e-5,-6.717529766216176e-5,-0.0010417206194333858,-4.055109444583634e-4,3.302511012538727e-4,3.188959633487321e-4,3.4306752956405484e-4,5.350119582767357e-4,4.8474241316206324e-4,3.5257311394393395e-4,-1.9268545058741629e-4,-2.192864772450238e-4,5.0762586720827724e-5,-7.155743671010511e-5,-2.087653010145822e-4,-1.9355088510381694e-4,1.270454316361927e-4,-3.907647582326554e-5,-2.170323514715764e-4,-1.1380727199406756e-4,-3.491399312107092e-4,1.9053217929579412e-4,-1.1281010204659402e-4,-4.827387471209109e-4,-8.583757731287102e-4,-2.9655553290364243e-4,-1.0644918696940228e-4,1.7991788545728996e-4,-4.263902605767811e-5,-3.9558113900633036e-4,-4.171590894141033e-5,-5.4613680589562715e-5,1.6412958289424784e-4,-8.791946935027125e-5,-5.402307415764878e-5,4.050725416951628e-5,-7.999583988058843e-6,-1.6500818464118682e-5,2.8882766404609364e-5,4.507883879057199e-6,1.7851632178480667e-6
C15h/C15,0.019176101203442687,0.005051082215040324,-0.019886961518612033,0.004152746465463372,-0.0010216680037756255,0.012670731058861868,-0.033953888069966465,0.045539172797881985,0.015575004793503431,-0.00179272783628222,-0.14959383166596324,-0.004404463402609587,-0.04455749234928697,-0.043122685571424076,0.004970457427462976,0.0024954286980005155,-4.223160504927765e-4,-3.9214473278762786e-4,-0.0022688069467508946,-0.003497634796796902,0.0043303580758737165,0.007820998771943168,1.6923908124170267e-4,-0.0010046450706770052,-0.005727614613222253,-1.1636752495207338e-4,-0.0038465550860672312,0.002374978080650443,-0.0014232182091804678,4.329977433410268e-4,0.002187012596825971,0.0014136564567611976,0.00323079428767709,8.165076748586795e-4,-5.771081588396412e-4,-5.499267624991784e-4,-2.0698581303236924e-4,-0.0016566825637822067,-0.002314503296610253,5.605308459801098e-4,4.7977334427879895e-4,3.4164796801999374e-4,0.005583935633446975,-0.0036533439549472687,0.0018956676798373474,0.0018054138794935898,8.181345889459375e-4,-0.0018970492115648171,-2.923738462437175e-4,-1.1602696701941764e-4,0.0010858766076969775,-3.232501968457533e-4,-0.001070334132577672,-0.0015849586936974023,-0.003975377835899385,0.0030828635816944135,0.001406130303767241,4.486708430694539e-4,-1.0645542914528792e-4,0.00269857903677386,-3.843669219378473e-4,-0.002204660141946791,0.0015837314593795018,0.028341456299451933,-0.01101255460630144,-0.001430989059012523,0.008829511892596103,-0.010109145526590224,-0.004765112216236949,0.001037310224874076,2.0538335511888055e-4,-0.002627116758398608,-0.0022120267410263785,2.518174785087946e-4,3.3483869773353437e-4,-6.119902672508813e-4,-6.283371698623124e-6,0.0010532519896399451,-5.904298276005444e-4,-9.7614597788472e-4,0.002058204811363117,6.38317663860666e-4,-2.8734875658235714e-4,-7.282593481830502e-4,0.0011903297393422304,1.5223695992310938e-4,7.658743621508744e-4,-0.0010833370873258275,0.0015786889446259265,8.335399174220366e-4,9.787347038977427e-5,5.065462895181169e-4,-4.2868974064439835e-4,4.770557629744742e-4,-3.311243480898229e-4,-2.0387735668736266e-4,-2.553581110678178e-4,4.9780853388243516e-5,-8.269319209087555e-4,0.0011218240376569403,-7.055665126609786e-4,9.557550155127991e-5,1.821308520291258e-4,-2.814733119780602e-4,7.891301372515808e-5,-7.587274362499578e-5,1.1219832422831397e-4,1.0230943023599434e-5,8.905289995513811e-5,3.37792196993984e-4,-1.7318289607155148e-4,-9.97500140174877e-5,-3.191163140079648e-4,7.205105121663384e-5,-4.803201769581321e-5,2.0427366302791413e-4,7.73040983655694e-5,-3.2239930848055734e-5,-8.756099380858564e-6,6.803792501441798e-5,1.424761954026183e-5,-7.767166199879283e-5,8.299052166558934e-5,4.569308970040781e-5,-7.5376447609751494e-6,3.0131772000443884e-6,-9.282289682389945e-5,-2.2367169233023755e-5,-4.755633378950279e-5,1.5903298231420767e-5,-2.685498987408008e-5,1.0796349122637636e-5,1.5006035598302794e-5,-6.839571696491403e-6,-1.3348525029469813e-6,3.5882627410228757e-6,-5.120350423040399e-7,3.221096878343172e-7
C15h/C15-C15dw-C15dv-C15dx-C15du,0.020985330403245024,0.005442632041694821,-0.022004710765458648,0.004816456127985245,-0.0015437598225629694,0.014121321369999405,-0.03793782763129591,0.05150775822591263,0.017967817506772003,-0.0019593342792078084,-0.16993228083194298,-0.00486882129151034,-0.0503297187336681,-0.04919113905607103,0.006531813525891869,0.0039084050812512395,-6.322456482532883e-4,-6.807109742998178e-4,-0.0029142839809414792,-0.00431909281818825,0.00473995563988355,0.008867609905595179,8.024170027811258e-5,-8.866864642926877e-4,-0.006835286752287292,7.454875144461236e-4,-0.004896980153243174,0.0025960433329539636,-0.0017994285108227407,2.497650081535088e-4,0.002629506825146884,0.0018564531696776965,0.004182403280983149,9.248497243988531e-4,6.9093949508233516e-6,-0.0010112224237189575,-6.266076271584502e-4,-0.0021808372952489934,-0.002978812252577703,6.8581462588491e-4,3.573911542070577e-4,6.437813202182815e-4,0.006956583187851759,-0.006807388162671159,0.002301690699806491,0.0031393971185974833,-1.7464216921076096e-4,-0.003028794141067376,-6.515115944896746e-4,-4.270256721600699e-5,0.0020205318568172767,-5.97268263107824e-4,-0.0020455114300109217,-0.003500844287145679,-0.007358178381592703,0.005846611999216294,0.0023215182608286034,0.0013435118875136942,-0.0026153247613854734,0.008750178386377441,0.0031141449892574426,0.0024801320235044158,-0.005074568795868351,-0.052013985873389415,0.01753887137198943,0.0014556224338333772,-0.006572590991222957,0.002496281534913708,-0.0014268575708323546,8.069512669767138e-4,0.001208696281136508,-0.0021931241367571025,-5.262660161159113e-5,6.164540267724889e-4,7.978004241730141e-4,1.4353995458286513e-4,-1.3843548372745302e-4,9.953446789067847e-4,-2.7489088798787336e-4,-1.1584425455382512e-4,0.0020225818961559145,6.450259432091533e-5,-1.4103246438979477e-4,-4.353773753448766e-4,8.67668625534839e-4,-2.636117633431155e-4,9.143737054816857e-4,-0.0013476562830116842,0.0014213688620666074,0.0011970548751599553,7.223214661135555e-5,5.821250662256499e-4,-5.114821302219298e-4,4.550503336953419e-4,-2.0271222582603218e-4,5.601628441868871e-6,-2.5698105478330906e-4,1.0335908718761077e-4,-9.914681148265449e-4,0.0011085890328256388,-9.713182390144355e-4,2.281473829104026e-4,3.1586717083422465e-4,-2.1403986754179344e-4,1.7833907809437462e-4,-5.224883877387745e-6,1.7628200829150365e-4,-1.2740255734708627e-5,1.3115205576126146e-4,4.0906361092802766e-4,-1.9793958920501443e-4,-8.710819375507881e-5,-4.317028892291336e-4,8.772074540281018e-5,3.650133721081603e-5,2.56620909065173e-4,1.0178471633723736e-4,-1.083240875785427e-4,1.3853044555373953e-5,1.0866774299493501e-4,2.7996719655210127e-5,-6.741530134779996e-5,1.651462954849059e-4,5.8589773574853355e-5,-4.7055793071697245e-5,2.23751676552427e-5,-1.2798103492734286e-4,-6.089432065349205e-6,-4.2528141832199e-5,1.1005383014198862e-5,-2.9536896460572604e-5,1.5132703055439985e-5,2.4800078091616716e-5,-1.0501602080974342e-5,-1.6012533051542207e-6,4.469159713036629e-6,3.128840875935769e-8,1.912352913703166e-7
C15m-C15-C15db-C15ae-C15bk,0.07796317943984256,-0.08671400085789598,0.1558636165052409,5.049818227832891e-4,0.007744363711612894,-0.005185899922177215,0.012473595751004814,-0.00680034568198013,0.002160044969656713,6.512080381385408e-4,4.704379820400687e-4,-0.0017901308358145617,-0.0064601182924196015,0.0011395906397570288,0.004380667071642297,-2.543425196736841e-4,8.962191113740843e-4,-0.0011855851382093622,0.005605308018689433,0.016195952145132482,0.06205750967098895,-0.018092670119982637,0.0014801554821648648,-0.0012713964158622467,0.006877881522634942,-0.015223534531048745,0.008809824118627487,0.01111452009742618,-0.0037805622694495286,5.629628991940294e-4,-3.507031629649156e-4,6.179471344801683e-4,0.0023885996293014854,8.076292294075788e-4,0.004233819603405603,-0.004873410487841796,-0.01786478700952703,0.001542232986600857,3.023081506161956e-4,-0.0012829738285175087,-8.759185754490112e-4,0.0010292833437486977,9.161653645058127e-4,0.00465738528056108,0.003728800466075748,-0.002580518537594322,0.015271346394043268,9.431397967418483e-4,0.004408959505147457,0.003093463204854582,0.0017414746884371068,-7.648110904408165e-4,9.45740520502034e-5,-0.0022665814177309524,6.52678380152853e-5,-4.4724436505140796e-4,-5.489163352434758e-4,3.638368878442183e-4,-0.0026628078375493794,-0.001453202343204387,-0.0011807474115307403,-0.0012095961725265695,7.161932938881157e-4,5.5804262523070004e-5,-1.0218049475956181e-4,3.135453767966222e-4,-0.0021363272665775733,0.0015754625172914487,-0.004775528034833158,-7.018679677141848e-4,0.0030740681673765186,-2.8577494128712776e-4,3.4382485039759697e-4,-3.9294960544961625e-4,-0.0010252234916138313,6.80801066295339e-4,-5.131765811072709e-4,9.418200711681074e-5,6.977212344401256e-4,3.7155945576412434e-4,3.436491674237162e-4,-6.014219200862215e-4,8.181281823082517e-5,0.006407557428081109,0.0029228368105499347,-7.278871899610845e-4,3.896838549619884e-4,-0.0015791699763537442,-0.0033805937130633678,0.0021184628389028753,0.007013929453323645,0.0035364048483003045,-0.005833767883418467,-0.006783331028782911,-0.004205534239500752,-0.026290425550150858,0.005163619988002381,6.240860400549058e-4,0.0010736927445672033,-0.0016875020341511676,-8.356256741501481e-4,-0.001815159080994236,-8.795328963837619e-6,-2.7227944857375594e-4,4.1522533386430336e-4,0.0021766083585665753,-2.2147767996960252e-4,-4.435518557111873e-4,-3.6204785562864167e-4,2.558335940011606e-4,-4.41697338530004e-4,-9.023722609719737e-5,1.7527874588067432e-4,1.2517721131328252e-4,4.805374374521618e-5,-3.646604557797442e-5,-1.248067962331015e-5,-7.357861364290763e-5,3.053578218181465e-5,9.373189587376688e-6,-4.2824396064904945e-6,-7.487745246823957e-5,-3.0193760146195794e-4,-7.320285886916351e-5,2.093738846290692e-4,3.323481325314713e-5,-1.1150404472471567e-4,4.5244535297409705e-4,5.914796327891708e-4,1.8172635218655083e-5,-1.1634837209743073e-4,-6.918892089092987e-5,-3.347439982465509e-5,4.150128304954536e-5,-2.3060327649050777e-5,-1.5769323089091055e-5,1.4129620125153193e-5,-2.9282414909767964e-6
C15m/C15-C15ae-C15bk,0.06591786209165867,-0.0722150669391685,0.12956143882353047,7.286604699764002e-5,0.0067073282689633544,-0.004227595186637024,0.010021035325665359,-0.0056171055689659315,0.0015255666229137873,2.6278891472955265e-4,3.570839720875549e-4,-0.0013964833146949513,-0.005575568275979953,7.023988284585281e-4,0.0025411776229584434,-0.0012146027673125147,0.0010631946728181865,-4.501025996499174e-4,0.0027753287146669693,0.007644550551277571,0.02554390458331327,-0.005074071947722505,8.635751169592328e-5,2.8709736694466724e-4,-5.00661927530498e-4,8.425233730607668e-4,-5.143940533051664e-4,-0.00138025978532278,4.804290456247987e-4,-4.324043351851417e-4,6.577001871276608e-4,0.0012599934474476688,-3.5465612303308574e-4,1.4735955156987336e-4,-0.001258633125262804,7.589772109616674e-5,-0.0032667744079290426,-7.62526240032386e-5,-0.0013109773898349333,8.32785020699162e-4,8.277719098407999e-4,0.004428980332514601,0.0030748681657843152,0.015738183968629926,0.011366364154175131,-0.0038272018038736444,0.030842613567187104,0.001191579110743346,0.008547510843643441,0.00565671542879028,0.002902761907301349,-0.002038626830676005,-2.2528399079997609e-4,-0.003390756285660838,6.50405460760779e-5,-5.848957387258128e-4,-0.0017317361501804423,5.937539360290791e-4,-0.0025964123304623157,-0.0015599854298334334,-6.345610293572667e-4,2.0618970681906615e-4,3.226587546046614e-4,-2.3579704716430026e-4,3.1654337037101865e-4,1.7916166054424447e-4,-3.4964771293775e-4,1.0899504479246417e-4,-7.911944150647314e-4,-2.5401465806717903e-4,-4.18213468498602e-4,1.1503489933373191e-4,-0.0011170359374363397,-1.1532688226513134e-4,-2.5163870245383674e-4,-7.463776654074225e-4,-9.192832215561092e-5,1.1635343980011809e-4,-4.296386742622153e-4,-9.134543094940183e-4,-2.0733366699074275e-4,7.464360718443783e-4,-2.3739178041214018e-4,-0.0026974711190213205,-3.47942628983075e-4,4.507543845126102e-4,-1.2287818098927913e-4,9.94794260777242e-4,0.0024214406582928547,-0.0014541284794546687,-0.00298492537695297,-0.0012325117341352198,0.0019882762949509415,0.0021283971180429697,7.092979606278501e-4,0.0013226187282550914,-1.1514438062123307e-4,8.272833546652931e-5,8.341425705583029e-6,-0.0011592858539437386,-4.692057702772538e-4,0.001330445787675375,1.4598679971290893e-4,3.487002126274205e-4,4.187446486730734e-5,-3.961530089690304e-4,1.0875634143470432e-4,1.2312899495029489e-4,6.20970128571606e-5,-4.033197548440571e-5,3.9519244372306366e-5,1.4249889377927812e-4,2.8310148889574506e-5,2.582552542618514e-6,2.827495979871378e-5,-7.124287928389027e-5,-1.678145218299469e-5,-7.051431223850042e-5,5.1342718354694255e-5,3.841014324622787e-5,-2.3485494892812565e-5,1.594664721014956e-5,-3.986110491700643e-5,2.541261005321723e-5,1.0137629390654412e-4,-1.7078375357959093e-6,-2.2469859660917316e-5,7.878406984982496e-5,6.857612511321925e-5,-2.5056336648790315e-5,-3.906108044824142e-5,1.2324546972596856e-4,1.0851446726799556e-4,-8.9860619606269e-5,3.2344930120013935e-5,4.006096821549277e-5,-2.0304391939209587e-5,6.578755191321793e-6
C15m/C15-C15ae-C15ee-C15bk,0.06956647152236409,-0.07615127007853102,0.13669765602038597,2.53335769844741e-4,0.007023661852775795,-0.004341241772959864,0.01044453008553016,-0.005701154588479225,0.001653317698252181,3.6679161800442936e-4,3.4921139354327386e-4,-0.0015864442445965514,-0.005432016525649666,9.347867934882964e-4,0.002810516949932302,-0.001182341537240503,0.0011133184507933584,-6.923976682673968e-4,0.0032245738654852686,0.008597599715037879,0.03039400000012679,-0.007324035179299957,2.3414503614875657e-4,2.2556795203625523e-4,2.514672503123734e-4,-7.364198638140226e-4,3.390129768475598e-4,-8.293465214743112e-4,4.788677163074868e-4,-4.968903147542716e-4,7.050178472315814e-4,0.0014535513812491431,-5.40595149023129e-4,4.326886829573877e-6,-0.0023258822054069775,0.0011650988984724284,6.148766820248127e-4,-5.940972743656149e-4,-0.0017556175968831771,0.0016928124590732188,0.0013979922702879197,0.0063305246858512895,0.004349007289561479,0.022949764869200646,0.017019474950150215,-0.005798571589023935,0.04932831397849222,0.001929388806055078,0.013968661876463905,0.00967615114269767,0.00506598523593993,-0.0034956246825676726,-3.711206432644925e-4,-0.0061574002749754005,9.60893927512616e-5,-0.0011625791961489289,-0.003238784119995912,0.0012538025980821821,-0.005615224370989914,-0.0034276246761468987,-0.0016934049728685203,-2.567717130346537e-4,9.885367674522156e-4,-3.815439609775358e-4,4.6453126901813287e-4,5.268876780889753e-4,-0.0020507545408756517,0.001292431114090864,-0.004909431482292063,-9.470798959684256e-4,0.001634847851255168,-5.2892301591913235e-5,-0.0017397082999422505,-5.746253630862344e-4,-0.0012857473980290956,-6.576768021864191e-4,-2.0469683895340648e-4,3.7994197054280917e-4,-3.8816822739244075e-4,-0.0013630318869630033,-1.7156691441833085e-4,8.40038576712602e-4,-3.999405214984807e-4,-0.002639643667884794,0.00013448549886305901,5.511194070818313e-4,-1.286768465084264e-4,0.0014116705763448183,0.0037240489756996593,-0.002475022778931335,-0.0056430811459101315,-0.002655851858047914,0.004448810882113634,0.005103326875989976,0.0027286132118105656,0.01657567732834176,-0.0036160601107512592,-3.8187331596190136e-4,-7.67557710405157e-4,1.1084776143843672e-5,9.740710083448988e-5,0.004238515340334141,2.164744599968769e-4,9.280483849693599e-4,-4.82669129545332e-4,-0.0037417211519701395,4.947077544848017e-4,8.834962960737577e-4,6.802987269275109e-4,-4.0082379392599414e-4,8.196767935078038e-4,4.7843024806440264e-4,-3.4400309166663376e-4,-5.068181617177979e-4,-8.38643861615699e-5,1.0933171395817633e-4,-3.422636002242466e-5,6.430598554806677e-5,-9.911849733945541e-5,-6.848925914268038e-5,8.483663948234007e-5,-7.306786521044763e-6,2.0487945410186463e-4,1.713955587854258e-5,-1.8205046657878492e-4,4.2897253882176595e-6,4.550436374305078e-5,-2.242181936712468e-4,-2.545300733285443e-4,4.770273365699673e-6,6.974215321581108e-5,-7.870307965941049e-5,-5.1807727923989905e-5,4.943004402268455e-5,-2.2294584337440523e-5,-1.9704463860458907e-5,1.2734921929092018e-5,-3.7825625833303953e-6
0,0.10300571829345732,0.08441332593912738,0.07942912778597622,0.05912420321290516,0.05599595913172398,0.05237927838657945,0.04930675418163387,0.04279055873845312,0.036815731080948516,0.035921024287733805,0.03460117448170661,0.03353764243966376,0.02878351842655379,0.027344777791496716,0.023658657730341034,0.02277969719552293,0.022551686137347038,0.018804334911177674,0.01655918319140936,0.01611329032874461,0.015692299859417926,0.01477699835021666,0.012315789272512864,0.011793736824422918,0.010604781075090604,0.010508070138535872,0.010050515333520001,0.009315582453138785,0.008530922938878336,0.00811716785328608,0.007836034823467196,0.00734669290884916,0.007190464310653908,0.006614723422954961,0.006324371881997605,0.006149242871463287,0.005847105491793293,0.005753111861196545,0.005312450550958409,0.004918073886723029,0.0046933011805052275,0.0036441007538432447,0.0034786341283524905,0.003427055044320821,0.0032000887699608657,0.0030204672324043026,0.002760334187617097,0.0027179312572332957,0.0026177678602777857,0.002396447613961392,0.0023354306263928897,0.002246715315748668,0.0021749354232783844,0.002142684685527422,0.0020779910366502756,0.0019245739799534434,0.001892956475949895,0.0017090541622288198,0.0016710939754016464,0.001572978919698937,0.001473703884792592,0.00140304194146496,0.0013800832495423545,0.001336457512566916,0.0013278885889613354,0.0012631664458426243,0.0012527811148044616,0.0012028869125279,0.0011371934008515615,0.0010788590906807933,0.0010384521620066247,0.0010148022066878615,9.004732817578306e-4,8.328444614048946e-4,8.288836901033892e-4,7.854581808078811e-4,7.610040446957168e-4,7.480758415384375e-4,7.222927046153437e-4,7.124494188829838e-4,6.81787168703261e-4,6.769017378885718e-4,6.494474776237544e-4,6.285027969216892e-4,6.051033107100143e-4,5.751560024883788e-4,5.684410715690589e-4,5.483064157026594e-4,5.196034532269496e-4,4.986442368577587e-4,4.841178527530158e-4,4.6642999078382036e-4,4.6064781007505636e-4,4.569450063804338e-4,4.30100241101044e-4,3.993312036758296e-4,3.7750601017504505e-4,3.5168014224570517e-4,3.3845009312041656e-4,3.24510306525846e-4,3.139221553018507e-4,2.918804616666285e-4,2.883373957627572e-4,2.690621263618767e-4,2.498769192130083e-4,2.490134481096171e-4,2.2763246271270294e-4,2.1495910974192516e-4,2.0721916224415566e-4,1.9837056684133514e-4,1.7292916018972306e-4,1.6550869061043071e-4,1.4131083649863757e-4,1.3104914116255197e-4,1.0862778595488478e-4,8.771972253036481e-5,7.28965371809175e-5,6.422001349573746e-5,5.981481741726746e-5,5.824450619897645e-5,5.5639042553495504e-5,4.512612048009845e-5,4.357850828311706e-5,3.340070547078885e-5,3.1923880673932e-5,3.0649632329046956e-5,2.712319334731835e-5,2.483437057836164e-5,2.269551642886821e-5,1.717874338483533e-5,1.589202300264772e-5,5.4704490294259145e-6,3.503592301820687e-6,3.1449937618607495e-6,2.0347916285166737e-6,8.593877590259601e-7,4.847240295201588e-7,4.1945743863468726e-8
