analysis_type_uid,Axis.1,Axis.2,Axis.3,Axis.4,Axis.5,Axis.6,Axis.7,Axis.8,Axis.9,Axis.10,Axis.11,Axis.12,Axis.13,Axis.14,Axis.15,Axis.16,Axis.17,Axis.18,Axis.19,Axis.20,Axis.21,Axis.22,Axis.23,Axis.24,Axis.25,Axis.26,Axis.27,Axis.28,Axis.29,Axis.30,Axis.31,Axis.32,Axis.33,Axis.34,Axis.35,Axis.36,Axis.37,Axis.38,Axis.39,Axis.40,Axis.41,Axis.42,Axis.43,Axis.44,Axis.45,Axis.46,Axis.47,Axis.48,Axis.49,Axis.50,Axis.51,Axis.52,Axis.53,Axis.54,Axis.55,Axis.56,Axis.57,Axis.58,Axis.59,Axis.60,Axis.61,Axis.62,Axis.63,Axis.64,Axis.65,Axis.66,Axis.67,Axis.68,Axis.69,Axis.70,Axis.71,Axis.72,Axis.73,Axis.74,Axis.75,Axis.76,Axis.77,Axis.78,Axis.79,Axis.80,Axis.81,Axis.82,Axis.83,Axis.84,Axis.85,Axis.86,Axis.87,Axis.88,Axis.89,Axis.90,Axis.91,Axis.92,Axis.93,Axis.94,Axis.95,Axis.96,Axis.97,Axis.98,Axis.99,Axis.100,Axis.101,Axis.102,Axis.103,Axis.104,Axis.105,Axis.106,Axis.107,Axis.108,Axis.109,Axis.110,Axis.111,Axis.112,Axis.113,Axis.114,Axis.115,Axis.116,Axis.117,Axis.118,Axis.119,Axis.120,Axis.121,Axis.122,Axis.123,Axis.124,Axis.125,Axis.126,Axis.127,Axis.128,Axis.129,Axis.130,Axis.131,Axis.132,Axis.133,Axis.134,Axis.135,Axis.136,Axis.137,Axis.138,Axis.139,Axis.140,Axis.141,Axis.142
C15,-5.43064573089768e-4,0.0010366328215242675,0.003588317172659547,-6.632974447545929e-4,-0.0018731877109822426,-0.0014579876529629745,-0.0017873316004839738,-1.491274655993996e-4,0.001006277191894979,9.231934788689786e-4,-0.0010961685897264263,-1.7441339337547282e-4,3.426069305505596e-4,0.0055891909921314325,-0.0020437590072732606,7.017512573648505e-4,0.001621082883665313,0.002943803265163891,-0.0018233162691409155,-5.706234143790828e-4,0.0025610723836629605,6.837599939654819e-4,-3.348035330907565e-4,-3.370088184102062e-4,-8.983528050207018e-4,0.002126916821195729,1.282060817919655e-4,4.633481337449534e-4,-4.622561551297607e-4,-6.219751914907955e-4,-0.001556955724458792,-3.633009463584589e-4,-0.0018705275816103598,-3.2196323705951447e-4,-1.7484170984420004e-4,0.0022715226268424744,-8.959756573569609e-4,-2.941824151936602e-4,-0.001053454867118684,9.356196458284173e-4,3.719281697831759e-4,9.90830210904058e-4,4.178176870383884e-4,2.97340867521626e-4,-1.3579855146445365e-4,-0.0012351013458128423,-2.767553721697489e-4,-4.866138829194684e-4,0.0019885242191232263,0.0011786269801146742,-3.0013079908223816e-4,-2.706508563599806e-4,5.732747666362002e-4,-6.291101520438271e-4,1.8903012027644768e-4,6.638187679329976e-5,-5.988890755406523e-5,-5.768799766443948e-5,8.369498893183447e-5,-3.986456170498776e-4,1.4540527167831497e-6,-1.8275938062362282e-4,-2.3398017771115984e-4,-1.0392942934181579e-4,7.788975326149138e-4,2.1050754533772064e-4,1.2747453078189942e-4,4.2432238248881713e-4,-3.883488280798785e-4,5.519642067777751e-4,-1.793542045364992e-4,-1.0066846786477406e-4,2.742401583028226e-4,-7.427906161144762e-4,-4.85986568481714e-4,-6.833750400513604e-4,-3.220224757345808e-4,-1.4070343013105737e-4,3.592680581851537e-4,2.611122287230351e-5,2.710232320276784e-4,-2.694758815553385e-4,3.435899386276487e-4,-2.6226069281039445e-4,-4.5727708325575675e-5,2.146095498620761e-4,3.286041806966921e-4,-2.4142224358681788e-4,-1.5820190786333947e-5,2.4354451446740102e-4,8.136012943621897e-4,-1.6990991640854984e-4,-4.20468466502099e-4,-2.3139405393972565e-4,-1.530470460280528e-4,1.8344933556670235e-4,-2.627301596118365e-4,-5.580405921843548e-4,-3.0103676194273793e-4,1.6847507608407309e-4,5.270277712195635e-4,2.2335090561940985e-5,-1.1517210432671887e-4,4.597682042861555e-4,2.5685573888279054e-5,-9.765156504243761e-5,-6.45252081978897e-4,5.0050713799339165e-5,1.92989328679807e-4,-2.0501888354216302e-4,-1.822530209143175e-4,2.800714917455439e-4,-1.8389099279107833e-4,2.336220310007203e-4,2.718400024241344e-4,-1.8947459962354845e-4,1.7448623706731407e-5,-1.0372304797972612e-4,8.731485470919976e-5,9.157188922562248e-5,-1.13380485007075e-4,1.8029739963636554e-5,-2.8873433231648438e-5,1.928772752393614e-4,1.796232075132823e-5,-3.340222473946182e-4,2.0969440108801e-5,7.981468060106064e-5,-7.644000973597416e-5,1.8175139725686715e-6,-5.4483193627914815e-5,1.5991128399224565e-4,6.862884599267478e-5,-1.7305510199215003e-5,-1.7950525236468257e-5,1.9834027592473133e-5,-4.432134453572385e-5,5.0756888668507996e-5,-2.24708832192653e-5,-6.710772773848535e-6,2.2332070910332625e-5,6.210620892855269e-5
C15-C116-C15ct-C15ch,0.011626585571157486,-0.0021580070118949945,-0.01715794143132292,0.03377918996899874,-0.007124507947483497,-0.0022693656269220518,-9.73609194332664e-4,-4.3799178371179033e-4,-0.004218217724973452,-0.005154714577368389,0.0017596222085775012,-6.686421977357187e-4,5.022029619206704e-4,-0.00863689251630662,0.0033843191432571715,-0.017768699824529353,-0.001532657020402249,-0.002758387284957249,0.03978071544010325,-0.019733780696188252,-0.002476174554650597,-0.0018401365897684448,0.0038381389487754706,-9.846378870369764e-4,0.0015655700136027392,0.005642288911477302,0.0016500405974627093,0.002810392924203897,3.5609308692570837e-4,-0.007436463289211123,-0.002320835941698753,0.014823459814754986,0.0013965269373256127,-0.0013907741891986628,-0.012881450624793574,-0.002156701760014045,0.005227050233667603,-6.564358747934691e-4,0.0011262487958240942,-0.0013092375795476492,0.006386948736511361,-9.515858729272661e-4,0.002046658847240972,7.305767048897934e-4,-0.006713333537607592,-0.003689696217314135,0.001878266019941042,7.352099719334293e-4,2.540758623096137e-4,-0.0057041014833422955,-0.004148235808032995,8.030048405837009e-4,2.4048239507728993e-4,-7.057649001809786e-5,8.463887241765338e-5,-0.005771900272907221,-0.0023606393610292905,0.0036630928112012556,0.0010742238524529977,-8.366533137712703e-4,0.001023126978632311,-1.5644528481081985e-4,1.3205991264470603e-4,-2.853556563920707e-4,-0.0011912478853881832,6.136967586405257e-4,-1.9754116086249658e-4,-5.693291313559674e-5,-9.815995172193589e-5,-0.0012859199718251526,6.007710764601728e-4,-4.3915622260503245e-4,-4.2680389359510027e-4,-0.0010359146028415336,-0.002828641927841255,7.624412321965114e-4,3.343564375774953e-4,-4.415967400707079e-4,-8.878388463935058e-4,3.907138368546439e-4,0.0013893916740713272,1.941487407990465e-4,-8.693075522817969e-4,-1.171201655356711e-4,8.451743903190635e-4,1.9357327150439972e-4,-3.175543761407713e-4,2.7715127894173846e-5,-8.064439585927337e-6,-8.203423229103555e-6,0.00034218517716939933,-6.065459941951387e-5,-1.2719459040402484e-4,-0.0018263850750076186,0.001993584839194833,-4.89289189192931e-4,0.0015789035932593644,5.507054046704836e-4,-4.4932050408226206e-4,4.325859377417546e-4,6.871823213981105e-5,1.159823676325313e-4,1.9786884192566064e-4,9.77472912894205e-5,-8.404824930660212e-4,8.337522578724336e-5,6.327066261705845e-5,6.573322089842833e-6,-1.4882476232889262e-4,6.906114337950974e-5,-7.583943386255976e-5,2.7708985805542495e-4,1.4435371315624812e-4,-7.061186167631921e-5,-3.032062511691883e-5,2.4723188821363707e-5,-2.8276594270049047e-6,-1.570685561200109e-4,1.8213840005112776e-6,-7.854425827435499e-5,-4.656522514799819e-5,-1.1018976526840798e-4,7.83123588892499e-5,3.476885034753716e-5,4.7403958535710155e-5,2.244611717216765e-5,-1.4958374443003184e-4,2.327058775792077e-4,-1.1346181487333443e-5,2.6045257886650735e-6,1.2484521309692364e-5,8.820699952407963e-6,-3.7615271947664886e-5,1.2832408197075022e-5,3.5518702494346265e-5,-9.866721746573712e-6,-1.3263870923010454e-5,-1.609071191332964e-5,1.1592090357433334e-5,8.413769445993259e-7,-8.606380770512965e-6,3.506812107468695e-6
C15-C116-C15yi-C116ca,0.0052809919423562,-0.0017376371171297822,-0.0031000087616149244,0.008114946862359704,-0.0019834137791208367,-6.965006475773895e-4,-7.725646356480228e-4,-1.9984379062248141e-4,0.001699571721509249,0.0032087961083483362,-0.0015563146698061368,-1.9185141476500597e-4,2.550926975479651e-4,-1.3804073452336942e-5,-5.535633534596771e-4,0.02061814625494019,0.00994679795278147,-0.007820908791201429,0.04000030567268387,-0.015584455510176985,-0.0028876833489578486,1.8013691726934943e-5,-0.002331847282937227,-2.9923786825591865e-4,7.204802676619199e-4,0.0010930640698393146,-0.0015202935874622388,-4.494304954203664e-4,-6.744180288074986e-5,0.006627585873192548,-0.0037109661593708256,-0.002179759526695903,-0.002817114603330732,-2.845567892892606e-4,5.398218668270223e-4,0.002047476730823712,0.002961801678013223,-3.692602043369216e-4,-3.3576560942886465e-5,-0.0016155540832656172,7.078173665407124e-4,0.0021265618237580643,0.002943106294026952,0.0023672567725091455,-0.009003647335369252,-0.002462492452119631,0.0020264849909884977,0.0014907126900775276,0.001289756756619555,-0.0020755095482499803,2.733809095771475e-4,1.3359337810541064e-4,0.006113083962794563,0.005405112411727357,-8.879660906953366e-4,8.298778112105242e-4,0.0018199064328547263,-0.0025662215918376887,-9.177118483037246e-4,0.0015201682431175507,1.0014839394260256e-4,2.6707406470322705e-4,3.043322004352317e-4,3.5942930847921985e-4,-3.5328778457139644e-4,-4.750415359122835e-5,-6.031126406970701e-5,3.387127331870811e-4,1.123096700433588e-4,-7.288698907856679e-4,0.001001249977509969,-6.654566638312902e-4,1.914571413313178e-4,-9.309291418248758e-4,0.0010293612211743984,-8.053768457242376e-4,1.1794824996214735e-4,-6.559842860290017e-4,8.16746091852564e-4,-9.43355864604895e-5,-2.3515766423960809e-4,0.0020419181461732478,5.002215747849509e-4,-0.0016597554223513745,0.0010514459809942418,-0.001303922649244292,1.3999269416783988e-4,7.257414176587891e-4,4.829008648126654e-4,-7.675404963950948e-4,-1.7967414195508067e-4,1.51979473252989e-4,-3.273047543843961e-4,9.868186644509307e-4,-5.500568582405153e-4,1.7409655520509798e-4,-7.864391182321662e-4,-1.1888596864743021e-4,2.3810623996592566e-4,3.579778090488941e-4,-1.6128367378268024e-5,-2.5200295972175387e-4,-0.0010938228577762733,-1.0212863622558997e-4,0.0018148152571150203,-1.0226507196919582e-4,2.0961484176157592e-4,2.727038160462257e-4,-4.3045313294103293e-4,-2.619148120707465e-4,2.4180328632993268e-4,0.001082414624292351,7.971258708605601e-4,3.930780292197856e-5,1.451357629166522e-4,5.667762486735289e-4,1.5190764094519027e-4,-0.0014849505957930244,-8.637802393620374e-4,-5.975644679739536e-4,-4.913967270275811e-4,-3.44042978224564e-4,0.0010844375783190378,7.72595469233328e-4,1.0457340856712301e-4,-6.833007896195098e-6,-0.0010693097261821,0.0014505619272335536,-6.146225793493103e-5,2.3408810894180928e-5,-1.6988539938661846e-5,9.890379410141735e-5,-1.4870016151818675e-4,5.9129571595707055e-5,4.070501809941236e-4,-1.0919711689506091e-4,-1.9139035561006252e-4,-9.982245148529382e-5,1.0066267619450542e-4,1.148182204952831e-5,-6.470787995947513e-5,2.2072618086007412e-5
C15-C116aa-C15ad-C93l-C15tf-C116,0.0022097266773118025,8.523456750714367e-5,6.010720145397605e-4,-0.0015708584862959857,5.922856490504713e-4,-0.0013904423275286361,-0.0011918370206450359,-6.877276342441389e-4,-3.827884102072507e-4,0.0016590597509313228,-0.0014131328818912275,4.187386387135988e-5,4.577227563552707e-4,9.736794752241718e-4,-0.0011283154502702711,0.003866713285007664,0.0019762781736441643,-0.0021445764061686114,0.0049451053218547555,-9.469280473962472e-5,0.0028854506377882882,0.0011317963039534805,-0.001463393879400675,-1.9529426223612078e-4,-0.0011637978304610617,-0.002642439000037763,9.118283467833806e-4,-0.0018815895617408822,-0.004918915669058869,0.001905059864733534,0.011786977330613565,0.002338769372649258,-0.00726593534524189,-0.0015781108022022595,3.633898709543939e-5,-0.010673056461686758,0.005453112603261222,-0.0025421992223670824,0.00897922700698537,0.006502537841404297,-0.0051291789440314605,-0.005486031897980789,-0.010089892566408978,7.102314699316831e-4,5.197548989811437e-4,-3.645010039819612e-6,-2.1169258915434833e-4,-7.943604561730483e-4,-3.2969148261321346e-4,-1.5169096496563596e-5,4.67619376773251e-5,-0.0020892825910907103,5.055070616477435e-4,-0.001224387399698125,2.1925064141608929e-4,3.6811025457639013e-4,-0.0018822147367359987,0.00366548597845198,-6.201916206182283e-4,0.009391177195672045,-0.003822279290567908,0.008293107308409329,-0.0018327813437104513,5.907210336164139e-4,-1.5359359295825416e-4,-2.674308522226763e-4,2.4096119223922352e-4,-7.669924195785686e-4,6.303984862194757e-4,9.846209315137666e-4,7.806073234822163e-4,-8.509961512586106e-4,-9.19921852892525e-5,-0.0013669616088679245,0.0023549417422425454,-2.3210342063775845e-4,-8.085696814786877e-4,-0.0015703493724106019,-0.004284945344295452,0.0011894081393582475,-0.001307630441174691,-0.007246467438597054,0.0010214429792620326,-0.0028500185977350435,0.0015142381726557517,-0.0016034059073106247,3.957861664325924e-5,0.0011660798257798327,3.1036252611758874e-4,1.0999634674897793e-4,-1.540672848100898e-4,-7.331848207536974e-4,5.367598232288952e-5,-1.0648924731327482e-4,9.545414732978592e-5,-2.5036620108531823e-4,6.589756084021179e-5,-6.356815014728047e-4,0.0013786159712794943,1.622618361908282e-4,-1.065787084164981e-4,-2.4392141963083273e-5,-6.570038503945358e-4,3.0158967597852283e-4,-6.909793975927132e-4,-4.74416255034838e-5,-2.2463819108887607e-4,-7.14840670802236e-4,4.686479070397956e-4,4.4433735507945954e-4,-7.940607452532884e-6,5.092706570154026e-4,-2.645549843420766e-4,-0.0013388511557188652,-0.0010260605112605745,-7.802054583795023e-5,-2.7728448471441186e-5,-1.219918102452182e-4,-1.7488697931661616e-4,-4.5879830244477035e-5,5.745444237894145e-5,-2.420349331011715e-5,4.6741577000882e-4,-2.436482843533402e-4,-1.0157055864477999e-4,2.7393377803315796e-5,1.2567084864376993e-4,-2.4966376966924594e-4,2.1411758587346687e-4,-8.497911388560506e-5,4.0458187845317166e-5,1.3678584426416888e-4,-5.951258608113703e-4,2.637485198227497e-4,2.4615347894014876e-4,-1.0893593557083058e-4,-2.3959282602407816e-4,1.303022066238183e-4,-3.697544014198932e-5,3.883791303694273e-6,2.452949672424958e-5,-2.5528262158856632e-5
C15-C116aa-C93l-C15tf,0.0019925169701027865,5.052429325542152e-4,4.1983676502381945e-4,-0.0031906474354712502,0.001463284730515984,-0.0020365337916473164,-0.0012605464311225207,-7.07823913483216e-4,-6.209088240379658e-4,0.0013199361842960871,-0.0011655678996242561,-1.6568512814309845e-4,2.713701193559854e-4,7.308067403753028e-4,-0.0011169136871812435,0.0011502024415245718,5.265437803773895e-4,-0.0017880721063438176,1.3981537143707432e-4,0.0022722484384164127,0.0036705789272388316,0.0013888727944339299,-0.00141274589517888,-2.509925797122465e-4,-0.0013303725672972858,-0.0020809369641470337,-0.0010557004884751415,-0.0033928368744432402,-0.0065772813267292755,0.004828920451058029,0.015541874187718062,0.0012423749994215827,-0.00880932614901533,-0.0020429584358979346,9.466611646093832e-4,-0.01529099274308161,0.003718882452896443,-0.004036495805533959,0.00210062056984688,0.006379784799059332,-0.0020941099623465235,0.0013450305013130962,0.0012046836894867136,0.0056363040227751845,1.4747156195365612e-4,0.0010653290955579258,-0.0014124465212750994,7.205022166218275e-4,-5.445391543359821e-4,0.001243054920682114,5.293739193563513e-4,-0.0033879700292649695,0.0014244592267443597,-7.33548905870482e-4,2.091332720979342e-4,-1.018056893398765e-4,-0.0019251378637860084,0.004275501095997598,-6.351899206001694e-4,0.01023821456558967,-0.004167602968275427,0.009537828707127402,-0.0020416798470095135,4.1114826380141345e-4,-7.822063965200758e-4,-0.0011685539864963654,9.011000776693346e-4,-9.4481619984949e-4,7.78634514578108e-4,5.499961275463698e-4,0.001051043177859147,-0.0010666110928586618,-9.913871309021317e-5,-0.0016315504330840051,0.0019991784722387437,-4.54132129909605e-4,-0.0015000874690974263,-0.0017574093088587807,-0.004895502519976518,0.0010081887730632605,-0.0020626376614207424,-0.006081975833320745,0.0011178502532502746,-0.002680541551594304,0.0013817520653158456,-8.977792239270544e-4,-0.0025090851304778784,0.0015252857719743056,5.901873230239968e-4,0.0015689219969155632,-0.0017615475830951523,-9.29487834336174e-4,3.475839110285414e-4,2.96602959795511e-4,5.692769421166759e-4,-5.046324624162153e-4,5.702528139515267e-4,1.2573225217111709e-4,-2.900853721419522e-4,1.0792697872319405e-4,7.710100280324774e-4,1.9902672628006236e-4,0.001212491365086107,4.885835667780973e-4,-2.646325494175438e-4,2.745282428973e-5,2.1191707050548984e-4,0.002186923681658889,-0.001156519368337481,-6.552444772256744e-4,5.784214411934935e-4,7.934105580167258e-5,-1.9129980263821414e-4,0.0015243945753554663,0.0020466260374541823,-6.10489056489188e-4,-8.84841650791145e-5,-1.5899889983899987e-4,0.0020548605860644348,-0.0012006833034788951,1.1771453321173917e-4,-5.825464359019024e-4,2.8669700456840553e-4,1.618504054276646e-4,-1.729784118457947e-4,-1.5424464564615914e-4,1.1043385875687298e-4,1.4032952728662267e-4,8.463487335164415e-5,3.6239354130904224e-5,8.329328103964719e-5,-7.267189219127843e-5,1.478436988582968e-4,-7.401235817437287e-5,-1.3790060722748568e-4,4.903862925788304e-5,1.20777888726919e-4,-3.924428812635854e-6,6.574075217795672e-6,-5.614507886918274e-6,3.204336097482483e-5,1.1043969531224514e-5
C15-C116aa-C93l-C15tf-C15ad,0.001006797666754812,6.972770932808626e-4,0.0016797315794566006,-0.002203188301124969,9.104733688796567e-5,-0.0015179386507395956,-0.0014168148682345918,-5.479387080038926e-4,-1.1758305544156085e-4,0.0012407964437861861,-0.0012316226459097269,-5.347109913096938e-5,3.841132802979854e-4,0.0025379581747572207,-0.0015046412603226889,0.001164938944490754,9.384382914329242e-4,-1.0155192131186648e-4,-4.280001999949376e-4,0.0011821502908722814,0.003159767180500094,0.0010241625645225187,-9.374114189948199e-4,-2.3156799038132127e-4,-0.0011692777149701263,-0.0011675654253213246,2.457197234484714e-4,-0.0015249144391525132,-0.0037211722308858487,0.0021278512415426297,0.007798825827929735,7.34201948561449e-4,-0.005743921000376009,-0.0011372976676221646,2.961207880803374e-4,-0.0071675026745901555,0.0020904108031164557,-0.0018190319642924203,0.0029895240418031286,0.004962802174101908,-0.0029450537185860383,-0.0021854063508647695,-0.004960859387058432,0.0012007519809393557,2.1565069863362796e-4,-2.6265709936230215e-4,-3.8855663777284406e-4,-3.70614181651915e-4,4.8299869764916955e-4,8.772064004344064e-4,4.2902256693891515e-5,-0.0016974832020722787,0.0016958310309745546,-1.6129040632287388e-5,-5.139417818720562e-5,9.306084261391127e-5,-0.0011117718093994913,0.0023674641642663337,-4.77461190698707e-4,0.006609646190844321,-0.002698313641947904,0.00602761898100845,-0.0014117472479380725,3.247262075152869e-4,-2.3630465466628972e-4,-3.0174557829712554e-4,5.006658029682395e-4,-6.547602736168506e-4,-2.5154418115611195e-5,8.358477126054535e-4,3.6464040890841603e-4,-4.698355903957225e-4,-6.731949091625294e-6,-8.807229622192505e-4,9.035777994271236e-4,-5.20242559959987e-4,-2.144502706925786e-4,-9.290389505031552e-4,-0.0018408173562031271,5.475533333483492e-4,-7.782619604366964e-4,-0.0033723347658368486,9.758986617469307e-4,-0.001949032358436411,0.0010598536767979683,-6.767109570088245e-4,-5.730938240163356e-4,3.2370616688830775e-4,2.2597120545682592e-4,9.063557957763148e-4,1.429318113038991e-4,-8.013467931933941e-4,-6.156871089323084e-5,-3.5058426874570085e-4,1.387748136669694e-4,1.4814022594560423e-5,4.21415554508762e-4,-8.70558561490063e-5,-5.891257911698205e-4,-2.5870873558202375e-4,7.863167042928816e-4,-5.404354139796365e-5,5.5935721771122937e-5,2.8292678913781262e-5,-6.173865457737714e-5,6.535669445839552e-5,-3.426853621107369e-4,-9.205079876524181e-4,5.029034792309441e-4,-3.5121385598060992e-6,-1.1022084715835475e-4,2.4262115839078708e-4,3.392505723314029e-4,-1.7531259889187352e-4,-0.001192510951247765,6.213038867930487e-4,1.491470412597694e-4,3.675565803691133e-4,-0.0023284174505892215,0.0015241572160053802,-1.6235195276143003e-4,9.321439167648336e-4,-8.930384897264417e-4,1.4044485172478392e-4,2.457910749979324e-4,1.4171191113290059e-4,-3.2044150465510886e-4,-1.0901555018723385e-4,-3.9543662124056993e-4,3.812124263119709e-5,-2.1081250354346086e-4,-5.596713989211395e-5,5.733397460763232e-4,-2.0959697438129485e-4,-4.155429615707925e-5,6.500142189344208e-5,6.438465413579497e-5,-1.391476701337545e-4,3.282996325219424e-5,2.3554066159082996e-6,-8.51217528364939e-5,1.4811913386203319e-5
C15-C116f-C15dz,0.004211995341798842,-0.0014311134756480838,-5.981293819889664e-4,0.0023005697929761944,-2.3436816403951685e-4,2.7589803401582163e-4,-6.506077031550687e-4,-0.0012311531065848124,-8.873772540112211e-4,0.0031022088169304226,-0.001923191936067415,-4.6159554453687964e-7,2.632849980874634e-4,-0.013355147706078816,0.00908157051671517,0.013822148587672594,0.01891669321504,0.0033380419570090856,0.015854447932230047,-0.009430785797376552,-0.002084830992840868,0.0027096956097233563,-0.009173886555418733,-2.7050201982518386e-4,1.96453440401492e-5,0.003924169460214684,9.751612752347682e-4,0.003060177992512444,1.817347888976292e-4,-0.020075895394823507,0.008204941353871667,0.002390650195818799,0.006901097266864052,2.75011487890826e-4,4.917096783417836e-4,9.374287364064279e-4,0.003750515030095828,0.0010245808437601054,0.004805548988421721,-0.0025447052071122913,-0.002888544784104501,0.0028490292890249735,0.0016650382313452632,2.5158199971983547e-4,0.005629092994012362,0.002795496249747156,-0.0029069609668861164,-3.655873936320183e-4,-0.0013494483568871848,0.00290372446273218,0.0013404885724026473,-4.0076450200413885e-4,-0.005476915394406481,-0.0043239953206792355,3.7705252935442136e-4,9.025761256383158e-4,3.3108385966437915e-4,-7.993213818939243e-4,-5.544589928966334e-4,7.749830207713116e-4,8.02067355985562e-4,-5.061475834101594e-4,8.340145128399987e-4,-3.73617843568786e-4,-2.8008842578399666e-4,8.728422755393003e-5,-2.1225604431212135e-4,1.164704240329255e-5,-4.7227656113414137e-4,-5.471796133370266e-4,-0.0018184663353477733,4.896011105504479e-4,7.089821163778168e-5,7.541815354875754e-4,7.891020821896108e-4,4.5788769213460134e-4,-4.3228668270518333e-4,6.160153865536613e-4,-6.742311866650208e-4,-5.550794538723249e-4,-0.001853444093932739,-2.574041061913562e-4,4.0223372063646776e-4,0.0016078731937525829,-0.001873487981713544,1.1383778568317226e-4,3.4218319104540674e-4,1.5906720934299965e-4,1.0055507931152355e-4,-2.2998019351560492e-4,-7.388051821075463e-4,2.6851083646649884e-4,-7.198516061546423e-5,0.0023428220896536205,-0.0023119311140947876,4.0058887899277647e-4,-0.0019391589560346118,-8.446324081580613e-4,3.823618046996735e-4,-1.0328473665352835e-4,-2.349670068731424e-4,-1.7405815244719486e-4,-0.0011056342969746513,-3.6577802325792383e-4,1.4608994680280577e-4,-8.162661784361574e-5,2.6395491393590146e-4,0.001027139343260669,-1.5927874532998976e-4,-2.38495075654017e-4,2.301753747538497e-4,-0.001183324968593134,-6.140658338031696e-4,5.900257342944974e-4,7.133003550374112e-4,3.569961404257179e-4,7.231949613930012e-5,1.2196243493613501e-4,-5.869668471187411e-4,2.848709583390032e-4,-1.477810672707124e-4,-1.2046261978306385e-4,-8.483271700994683e-5,7.11888132361272e-4,-4.3952592388542e-4,-6.94513337579739e-5,-4.967378937104847e-5,1.5350374962396583e-4,7.28446488810395e-5,3.3366673893957556e-5,3.9380866068205805e-5,-8.427670016689308e-5,2.0687323897298178e-4,-6.915514525580415e-5,-1.1992526435391929e-4,5.37111322746746e-5,5.981848056917618e-5,7.880077039453845e-5,-5.023876465826676e-5,-9.181258298103506e-6,6.367675664262288e-5,-1.6576392386318754e-6
C15-C116f-C15dz-C15cq,0.004857654474373737,-0.0015421846082994163,-0.001443278295208135,0.0024058172257857995,1.470057559217004e-4,6.468601069617915e-4,-4.5401610167933375e-4,-0.0015288623362061183,-0.0017421679721202584,0.0032356755912654658,-0.0021180892601900974,-3.0415158604197236e-5,2.750436995855768e-4,-0.019475961714956705,0.012801966425636595,0.011728807099525238,0.02189725194333117,0.004798620152733808,0.016315607037186,-0.010247851571439754,-0.0012632329915140085,0.0011438473251814425,-0.0033184242760230147,-5.569644877491816e-4,4.7654975022885093e-4,0.003517752878751217,3.3646632296958353e-4,0.00356307539986201,9.853099252380335e-5,-0.018411796178418482,0.0078118992136036874,0.0010244244349028257,0.0034774250068718665,8.291527464687116e-4,0.008266517564127626,0.002975800107245785,0.003953937297810249,-0.0010406852723751695,0.010362153251024,-6.343982677262635e-4,0.007495022128201531,-0.0025915088691871846,0.004883542854504564,-0.0017956782659060457,0.011343225206214563,0.003653768205029233,-0.0021336098725599486,-0.0010182754829232412,-0.001743294680459809,0.0015946810098972503,8.835882087529933e-4,-7.123576236647975e-6,-0.005259929179180137,-0.004395039436506427,4.7283766352253947e-4,4.8505450367790923e-4,9.100561446818414e-4,-0.002677795030025316,-7.827534202309283e-4,0.0013949987513238913,0.001044255443248828,-5.597560324163197e-4,9.757212212103871e-4,-2.574745347532452e-4,-5.968419289775737e-4,-5.556352405099656e-4,5.800698977471107e-5,3.055044648801883e-4,-0.001103666578334551,9.914331555545536e-5,-4.164771693924122e-4,6.85948132278347e-4,0.0012674541244348807,0.0023719474409756294,0.0053241054591631745,-0.0018639179926779523,8.75097949439433e-4,5.167119743485052e-4,0.0035559337676521743,-0.0015434714494934486,-0.004760487870873657,3.1362298857372147e-4,0.0026106980031779625,8.848744114016884e-4,-0.002951246853714833,-0.0013870325970740571,0.001416427938601007,0.0012943228137994056,7.877414884780344e-5,-0.0013562706276965468,0.0011814479819704101,1.233322101129436e-4,-3.027673926050401e-5,-2.8361790085688985e-4,3.4468531201603607e-4,-7.537022955857633e-4,1.349002830402516e-4,-0.0010269916682290148,-4.4001640733820293e-4,-4.363217120376555e-4,7.487042992750699e-4,5.2397202807346695e-5,8.172754990902687e-4,2.5310068558803906e-4,6.740295333839986e-4,-1.1942586936446485e-5,-1.8489853365540206e-4,2.012222200329529e-4,-3.180014244351652e-4,-3.6517586043787907e-4,1.650894450828155e-5,8.973451671430231e-4,9.440734500353512e-4,1.5193660415016157e-4,3.429713611156494e-4,1.60867397966019e-4,3.985376234324459e-5,-1.1763924639656406e-4,-9.278211694495454e-5,-8.018600973319339e-5,8.504209254753328e-5,4.899524796936443e-4,2.2508222128616947e-4,2.8081084203895206e-4,-2.0693689218684007e-4,-5.907310678399315e-5,3.69096560684174e-4,-6.031169719846144e-4,-3.641525878526733e-5,-2.3651068945759025e-5,-8.286330604278077e-5,-1.6320065363989576e-6,7.202060550658029e-5,-8.048207381939863e-6,1.0954216079534959e-4,9.448000301401365e-6,-7.407513908001584e-5,5.225685124651717e-5,-1.3500687766463663e-5,-2.312811819951617e-6,1.6077539450240065e-5,-1.792226937907676e-6
C15-C116f-C15dz-C15dl,0.006648579071645115,-0.00200025443336797,-0.003922162466058851,0.004382870718274714,5.353168959973872e-4,0.0011511741705824453,-2.284697270553523e-5,-0.0017583760685686658,-0.001664273700092764,0.004458619793113163,-0.0024683360556053617,6.821159500791727e-5,2.145635026833221e-4,-0.022407416743502908,0.014438395836723544,0.021933915061202566,0.027776320079217643,0.0025938620550011123,0.027776048614745225,-0.014884689566430258,-0.004628002447662542,0.0034414005812117942,-0.013024976989667009,-2.2770272841611175e-4,5.757476130467179e-4,0.004856351179512505,0.0011070116346673896,0.0040001045035285895,5.670004556262999e-4,-0.028221573420112202,0.012680112578134721,0.002081521050036836,0.011038422156075867,7.254358080369033e-4,0.0025275015385380992,4.232732374137206e-5,0.004004670781342192,0.0016857970333827078,0.004181145139888116,-0.003542442364144341,-0.002710323856083235,0.0033152818887954376,0.004203226793237299,5.764471944723313e-4,0.006745353069785836,0.004626215893079533,-0.002130536592737723,0.0013833192013314793,-0.0027499785052115034,0.0022007255987630415,0.0035104234719898287,-5.423878404706722e-4,0.002044659444637006,0.0031781916987653844,4.672847203994125e-4,0.0031729601617879457,-0.0021985997719071748,0.006334760575630634,0.0020040354172861084,-0.005256653768131504,-0.0013042986875331259,-4.8339350063425534e-4,-9.243222894379291e-4,1.316727606834162e-4,5.59576174372955e-4,-4.6376354851812584e-4,1.059786196378879e-4,-3.422226188870018e-4,-6.85299782311284e-4,4.2072197633653813e-4,-0.0014814353570578725,2.7377132614930187e-4,-6.39260363460428e-4,1.6375537728516057e-4,-0.0024049317357085973,3.9627298063850093e-4,0.0021082033795661436,-8.881719957072104e-6,-0.0034691720486779033,-1.6775464499201836e-5,-7.297640857562784e-5,0.001531921399751059,-4.799899882860159e-4,2.793636561678824e-5,0.0022454695912926315,0.0021415749422235577,-0.0036337507365086417,-0.0046303866200598275,5.5535303440268995e-5,0.006341796562728335,-0.0013329663018412966,-0.002306648137448477,7.029110563702347e-4,-9.152095849936158e-4,1.1212423999693248e-4,-4.656165854606329e-4,0.00223338230931141,1.9972975261443914e-4,-0.002303322037185888,-7.127629519308909e-4,0.002074142566221746,5.058834601605721e-5,0.001553610368607312,4.490790626808462e-4,5.40467471148083e-4,1.4975058104951016e-4,-4.515159335352992e-4,-0.0015579966368587433,3.5183317730528077e-4,1.2185413106626083e-4,-1.700665745009887e-4,7.47698619250153e-4,6.980816946438763e-4,-4.5938123004753194e-4,-3.5042805077838157e-4,-4.029528502743051e-5,9.551294412743527e-6,-9.775100044310217e-5,-8.795847900399852e-5,-2.016086984637035e-4,-5.314324260069584e-5,-1.950137906665299e-5,2.1403343898201434e-4,-1.0686237536869859e-4,4.117563607625671e-5,1.886593627314787e-5,-9.304573442290551e-5,2.161090649870277e-4,-1.6772023285643987e-5,-5.864473214887299e-6,-2.7678922733390667e-5,3.312950961572205e-5,-4.7894112806440464e-5,2.0714156296325022e-5,1.168907246086402e-4,-2.5479865424678478e-5,-8.431430147441933e-5,-1.0750152240029225e-5,1.784762959953971e-5,3.3670431260516835e-6,-1.5276085885240167e-5,9.524061186356373e-7
C15-C15.8-C15adx-C15ady,0.004022522559985795,1.5323952122094694e-4,-0.0018897884705470149,-0.0054391146146554464,0.0032377498156906785,0.0021253466152094547,2.646429958606614e-4,-0.0020361660892302303,-0.0038160279849385487,0.00272884222573452,-0.002212980504364194,2.1706105648108524e-4,5.835719953422955e-5,-0.009533730403663947,0.0015270493114169015,0.007329380464815103,-0.006291102345962273,-0.041640023260049966,-0.020551865646824433,-0.02955998648685922,0.014663307028614864,0.007188271185414079,-0.0013092006697055382,-0.004487950128460784,-0.0021459408754271646,0.003199072063322375,8.795004473198233e-5,0.0017368916105110167,3.945841687965967e-4,-8.867494712235084e-4,-7.726714817697802e-4,-1.9108577785974525e-4,-9.775515642316648e-4,1.5740205001562942e-4,-1.2427082527899833e-4,9.021696639082029e-4,-6.638669752583002e-6,6.856061306279844e-4,-4.7238106941741725e-4,6.247866874196309e-4,5.165978368454301e-4,5.647181941303115e-4,3.778081914327463e-4,-4.8646988677862943e-4,-2.601717552973331e-4,-5.356284562946917e-4,-7.747589017335705e-4,-1.1662271192974036e-4,9.280942932063236e-4,0.0016567415434274263,3.693674019607959e-4,0.0038408659164679186,-0.001771464859035571,0.0020389786305745,-9.8415089105787e-4,3.1580544184248903e-4,9.772386871467378e-4,0.0022505126720503105,9.47700234331464e-5,9.524985000797546e-4,0.0013068043646783862,-2.9046615823318596e-4,4.3101170270315627e-4,5.896986261153808e-4,-0.0023271066345913103,0.0028967907479748173,-6.885059835668292e-4,-0.0011270230948356942,-9.91126351470949e-4,-0.0016385543991247545,-5.189399960238691e-4,0.01036487554577139,-0.0022258410240362375,-0.005046926802405822,0.0041196640858501155,-0.0017579153353751904,-0.0011190060541322918,-2.5717997648871623e-4,-0.0012686068466288695,-0.007247471436292382,-0.0020858228020842287,-3.875684554491996e-4,0.00177165730684025,-5.290664283654237e-4,0.007342846346643856,0.008909198041949059,-0.002992569803074214,-0.002971340667423522,-0.003956824298717851,-0.006179613259408697,-8.411295222088897e-4,0.0066819318239144864,0.002495074701701491,5.547622483692301e-4,0.0013169807935823922,-5.36236408392446e-4,7.682969887270561e-4,0.0017622957123066838,0.001811220636623131,-9.840380815652147e-4,0.0024034248571986362,-3.194873730978687e-4,-0.0011770256814861223,-1.3253989348632801e-4,-7.059818547552073e-5,1.228648810956389e-4,9.035740255113475e-5,-3.301188842116859e-4,-8.592904958783958e-4,1.4855042256945337e-4,-3.483521300018003e-4,9.978362197997637e-4,-6.453751636691891e-4,3.174434931765732e-4,-2.5101682190269153e-4,1.6236339869458058e-4,2.295796676767199e-5,1.1355358372802875e-6,2.50475837419887e-4,2.753134180944355e-4,9.284922845345589e-5,6.791665592302032e-5,-1.6235473404436172e-4,3.249177214724921e-4,3.930411329895492e-5,-4.7708742598660737e-5,4.769335772182198e-6,3.2102021308014377e-6,-1.9509903158091483e-7,1.973941734923147e-5,2.2019785848114057e-5,-1.5645109549790816e-5,3.52873621775616e-5,-1.0174958552652708e-5,-9.401272424357233e-6,-8.065486353880952e-6,2.7952943347322332e-5,4.9139681706947595e-6,2.2326682392986222e-6,-8.804216418874177e-7,1.1638471066379232e-5,4.259373832696454e-6
C15-C15.8-C15n-C15l,1.3046044343060552e-4,8.989811925679328e-4,0.0027999764784821025,-0.001419479920752967,-0.0010726874872303085,-9.942533419388454e-4,-0.0014789278295316002,-6.660515108060194e-4,5.178816791225663e-4,0.0011767518478435514,-0.0011966853688246538,-1.4301886060373535e-4,3.2384190844924525e-4,0.003497771386345531,-0.0016534719049365943,0.0020860948689264496,-2.4137552563359974e-4,-0.0019243901255393675,-0.004336393950502583,-0.00316720661541203,-0.0018929142439964455,-7.673789578028247e-4,9.646086885079458e-5,8.534576396065423e-4,7.967741256046898e-4,0.002463229261981957,2.478387823407432e-4,4.6724760715866266e-4,-0.00174355802371972,-8.026983372124878e-4,-0.0014339684639048235,-4.202076804187037e-4,-0.002129868733739175,-3.5203659870427747e-4,3.6056832816919094e-5,5.081241589527181e-4,-3.174334185508873e-4,-5.881066091608713e-4,-8.511377252686503e-4,5.651816947210585e-4,5.759736624702158e-4,0.0019651157093349657,8.044357309474532e-4,-0.001673459956052365,-4.3717958092730886e-4,-0.0012983583820693155,-4.4650030687864187e-4,-6.716267078302966e-4,0.0018333890167627175,0.001404186238783464,-4.341508791358651e-4,0.004154920203348039,-0.0013474858098591219,0.0014211801483548724,-7.58091801011983e-4,9.889502870744253e-5,4.268323723986689e-4,7.035437843020669e-4,1.9950220642610923e-4,3.598914773364769e-4,-2.0934798825223725e-5,-6.38770988079837e-4,-2.596676876703163e-4,4.6658142868395035e-4,3.88957639626391e-4,-3.7420209654701135e-4,2.784173304857183e-4,2.8169674565273125e-4,-0.001080411635136013,8.886349990785623e-4,4.5815372241329866e-4,0.001292218178503633,-2.18427770623129e-4,-3.784899939732287e-4,-8.119437507617057e-4,-1.4930869537853867e-4,1.5946493956621436e-4,-7.803693096202195e-5,5.239009988965671e-4,4.143206286900518e-4,2.740272918646277e-4,-3.828938899625792e-4,-6.351745046706973e-5,9.34875624297903e-6,3.2864090785457217e-4,-9.88563134242102e-5,0.0014786554838212063,0.0012944650537115366,5.898864012801969e-4,5.512838816358448e-4,6.386413992029736e-4,-0.0018616917306976183,-8.860103254860408e-4,-4.747720851479306e-4,-1.8954843627896166e-4,3.5900884972486384e-4,-4.148684274386447e-4,-6.188317973732138e-4,3.7191523414616564e-5,3.3158825344647985e-4,0.0018977664583012198,-2.006946170739438e-4,-8.101055225346019e-4,2.5356110855615313e-4,1.4630920316500222e-4,-2.729698761776206e-4,-6.803961180314787e-4,6.537498768743164e-4,7.65507529501374e-4,-4.853241831631058e-4,3.8129680457086364e-4,-8.564870155147479e-4,4.51518411217259e-4,1.3463024971437746e-4,8.718567897471429e-4,-1.1934613115005697e-4,1.6766153209397787e-4,5.950534459700188e-4,-0.0018891954676704204,-0.0022745641970788174,-1.7529204260289337e-4,-1.1077087930798824e-4,8.111958882110134e-5,-0.0014956090179912601,1.1863534425796014e-6,1.387526095352518e-5,-7.010518744072037e-5,-3.207071543205044e-4,-2.524978630583463e-4,3.253988714458239e-5,3.0308560036806334e-4,-1.1062806508565693e-4,-5.2397817158187206e-5,1.1467546594170836e-4,-8.032301610967762e-5,5.930600495604638e-5,-1.0384104876042264e-4,1.0087467781796002e-6,-1.3611527595979502e-5,-1.3209469447141315e-6,-4.66403790008978e-5,-1.2298404925883932e-5
C15-C15ad-C116ab-C116-C15gu,0.0020239609945328025,-2.2600705517490828e-4,0.001203286252777783,2.1426144853104554e-4,-6.776315550483885e-4,-4.0739567972257484e-4,-0.001093665421470237,-6.252161137469691e-4,-7.589479506429613e-5,0.001866774323450515,-0.001551713676915789,2.3114156559966682e-4,5.293574958705867e-4,0.0016383950000781874,-0.0011814531668523978,0.006086863682647818,0.0031261612317171057,-0.0017920125845517234,0.00827710348659098,-0.0024686104149123944,0.0014273363159148296,5.041511459245923e-4,-9.95599413353042e-4,-8.836403261634059e-5,-7.083546050452628e-4,-0.0017830117213807673,0.002262479429601645,3.381484329899685e-4,-9.292207243961941e-4,-0.0020638461197319694,0.0016626674915387074,0.002496451257897244,-0.0019914247662364,-1.0006056602464015e-4,-0.0010197442467012158,6.179060420837059e-4,0.004049671461077134,7.911005924608425e-4,0.011213121332195597,0.0030018383705272766,-0.005431168479189025,-0.008718810316176197,-0.015034872124437923,-0.0050585894296705574,3.5639838580049643e-4,-9.975987987542259e-4,0.0012137384374860329,-0.001720159136508372,2.986797953704411e-5,-8.402002480735434e-4,-3.332419073921114e-4,0.0011438743426090941,-7.83030139322927e-4,-6.000723566823073e-4,-1.760296412357639e-4,1.0702409094547325e-4,-6.135703214951557e-5,-6.325329480397302e-4,-1.7915545500085997e-5,-0.0019067857622169983,0.0010945229461914998,-0.00289464098201301,6.401059840755365e-4,9.782826250951483e-5,0.0010128267564000351,0.0018696305223442925,-0.0017304117506147297,0.0012194400188156494,-5.429874849234117e-4,-5.48980611517312e-4,-8.100663663588249e-4,3.488441259988097e-4,3.961077945808168e-4,6.290427023009386e-4,1.2144972579243835e-4,2.085452830823855e-4,0.0013913462828678822,-7.98069071250366e-4,-0.001030973965263862,4.0310116671740254e-5,7.519281476616827e-4,-7.400453109403854e-4,-8.250107599690446e-4,4.69147780772617e-4,7.611656025236694e-4,-0.0012758433533999098,0.004915947537837795,-0.0025652265228447244,-3.69393888621171e-4,-0.001172306436579697,0.0013174556890460777,-3.9144238929364625e-5,-2.3340763511844873e-4,-3.4582644402573933e-4,-6.577696568673719e-4,-0.0011791354353339533,-1.660104718021597e-4,-0.0036520302291996407,0.005793024831287222,0.001379415244813512,-0.0013440316397448791,1.4213829115060987e-4,-0.0024681776465403384,0.0020699717591781425,-5.846257529603579e-4,-2.4531299694900596e-4,-5.510027908794625e-4,-0.001452390196661399,2.0216800204284652e-4,0.0011047680603920602,-4.6534548338437873e-4,4.6469363087357193e-4,-0.001558449435076226,-0.0026907205498240584,6.245285872195505e-4,-7.973633200408965e-4,-9.913419157616172e-5,-3.926505791632501e-4,0.0015831962234443642,-0.0012291557540870894,3.7903697525263163e-6,-5.979252745230396e-4,9.187926779122344e-4,3.3697812197638823e-4,-5.284172055204934e-4,-2.1605180843113332e-4,1.0158222588004986e-4,2.4658470906812717e-5,1.240142673190856e-4,2.807946811919599e-5,3.036062748374354e-5,-7.146535967616577e-5,1.730000154334872e-4,-9.057515130457291e-5,-5.5284047229876864e-5,3.616646640459367e-5,8.79546492378534e-5,-4.732339547914841e-6,2.737362851594236e-6,-1.1075156335485385e-5,2.3901009711525218e-5,1.7272423842929205e-5
C15-C15ad-C15ai,6.659407728596075e-4,7.631132123131966e-4,0.0021644626935064496,-0.0018761802562809009,-5.544586219425116e-4,-5.031683058938942e-4,-0.0012673716084156033,-6.454872413270413e-4,-3.210406796217328e-4,0.0014799531541619226,-0.001744899234288731,-2.7137136539957205e-4,5.238246354573397e-4,0.0028208131157385487,-0.0016245595579184578,0.0015761207207058785,8.405956091172687e-4,-1.0776409075979812e-4,-3.8401387710983284e-4,0.0012620363315615519,0.002512374659918533,5.522756458198388e-4,-4.897563611895163e-4,1.7107371554998696e-4,-0.0010406827472962971,-0.005829763418617401,0.0066450607458701984,0.0012958134730916555,-7.814002318182716e-4,-7.756856223047061e-4,-1.4161804102969964e-4,2.445170893285489e-4,-0.0023485724796035706,-2.7468419088869756e-4,-3.0743462305653994e-4,8.219451922413927e-4,4.3279112911023094e-4,2.8892920019002775e-4,0.003492490524758422,0.0034404108828617035,-0.0037436069063753502,-0.005448520761261861,-0.01079841739837134,-0.0033749898604775305,2.0317590799113296e-4,-0.0011984559023340863,7.082714409354054e-4,-6.579263880785505e-4,0.0010737338634771649,-1.5375135064836436e-4,-8.93378848711763e-4,4.350421876088395e-4,0.0015185495014993122,0.0013501990443390436,-4.713598189725295e-4,-2.5506550511604156e-4,5.679459450073839e-4,-0.001469887917619672,-2.6614811093614814e-4,-0.0012868146436725157,-3.534886321518428e-4,-0.0011087461529697838,-1.8409487082336512e-4,2.252941146304304e-4,0.0010037712862498375,-6.971895331144797e-4,6.570894462559592e-4,-3.7223953646909006e-5,1.42237710459114e-4,9.475528782701119e-4,1.66366808390623e-4,-4.890552041267473e-4,-7.113144936405519e-4,-9.42373649577591e-4,-3.1925387865830646e-4,-3.790232702990723e-6,-0.0017602253721656688,0.001933382471398769,0.0015459162187382313,-2.6461437305185854e-4,-2.670710749244053e-4,2.423420970654919e-4,4.465404429234106e-4,-4.799425654710232e-4,6.959367511581056e-5,5.844805029190566e-4,-0.0013328796248304278,2.069641661378222e-4,1.936205300129493e-4,5.794297750718456e-4,1.633933269125354e-4,-1.2269464313089778e-4,-2.784687796414598e-4,5.243829780208116e-5,-3.628824807549122e-4,9.19648070821584e-4,-4.4610085876113256e-5,0.0017714191390415823,-0.0028328798270116236,-5.7004331431353e-4,6.969154731643024e-4,-1.8467511131124365e-4,4.103455453972934e-4,-9.478666403055902e-4,-6.469993015733193e-5,2.897681446978146e-4,-1.1999639590946441e-4,-0.0019762312470663996,6.906466208518805e-4,1.615177934315596e-4,6.330441991724163e-5,1.2033290380476206e-4,8.833137611926041e-4,2.833825440967818e-4,-3.1583016567279034e-4,5.140974314441921e-4,2.3011034145822106e-5,-7.043038058815458e-5,2.8977719381357646e-5,-4.403494501210996e-4,1.1794808275058353e-4,6.863113870390634e-5,2.2000211782457948e-4,-2.3226190949681408e-5,2.9704294839577936e-4,1.0595929384398335e-4,9.316121615990892e-4,2.676662836946683e-4,-1.5110798581022004e-4,3.9964642689024286e-5,-4.883874340447221e-5,3.369589947121154e-5,-2.1671312378153078e-4,6.71360093998972e-5,1.3438953798552985e-4,-8.932691960808108e-5,-1.41530541725093e-4,1.0600995062742099e-4,-3.282372773507053e-5,-8.438537607061802e-6,3.451000404063016e-5,3.906100515072534e-6
C15-C15ad-C15ai-C116-C116aa,0.0028366813963722494,-7.978305495276527e-4,6.896305102917987e-4,0.0014524442481898257,-7.68865625256452e-4,-3.5213475347839083e-4,-0.0010016568091477487,-6.585712846037339e-4,-2.9457590887262164e-5,0.002370131534247308,-0.0020880765111458057,-2.604182653818823e-4,6.309990884091348e-4,0.0010699264439979926,-0.0010819941736044463,0.008997026224354327,0.0044679505585198944,-0.003333266589648706,0.013929893377096927,-0.003982190258317755,0.0011427764376448991,5.340517090213654e-4,-0.001383346462628121,2.0867079027719884e-4,-6.489847028786468e-4,-0.007588538803801489,0.00882462743677996,0.0022761521561930715,-0.0011507817737572627,-0.003947657044327379,0.001947647881782881,0.00370623879249642,-0.0024628763238788826,-6.450191189737298e-4,-0.0014019674396802122,4.2388423547021106e-4,0.006422561380897397,-3.0221295965099257e-4,0.014305867858147034,0.00287085592261199,-0.004963540022010825,-0.00864041035685584,-0.0145593347052462,-0.004396789618949205,-9.377322051361786e-5,-8.331190919931627e-4,0.0010397801251858972,-9.8255015369636e-4,-1.0244525187939103e-4,-0.0019515454309149234,-0.0010148875289646888,5.020266947228421e-4,-0.003454253269361896,-0.0028752111387470858,9.995040454126268e-4,1.85234924179036e-4,-0.00127581486624623,0.0013563811339071872,2.17611081085843e-4,0.00124037778786896,-0.0013517309080314014,0.0018244092086080398,-8.256005800514261e-4,-2.0989563903065527e-5,-1.7576580033555304e-5,-9.366442778632403e-4,0.0012822675947661338,-0.0015309762191921359,0.0012867278649057368,0.001004699887263671,2.973902781989471e-4,-2.1628040722102278e-4,-0.0013918595757501703,-6.796702018093475e-4,-0.001106394058656994,7.605758748297905e-4,-0.002715816811427041,0.002412597015907147,0.0024293142734346366,8.166744439409989e-5,8.773128361314797e-4,-7.338571898808699e-4,-3.9773526503817785e-5,3.8027937700375224e-4,-0.0015683690835892655,5.520317087969115e-4,-9.923812551705018e-4,0.0034820263066845875,-4.88249866449604e-5,-0.0027362746179598234,1.064034579554402e-6,0.0014186992304977065,-2.679337235951705e-4,0.0011070217937511088,-8.190728345193947e-4,0.0020638497091043954,-0.0017438293848451283,0.0037642747963476204,-0.0029933509820914664,-9.665873879813297e-4,-8.287232935346356e-4,-2.403868932139602e-4,4.3740801709718963e-4,-0.0023195079539843023,-1.0855036006178046e-4,2.0540132551750246e-4,7.770512784789989e-4,3.9639811626988116e-4,1.2901458854172024e-4,-6.050473924278105e-4,6.466235501239929e-4,-0.0010091434140193556,0.0010464561155546788,0.0024733430891132674,4.961826978147336e-4,6.058163926776812e-4,3.400265096236792e-5,1.3730882641559733e-4,-9.842216568565328e-5,7.852466660895194e-5,-1.0593887400556853e-5,5.449376304569091e-5,-5.75863147502098e-4,-4.9912823257818895e-6,6.205382238085678e-4,1.3243367316624627e-4,5.252704238404222e-4,4.5235996540524023e-4,-2.352879355865643e-4,7.942162458192192e-5,-2.1048718720612992e-5,-2.0723010725473825e-6,4.5875672498261956e-5,-4.4347119463984665e-5,-1.2234742579706877e-4,-3.804300565897049e-5,9.610759392799243e-5,-5.900666196655119e-5,1.457452974237913e-5,2.7807223107624926e-7,-2.3615508372950937e-5,9.40964132210806e-6
C15-C15adg-C116aa,0.001770954474254114,5.012003139693296e-4,7.555314431582432e-4,-0.0029026147340000096,5.619190865525556e-4,2.789661971989643e-4,-7.815478913114027e-4,-9.471964125788618e-4,-0.001100781552114261,0.001520322885620755,-0.001334756697057986,-4.3622902854774324e-5,2.1841885584873634e-4,2.2807065949813647e-4,-9.241315521441985e-4,0.001990202105276842,4.082728883225127e-5,-0.001907952795507345,-2.2743118155670896e-4,0.0019129153165614214,0.0018410356428579843,3.301603134254826e-4,-3.409002119700325e-4,9.124815963765801e-5,-9.71632675916167e-4,-0.0010383201139714361,-4.68620784151965e-4,-0.00142021785057332,-8.19639358149238e-4,0.0013720629399204675,0.0016630392026741217,1.0695275459250104e-4,-0.0010532027055882736,2.565067562171388e-4,2.4006446557357517e-4,-7.375554786358033e-4,-8.777442063700054e-4,0.001302824005234445,0.001490261076002759,0.0017724097153414646,-0.0020232258436129725,-0.001078317117722327,-0.002043095696940408,4.191710026097969e-4,4.7704006431741123e-4,0.0011102370136689243,-7.675079767477371e-4,0.0015598037851437966,2.3983063680201047e-4,0.0025957950097550133,0.0016902271701750285,-0.0027021062348401206,0.002117993537418522,-4.6323780733802095e-4,0.0011434903348018905,0.0011437927015723137,-0.004373501364210185,0.008494812012646619,-3.739384064022206e-4,0.017305343131826044,-0.0048034285002481435,0.015673198165582172,-0.002712524422235775,-6.307478492267351e-4,-0.004739602865429118,4.8240655292567796e-4,0.0019139051239495655,-0.004260666729363696,-0.0017014774538597623,6.547165028646348e-4,-0.0025715671741794606,0.0027660346700805463,-1.4377627197832124e-4,0.004346557829884409,-0.005389164463454178,7.506192377577201e-5,0.004500130107643039,0.0015292785330501748,0.00847715045582785,-0.0013132222041144625,0.004035719754907176,0.011757396744276725,-0.0011085266186545888,0.0038732813833675783,-0.0021626576125877033,0.0017681705377653378,0.0021431733899432786,-0.0026379789117425855,-0.0012203033923510985,-2.977464171674354e-4,0.0010914935190726733,8.372572292505238e-4,3.49605750591765e-4,-7.393320646941774e-4,-2.116694569438642e-4,-2.2308185556548372e-4,-8.778637985356139e-6,-6.148668522879051e-4,6.704374858490773e-4,-1.8671615217641626e-4,-3.4559067749085574e-4,-1.2438879149241183e-5,-2.713579112699559e-4,4.855600770151126e-5,3.9931416250097763e-4,-1.3757213337732728e-4,-1.0823955650402036e-4,-2.814735551730093e-4,2.7509686247223475e-4,1.2187370606765698e-4,-3.0031061423279936e-4,-1.2247557979632763e-4,-3.095395017849232e-5,-4.704619977504183e-4,-2.308879682299854e-4,-8.577772540090613e-5,-7.685051851961366e-6,-2.9877990587213953e-5,7.736002066552889e-6,2.461498040271532e-5,-3.273971539160438e-5,-3.906955253507197e-5,6.82702344598555e-5,-3.647387900891341e-6,-7.879238830998349e-5,-4.663981873439351e-5,-8.996560446103596e-5,-4.143342005820196e-5,5.198037061622495e-5,-8.828140649978967e-6,7.217255475230424e-6,-5.81223648611962e-6,-3.576566166861136e-6,-1.414197782508628e-6,-2.601229491871268e-7,5.640987255636694e-6,8.359066947227351e-6,4.955650752783929e-6,1.218525424574797e-7,8.333897014427226e-7,6.649344196366341e-6,-1.386449434215631e-6
C15-C15adp,-0.02899708315146194,-0.001904806770521816,-1.5062948114211727e-4,-0.0019107933879016733,0.0011962405486015465,0.0010718482312844506,-8.218298191878313e-5,-0.0012179276098004993,-0.0021793016475479873,0.001034300065773763,-2.1899244837067752e-4,-1.4193920175720602e-4,2.637143505870073e-4,-0.0072042303545050415,-0.0032410081989870418,0.0028350181558018236,-0.0016499196854219298,-0.01079701733668625,0.003393011552423114,0.014556673966523168,-0.0031012048827492125,0.01399914581034206,0.003585352903438996,-0.00645956971541359,0.0023394453764213666,1.5313339557863806e-4,-7.391361695897299e-4,-0.0016683033080914678,0.001175768132655631,0.002897313731095057,0.004937490099012357,-0.0034534625095572766,0.004922772633619997,0.06597393781309445,-0.008238813439877724,-0.001947823052560632,0.0035966126481544367,-0.0031101711356820295,0.0012065252288179966,6.814481202280918e-4,0.004324492339727322,0.0033622297399779465,-0.00128609686481016,0.0018950522965270448,-0.0024302751090109743,0.007943570330453106,-0.0011956780493446466,-0.005514928231397846,0.005775105110271787,-0.004061421794061216,-0.00393008096239492,1.4871768640036892e-4,7.319739202610491e-4,-7.537982021392689e-4,-0.0010324366295404997,5.8431822723980865e-5,-0.0032742881505159914,-3.3019103479502246e-4,-0.0023386761717427455,0.0025547768556131996,-0.00885319302940756,-0.0064151099195161165,0.0019111814837622341,-0.002572764561213486,0.0014518061196397499,-6.154856909569596e-5,-5.551304786564796e-4,-7.600148657189407e-4,3.6247717385480596e-5,0.002122542652935555,-0.0018330528344328294,-4.594747075135837e-4,-0.0037484291090869675,4.5546496948900236e-4,3.489145309131932e-4,0.0012809926672100722,3.933333846774968e-4,-0.0035795425766948306,0.0018449858231601281,-3.534954663058396e-4,-4.510260803671744e-4,-4.986520459253986e-4,-4.4712621778720494e-4,1.3630807860273494e-4,3.503035982228481e-5,4.0655091959421404e-5,-5.405142313350688e-4,-2.749135097849456e-4,8.606261123123795e-5,-5.5045472708549854e-5,-6.934388013736133e-4,4.2081978463716206e-4,-9.384504200754261e-4,-5.571529197162587e-4,-3.8666298386198745e-4,-1.1318970873878125e-4,-1.033251513599632e-4,-7.87469188057419e-5,-8.77460526983778e-5,2.452641060745139e-4,1.353104469677266e-4,9.58108663374346e-4,-1.953858547420071e-4,1.3389345937135966e-4,-4.727227270637065e-6,1.507332472693982e-4,0.0010163777785171767,-6.51025712131251e-5,-1.3478296711018765e-5,-1.371127530869917e-4,1.189793092950289e-4,-2.6090779715445495e-5,1.0816867614326562e-4,-5.281817735923065e-5,-5.488481829803698e-5,-3.231853586101722e-5,-1.53622091852119e-5,-1.1240931852231433e-5,-5.2445600988377184e-5,2.567862517475878e-5,6.429791316791947e-5,-4.898573236592099e-5,3.166002972035276e-5,-4.4598631998907434e-5,2.29744243010459e-6,1.6183058137812856e-5,3.082644409009534e-5,-1.9402539286110134e-5,-3.4764321225460878e-6,2.6658824830266166e-5,5.1368232475837206e-5,1.3642021240200882e-4,4.5306580197465426e-5,1.1165850634466519e-6,3.475658292956028e-6,-3.955034272712514e-6,4.864023444193195e-6,5.3289281706647754e-6,5.087460388842771e-6,-1.7550956375326032e-6,-6.56076056624103e-7,-3.0027867885892715e-7
C15-C15adr-C15sa,3.5497262925778233e-4,8.147632329502227e-4,0.0024806109125515706,-0.001533699923609613,-9.442393712816882e-4,-7.771523269280172e-4,-0.0013759137803043369,-4.5458906217544874e-4,1.8778012347169142e-4,0.001195689486121136,-0.0013191203614571151,-3.4651477957730844e-4,3.3607447123912423e-4,0.0035232644382774195,-0.0016371410241159345,0.0011889953660196625,9.998865438554769e-4,0.0010082266334782899,-0.0011527602590632377,5.680738746630927e-4,0.0022833808348219535,5.929645440942048e-4,-3.072951760248441e-4,-1.017256449304677e-4,-9.384495759260233e-4,-9.234518175521779e-4,0.0019656085072610728,4.6495052078407764e-4,-3.792360621728675e-4,-2.614807387446987e-4,-0.0011471111470975476,-3.715158362050701e-4,-0.001259797016534193,-4.238558046846386e-5,-8.68598410532384e-5,0.0018612384836478198,-0.0011355937625208814,1.567986991930332e-4,-0.001222939802534845,4.263836263949902e-4,5.546395254783701e-4,0.0013553605520619449,0.0015725677898317115,5.960760258105012e-4,-3.816797673262443e-5,-6.294335186794391e-4,-4.0144600912224936e-4,3.803912598406903e-5,0.0015845807521839433,0.0017098305046593845,3.4717746648989066e-4,-5.143913103526543e-4,6.901653909182198e-4,-6.596363783274189e-4,3.9717401521167895e-4,2.8762725679346186e-4,-4.883233968613181e-4,9.241776233453147e-4,2.577411598177535e-4,2.560576339499163e-4,9.282924953706093e-4,3.530734200228775e-4,-9.45058177906398e-5,-1.0501656025187233e-4,8.380060122796595e-4,0.00114678020248,-9.321188964042096e-4,8.402709277729162e-4,-0.0020154396168667772,-0.0027107736627144494,0.0011802313012736322,-3.520654280264724e-4,-0.0026149839951442825,0.0018689987534572842,8.472321354260526e-4,-3.5067500903928316e-4,8.735861583403686e-4,-6.194742752041159e-4,-0.0017852902302177235,5.655936373941382e-4,6.039800633719413e-4,-2.5666334728351273e-4,3.0002531795505615e-4,-4.898271518124806e-5,-2.034345361860827e-4,-3.511558083737076e-4,0.0015757937548853266,1.9713853230109184e-5,-2.130938619148307e-4,-8.354372040401065e-4,0.0016430893965735482,-2.869212856111788e-4,3.6179057704621584e-4,3.938125342179654e-4,-6.831618984906737e-4,8.429882939572545e-4,-5.476190290034222e-5,8.48511713834176e-4,-7.694963839843919e-4,-5.772701133642847e-4,9.870935539572818e-5,-0.007887265511754204,5.671246095231037e-4,0.0029764253919069574,-6.67538396724794e-4,6.722058002986136e-4,0.0049891126325529314,-0.0010925500678754905,4.204548792551747e-4,2.07015640854113e-4,4.474163655905208e-5,-1.8125551382385568e-4,2.713688389379572e-4,-4.4793033811477064e-4,-2.0358499217733712e-4,4.8202327060750075e-5,4.156330855632167e-5,-2.500277771806239e-5,1.4455202398022083e-4,-1.5020232254039795e-4,8.930710816032647e-5,-5.023119598459944e-5,1.745173928740685e-4,1.6906865752576434e-5,-7.935179617649461e-5,7.202557428615576e-5,2.4443068697319287e-4,1.140279895168634e-4,-2.5826914954878107e-5,1.7293149570576363e-4,4.889513519405008e-4,0.0011370904578795723,3.942981808565649e-4,8.895513402558294e-5,6.761131042634634e-5,8.334280359319732e-5,7.622365305241067e-5,8.370419021991177e-7,1.0236647982443249e-5,-2.869683108340488e-5,1.7475558541949773e-5,1.7018366004497972e-5
C15-C15adx-C15.8,0.009015117468559847,1.6834794103535145e-5,-0.0075436372530293975,-0.010871596582107738,0.009217731708267349,0.006378636787330717,0.002654123098762762,-0.0043510229617617045,-0.009885268622236666,0.0056054944091487825,-0.0047279835954751005,0.0010039615424460113,-4.300208050495546e-4,-0.028142860164456746,0.007186489563392099,0.0168503968099381,-0.016945003156502506,-0.10954422259087741,-0.052420862199843085,-0.07963192477180828,0.039280785422554726,0.019016081947969016,-0.0032328950275014117,-0.012830122074670672,-0.005477243610313026,0.008152041541955455,0.001455722469821821,0.004605899838127867,0.0014702865877954383,-0.0025971015230296804,-1.0805014053012098e-4,4.777247419048172e-4,-7.786248552954801e-4,-6.320821752105249e-4,-0.0010129260527722613,0.0033776902597363887,8.858059012252505e-4,-0.0011126101211476394,-9.021398805389914e-4,6.0001552998914e-4,4.055805795971613e-4,-0.0011265590241330739,-1.752067202148574e-4,0.0021341209647646833,9.84104214565925e-5,-3.279385359002875e-4,9.20497306358492e-4,-5.703947267321912e-4,-1.181108756686699e-4,-0.0012808520034853074,-3.6183873167487814e-4,-0.004452292289817884,0.0016909529149057633,-0.0023732444871782665,8.713322510288034e-4,-2.9364180000046353e-4,-4.504828577830946e-4,-0.0020821544951385796,2.888352650398145e-4,-0.001103734022282687,-5.566313196328826e-4,4.208685034823977e-4,-3.684717665426024e-4,-5.219004368377001e-4,0.0013219346491417949,-0.0017889323536162658,5.737349770378923e-4,7.537442196637328e-4,2.1110573676113298e-4,8.600652902491069e-4,4.8296940994707897e-4,-0.005180691634370498,0.0013100039588933147,0.002391662731527121,-0.0020253498142340787,6.548208532212816e-4,4.845151227598593e-4,3.486613641431892e-5,6.458955567342516e-4,0.0029326666927730603,8.520282969775207e-4,3.958737622957042e-5,-6.140811796156782e-4,1.1896039050320518e-4,-0.002550315409089811,-0.0030409866727151317,0.0010700608481223678,0.0010972083079447542,0.0012701801503073895,0.0019968771257744904,2.577042140530241e-4,-0.0017859788256668204,-8.147016599459996e-4,-1.5483205374538803e-4,-3.6024157222896497e-4,1.91677184002093e-4,-2.5681417487920016e-4,-4.7323041752974184e-4,-5.148645243904737e-4,3.7675765319568165e-4,-4.5949055111503746e-4,7.155690074162448e-5,2.5119104051267866e-4,6.979293422679565e-5,1.4890608016878578e-5,-1.550651345111385e-5,-4.119169988060457e-5,6.014261421262004e-5,1.7850118267148012e-4,-1.9926134921808777e-5,4.984024525504557e-5,-1.563046535548936e-4,9.559498753232622e-5,-4.155036542186683e-5,3.65135573335103e-5,-1.4908059217559682e-5,-9.025289498607633e-6,-1.7988368104058785e-5,-1.2518495228541499e-5,-1.1761156625645831e-5,-1.5010425587881536e-5,-1.1587208746450251e-5,2.7522144513151647e-5,-1.166835123762385e-5,3.482298625479516e-8,1.8132356052488265e-6,-3.3590568038165553e-6,7.157851032388034e-6,3.206510053934321e-6,-2.5988281408012136e-6,-1.9378064736900443e-6,-5.439690665800472e-7,5.070831506739261e-8,2.0713346719405696e-6,5.0913007425763265e-6,1.0274087274504956e-6,-1.3628258852946106e-6,-6.62096051014321e-7,3.340013939193584e-8,3.272619773375402e-7,-2.3171800283356736e-7,-6.399798579416557e-7
C15-C15ah-C15x-C15v,0.002283548675549805,3.0264128753335854e-4,-3.581375662847999e-4,-0.003747344990656133,0.0014777689632886552,9.96834536776961e-4,-4.129513867677486e-4,-0.0012404874289554447,-0.0018703721814310264,0.0018913580243666117,-0.0015292761920188361,-9.508102397411133e-5,1.9785108076138768e-4,-0.001475795368632901,0.0030328815952330715,0.0029304389078280164,-0.0016277049164218906,-0.008651435624343647,0.0025432368820854766,0.012683444147420151,-0.002584672670465006,0.013417965752796303,0.003787362255756922,-0.006414470767101538,0.0021275060267210676,0.0035244259946504626,8.755683628196997e-4,1.0325172459901362e-4,-4.2045971843714553e-4,1.2558837253624612e-4,-4.5112890708504826e-4,1.476381737047157e-4,-5.816845606666456e-4,-0.006084262966760844,0.0012636753101619893,4.141486036320446e-4,-0.0014927303272728742,0.004310731886008548,8.061685503933259e-4,3.214467245006086e-4,-5.482090313303388e-4,0.0016446221079335055,6.694382557770265e-5,7.564443809419693e-4,0.005321125437367839,-0.017130164145665063,0.00447864233302544,0.009180710624787399,-0.007228744303901702,0.006095071755579337,0.002050490455166055,-0.0019534237150876837,-4.4254685068560257e-4,9.086418837499834e-4,3.004568854528731e-4,0.003107204549943986,-0.005480081543726314,0.0024365378044866313,-0.002504491416635672,0.004957693745952233,-0.015291668590703742,-0.012789263943492465,0.008049214503887564,-0.011094126985675575,-0.01183985138828934,0.0038046747767452845,0.0030740699389662936,0.007223359133034815,-0.0013015645721103457,-0.004137737984870935,0.006198029709467364,-8.781032152764854e-4,0.002678279173599903,2.8238439063689463e-4,4.7344472089845324e-4,-0.001992352817890819,-7.576162208616493e-4,0.0052814725135453345,-0.0023426298134027264,0.001089207647028408,0.0016296148076436383,5.437500085248231e-4,0.0014995251028947127,-5.410897205560141e-4,-5.51550414595505e-4,2.8039328435799346e-4,-4.994669626627404e-4,7.918411126303686e-4,-6.745586430492039e-4,3.2900158812412263e-4,-0.001025368393806449,8.828005251358608e-4,-0.0017978381243682832,-0.0025152038267545677,-0.0016776864876894932,-5.337277720371643e-4,-1.511949625273936e-4,-2.2939957423847175e-4,4.28841737742259e-4,-4.919256092609913e-4,7.021169501148088e-5,9.766169882839703e-4,-1.8820914907548438e-4,2.6629549467769846e-5,5.0170021315436127e-5,4.688605095408814e-5,6.437734477845131e-4,2.8188086825785055e-5,1.736892520917687e-4,-3.119402969562134e-4,1.7769842675397464e-4,-4.0116116504423215e-5,2.1800357964977578e-4,-3.087890963661071e-5,-1.56675212607931e-4,-5.997104213090437e-5,-1.035543502921763e-5,-1.4890902556841905e-5,-5.760921617479382e-5,2.6647874220823033e-5,1.3385887546628306e-5,-2.4592520400132354e-5,-5.104282011392576e-6,-3.647430553512448e-5,1.3847114499411695e-5,-2.3511191503487654e-5,1.3603124350042382e-5,-5.4843836579279324e-5,3.814808607615499e-6,1.2266587103023465e-5,5.964920498490408e-6,5.6929104613874255e-5,3.1071006605595805e-5,-6.8753139879807e-6,1.6814963496067761e-7,-8.595047152768233e-6,6.84553261393109e-6,3.5014343307333796e-6,2.228863977470554e-6,-7.954157153112088e-8,-1.3511562889512653e-6,-3.177138099151615e-7
C15-C15ai-C15ad-C116,0.0010970170554452999,1.4476995965607398e-4,0.002174737958321973,3.119167563397862e-4,-0.0013028978642698702,-8.970975298711557e-4,-0.001396967960968494,-4.1077286065920385e-4,4.494279470070895e-4,0.0016409164744313036,-0.0016350015569178036,-3.76065705778779e-4,4.5362202905536975e-4,0.0033745298843058168,-0.0016225558787603454,0.004611240713179321,0.002848206761667577,-2.0329203312158083e-4,0.005421857816992095,-0.0018689346348321216,0.0019097794046665424,5.863014166122989e-4,-7.796751883567953e-4,3.87041901895798e-6,-0.00077672145532164125,-0.004018112331294905,0.00581776640373651,0.001725824763586424,-7.241270236952967e-4,-0.0022530625521445602,-2.771248535629242e-4,0.0014659361116636526,-0.0020897171710274917,-5.278137842759546e-4,-8.10526850363407e-4,0.0015555369800428441,0.0024518782358713066,-4.6518407155516993e-4,0.005547097110934763,0.0015315113041785905,-0.001694581709100152,-0.0029588267845572828,-0.005623805199294955,-0.0016234616754957514,-2.1820306068655939e-4,-9.983223144561905e-4,2.673693801976497e-4,-4.6204758615988174e-4,0.0010479452674629327,-5.202993659135208e-4,-8.469947425408578e-4,2.4346488411728265e-4,-0.0016710905525178694,-0.0018228057072587078,5.214025404969434e-4,4.6461806882596296e-5,-3.083481061645996e-4,-1.3170665376992038e-4,8.585339407221578e-5,-8.661249532349858e-4,-4.6618524777984355e-4,-3.7307146710229764e-4,-4.109747449588249e-4,5.759025456005136e-7,9.781281193597738e-4,-6.462204340806896e-4,7.825282785340269e-4,-3.5473621056627993e-4,0.0010589843401004853,9.84706930271219e-4,3.448768971505303e-4,-5.37638659478547e-4,-9.107244994021853e-4,-0.0014287851844963712,-4.947029715685842e-4,4.226448249387457e-4,-0.003071841167856326,0.002281270034537631,0.0016240415565325073,3.4703312791301035e-5,4.949709600579824e-4,-0.0017161474232821007,4.921371962254706e-5,-2.980560716166201e-4,-4.817257374619318e-4,3.9756008049705437e-4,-5.581057641172914e-4,0.002024959962030332,1.4552142304241627e-4,-0.0011584160510886825,-1.8247125793892796e-5,5.055911833260139e-4,-4.5865840220429957e-4,5.209239091324675e-4,-1.1191927136030744e-5,8.362825613684959e-4,-0.001366063960865621,6.083135526901436e-4,1.6349472509563786e-4,2.619434071867252e-4,-6.012944429848083e-4,-2.3521282800111193e-4,-0.0012169737893555684,-4.5393136299859746e-4,-6.012963925655908e-4,-4.099778647082278e-5,-2.2140016180729352e-4,-0.0013824861573960708,9.789729268654193e-4,0.0010613623526383928,-7.527118998091332e-4,5.039585520979208e-5,-0.0011548885755867455,-0.002972457896133304,-0.0031026132421623394,9.623087471736647e-5,-9.278278210441033e-6,1.3345149228812946e-4,-0.0018185354846902062,0.0011844632652654617,3.4594393055073794e-5,2.5159324230902494e-4,4.007420342793508e-4,-5.699963789868599e-4,-4.359477609617484e-4,9.454690179105489e-5,-9.299376738737999e-4,-5.096795163003229e-4,4.937216881763242e-4,-1.7862388682039976e-4,1.6115075876217176e-4,1.5935080773347085e-4,-6.869413476097442e-4,3.2807577888207824e-4,1.8705138767779856e-4,-3.08073978670876e-5,-2.161581610740292e-4,9.761477372863737e-5,-3.205584758465291e-5,9.374410385923901e-6,1.7540837588352166e-5,-4.162171438867195e-5
C15-C15ai-C15ad-C116ab-C116ao,0.0028404024737524397,3.324287970638145e-4,-3.620474207457681e-4,-0.004108615697407363,0.001907888514138202,0.001313599756117412,-2.606027767796958e-4,-0.0015996859760081087,-0.002940440111505481,0.002756577334927578,-0.0034823535549664657,-0.0014661463362854344,7.848036268395768e-4,-0.0023500439408698595,-8.15815757559741e-4,0.0030560217580928827,-7.533511039509586e-4,-0.006279304639627327,0.002271809057114756,0.00540609356366817,0.002473753652548511,2.07174714838357e-4,-6.295534550967538e-4,0.0013327263511033766,-0.0014134261774147972,-0.028433081279119712,0.027280444303751445,0.005194237841719916,-8.772284667822323e-4,-0.00215528507527157,4.4391358355613217e-4,6.167940420956179e-4,-0.002657833835126148,-5.846864837875701e-4,-6.738073976271522e-4,-8.864676340173156e-4,0.0018052760932310656,-1.872593719861329e-4,0.006834560065228417,0.004859061532170982,-0.007044842896396435,-0.010854632690786563,-0.019969876411129628,-0.006368977641994511,6.222781911311503e-4,-0.001311777473944615,0.0017840795332550406,-0.0018986666626233668,-1.0843986490466565e-4,-0.0014794394348179771,-0.0012566450811593102,0.0014703051165317026,0.002781602473940852,0.0034102690576294087,-0.001591297964967203,-4.6711825333596016e-4,0.0011697291255386214,-0.003030498807849043,-8.848076644781115e-4,-0.0025028883078015616,-2.736704731629514e-4,-0.003349916835726468,2.51160418984889e-4,8.260609537916486e-4,0.0015632124582727247,-2.440273056835724e-4,-1.4322072281770898e-4,1.6400436208705938e-4,3.627938019313112e-4,0.001285676313385782,-5.068317058513297e-4,-6.39783964337535e-4,-0.0012213573971172455,-8.940119209438822e-4,-3.141408697297196e-5,0.0011190530346941562,-0.002381031808514871,0.004588747055208813,0.0033032245870260385,-0.0011272593429655735,-6.374906750021837e-4,0.0018923250755594075,3.477706196283325e-4,-8.269631038588958e-4,0.0017511164885957455,4.175018593897777e-4,-0.0010595766754866788,-0.002727772687638976,1.5165883569344198e-4,0.003670593445401168,-0.0013765965505725274,-0.0010523551958855242,6.021456419521295e-4,-7.967884540952922e-4,0.002752703901016487,-0.002927404936744306,7.474675752699777e-4,-0.005339064490657427,0.0038196067357360616,9.813729321840312e-4,3.767230537957399e-4,4.245360302464416e-5,3.931088423381218e-4,0.001392742562576302,2.472807999256604e-4,-2.4828271006723304e-4,-4.332810333577043e-4,0.00163228740125923,-5.198285779987065e-4,-2.870739524670982e-4,-1.1330603322904842e-5,1.8868283463492383e-4,-1.975330123899647e-4,1.7643874028142815e-4,4.6193499142965517e-4,-1.6600869885220374e-4,1.9644712113891523e-5,-2.6021555856556585e-6,1.6858850901467322e-5,5.608273125276351e-5,-4.423427411055148e-5,5.4164669483194934e-5,-5.7302599845231166e-5,1.507483873247951e-4,-1.1702724566194104e-4,-4.2009629761115906e-5,-1.245094184764785e-4,-8.594395184726385e-5,-2.3789062168183398e-5,7.34287783800154e-6,-1.1803048266472593e-5,1.500157929144511e-5,1.5752172340153175e-4,-4.5811897269695934e-5,5.65034963048599e-6,2.842033249835935e-5,8.036319856047134e-6,-6.0706988575609575e-6,3.4551639927861705e-6,-1.0060699916188553e-6,4.2943401513224853e-7,3.036339498309409e-6
C15-C15ai-C15fi-C15fk-C15fj-C15fh-C15bq,0.00800282159049573,1.6745012771561318e-4,-0.006393111622590913,-0.010272033577842862,0.008386498957568336,0.00696106600892634,0.00329461955441805,-0.004964497908768255,-0.013371666907582735,0.014077733283197018,-0.03470095967486795,-0.040321224040102265,0.00706535491014726,-0.0044682382297195605,-0.0022001827046579637,0.002354740881932305,-0.002192406109030946,-0.013327056416817439,0.005391385645335457,0.01211206454506911,0.0019112019564480561,0.00023114175862991947,-5.95012659555696e-4,0.0035732453600886855,-0.0016166294594728184,-0.07648735656475465,0.07506473020767795,0.017559809668007725,0.0011065267107677479,-0.0064146974753751616,-0.005124167710753055,-0.001534516593143807,-6.15070843729697e-4,-0.0018739201626737855,-7.37286010318992e-4,1.120773958906623e-4,1.8322091764372603e-4,-0.003897962988826137,-0.00753314585311231,-0.0033900200691820695,0.005641156594797999,0.006696732520387804,0.011905841141672155,0.00390800604172121,-2.2700256691165555e-4,-3.460021992607387e-4,-5.929347295309046e-4,-8.433370076493275e-4,3.855282747868626e-4,4.159698150210641e-4,3.872860324842864e-4,-2.0206285856249798e-4,-6.320093446118916e-4,-0.001231704661545296,5.595138754486391e-5,9.364690921933351e-5,-1.2727507110909712e-4,7.16107748227098e-4,1.1059751665531318e-4,9.474107472377495e-4,2.1837707549895926e-4,8.34622901526928e-4,-1.6347892388312766e-5,-3.4440738460673926e-5,-4.8757409024761543e-4,7.507190516537616e-4,-6.42747896683627e-4,1.9647115262013242e-4,-4.360727855027433e-4,-4.5149626538411433e-4,-9.347264945742792e-5,3.285143620753835e-4,7.698131292104614e-4,4.775112974809414e-4,2.2095375086138324e-4,-4.7606071103272157e-4,0.001745066598462112,-0.0021751954928333627,-0.001543888319119806,3.9271304483039134e-4,2.608280150707803e-4,-4.271535870599904e-4,-3.592313797745295e-5,1.003752175219577e-4,-1.9045973441232514e-4,-3.525960938331778e-4,8.081861404167896e-4,6.350538644978935e-5,-1.8887786147368658e-4,-5.309735473878309e-4,2.7034628210199734e-4,1.051940326447342e-4,6.710537340815329e-5,-8.405790131610211e-5,-3.8767635413511164e-4,1.8781491958235632e-4,5.918623439928137e-5,4.267438046112337e-4,-7.585257048489822e-5,-1.5807283205866162e-4,-6.543355303973655e-5,7.1520901877688e-5,6.1757076308113305e-6,-7.975155736460922e-5,4.490359956595317e-6,-1.351499870943976e-5,1.1060103906035211e-4,1.2239589066555354e-4,9.303444167075194e-6,-5.9060649253707566e-5,2.469558854777422e-5,-4.708742512840949e-5,5.468440566278792e-5,7.784075130848464e-5,-3.9848062637483655e-5,-1.1225589925202651e-5,-2.7153692963058533e-6,1.8597339465444837e-5,-4.1606852121001304e-5,7.520529013135821e-5,-1.2428426087431485e-5,2.0080730863581394e-5,-5.42521438807159e-5,-2.1395183397181828e-5,1.1292438335461516e-5,-4.336398126547536e-6,-5.7790634412662954e-5,-2.943323817295479e-5,9.614898493042127e-6,-8.183620995947352e-6,-9.670447797332378e-6,-1.7302104990984197e-5,-1.0924876523327047e-5,2.4659892725654528e-6,-6.644546279169382e-7,-3.028442215616378e-7,-1.6561763167931156e-7,-3.113828237020036e-6,1.3759179937571642e-6,1.889143048836507e-6,-2.566218212405414e-6,-2.025910959929262e-6
C15-C15ar,0.001439486269475452,6.350865394607012e-4,0.001160360387637305,-0.002785153719364775,4.66945837187578e-4,-4.177094566340415e-5,-7.736648592019015e-4,-8.154602737812752e-4,-0.0010283040300005973,0.0017638199476661524,-0.0016416836669023345,-3.676972434404329e-5,2.1957257676543052e-4,-0.003764380448392644,0.0010741319170513887,0.009579265803997705,-0.015481811243349465,0.010152116899214768,2.490710403241448e-4,-0.001258974715256153,0.0073165213207124075,0.0030461714665975435,-7.173138626655949e-4,-0.004285635356458039,-0.004037579096363217,1.757743323260354e-4,-4.1397274976146464e-4,-0.0010809488838210651,-0.004679246649168252,-1.169764524039454e-4,8.551731206294889e-4,3.5460531104202734e-5,-0.0013973019869769321,2.865170294245444e-4,-0.0010876252886775116,0.004589599345956328,-6.763263016337617e-4,0.0010126579043839975,-4.7462520189000987e-4,0.006395936188083801,-0.0011729759484076924,0.003713358431049416,0.0028911977244961,-0.006048330004275833,-8.990261996067646e-4,-2.1523921989794427e-4,0.0018101946229086504,-1.7734292670346414e-4,3.885006813045057e-4,5.710010775700777e-4,-7.993737220832984e-5,-2.9403444678037033e-4,0.0013551369780540332,-0.0015366203877723405,0.0012761723212037217,-3.684209767706651e-4,2.492548211466632e-4,-0.0011533209069338201,-5.985391879706538e-4,-0.0014736161825316869,-0.0012652326504060652,-1.4098958324359504e-5,-0.008556256349604208,-0.0034163209052699493,-0.0012823520609145697,0.0020292255323199355,-5.774143222953739e-4,0.001156611103074339,6.841420019865968e-5,-0.0024563719119118166,-0.0011150326259916471,5.809167034840265e-4,0.0025348359553051597,-0.0045259023808291035,0.0042710381387373025,0.011764679677589521,0.007194966577347513,0.0021561388032413473,4.660561313513262e-4,4.068327928814533e-4,-3.653722406032665e-4,4.493539456376319e-4,3.958667557461461e-4,-3.5155823217694946e-4,-2.9379225980895025e-4,-9.715258040569896e-4,-0.001144029783624033,4.8309174190653066e-5,2.611108039686322e-4,-5.073215134256175e-4,8.404265068545652e-4,2.0473767415929808e-4,-2.694569983250567e-4,2.8953861302873177e-4,-1.2876700976743944e-4,-5.886919308739906e-5,7.63732712478193e-5,-8.488344525270306e-4,-2.756010580653844e-4,-2.083670610403062e-4,3.817441225028328e-4,-6.547871403873405e-5,-2.3492619147549748e-4,4.634563634367028e-5,-2.2759665168195248e-4,-5.779505666376155e-6,-5.383546644197623e-5,2.2527440827780284e-4,1.8755950870974255e-4,-3.053097584721577e-5,1.8703656412787317e-4,-2.5966185037386356e-4,8.295228310216667e-5,2.875028535444396e-4,-1.965304448587699e-5,6.592793055458212e-4,4.34598318530451e-5,1.9144167065089473e-5,-3.544660878036458e-4,-9.272293770414107e-5,2.6539732775293797e-5,7.664520897189637e-5,4.293037308382877e-4,5.01228568731147e-4,-5.271221529422045e-4,-7.072669017771289e-5,2.3867345965153497e-4,-2.837921168159812e-4,1.481842885553641e-4,2.1939462427663405e-6,2.353446444265162e-4,1.921218911743886e-5,-4.3644172935282903e-4,2.674425342090874e-4,-3.332280261384159e-4,-1.1477422348516689e-4,5.454141303124589e-4,2.06418804604599e-4,-1.879511427375333e-4,4.817543575020479e-5,-1.7852829064790037e-4,-1.8546008303992722e-5
C15-C15ar-C15ea,6.418525714396297e-4,7.885977234576483e-4,0.002131570971366333,-0.0019206713142497992,-4.937963996569033e-4,-6.367852813882746e-4,-0.001191960647835137,-5.387100403123748e-4,-1.6808080181549177e-4,0.001415771441136927,-0.0013978218099587921,-1.1595946923367129e-4,2.7626426875358446e-4,1.0719109416236398e-4,-2.2362430376130462e-4,0.005865407902910738,-0.00832214581752795,0.007103276504500011,-5.923882345252108e-4,-9.443518722496162e-4,0.005308298084984305,0.0020721455849308274,-5.534816661232282e-4,-0.0026062544261658814,-0.002736006413900216,9.746413579150979e-4,-1.9871866067483278e-4,-4.2136694290099877e-4,-0.0029147635152377157,-3.027310130666879e-4,-1.5216043789502716e-4,-1.2016589516148015e-4,-0.0015818235065154537,2.629978951141814e-5,-7.217435775731814e-4,0.0036151122025173776,-7.545438376092082e-4,4.890910248273064e-4,-6.912407192890881e-4,0.004119347617603694,-5.005883372936684e-4,0.0025745144609036464,0.001876649550657197,-0.0034012874872514027,-5.693504408939229e-4,-6.263386360829418e-4,9.6850079514725e-4,-2.962772365289765e-4,0.001061968213468016,8.578379055012555e-4,-1.6266460792854087e-4,-2.930896057146289e-4,0.0010000954370541913,-0.0011589225532141053,8.28137054456329e-4,-1.971773813991051e-4,1.364980242440828e-4,-7.121880673470876e-4,-3.1557295250177165e-4,-0.0010175202356525826,-7.230050226806678e-4,-6.160902460417182e-5,-0.005102031616819291,-0.0020473003411263387,-4.281263899660982e-4,0.0013110420581426015,-3.0790736929957275e-4,8.666240922656418e-4,-9.038095457839471e-5,-0.0012206870758150275,-6.672092975323777e-4,3.239523506879735e-4,0.0016255505113526114,-0.002942427470075327,0.00235395652877111,0.006624571833271567,0.004094464212433293,0.0011881716349022933,4.5493206238963313e-4,2.8190714168594344e-4,6.460252622807833e-5,7.691459856836061e-5,2.615368499009783e-4,-3.1605622524581283e-4,-1.3351096437062843e-4,-4.1493904267384657e-4,-5.336340864150069e-4,-8.472291237471332e-5,1.5236197085905144e-4,-1.9846742827722648e-4,8.106060823252439e-4,5.019699883508107e-5,-3.3000432446866803e-4,3.961655954207264e-5,-8.344564752766536e-5,1.3470626059102533e-4,-1.020587432818961e-4,-5.863600839832886e-4,-1.3995779649902756e-4,2.1448607547121524e-6,3.7561701107886294e-4,-1.4191758257136775e-5,-1.5710191278171194e-4,2.1140805669190606e-4,-6.892932805097994e-5,-5.6857154292846194e-5,-2.7481416531483687e-4,1.9207761454659978e-4,2.0655165457419354e-4,-9.327740329936577e-5,2.0681313738993702e-5,3.415874133952178e-5,2.621078657135396e-5,3.971677332056076e-4,-1.5359018749897392e-4,1.3448010658223552e-4,-1.6370960761641174e-5,3.305561382566295e-5,1.2924015262436297e-4,-1.0672811251774542e-5,-4.811603891771141e-5,-1.5106087337631927e-4,-7.078685159898692e-5,-4.024973202823463e-4,3.6897136160599444e-4,1.2919501332549396e-5,-1.6481346555758641e-4,2.2697336652294003e-4,-1.5855755189033324e-4,-1.2878565811509963e-5,-2.7720134864927387e-4,-2.1834142982247218e-6,5.180420232606733e-4,-3.1726050910533914e-4,4.8553979606007745e-4,1.6613731264034036e-4,-8.673492117120314e-4,-3.39060705691598e-4,3.057307855320845e-4,-7.906496271850432e-5,2.978211782384395e-4,2.788638538775749e-5
C15-C15az-C15ai,8.306382208990935e-4,8.472461587224036e-4,0.0020148037508778845,-0.0020920799243872193,-4.21610431760615e-4,-4.136686272531392e-4,-0.0011271586126815486,-6.664149500261878e-4,-4.457699555903479e-4,0.0015424335541458015,-0.001665165151226765,-4.5957212844729083e-4,3.072514374001238e-4,6.975700751550909e-4,-7.816130214552734e-4,0.0038745831914907694,-0.003879425038892048,0.0013328937574846333,5.256297814103002e-4,0.003475607267794204,0.007928021882682332,0.0012048947845407407,-0.001216453855534944,0.008207923231289055,0.0025968808017317506,-0.0016654142663778348,0.005088642005091159,0.001928859381248469,-0.0010469870570318403,-0.0014156809010496606,-0.0014868431792286077,-1.953960787308463e-4,-0.001843260407729257,-4.1717134268863185e-4,-4.38196417113215e-4,0.002475143226325702,-2.894602953405445e-4,-4.7921864268827825e-4,-5.600745936062267e-4,0.0019226156812603818,3.1509883918062875e-5,7.020999039620299e-4,-3.478669386529306e-4,-0.0011170986228286608,-2.9896066918117713e-4,-9.591443173934736e-4,8.219934223193127e-5,1.0860220618235437e-4,0.0017762563861786088,3.3008519098665545e-4,-9.983641481683579e-4,-1.7502656467447778e-4,-1.7792546500093256e-4,-6.34556604763575e-4,7.579256633038366e-4,-7.576115473375827e-5,6.451433194169596e-5,-8.400139156320618e-4,-8.75377399260711e-5,-0.0010790275221931993,-8.565781276355484e-4,-9.640060460442036e-5,-0.0013275173543677988,-2.1266845522214744e-4,6.362427908526001e-4,-0.001921380936842885,0.0019353932174946673,-9.876902185003255e-4,0.0012230281078391685,0.0014346211398932475,6.168200336227103e-4,-7.529053829377456e-4,-0.0016053921936715573,-0.0018378322367280796,-8.702903458727853e-4,1.8813245320464624e-4,-0.0045363666104277275,0.004130805708460595,0.003619411736392749,-5.528114723908972e-4,-3.661083324105252e-4,4.7742923754681384e-4,5.895931699790702e-4,-1.0374644788027904e-4,-9.64210749586577e-4,0.001787054976661596,-0.004121610161450956,0.002927164584506808,4.3437127068074547e-4,3.0918398580482605e-4,2.682747909950726e-5,-5.5813908645129234e-5,6.822256237516489e-4,3.110695230221384e-4,-9.7197576380941e-4,-8.002277434748552e-5,-0.0012177851293254632,0.0030495563363560846,-0.002479849003459123,1.318556130596006e-4,-1.1559313498259464e-4,-3.068686467311228e-4,1.8560036863031707e-4,-0.0015740431229437244,1.3264144794209985e-4,2.638661392018023e-4,5.796075383004357e-4,-0.0019827215697542796,-6.660775693389483e-4,2.2819629646058967e-4,-1.934545144935681e-4,3.2883386947270363e-4,-4.1351641535031697e-4,-0.0033796526346208384,0.002346230472213012,-0.003878081944370989,2.054256147931429e-5,-4.0611701268925774e-4,-2.0789265671630153e-4,-7.333285628259844e-4,-2.1010817645393404e-4,3.6759495596447756e-4,-6.202202757829651e-4,5.968476895844444e-4,3.92425521010663e-4,-1.1124464884460236e-4,-1.6000504867197027e-4,-4.821399277028984e-5,-9.043976462960489e-5,1.86619337166591e-6,-3.689181347216862e-5,-1.1851272416052234e-5,9.3135831210724e-5,-2.3278018497251758e-5,-2.3884415747928072e-5,2.2460044404185944e-5,-2.9765684732343515e-5,-4.071660297010326e-6,-1.8513968546026235e-6,-4.232606721444502e-6,-1.1525287669572063e-5,4.772022946859647e-6
C15-C15bb-C15xo-C15xp,0.002559323192135799,6.563389942772658e-4,-0.001576135052928721,0.00203814172353791,6.398541486988187e-4,-0.0042529229122390605,-8.459337310878749e-4,6.735575136025134e-4,2.3167933649528825e-4,-2.1671262975075296e-5,-4.7166742205950274e-4,-2.531796743452412e-4,3.504062317076535e-4,-1.10112470939172e-4,-4.293982555318655e-4,0.0034056331430947283,-0.01048472059552509,0.006777002040842965,-0.0022832354086357483,-0.002810204327344379,-0.003383067858207146,-3.864586109360259e-4,-7.349159369445336e-4,-9.230056019248823e-4,0.0011122578127234419,0.0029683599174826136,7.147026408664287e-4,0.0032430040053593326,0.008800717934625946,-0.0025722593518652356,-0.007109701261426792,-8.798919858131456e-5,5.029202104837038e-4,1.4997179883843404e-5,-0.0017945196454484148,-0.0024950735217423086,-7.2096507043913e-5,2.7702310156655198e-5,-3.505303294650544e-4,0.002733344138928609,0.0031278893703806047,-0.005354672092168563,-0.00269268196133711,0.012814385109170478,-9.544421579522611e-4,-0.001197204177730017,-0.0032090025267517293,0.0011268618172366911,0.0016239086287061699,0.001639694078307286,2.5290615161304087e-4,-0.006328032732704736,0.0020635486305198595,8.143135871382517e-4,-0.001487189232269581,-7.27056777481407e-4,-1.3064025429890606e-5,-3.814025675343363e-4,0.0013061364416153492,2.5545995624742834e-4,0.002369906115235932,3.3342989644250096e-4,0.0012484467201757095,-0.0035580173921007947,7.937656128819713e-4,3.4914648864868905e-4,2.2541882071755787e-4,-3.8521103865910867e-5,-0.0013327073412005277,0.0014094972448613521,-4.066519824233248e-5,0.001186990728490043,1.8888384017110013e-4,-2.3321001704158572e-4,0.0014347805965793613,-3.002431899799171e-4,-5.498631239277296e-4,-1.6651760990217395e-5,-6.30393019433478e-4,-0.0017871634430115654,-9.351876557880572e-4,-4.896706909408614e-4,3.938323687342153e-4,5.494505308662779e-4,3.479055092981392e-4,0.001375614440193917,3.969921405527292e-4,-0.0011061432996185522,-1.0859105116418643e-4,9.252458127836477e-4,2.442819221262898e-4,5.521308177750076e-5,-2.582883384138394e-4,8.039411723053615e-4,-0.0011506685993607217,6.286671790877194e-4,-6.227926269342375e-4,-0.0011629774010176194,-7.315465003937723e-4,-1.3794844085896326e-4,-0.004451012223186466,3.4053980681936967e-4,2.8163128150706057e-4,1.2782526735774814e-4,4.264978201893995e-5,-8.709252934840643e-5,1.8645916241102186e-5,5.513624617024586e-4,-1.3438750230685404e-5,-6.749838750720647e-4,-3.394782780026353e-4,4.708931223429946e-4,0.001984506362964131,-5.19352423800103e-4,-4.8931233858683533e-05,-8.142855382279956e-4,-1.9011076608472258e-4,0.0019582163364642927,2.2880482856384437e-4,2.705756183787732e-4,3.6775254156190078e-6,1.574898272370096e-4,-4.4142861545452654e-4,-3.6517939966414264e-4,-5.629498292169637e-4,1.0138346062305397e-4,3.587248082039111e-4,1.8741290758746184e-4,2.1463785296270874e-4,1.9462442628750046e-5,1.2708840916843533e-4,-1.0575643992905398e-4,5.4240656229332046e-5,-1.4329086458361129e-5,-2.734013410539578e-4,7.522486982726258e-5,1.7137976150220638e-5,1.0476085358528181e-4,-6.320021499566957e-5,-1.3371155483562302e-5,6.930526860206018e-5,-1.1181608625695552e-5
C15-C15bd,0.0010454032553415993,0.001018723962511667,0.0012178726158118395,-0.00595021278225299,-0.010596866270311856,-0.0026712359473000727,-0.0020356766714972898,2.032536485932165e-4,0.0013377756611112075,5.573284783627307e-4,-6.229717763601425e-4,-1.771052069514678e-4,3.444360000611198e-4,0.004697666613745513,-0.0020207431224298455,7.607400861938842e-4,0.001200279286699088,0.001959882604723725,-0.0011891584139934114,6.569228453759699e-4,0.003687749205657282,7.27314399729629e-4,-5.87894099010012e-4,0.002601965454456818,5.723930543477617e-4,0.002298015642415047,-3.839085821636582e-5,6.714088107393413e-4,-2.081464619116867e-4,-6.433982728983129e-4,-0.0014309750884065927,-3.547234548922905e-4,-0.0016977401154190492,-9.476891868895684e-5,-1.2504003655758504e-4,0.0019948695032448237,-7.560675314596733e-4,2.0841765511147624e-4,-0.0010119822814259444,8.109057961092965e-4,3.9267203244654144e-4,7.428480939833405e-4,4.600017582073631e-4,0.00041442325246229843,-2.8789449739134525e-4,-7.618388075949494e-4,-1.0658788719654007e-4,-4.860672675793992e-4,4.992575552141916e-4,7.665507078668784e-4,2.7450483688098884e-5,-8.389316319339603e-6,4.5709148980283503e-4,-9.285329952967757e-4,-8.320946068999759e-4,4.977648294515408e-5,3.4704446693564815e-4,5.7972823799786945e-5,2.310038408765806e-4,-4.5388350018538815e-4,1.454972263325248e-4,3.2242968145590597e-4,3.9186334138145416e-5,-1.0365208429267977e-4,6.359596610818856e-4,0.0012099708495790507,-6.178831415525697e-4,8.840548230960819e-4,-0.0010053038197568752,2.7981232267548523e-4,-2.1067568992583975e-4,-1.4365697313672198e-4,8.582912628802699e-4,-4.865508595597012e-4,-3.886721611405856e-4,-6.085545480135841e-4,4.4379167029898535e-5,-3.5383245509717863e-4,4.1247620648702686e-4,-4.910247802533784e-5,4.579112093557418e-4,-6.172804091829363e-4,3.991216903391996e-4,-4.548966311377389e-4,9.196153210726279e-5,-1.5972396761908877e-4,0.0016215458089461406,-0.001006620130738604,-2.7707535213414807e-4,2.4891901827207174e-4,-0.001972041608897059,0.001078132444896604,-0.0021189740411330397,8.016675825635934e-4,0.0029430858062504555,0.002633856642981727,-2.8058696992411367e-4,-0.002289462516698525,-0.0016468962337310167,-0.0018959949656913626,4.638026253429195e-4,-1.3573574922997713e-4,2.223455544778607e-4,-7.220778846498912e-4,1.1773639080915236e-4,-1.0531313880983923e-4,-3.1327604512819396e-4,0.001214250687886351,0.0010089598880757803,1.4613386852155638e-4,-3.499473729475201e-5,-5.924379706340465e-4,-1.0758349279617118e-4,-1.9193947989317394e-4,-0.0018660667461237533,-4.7604464672831826e-4,-8.873680645545599e-5,-6.253722363635048e-4,7.297890582208152e-5,-0.0016726150816779035,1.2959540132960365e-4,3.6104822785862817e-4,-2.031430877310649e-4,0.001282133270074025,9.083595419053601e-4,-1.1261844268088559e-4,1.3391925245360569e-4,-2.034764503661859e-4,5.242450122766537e-4,-2.240764114348911e-5,-1.4168567707905451e-5,-7.346190990845096e-5,3.897484015644289e-4,1.921505915725441e-5,2.161157534610434e-4,-4.914625118494534e-6,3.386841498856231e-4,-1.2011728093627179e-4,3.2573894983361836e-5,1.8919395046979575e-5,2.131795356993137e-5,-4.101487493911859e-6
C15-C15be-C15bc-C15bf,0.007959517648376083,-6.70345307623561e-5,-0.006337751386345502,-0.009587010074705662,0.00789323948982699,0.00577189210072104,0.0019931888844243947,-0.0036909366330667233,-0.008648688105606026,0.004792108678750987,-0.003959288695262303,0.0012871084081984131,-3.1537612681892436e-4,-0.020010778608046738,0.004464262188048728,0.009489886996752085,-0.007639272940063227,-0.040015222796812924,0.011799263823757811,0.054878659291020204,0.028105644786759146,-0.09257568536868221,-0.035639078650986,-0.061785424674691856,0.017290305212180127,0.018839871786946707,0.003256295130783039,0.007782662799283586,8.176431096777024e-4,-0.004427392184468086,-0.0024630330528256257,-5.9348379884811435e-5,-0.0018678114262667973,-9.873099160562695e-4,-6.089599222645854e-4,-5.959777336737909e-5,0.0021775748552786424,-0.002213439564839268,-5.100079328540629e-4,2.067084309609309e-4,0.001136470764849685,2.294216290651165e-4,1.0519129790679064e-4,1.0656802436956777e-6,-2.7414239040701423e-5,-0.0011772157090838996,1.3626646638243624e-4,-7.573623394575536e-4,0.0013321680921886475,-2.751555067122877e-4,-3.2222206552211073e-4,9.048818169932469e-4,7.197982942728966e-4,-0.0016540104800975843,-0.0014116487633451915,1.0556164317782548e-4,6.27820073599529e-4,-2.1646395225501604e-4,1.1008905483525614e-4,-4.4760652973739644e-4,-3.3347396310596026e-4,2.671211150012192e-4,6.631238355563059e-5,-2.8091238414565765e-5,-3.6727097570957477e-4,-6.358886447920515e-4,-6.223109838416119e-4,-2.0816387765651144e-4,2.145216757321366e-4,2.7264013993229713e-4,1.6853311810081745e-5,-1.0412430052956461e-4,-1.8892690569037997e-4,-9.179524186262839e-5,5.905467400839276e-5,1.0438832283442174e-4,-1.611891344157611e-4,2.6492317544868387e-4,7.940058613481719e-5,3.659036347482242e-5,9.757515971969962e-5,-6.331996972923328e-5,8.283740161437227e-5,-1.699942049718409e-4,1.136755028260879e-4,-1.0005740806555995e-4,2.547434138538926e-4,-2.2957147696953342e-4,-9.108084138233087e-5,-3.202713988558084e-5,1.1955527864200635e-4,3.445217475768654e-5,6.034233567231073e-5,-9.394627284454916e-5,-2.222511704585848e-4,8.756095642622317e-5,1.2875743725636874e-4,2.9199564950008395e-4,-1.8205399042486425e-4,-1.0407949244515723e-4,2.2755965404405433e-5,4.4980243140915746e-5,6.368279787513359e-5,1.5236782644060384e-4,7.088089682328787e-5,-7.845184874201823e-5,-2.2628748581293128e-5,3.0720660575961925e-4,-2.683950180393825e-5,-2.6441313811776074e-5,-1.607533969368005e-5,4.692570856701701e-6,-6.112292577798414e-5,-6.592761279399414e-5,-4.79033067774185e-5,-5.9229222061364825e-5,3.5264050231706436e-6,-8.143741442833106e-6,-3.993743272323153e-5,3.41119235350371e-5,5.9171560158384236e-5,-1.98083852400754e-5,1.3282327060556209e-5,-1.5192130423646238e-6,5.411918751685013e-6,-5.0890426146423895e-6,-7.910772543204894e-6,-7.660201600392622e-6,1.4122092773256433e-5,-7.059646621857026e-6,-1.770046086627176e-6,4.468551481327285e-6,-5.9946981933002995e-6,3.1815673785029442e-6,-3.305186845089736e-7,5.884672733567173e-6,-1.5360450069467435e-6,1.5313031785645135e-6,3.1164889028117366e-7,-1.3226349021347539e-7,5.79495986586394e-7,-3.3425089281764347e-7
C15-C15bi-C15bb,0.015368306675074253,7.856832470957409e-4,-0.01751320209757318,-0.033418596104679614,0.06140225028431026,-0.12064801527469692,-0.02001660153663491,0.010263873311577484,0.01698130648981304,-0.007316675438976919,0.005720720199792503,-8.829371751791668e-4,5.174570339923631e-4,0.007377504178318661,-0.0029487911273475935,-0.0038326957189337963,0.004409625658424436,0.0022540896016176007,5.26066099795499e-4,-2.679636000081299e-4,0.001666742830678466,9.747948723176824e-4,1.0851142704308003e-4,-4.901808286573571e-4,1.6978320060292298e-4,-4.3263243239138085e-4,-3.8254382372943476e-4,6.667592164840527e-4,0.001456436216706546,-0.0011294588386616734,-0.0044136088251234325,-2.2150064890846986e-4,0.0036113941094243884,0.0019548332851972725,-4.934320337125699e-4,0.007040094651337544,-0.0016993595692337726,0.004348530403748073,-5.0409515946704e-4,-0.0014116265532039198,-7.973813200951984e-5,-3.6250031154714006e-4,-1.8668166887742706e-4,-0.0047146779826517365,-1.929690882446438e-4,3.474789383810694e-4,8.784644519777805e-4,4.1282587102662763e-4,-4.88567598358471e-4,7.336336371121917e-4,0.00109900314241014,0.0017332421155349265,-4.955548206420686e-4,8.669416894488903e-4,3.905516349095044e-4,1.0471365414730767e-5,2.605492726616426e-5,4.204288659660498e-4,6.997755029274713e-4,-6.009066110220521e-4,0.0025020431392663426,5.82307083393618e-4,5.488723556977423e-4,-0.0011244138263490485,-0.0040128877219687146,0.0027146704476729813,1.7788432027865414e-4,-0.002323033189585664,-0.0015828339664043507,-9.189524224930027e-4,-7.223327149556936e-4,0.001144338813493414,3.245337134121926e-4,0.0025429431765630777,-0.0025513337121358,3.0139240173205473e-4,0.0018704404259507856,7.784496902917169e-4,0.00360296200717982,9.211745991754334e-4,0.001193171604348287,-0.0028876343400201596,3.245715466310192e-4,-0.002851216841555047,8.014499623725398e-4,-0.002118634991762318,-0.0017974936468562789,0.0016891990358608704,8.718152745093408e-4,-9.915138150205722e-4,-6.73163384796765e-4,-0.001266569052489646,-8.152733532254026e-4,7.481067449612104e-4,4.059749604014039e-4,6.260674786761532e-4,-2.2420290355873988e-4,4.548669078471641e-4,-1.0300645733853172e-4,5.25039989625882e-4,0.002521919544972034,-3.873234866284629e-4,-0.001364986798785252,3.370739771796085e-4,4.767114112796717e-4,3.792339563560639e-4,-1.3098947007018157e-6,-6.117983913862736e-4,-0.0012891603592599455,3.7891460842951385e-4,1.400360794812452e-4,0.0017823754620039343,-0.0020722242556188656,6.613611978145554e-4,2.2541639042934482e-4,3.943705416595152e-4,3.818823083881527e-5,-1.1821796120684004e-4,5.247687616177601e-4,6.257578133102964e-5,1.02380194771438e-4,-1.1285758451587741e-4,7.500920674926785e-5,8.841490999243165e-4,1.0842408963960705e-4,-1.2813026727622438e-4,-7.080572426651074e-5,1.8116630948033217e-4,-7.345807291810031e-6,5.96758116078674e-5,1.9611251534487373e-4,-9.781835357604072e-5,4.690367207333219e-5,5.2145544857348065e-5,1.88971851717435e-5,-7.196983603272864e-6,-8.04193572047826e-6,5.5069563955878474e-5,-2.3282969454557343e-5,-2.521805368410845e-6,2.8535680409634983e-5,-2.952299229606093e-6
C15-C15bi-C15bj-C15bb,0.018290001083478814,0.0013504627796730225,-0.021174630141784882,-0.040358982204392276,0.07503342137868034,-0.14705115781862443,-0.023245775064772888,0.013608381635190119,0.021382581151172118,-0.00885520077358462,0.006739228971233056,-0.001006343810308844,5.725800441408604e-4,0.008162256298662561,-0.0025106562811993585,-0.0011072721537508298,-0.0015441807357691034,0.006652350307831735,-0.002170609627957178,-0.00433126523221745,-0.006654081888214141,-0.001509821279878626,9.86920387702794e-4,-4.139486606309273e-4,0.005666188653655715,0.0018688039661590402,3.583727199549246e-4,0.004487202608733498,0.011541958486027192,-0.003343777220520134,-0.01172237477916716,-0.0018425766824691227,0.003501303115397369,0.0014368527283799633,7.632693524443565e-4,-6.761407480293004e-4,-2.478618655782915e-4,0.0016803852098577295,0.001263123214211212,-6.213597626558073e-4,7.173991150996101e-4,-0.004391497892718309,-0.0027719381987953706,0.010271759679529837,0.001081480448787283,1.0168369635178196e-4,-0.0034648465384466815,4.7999895469835724e-4,-5.514601454716764e-5,9.686695830892641e-4,0.0014226056271123232,-0.006184184083270058,7.863996612446777e-4,-5.098024608332197e-4,1.1753769677761471e-4,-1.1375084310796567e-5,0.0029307906423307064,-5.986408640237484e-4,0.0014110933053268042,-0.002929637800629343,0.004279230276887159,-6.29147425322707e-4,0.0028477511799958805,-0.0033643205250518103,-0.005912223649596347,0.009043829282140346,-7.97564405084892e-4,-0.007387775702540054,-9.050795343804766e-4,0.002370453511710452,-0.0015928201487913952,0.003153577125255731,-0.00250633046848809,-5.858729108676705e-4,-0.001430179693906833,-4.504921224325403e-4,0.0012117987243638216,8.143966241452848e-4,0.003477198298919601,0.0033411769145956986,8.459347770165324e-4,-0.0021077160168702525,8.19093567926967e-4,-0.0029174069110341366,-6.285348558842388e-4,-0.002592823322690393,-0.002544054514425595,-8.883283510620226e-4,4.590491364841421e-5,-5.853789747198425e-5,9.783657296018645e-4,-7.699375336685396e-4,7.577527677727343e-4,6.262093614551588e-5,-2.9718583405746995e-4,-3.5788812149458734e-4,6.415158824201661e-5,3.1437532390245724e-5,8.679553737966446e-5,-8.0432035881628e-4,-2.0107146579368952e-4,-9.307713160560072e-5,1.5402007087465903e-4,-3.45019441762102e-4,2.3567340976438046e-4,-1.4539185996507664e-4,4.453301441839337e-5,2.2508239346635194e-6,3.0846457450802063e-4,3.597044528987209e-5,2.663745089777005e-4,-3.196346636260852e-4,3.7558420622227195e-5,-7.755051827398154e-5,-9.806394327293621e-5,4.931083757184753e-5,4.455157187666868e-5,-2.9948541572741804e-4,-7.752691853595811e-5,-2.398078128769479e-4,-4.026463499510356e-5,-1.0713607311941662e-4,2.1643316859180721e-4,-3.60563642966237e-4,1.0584122997628711e-4,1.8597355669104393e-5,9.097353075364296e-6,-1.403366802845219e-4,6.829584312042492e-6,-2.8345838427344408e-5,-8.267986723281987e-5,6.643369687232244e-5,-6.952616599652397e-5,-6.326942707940492e-6,5.2476666800006454e-6,-1.0485655471662984e-5,6.974283271883546e-6,-2.1207475518875133e-5,8.530047785045924e-6,1.2359252039953712e-6,-1.6070352274384848e-5,-3.758486150511653e-7
C15-C15bn,5.284918396755472e-4,7.84573310997035e-4,0.002298241957960447,-0.0017255253127420845,-8.085345140464681e-4,-6.741922235127826e-4,-0.0013332289650450314,-5.205803381413287e-4,6.987211081615241e-5,0.0012459155087222234,-0.001248200443254524,-1.5226273238536187e-4,2.687387030255963e-4,0.003121242370465246,-0.0015495182726517065,0.001430464152666025,9.718704637124017e-4,6.350824392720434e-4,-0.0012416478509341953,9.604628889503736e-4,0.0025705408254456195,6.667629556602166e-4,-4.6199651884541764e-4,-7.273946196604479e-5,-0.0011635308300396408,3.183356834341385e-4,-3.6564953863712097e-4,-0.0013757887501547263,-8.970823466399621e-4,0.004455088239178907,-0.0013377916946319102,0.00317459699402148,0.011019600670481225,-0.0012780569194686651,0.003852704021048671,-1.0801955168366206e-4,0.001263000921050948,-0.002695794918944389,-4.960680639996361e-4,0.0030257698368876713,5.130981358444397e-4,9.61275737109265e-4,3.1125967867116856e-4,2.6805967331974947e-5,-7.177175279241548e-4,-0.001167870389112484,-6.761306906151867e-5,-4.528152113319465e-4,0.0013496213991698164,3.5561459529286505e-4,-2.683374933778795e-4,3.967332413957841e-6,2.96582510456381e-4,-6.589015637407641e-4,1.358551543938167e-4,1.9704651080526196e-5,-1.281788937320998e-4,1.8775743343347337e-4,1.850645642902447e-4,-5.39027698018175e-4,-1.1632154598002931e-4,-2.0667905103548493e-5,-3.095106744074616e-4,-6.538694474143076e-5,2.4179951509683867e-4,-3.068528026354922e-5,1.8784778621808515e-4,9.157759895302374e-5,-7.507877028696343e-4,2.230233781229678e-4,-4.224750419861056e-4,-2.5890701049890644e-4,-1.6354293244313155e-4,-5.843895562102937e-4,-4.029315332225669e-4,-7.63696635396387e-4,-6.111708366860142e-4,-7.219312900060216e-6,8.494712789303167e-5,-2.4358399814959292e-4,-4.5102890510905717e-4,2.8468784114462656e-5,4.374440117665308e-4,5.226048732696434e-6,-2.4119513414653e-4,1.296625095811252e-4,-3.121416665869261e-4,1.1808623296725629e-4,2.5404970952657e-4,-1.100168868701308e-4,0.0013034751260436565,9.174800039467448e-5,-7.330544441574552e-4,3.613416857437971e-4,-0.0011004975707838327,0.0014665132325968671,0.0018784416648593382,-9.320494869690485e-4,3.730928214961847e-4,1.9981934930782264e-4,2.7370117837438747e-4,-2.992827768841969e-5,-1.2431257565905605e-4,3.563623726351177e-4,-3.6657271060410545e-5,-2.7116799228298227e-5,-4.436028127481727e-4,-2.574008482403668e-4,2.5569763114887436e-4,-2.1632093286778466e-4,5.3319836363241686e-5,-1.8911905057901178e-5,2.4576413160336426e-4,2.8885104334673567e-4,5.060452761940903e-4,-8.481800223218041e-5,2.2040662929112405e-5,9.229821310258097e-6,5.0834975322379115e-5,1.870041994836211e-4,0.001396823916401301,-5.352937231517732e-4,6.767142397735872e-5,-0.00027149361658392003,-5.137788915176464e-4,-1.3933217558357382e-4,-9.78089172230762e-4,-5.798335780908102e-5,-0.0010081810262362466,-6.197821748809105e-5,-4.2505330479890166e-4,-9.3134063490755e-5,3.456881982234997e-4,4.3708036150661957e-4,7.306283971963163e-4,-2.0729599140994044e-4,5.326732915778325e-4,1.6494453033299517e-4,-1.148508912109484e-4,2.4136412900939982e-5,1.9611524938453677e-5,3.394620690016843e-6
C15-C15bn-C15abf,0.0017406923069457315,5.24702577556711e-4,8.357703850800556e-4,-0.002931353706317809,4.6513600588125225e-4,2.5045665299336015e-4,-8.05448698672557e-4,-9.593276518259365e-4,-0.00107664858081751,0.001614430317108626,-0.0014348341858484777,-5.965889350025222e-5,1.8954500829748884e-4,2.6947530623168284e-4,-9.482710647631489e-4,0.0021895035811689474,1.753209201745413e-4,-0.002005250348351988,-5.685732203801302e-4,0.0026026230781017947,0.00244204587350057,5.180623801929393e-4,-5.675355054097491e-4,2.0811942938073612e-4,-0.0013339312324740975,-0.0015849018269455506,-8.321301954986994e-4,-0.003143838646098545,-0.001218119291098415,0.008714743115493608,-8.522159530326689e-4,0.00601754810790577,0.021614561671977357,-0.001903145233663255,0.007224957972836859,-0.0022233834715045114,0.0028160928086420124,-0.004409359209198233,7.550450953551651e-5,0.00463888897432191,3.940736528166869e-4,8.100083107068764e-4,1.3091940693829153e-4,-2.980762354840032e-4,-0.0011393338356495092,-0.0010143700320498243,-1.601487107900025e-5,-1.2326259993009265e-4,0.001139304944380636,-7.988080189351882e-5,1.2955678348901913e-6,8.623571787453884e-5,2.810421098919802e-4,-4.3834828148671336e-4,4.996101293972052e-4,3.8800621067143895e-5,-5.747739090366991e-4,8.363984022416026e-4,3.5465771510492393e-4,-5.74464652120717e-4,6.057853049686269e-6,-2.3174186084696967e-5,-2.7997311525203706e-4,-1.2262615682154154e-4,-4.5936054586453046e-4,-3.536390638569325e-4,3.389929091365055e-4,-1.352600795934235e-4,-0.0016339991306053726,-3.8352974605965396e-4,-0.0010906459901447682,-5.267722214465315e-4,-6.280345662379671e-4,-6.718460643960258e-4,-5.656628841383005e-4,-8.740003799445299e-4,-9.168483386874453e-4,2.3290712948042188e-4,-4.215523626462081e-4,-8.996649376703624e-4,-0.002427730547183039,6.635334817805914e-4,0.0010971604007510224,3.812413634556727e-4,-7.855171961388617e-4,-2.495295644712215e-4,-0.0010310111468015218,5.275566615251732e-4,0.0010090316628821306,-8.071128937215824e-4,0.0029610952317657992,2.9989867445150993e-4,-0.0022638712121556847,0.002143087390888959,-0.004692007177766902,0.005575608941679459,0.009268536914338205,-0.004178113743758703,0.0027460257395722715,0.0035885180133615724,0.0017370563875319248,-0.0011262617342493598,0.00214011202749666,-0.006192846161396638,5.037501507251595e-6,2.7311773554946484e-4,0.001485719112292665,0.0012180657490847146,-6.431100600240613e-4,-1.96544383296824e-5,-2.0734363510872044e-4,-1.306145294829042e-4,-0.0010908450043996267,-5.484638564719005e-4,-9.591690541004898e-4,-2.651392962867415e-4,-1.0224503744266893e-4,2.0271916992890918e-4,4.981809391976578e-4,6.624673887177631e-6,-0.0012680799457024567,1.5541022247947273e-4,-3.6016512153056563e-4,-5.480652585188867e-4,6.002277876944783e-4,1.517999864125714e-4,1.8100361280925161e-4,3.6287364499815926e-4,2.2141937741131947e-4,3.2593339423359256e-5,3.981385741098652e-5,2.614452568434212e-5,5.364067302441241e-5,-2.0651706707340822e-4,-1.2284415406303397e-4,6.673571465488905e-5,-1.310501604340124e-4,1.5344256473446297e-4,-7.077802383929416e-5,5.172525412863273e-6,-2.0549438356296234e-5,-3.7872713221886652e-6
C15-C15bn-C15by,5.450465516554619e-4,8.182369142215742e-4,0.0023129586385996336,-0.0018108351158738708,-7.005767355009682e-4,-5.52105031027454e-4,-0.0013183925472692619,-6.352549773698767e-4,-3.8841222330877315e-4,0.0018476477738027992,-0.0025353982339113776,0.0010279887772209296,-0.0028053077143514182,0.003777309619343304,-0.0018621090255993569,0.0011344532066498865,0.0011324260860277786,0.0010515358980944585,-0.001322843567703345,7.875971786654312e-4,0.0026245508133839017,7.139407337377599e-4,-4.900552542053829e-4,-1.497118468371455e-4,-0.0011102043825226137,5.529687839724794e-4,-3.235278689598502e-4,-0.0010257269624636817,-8.107747946531776e-4,0.0035862942420970953,-0.001424448979806535,0.002515245681939852,0.008696122253044834,-0.001013600445838549,0.0033003893060987227,6.336450787428314e-4,5.966877984653122e-4,-0.0016738791358460318,-9.290823426366324e-4,0.0024595047917267436,5.598583191232111e-4,9.115071658063027e-4,3.2333177065754147e-4,5.372203096007256e-4,-0.0012483357458896937,1.1381731408070953e-5,1.8349223275646002e-4,-9.261986768111678e-4,-0.0019546748282369933,-8.547938336940968e-4,-9.709415553733423e-4,-7.36234170294101e-4,-0.0016220310002175125,9.60269422496241e-4,4.6401882934276885e-4,-2.362204583551838e-4,5.081294166919933e-4,-5.889346402874936e-4,2.5588672075632716e-4,-0.0015675410360959086,-8.204361110832487e-4,6.648724932221636e-4,6.640575705773685e-5,-3.9791483455425955e-4,-0.001248464212688973,-0.002318142063048413,0.00226467625813863,-0.001710433004272336,8.75840516852026e-4,-6.465622278257339e-4,-1.913400881841187e-4,9.944436095740063e-5,-7.28122638932925e-4,1.3416394040697364e-4,1.5512549664606568e-4,-1.950199125325767e-4,2.774270025291836e-4,-6.336241505652003e-4,-4.907948228967727e-4,-1.7803193321402146e-4,-6.472432419844725e-4,-6.91355053387628e-5,1.78403984769926e-4,4.8055898567009916e-5,-7.450346763751083e-5,-1.6023613215977373e-4,1.3876440270570574e-4,1.2297917675665456e-5,8.726192051817589e-5,-5.102113854691065e-5,8.227667640047774e-4,-3.951476570687695e-5,1.1587238456190684e-5,6.310032443044764e-5,-0.00161039491686977,9.756858644028887e-4,0.00268926536835973,-4.490844265232129e-4,0.0016600411855363796,-1.103589388180502e-4,-3.8500935107882336e-4,3.724316676566236e-4,-6.101857201691953e-4,0.0022059156167181715,-9.04402037892197e-5,-4.5897246288707674e-4,-5.711989239923845e-4,1.6964944065870038e-4,6.709504509046986e-4,3.3253962213046273e-4,2.977038582902693e-5,-1.6654937102382044e-4,5.209548265122349e-4,2.602234045820906e-4,8.047083934164324e-4,3.1036659158247763e-4,1.3317512516262416e-4,-2.037701111976265e-4,-7.644595634716225e-4,1.4434914089539217e-4,4.138619770587357e-4,3.272293931999075e-4,-8.596147783098074e-4,6.581863068691198e-4,0.0016015069067805473,2.5229604473780094e-5,1.2291123652987808e-4,6.444385013781013e-5,5.052073528014495e-4,-3.0297070733660575e-5,1.1011575916401655e-4,3.933478388622213e-5,-1.7987029661685263e-4,1.3282619836202505e-4,1.6334008816908636e-4,-7.285826587655786e-5,9.947906646293782e-5,7.447937813586209e-5,-3.9547559228455284e-5,1.1039219249729031e-6,1.6818406836598963e-5,6.91551024245147e-6
C15-C15bn-C15by-C15ai,2.608230282394599e-4,8.858558077572401e-4,0.002659401436016973,-0.001532872315740028,-9.622757628508588e-4,-7.460164646338403e-4,-0.001432514288994556,-5.517884458923189e-4,-1.9004312211252862e-4,0.0018004923396355962,-0.0025916169066128366,8.890535121551852e-4,-0.0027464024314274083,0.004409346911783628,-0.002013539873443991,9.508141014545908e-4,0.001268973332846604,0.0015373896352031896,-0.0013521185071644693,4.7093725177229365e-4,0.002587910698590571,6.916170446653945e-4,-4.481632735853817e-4,-1.3654227056328875e-4,-0.0010074057934324869,-5.930659148479488e-4,0.0016820322480784306,1.371762756228724e-4,-6.122774428864372e-4,0.0012511475666569627,-0.0015715365591630153,0.0010083402297929368,0.0031631812046414567,-6.268764966945592e-4,0.0015269703589672157,0.0016033147500988702,-2.441747823354983e-4,-7.018294022620345e-4,-0.0010030027976506654,0.0016616972005278848,3.5730890267180794e-4,7.040206008386698e-4,1.135470605724509e-5,4.8296732083373886e-4,-9.374713299719697e-4,1.4074250083753777e-4,5.2450808189124925e-5,-1.3870324340555377e-4,-0.0015784976914099923,-8.45874622417239e-4,-0.0011819436253723856,-6.736051198673906e-4,-0.001553699654704812,7.031116780893764e-4,3.263427502051677e-4,-2.0658543016598106e-4,5.915402962377501e-4,-8.312834044199131e-4,1.7412940801479814e-4,-0.0016040626497072657,-0.001023578574842898,6.275488055240377e-4,-7.212271081982627e-5,-3.2094263586947936e-4,-6.978220983668874e-4,-0.002552378748427879,0.0024712159070270703,-0.0017055224220969894,0.0013257633924437608,-3.420189986282722e-7,1.6235066589789947e-4,-1.6308589426498166e-4,-0.0010315343902008486,-4.177061311182995e-4,-9.826429641158857e-5,1.1173930780615561e-4,-0.0011776166000881804,8.699606262971074e-4,9.279670697747515e-4,-2.504428695541817e-4,-4.27789420578926e-4,9.910874373820331e-5,1.9147808283928347e-4,4.6901852289669053e-5,-4.06686640696321e-4,4.84579307767755e-4,-0.0013530005790842476,0.0010969049147103022,2.2085203364723632e-4,1.2526459794979378e-4,1.6838831193455276e-4,1.309680760015214e-4,2.4135529450155163e-6,3.6689779759284315e-4,-0.0011098080631916675,0.001263986242415415,0.0019114228939849382,5.737055679954988e-4,3.4340612649497187e-4,-6.68472059530586e-4,-4.709394302323829e-4,3.1884539512705006e-4,-8.209506933835931e-4,0.0025432486708274553,-1.0963738692686785e-4,-3.810998889956007e-4,-8.684318835687665e-4,-3.6810165149546984e-4,9.393480032068438e-4,4.799235980164413e-4,-8.37977236620018e-6,-1.1698668274858076e-4,3.5364230730430227e-4,-1.63464529923295e-4,6.47394833993632e-5,8.576805358894651e-4,9.3340734872552e-5,-2.9164766196665756e-4,-9.579631410221713e-5,-3.235883770746768e-4,0.0023011155976248856,-9.657095489519789e-4,0.001026546970420275,-8.497224569940418e-5,3.933157544011448e-4,-3.1826640969862754e-5,6.153986046053006e-4,7.489539437180261e-5,0.001000276651624016,2.2239867285212436e-5,-1.998779001561827e-4,-3.2789835418826766e-4,0.0010268291630943017,-6.341656841399322e-4,-5.885667867393518e-4,3.117815804220223e-4,-6.74169569119191e-5,-8.0168829790353e-5,1.2929717967170452e-5,1.806240994096033e-5,-1.2270913364134073e-4,-1.0223834495179872e-5
C15-C15bn-C15cn,0.0031613101032396712,2.8041591225916876e-4,-8.513077173201599e-4,-0.004430755643992595,0.0018755660834896919,0.0013231237586393927,-1.8516443801332437e-4,-0.001511028022237776,-0.0023828998818953852,0.0022473779941130185,-0.0018997412077825478,-8.672313502765002e-5,1.2101870849979305e-4,-0.006520554266525047,0.0025305118965298344,0.004014254749213825,0.0032063454574209563,-0.0024941560401880564,-0.002358780984840963,0.004625614073223063,0.002215782598263334,0.0012874829474809745,-0.0028686284295312997,5.556006305973398e-4,-0.0018180959008348332,-0.0035374216823224956,-0.0012318022155510355,-0.005969131338126526,-0.0018454896961194627,0.02128775799655901,-0.004532553969421568,0.011572097125005724,0.03724353235464885,-0.004497456133048671,0.004489719021641601,-0.005226127556534427,0.009569880776811849,-0.007586134077929384,0.002277715249477659,0.0065889002392643115,-2.7581064295196443e-4,0.0013555487647251134,0.0018478866352915244,-0.001207121842743382,0.002144598522490075,-8.018937253013792e-4,-2.2765988304450737e-4,-0.0011336049303027503,0.002550261072231692,9.958654359833112e-4,-9.061310898949372e-5,1.4073828316348268e-5,1.5155668041203594e-4,5.2607404642475214e-5,-6.842812671471681e-4,-4.091215055229529e-4,0.001733446799667918,-0.0030983850439037968,-0.00131816929793794,0.0017421544036613414,6.74166299627865e-5,-4.8391941728002263e-4,-0.0010824107488254058,4.961534261424838e-5,0.0018390986848082448,0.0019668182556153283,-0.0017412611907473953,8.70726433027494e-4,0.005356844346343,0.0011711027502251505,0.0039061975589561463,0.0016945070635648659,0.0014085687350690315,0.0033776622043013675,0.0011737605708934684,-0.0011658562882411383,-3.539369582844497e-4,-0.0010142534305384993,0.0010870202096733878,0.0019134849483040729,0.006871375057643708,-0.0019498752587968026,-0.004910856874887593,7.177643118118054e-4,0.0028128890351986507,0.0018122393118318151,-0.0011669182645669897,-0.0010747183492959543,1.465761126615957e-4,9.514580217449436e-4,6.979819656933979e-4,-2.20620380893375e-4,-7.393088179672865e-4,-0.0014957836215324341,0.0029151664462843943,0.0016965163717653925,-7.742593383168731e-4,0.002711687509549704,0.0020698426842283863,-1.2796680757472316e-4,-9.132076165102713e-4,2.6346079541256993e-4,0.0016681512061312996,3.7070473358964374e-5,0.0011663632720466568,1.5045812768660458e-5,2.8689462605050494e-4,1.4916757499102568e-4,-3.222471524795997e-4,-2.895558951189831e-4,1.0423647211280734e-4,5.315124659846697e-4,0.001166481805006983,-6.369653613031492e-5,6.691682657469736e-4,3.901732642457578e-4,1.0571623525795066e-4,-2.818100289192616e-4,-6.902177118117969e-4,-4.164593410432506e-5,-8.701490221377566e-5,3.4612022089515124e-4,4.5866430371919054e-4,8.556139083222583e-4,-5.636267153660238e-4,-1.0944895070596094e-4,2.3730345387569906e-4,-3.1257961582101826e-4,5.0129434835960954e-5,-3.0271689061430402e-6,4.5932341349228085e-5,1.0778525209739478e-5,-8.390931567301691e-5,3.942587185598343e-5,-3.3086584341068535e-5,-8.87055138142198e-6,1.3961713482577131e-5,-5.3156565839603035e-5,2.908640442775279e-5,-3.27670248121956e-6,7.877998802226266e-6,2.937814590935384e-6
C15-C15bn-C15ij-C15ac,0.002965633229670603,2.9554154388692223e-4,-6.448551420415306e-4,-0.004178218589543998,0.0016797568895439959,0.0011446731759012902,-2.596578582831981e-4,-0.0013614233066989423,-0.0020721041682547365,0.0019960978338201246,-0.0016714276846627755,-7.190221206721351e-5,1.1317648635102963e-4,-0.0025211339519459978,-3.200122142796015e-4,0.003088001958943424,-6.155648440191989e-4,-0.0046567650026031445,4.8545591650126864e-5,0.004377692893299322,0.0024575255349615984,5.176898155005213e-4,-7.310413632975515e-4,5.236063530819464e-4,-0.0016854267074643688,-0.003689596558142189,-0.0013778221894760437,-0.005528689185086499,-0.0017582731311399369,0.015569838519404348,-6.832354146020853e-4,0.010761630684051386,0.03885111927014445,-0.0033352372608552168,0.012704152209792508,-0.005526434602820898,0.005844438041358415,-0.008068973494265755,6.839891903373447e-4,0.007343652475800635,7.815122384060856e-4,8.835373424651236e-4,-1.3141856766886483e-4,-8.748651098987615e-4,-0.001675315392017557,-0.0015803288292135453,-2.2510229479194046e-5,-2.266065387471978e-6,0.0023048391751688325,-6.814005702255873e-4,2.3522228755200707e-4,5.129491541941577e-4,4.192681172196857e-4,-4.234053660601255e-4,0.001319502690092833,-1.5755125106792594e-4,-0.0012218341388422495,0.0013634947938688765,4.886600512782875e-4,-3.0941864309966553e-4,3.9307858042970684e-4,-3.7564129877871045e-4,-3.6349533331527217e-4,1.5513198947998309e-4,-8.654058838271444e-4,-6.451246031797877e-5,-2.497731493442029e-4,1.1138272940778325e-4,-0.0030063344947803303,-4.25405496036417e-4,-0.001680215933525899,-7.809851204902653e-4,-4.812965255207869e-4,-9.558401461693019e-4,-5.969477573676144e-4,-7.333205174919751e-4,-1.3958382660578944e-4,-2.983464627763097e-4,-0.001599472895157826,-6.459056750112059e-4,-0.0030541556418389963,0.0012136437496314573,0.0019249835797245161,-3.8673134003994554e-5,-0.0010935841385906293,-0.0011569687183644538,4.912283727607047e-4,-4.4692728525176515e-4,-1.0551333160409773e-4,-7.721366432460548e-4,-1.8074010703331833e-6,2.2037651167888323e-4,3.5907791573879194e-4,1.1318904193588112e-4,0.0017214597107422839,-0.004772557754519462,-0.0068050231315421325,-0.0018829253277191987,-0.004592253944614421,-0.0021627264012497836,4.5623046536607804e-4,1.4660564739239415e-4,-0.0023818234240259254,0.0019263939786456972,-0.0010209176671383074,6.561762918240044e-5,-7.753454158292324e-4,-2.0124397181983737e-4,8.239239769095739e-5,-7.094931753172192e-5,-3.861592512179518e-5,-5.908187114411698e-4,-0.001289318255868229,-6.676766383950876e-4,-3.374235967173888e-4,2.1994986569151957e-4,-1.0545190412902656e-4,3.917954733414601e-4,9.143456429062483e-4,9.483722576593641e-5,-2.048008411623373e-4,-4.056592834792091e-4,-7.780002836026062e-4,-0.001307611738889959,0.0012132485687964168,2.1829300420969546e-4,-3.588996843589752e-4,6.346072796093756e-4,-3.8295868943474024e-5,1.3915097164102407e-5,-1.3974879233392357e-4,-3.248272558736855e-5,2.873784192506443e-4,-1.489270251816449e-4,1.8789087791499078e-4,1.2401677304482585e-5,4.5093941066833845e-5,3.2657097774484677e-4,-1.7406102741874348e-4,2.251662565144742e-5,-3.225733499869509e-5,-6.900499903413624e-6
C15-C15bn-C15ij-C15ev,0.00228016738048011,4.340869957781263e-4,2.2801944988243695e-4,-0.0035089467141368688,9.928934197325353e-4,6.219132650681646e-4,-6.126474403086265e-4,-0.0011584570151388696,-0.0015397523782162894,0.0018412661273927745,-0.0016011530090865138,-5.212753091787139e-5,1.265171466407318e-4,-8.717287951964026e-4,-7.594719733066065e-4,0.0028452560286298324,-4.124106888918769e-4,-0.0029430324329741274,-3.937589104509523e-4,0.0035201328129531436,0.0031739939084834187,7.608176692128865e-4,-7.482867305414648e-4,1.0150255258778539e-4,-0.0019013213440118484,-0.002608683798105829,-0.0013026547157329285,-0.004909115022901897,-0.002690150747764919,0.01295610537180517,0.0013612321609182982,0.008802948857185905,0.029603256019519096,-0.0027987272857391255,0.011084854000397543,-0.005216279480577126,0.003277383281884569,-0.0057915199864798,-0.001931039435060784,-0.007814419909666024,0.0029381504361011357,-0.0022186835462747276,-0.002856250636497931,9.383872535927162e-4,-9.608576526905357e-4,-0.002092604213621783,-2.741922135382349e-4,-7.824499411928844e-4,0.0022457004280431155,-6.155045638225608e-4,-3.624363335494651e-4,6.524649925937363e-4,-2.3095113270467512e-4,-4.0641769613904247e-4,4.4993201364759033e-4,-1.2687277874629108e-5,-5.925914166222223e-4,8.520485943042191e-4,5.980304873237974e-4,-6.36680324519777e-4,2.078984292477659e-4,5.624156119244144e-5,0.001200733492563599,5.658728997821588e-4,5.189351351595212e-5,-7.155723010953369e-4,7.622729649418038e-4,-1.5184655800118497e-4,-0.002592941855777537,3.191095503908774e-4,-0.0018356748960005776,-8.770465402566659e-4,1.6939840750480995e-4,-0.002965202559478446,-2.2111320644030267e-4,0.0034229489083935647,0.0025705666295529417,7.816162557980318e-4,5.959698807735571e-4,-4.0772346297773175e-4,-0.0022595850132286098,2.955923639110719e-4,0.0035872117869250745,-0.0016496400277489591,-0.0016319899608538825,-0.0010324718949443858,0.0031826872771000487,0.0011350369280859304,-0.0016833888245067839,5.108220324350479e-4,-0.004738047077662411,-4.705462824418571e-4,0.0032019162216874314,-4.8539675521870715e-4,-0.001230355641816734,-0.0021800662917134607,5.432423830773395e-4,0.002358729464543628,8.76463128968062e-4,0.0010714142833810013,-2.6932816956464086e-4,-1.0612572990509722e-4,1.7107341327642978e-4,-7.901724564721142e-4,-2.5256157547096114e-4,-1.8074360434023205e-4,4.7541166228581334e-4,-2.50222750457892e-4,5.221236099816455e-4,7.316409821037202e-4,-8.331846226462234e-5,3.428473419576229e-5,1.0915815163086776e-5,0.0015738237402761527,-0.001317016986347271,-0.0016196999213241633,-8.482905291593727e-5,-6.579701488799677e-5,1.0775523572888754e-5,-1.5572639191644433e-4,7.670177641225215e-5,-2.3817430578498006e-5,1.7416161060827414e-4,2.6577855996881002e-05,-4.134431546703967e-4,9.26590732994612e-6,-8.900922463824259e-5,-2.285372214089594e-5,-1.1234945776241472e-4,-6.348069059661895e-6,-4.380721342624665e-5,-2.3056591135376435e-5,7.2800384885717e-5,1.115445380199414e-4,-1.1252545220810343e-5,-1.2687667450106901e-5,1.4780722131896495e-5,2.481373606141391e-6,-1.4221839554237804e-6,4.2095988449795106e-8,3.3036386838632683e-6,9.319990442076058e-7
C15-C15bq,6.145655383897276e-4,7.651371115806982e-4,0.0021627516309130554,-0.0018114026681515366,-6.454541555117017e-4,-5.580031953667694e-4,-0.0012596462008902412,-5.867289756436248e-4,-1.475729376598066e-4,0.0014168548089179022,-0.0017473747630105075,-8.556180155474016e-4,4.162401477748552e-4,0.0029057575735096748,-0.0015648555173199507,0.0013348156258137722,7.772041872978678e-4,1.0452877858992299e-4,-8.137803048551164e-4,0.0013132821719391426,0.0022560100065606636,5.381511853564753e-4,-3.3860512647286903e-4,1.3339957614418483e-4,-0.0010059636271875997,-0.006538857402553411,0.007592005490680794,0.0018770934329458025,-2.6357886364028867e-4,-7.873425150076469e-4,-0.001602623926051888,-5.456462058568149e-4,-0.0011357084194374453,-3.619548487658239e-4,-1.6065576870025742e-4,0.001669654921568321,-0.0011422420531820808,-3.896390564962361e-4,-0.002577142748602511,-4.5866659083589387e-4,0.0018289770646792516,0.003050783346859243,0.0047413080509002776,0.001733961260327436,-6.158278354318837e-5,-4.659276991098039e-4,-5.71814550162284e-4,-1.5013848024470532e-4,0.0014775972447216529,0.0017078170470404368,5.973719446516029e-4,-5.922324215221892e-4,2.782513820678558e-4,-0.0011690916927842346,3.7230372607792683e-4,3.3161003181740806e-4,-6.25341669042601e-4,0.001413310697159093,2.4244582375868346e-4,0.0011536736098844277,6.828327441098333e-4,7.449649439685501e-4,1.0843164103115937e-4,-3.5660246859068386e-4,-4.266067826682468e-4,0.001696304014664089,-0.0012594769609302202,0.001063766921858404,-0.0014447230877270584,-0.0011327585614072334,-5.411468892366787e-4,8.743576787721845e-4,0.0021228416296318075,8.851461221913295e-4,9.521752460520501e-5,-0.0016664671858590318,0.004408101624453981,-0.006015239565550252,-0.00437612881818996,9.066356123157402e-4,4.578699615030103e-4,-0.001706735512287908,-3.5886059470735114e-4,5.826885785430526e-4,-7.004099909506065e-4,-0.0012790440021667952,0.0039710679389603175,-1.2834603712824695e-4,-3.4159497819032813e-4,-0.003149199694618092,0.0024683807791363085,4.4405926882825454e-4,-7.212519077042578e-4,-1.283811144207692e-4,-0.003532915358212754,0.0022242551870049437,1.3756433608689666e-4,0.00395008469321709,-0.001980257803500721,-7.670156918556757e-4,-4.529492671136964e-4,0.004160835276438779,-0.0016780024147336535,-0.0024573111266173475,-2.8273070030966234e-4,-9.58029918533391e-5,-0.0038641369835268873,-0.0034305179902000627,6.371191635040777e-4,7.854901621636704e-4,-3.079167803800092e-4,2.8095351512622994e-4,-2.162485714718695e-4,-0.001060993801748658,-2.3298019057684968e-5,8.397603812724077e-5,2.2574980444195267e-5,-1.5010477807721415e-4,3.6222567042355313e-4,-5.829794865505331e-4,8.43196697496316e-5,-1.2278938555232771e-4,4.014243630074798e-4,1.534982274112487e-4,-6.474287437862522e-5,-4.3940175823400755e-6,4.1543032606769986e-4,1.6335774177462912e-4,-5.298716812107495e-5,5.6335300828772885e-5,4.826417481644405e-5,1.132229333264579e-4,8.90816726185996e-5,-2.3204472608765223e-5,8.421664135670118e-7,-4.8911290412946415e-6,1.5364192516595605e-5,1.6081371994258734e-5,-4.93983200492928e-6,-8.928882962843924e-6,1.387592129840417e-5,1.1502564632566489e-5
C15-C15bt-C15bv-C15bl-C15bw-C15bs,0.011956318410833229,8.642705630439984e-4,-0.01062660401162294,-0.01623163700423523,0.016047708033108257,0.00223196318509165,0.006623191310345674,-0.0014018029316240528,-0.009742454748885875,0.007802804004500325,-0.007228080684600637,8.424513848352089e-4,-4.8691840385327735e-4,-0.06038996591962465,0.023212563475030906,0.07850111827137855,-0.14553779910775516,0.07102691115093877,0.005680229087353268,-0.013262628966032823,0.023999794899340118,0.0116284889653569,-0.0016970363289882159,-0.018197025810293508,-0.012809901695689446,8.094965753207449e-4,1.3244652688159254e-5,-5.542278341077302e-4,-0.009530469636462709,-0.0018874635375466936,0.0020016105473167067,3.6410752039938137e-4,-0.0011985319612218895,4.3015839362807754e-5,-0.001308333082932978,0.0038580386588536407,9.360571430893609e-4,-2.9679146507842e-4,-1.7959494863025078e-4,0.004991783504451907,-4.7522885718772614e-4,0.0023375646886623956,0.0018107632044931132,-0.003703487537547866,-6.666075142651927e-4,-2.3424763494724564e-4,0.0010385845190244904,-5.27064097358303e-4,-3.395975863803102e-4,-5.929578208651845e-4,-3.5298267040964306e-4,1.465741203773874e-4,-2.1818071869678408e-5,-4.107886614840646e-4,1.5816707901098422e-4,-2.0571566660716503e-4,2.7625719245520414e-4,-5.217892029085107e-4,-1.2392907592964614e-4,-3.8103481419579096e-4,-3.6988556552313274e-4,7.383319616480198e-5,-0.0011015294645600373,-2.7191402752584234e-4,-1.5806616446006097e-4,-5.6114320084313464e-5,7.856610639183534e-5,-1.3911785930260825e-4,2.9726919877252647e-5,2.786176300655312e-5,-1.7207905185375822e-5,-7.399772185548831e-5,-1.087910331103999e-4,-4.308088249179618e-5,-3.108542249757204e-5,-2.0738992259536148e-4,-1.1512861906531618e-4,-8.441103662122244e-5,-8.888036173938716e-5,-1.7018551905450224e-5,-1.1957259711882165e-4,4.886496932217807e-5,1.615864069795664e-4,-3.196644702387619e-5,-5.70596709357197e-5,-7.30113974063702e-7,5.748186614483097e-5,3.536281165079514e-5,-8.076530363536649e-5,1.906639460449709e-5,-8.81819458210066e-5,1.3032844598338906e-5,9.641236700807387e-5,-3.357938679678539e-5,-3.095189937272088e-5,-5.258878881474632e-5,2.1657379192027434e-5,3.560600012357293e-5,-2.528494995083872e-5,-5.3726776149696854e-5,-5.030654443623099e-5,-2.732340977279346e-6,1.7945643812796208e-5,-4.8289654431862405e-5,6.375110214284208e-6,-1.1653329053283453e-6,2.2097561787636883e-5,-3.578606130752246e-5,-7.878045137383587e-6,-4.418393177573345e-6,-1.9258559648937423e-5,1.3414902019967277e-6,3.1723503137439795e-6,-8.5159039618252e-5,3.649384607614978e-5,-6.188369554992816e-5,1.9876269831297303e-6,-1.159222679931385e-5,-3.7140389614166434e-06,1.870423067910871e-5,-3.2834141383014535e-6,1.9423509774169285e-5,-2.44692671095533e-5,3.4993711808979145e-5,-9.835819406498288e-6,-9.209475127431295e-6,-5.429264036013965e-8,-4.6257248088804025e-6,2.829254238573553e-6,9.841912813104465e-7,-1.3167516349279908e-6,-1.269066087872895e-6,4.2303127823932045e-6,-3.5848147253287177e-6,-3.1873104296203326e-6,-5.373658351647217e-7,6.246232205676787e-6,9.212984526062101e-7,-3.9829979456954395e-7,2.2104093214361186e-7,3.1540224921069477e-7,1.768704489706618e-7
C15-C15by,-2.18695064995175e-4,9.953881923652355e-4,0.003221140176764727,-0.0010494896494082924,-0.0014490343016460663,-0.0011038003447002142,-0.0016266077272984773,-3.720519655230382e-4,2.6342211006478495e-4,0.0016264511576272302,-0.0024587064592607225,0.0010541144181104958,-0.0028672479797255813,0.005514944530605248,-0.002200223723973602,5.761116794199651e-4,0.0015803787629971153,0.002706548796953231,-0.0017034714042215768,-3.647474985585152e-4,0.0025047887098880333,7.062495085444804e-4,-3.7201147576407587e-4,-3.3507312915072367e-4,-8.734787662823248e-4,0.0018652451668136256,3.0542635665680514e-5,3.9117814280875636e-4,-4.233664115328352e-4,-4.336756854685635e-4,-0.0014690698910963943,-3.177291915321814e-4,-0.001565364213741996,-1.9547018643321652e-4,9.643745195839356e-6,0.002312954785698616,-0.00102013721796678,1.963664167835095e-4,-0.0011862782895058449,8.337966353160668e-4,3.5855702423146326e-4,8.777870009409793e-4,4.1255075058025314e-4,5.473321169359691e-4,-5.350598818698092e-4,-3.374994094537542e-4,-6.942166613364489e-5,-6.888448143391661e-4,-4.271759836914319e-4,2.706075659599436e-4,-6.364135845813466e-4,-7.294170179552398e-4,-7.494424861879048e-4,5.465352549360819e-4,4.7667939625302685e-4,-1.0933771266401287e-4,3.088060564903295e-4,-4.658233974358344e-4,1.4012945545069654e-4,-9.407590101988857e-4,-3.3250688526379e-4,2.69380760618e-4,-2.0300529073655165e-6,-2.9130555746438726e-4,-2.853131250103373e-4,-0.0010979553575802342,0.0011961481612942227,-6.615090064023356e-4,5.201090913730653e-4,-1.1217037377153355e-4,-8.008400084913653e-6,1.1403762416791984e-4,-7.130108022789227e-5,-1.485410893588537e-4,-9.359764842407616e-5,-3.3928591479829814e-4,2.6622149437703033e-4,-6.397754279207154e-4,-1.0753388195966099e-4,6.117155529153025e-5,7.043229254973465e-5,-2.009916807767229e-4,8.033917956327703e-5,-6.292295196994429e-5,-6.0751157442201544e-5,9.284506815075943e-5,1.369911097811786e-4,2.9601109276191865e-5,-9.692341968123255e-6,2.2258796000617474e-4,4.490573479709602e-4,-1.7048318857245886e-4,5.72202781913747e-5,-2.342602111786465e-4,-4.702452617089758e-4,2.729780714388899e-5,5.667612225328859e-4,-2.858971319661548e-4,7.632530394325437e-4,-2.406289404045293e-4,-1.7458502234912087e-4,3.2551335804525776e-4,-6.602285368153279e-4,0.0020984858714410298,-1.0924357931095764e-4,-3.1953015630592464e-4,-7.584078856470737e-4,-1.0161555490886392e-5,4.694133807734404e-4,1.5965943034168157e-4,-5.821860498576275e-5,4.4203937956627396e-5,1.6166857222324924e-4,2.224710150966369e-4,6.107969657588239e-4,9.366675818691345e-5,9.472571897843806e-5,-1.5341414413714825e-4,-4.917667802084917e-4,1.4797657692904294e-4,-1.4599781990517813e-4,3.510885835946424e-4,-6.428374268584844e-4,4.486952090467409e-4,0.001365307187545653,-1.9938417376719047e-5,4.4290177406878194e-4,2.5592713666706236e-4,5.712256100703686e-4,-4.801954286630957e-5,-2.2802780996927645e-5,2.1462910817894433e-4,-1.5156947234980277e-4,2.7384382409304e-4,-2.2612241235043853e-4,-1.71396482879069e-5,-2.286886514045212e-4,8.406583160367777e-5,-2.6566358865194915e-5,-4.144333886939748e-6,-2.207040222181245e-6,-1.3866542766607735e-5
C15-C15by-C15ai,3.334580534689153e-4,9.00603713073712e-4,0.00259156099922004,-0.001661146530373951,-7.825634399136884e-4,-5.825075093166302e-4,-0.0013541576498965477,-6.900696320269688e-4,-7.034957809491429e-4,0.002383309401338412,-0.0038368710278184684,0.0018434626947923202,-0.005515123429021742,0.004784115281480124,-0.0022441433766512884,6.922414706596584e-4,0.001321866215746195,0.0016703180759087837,-0.0012309932995757202,4.0371988882977175e-4,0.002455028103484263,6.720504254491727e-4,-4.3357833785881124e-4,-1.1856034155384925e-4,-8.78412925581176e-4,-0.0018433819609011586,0.0033156245669741556,0.0010660891127837761,-3.8019836598465366e-4,-6.147010444105004e-4,-0.0015668495936656372,-2.6683429887607236e-4,-0.0013858643988996422,-1.7671594102289272e-4,7.456505434252277e-5,0.0023677863537663016,-0.0010067187767264744,5.183193772798989e-4,-0.001073333786761172,9.342836095683301e-4,1.765041492024604e-4,4.8637992881007914e-4,-1.6681631694082251e-4,5.463339504857644e-4,-9.028424782834558e-4,7.018414019230479e-4,7.984331306270475e-5,-2.469600559727429e-4,-0.0025317181276847253,-0.0010437902737673076,-0.00132031228100838,-0.0011675590919198427,-0.0023965146410865738,0.0017063819378316024,0.00107999975252183,-3.920084232633678e-4,5.836444259823572e-4,-0.00119475815929684,6.793980395679434e-5,-0.001599748423912945,-0.0011262099421420909,6.317969664839485e-4,-1.2878273571747712e-4,-3.669640433961887e-4,-8.336011909625717e-4,-0.0031569419680113797,0.00310911451919257,-0.00207435604909229,0.0022063605891388905,1.2660115055133567e-4,6.053194450047241e-4,-0.00013007893809281209,-0.0012931717969555019,-2.906929609790396e-4,2.9106599878656564e-6,5.90508526309494e-4,-0.0020879744907451466,0.0020731592185085313,0.0015551821823902026,-2.3274180598939985e-4,-9.831923049524232e-5,-1.352466122725817e-4,-2.1442266262511933e-4,-1.3821586808174168e-4,1.4150891116293236e-4,3.677988220988105e-4,-0.0010751668081635994,2.235087901386274e-4,1.901466758886079e-4,-1.6820770593127591e-6,-1.902143575316494e-4,1.5351285399665677e-4,-2.2937909830250355e-4,8.858784387509034e-5,1.0196812450851431e-4,9.015011751684651e-5,-9.03817208137612e-4,9.581243291288326e-4,-0.0012766037604866611,-2.9716337012785874e-5,5.138493680020629e-5,1.5636361673489362e-5,-6.7744368446995e-5,-1.220979886133754e-4,-6.441567302182424e-5,7.39689967139826e-5,-1.3167055613026113e-5,-7.040252854090206e-4,3.370613451572623e-4,3.326488387624174e-4,-8.820914158953019e-5,3.360143630689958e-5,6.543344121015113e-5,1.411744146086262e-4,-4.593193750906156e-4,7.491827776762998e-4,-8.922625060146906e-5,4.3795900692508536e-5,8.588154973117795e-4,-4.8385103268292536e-4,-0.0019674736145433303,3.696577216389418e-4,3.6595458676339156e-5,-1.0105091045200903e-4,4.5774448023503455e-5,4.142021022907658e-5,2.7508637622463566e-4,3.877225476161108e-5,5.727762947648766e-4,-4.2558138686253355e-6,3.687141109255685e-4,1.407604745257996e-4,-3.9011130973747396e-4,-9.03003827332931e-5,-1.6251736641260066e-4,1.088322506465774e-4,-2.90970179552601e-4,2.7216452812897255e-4,-9.282946058049298e-5,-8.572534727322254e-6,5.83174530155547e-5,8.0196591759258e-6
C15-C15by-C15bd,0.0014783804612602542,9.172133962743665e-4,9.320705273369595e-4,-0.005317996033193665,-0.0063258292459931476,-0.0011822234286518493,-0.001423362520588531,-6.266459703932102e-4,-0.0011277646905176499,0.0029452667612475496,-0.005184045146836309,0.0037829975032050807,-0.010019936396340974,0.004910953424004996,-0.0025440502210703074,2.953132367945853e-4,0.0012539036997701132,0.001670848717489128,-0.0010509828881372896,8.136820367819987e-4,0.0031359283750893837,8.266556303311621e-4,-5.951338241498666e-4,0.0016748999825303098,1.8379009149518656e-4,0.0015067262861855443,-2.558814454956225e-4,4.4639659354765043e-4,-1.4220953668987564e-4,-2.1023956350120203e-4,-0.0012626057470420586,-3.090072190274007e-4,-0.0011253710092334725,2.1231003943505177e-4,2.7056183825398754e-4,0.002287786494209242,-0.0011881912149199947,0.0015899824347154858,-0.0013603841568324464,8.583747363521063e-4,3.135733106372496e-4,6.139966544937431e-4,5.845437182784037e-4,0.0010818204416106528,-0.001428897959694805,0.001785164962776204,3.732307610746859e-4,-0.001178375887651106,-0.00566561657209894,-0.0017289889564619384,-8.001077136660125e-4,-0.001181383619274025,-0.002833217743625763,0.0019058668828182599,-3.50293773427494e-4,-4.756365587096686e-4,0.0013791542962068042,-9.767573680056455e-4,3.3758649356828706e-4,-0.001897621562210384,-0.0010093377996187993,0.001498636102004212,6.293430805710621e-4,-7.294123296689232e-4,-0.0020357258215343466,-0.001979083326739241,0.002609571055427745,-0.0017361032525444815,0.0015642218895260292,-0.0013295456289192482,1.399813967902361e-4,4.5588182780902553e-4,-3.640772170585387e-5,0.0012643348792842897,6.28393161523257e-4,3.0177255470926047e-4,5.473345653876108e-4,-1.9484357128529418e-4,-6.700756750972217e-4,-1.1175570898016038e-4,2.622320051455706e-4,-0.0012540702271301484,-5.533299919879999e-4,-6.65612424102063e-4,0.001601364509232833,-0.0014810035085505322,0.004148398839664976,-0.003850310108916974,-3.8833199760499086e-4,-2.369182283702898e-4,-0.0022693484049831725,0.0013155549789406358,-0.0027916816201414064,5.787311377570768e-4,0.003918862218643057,0.002123646041454216,-0.00156377061275534,-0.0028467903748052165,-0.002370231657591713,-0.0017212218794761232,6.963851805977707e-4,-2.9032336595314885e-4,8.304578216061287e-4,-0.002813971748665113,1.4532972566482934e-4,2.4861777675276337e-4,5.431669401647703e-4,0.0011883994179692902,5.827903998025882e-4,1.8658876345664828e-5,3.153238182831794e-5,-7.238413661671963e-4,-1.5435445713676761e-4,-2.5412229995088966e-4,-0.0019490171951185083,-6.066877145539095e-4,-1.0162117868373419e-4,-5.837023386987345e-4,-5.81158090485235e-6,-0.0014206752478403758,2.2250569360393423e-4,2.9461463227699244e-4,-6.705941672226505e-5,0.0011028584387822906,7.394774310643975e-4,-4.4294948409322756e-5,1.0692108288311106e-4,-1.4962754065616073e-4,5.045297100975447e-4,-5.629543674867631e-5,-3.5630080327000784e-5,-1.4665041539133346e-4,2.0423240283000472e-4,6.361974310011985e-5,1.7637783736903823e-4,2.534328409832338e-6,2.56106507940354e-4,-6.86149953958184e-5,1.5721418840658215e-5,1.183133768126571e-5,3.073231637041138e-5,-5.315237598482081e-6
C15-C15by-C15bn-C15ai,7.005586392064621e-4,8.150341402658376e-4,0.0021617099822497407,-0.0020241850473190657,-4.409489834133111e-4,-3.3555697092719345e-4,-0.00121947778311054,-8.053286254891379e-4,-9.585294315023109e-4,0.0024232094754852197,-0.0037157560625249125,0.0016594322919544306,-0.005054432247696197,0.003889324004162865,-0.0020602219057314192,0.0010404703747152874,0.001098099847452312,7.997644855270189e-4,-0.0010536982562237161,0.0010479546113879047,0.002607458374732041,6.891352203420408e-4,-5.153607264849418e-4,-4.77225479240141e-6,-0.0010427980657459583,-0.0026750718807170525,0.0032869970975059684,2.6692921004982877e-4,-6.549924548978823e-4,0.0018396333558626601,-0.0016640839175889896,0.0015360509464870697,0.005041447649010247,-7.544126933795559e-4,0.002176873901373443,0.001443621701553943,1.5371943117890732e-5,-7.566734334379314e-4,-9.248174551313336e-4,0.0021054133745614955,2.861953568059733e-4,4.751930058936823e-4,-3.917773385278602e-4,5.66271150158818e-4,-0.0014673768471914926,9.686928460803017e-4,3.296884186932864e-4,-4.5270234602861286e-4,-0.003944176921726,-0.0020703624098788558,-0.001773765274278212,-0.0011054324043585743,-0.0030871997909160264,0.0018305507027342872,7.746257796957246e-4,-4.510011486277003e-4,8.776135703644675e-4,-0.0014219580510457276,1.4576020175727225e-4,-0.00228095084265002,-0.0017751740653149592,0.001024097358554105,-1.1952835826383662e-4,-4.287389936703305e-4,-0.0013826459007084473,-0.004335739987194134,0.004178428760425679,-0.00301607020012677,0.0026539472891103926,-4.0507601992066666e-5,4.910920293975512e-4,-3.1416798249743943e-4,-0.002082388043002853,-3.476940568305618e-4,8.220527350559425e-5,7.483452786403555e-4,-0.0027928653492494495,0.0027531653809477904,0.0018268101271079725,-5.258685771328798e-4,-7.448200015379968e-4,3.3198898892563556e-5,-3.532668644019906e-5,-6.619249343016456e-5,-2.5357171935841495e-5,4.002652388762854e-4,-0.0017167473570618434,6.788467337884777e-4,4.0760293215738987e-4,-1.9634667599116747e-4,3.257328124343605e-4,3.7558020161013335e-4,-4.4303378487463134e-4,5.950442055975489e-4,-0.0012661576252055995,0.0016060011596784956,0.0015285661468702944,0.001021733496385543,-8.074931051761418e-4,-3.1904538234529535e-4,-2.1642190104402065e-4,8.425499894277917e-5,-4.682071320842422e-4,8.065272561234866e-4,-1.9247777995733695e-4,-1.900731908600215e-5,-3.4862080649942416e-4,-0.0013742538005173247,8.828036659267597e-4,4.004634063885576e-4,4.757017583369582e-5,-1.707953218618068e-4,6.653905431098742e-4,2.2606004491188756e-4,1.9837815361715188e-4,8.75433196050689e-4,-1.5140793829934554e-5,6.628188890368473e-6,5.272687533564272e-4,-2.708506099672808e-4,7.177834064105046e-4,-3.2771091740073165e-4,6.762764129704072e-5,-1.154905591173489e-4,-2.9946223514848056e-4,-8.503441101278506e-5,-7.994872260041734e-4,-2.4880162708354524e-4,-3.991027218490391e-4,-1.195636520418437e-4,7.83700630166911e-5,8.307579691156668e-5,-5.865541639909063e-4,5.721539306556367e-4,6.028912210678998e-4,-1.7977924661125795e-4,2.5321364896890354e-4,-6.452836465164513e-5,4.7809553654635134e-5,-5.642833038134557e-6,1.129479028805729e-4,-1.123684854242391e-6
C15-C15by-C15bn-C15ai-C15he,5.871579984120386e-4,8.616769020721519e-4,0.0022966996583293235,-0.0019446939073575191,-4.93252770315009e-4,-3.428830255801226e-4,-0.0012560376279647605,-8.195157404764276e-4,-0.0011233639079196685,0.0027481338574003853,-0.004614114500482173,0.0031292046168894913,-0.004537060424702171,0.0046091028829562015,-0.0022968298704026356,7.0347948913157e-4,0.0012896229498895904,0.0014592832917389009,-0.001221220291179889,5.901405161784e-4,0.0025021867091692203,7.22092560521899e-4,-4.777137411179247e-4,-1.3359469055751529e-4,-9.376014203955852e-4,-0.0011907967092882538,0.0021270647569199565,4.2727231189867965e-4,-4.842127197045499e-4,7.11582199604335e-4,-0.0015139644539940013,5.804232008865539e-4,0.0017103750536125312,-3.3619246674761785e-4,0.0011362145237218174,0.001958481978513382,-5.911738472413248e-4,2.332151583129516e-4,-9.973608158700602e-4,0.0016182660526266,1.2310125481800307e-4,3.439900905039326e-4,-4.7095532261259355e-4,4.954786336845036e-4,-0.0012694475668451072,0.0010098992606727257,2.2859188387709084e-4,-3.6302110677569174e-4,-0.0036964693486554955,-0.0015805183924253753,-0.0015255079946159583,-0.001254026784441803,-0.002849879477901115,0.0022331659122480684,9.483557222172762e-4,-4.8464433652806654e-4,0.0010240961893425672,-0.001495027913913179,2.4369910121714618e-4,-0.0023971603851040335,-0.001188806497227357,8.704707115933144e-4,1.1173094476869931e-4,-6.215132424380173e-4,-0.0019459607236870175,-0.004168435557814352,0.0038033421220704344,-0.0028367835896273724,0.002459600773521583,-7.18501367734073e-4,6.443293773210829e-4,1.999445839985488e-4,-0.0011952898170615788,4.0186696879199326e-4,2.608959686132575e-4,8.081971499897959e-5,-5.426861615845143e-4,-1.8020342574388894e-5,3.19338125978648e-4,-8.234943597237325e-5,-3.7606922556179367e-4,5.455124961021434e-4,-3.2266331097735714e-4,4.919361225590247e-4,-4.963452094647519e-4,5.730236539537204e-4,-0.0019594772118881566,0.0012044399807969264,2.7584028970082227e-4,-6.144688449717313e-5,5.889120343235402e-5,1.3790821046722116e-4,8.901174029476083e-5,2.600195969185789e-4,-0.00047261021804255226,5.87148617907958e-4,5.13730868490566e-4,0.001163409080736502,-0.0010356840246357575,-6.864549357410594e-4,-2.0973496624269138e-5,2.0494429740863654e-4,1.142999692576666e-4,7.431746391934277e-4,3.0996115191942255e-4,-3.453941314440017e-4,-9.969807476257739e-6,0.0014750909575322912,-1.7222127067496987e-4,2.2686557179069523e-4,-2.4278765732522813e-4,7.807692681808463e-5,-8.510355524616405e-4,-0.0013359950753126823,-0.0011884878408063115,6.985163120222904e-4,-1.0186157444793362e-4,9.38887513454657e-5,8.571841736899729e-4,-4.957080588475439e-4,-8.371890621763375e-4,-3.5920091655025074e-4,0.0011438060242339718,-6.561328936313041e-4,-0.0018546739102539408,-4.6984117815305285e-5,-3.7236464970345837e-5,-1.9006048455265148e-4,-8.274755609664023e-4,1.2703738486623676e-4,-3.722184232072127e-4,-2.2859824816512847e-4,8.718294376197902e-4,-2.473979412896171e-4,-7.993010332260561e-5,-2.5079252510132095e-5,1.830081226197951e-4,-1.6675958612194375e-4,4.441665066685338e-5,7.242954666711032e-6,-8.06162298824131e-5,4.584571103972096e-6
C15-C15by-C15df-C15er,0.0012046135906251855,7.347123704516704e-4,0.001545998038035359,-0.0025922705614078454,2.1952823209844157e-4,1.904023684433592e-4,-9.335556746186217e-4,-0.0011203150732786093,-0.0019889357937057928,0.003294982150921313,-0.005305889798433827,0.0035799211841344336,-0.009442450070196768,0.003509342210051206,-0.0019014715895758966,8.052899019436523e-4,8.387872225641593e-4,-7.380121256531724e-5,-6.559607544449705e-4,0.0022762628335117295,0.0016285536561154222,0.0024379183253706413,1.0978642369686782e-4,-0.0010287430612120577,-4.365954169833359e-4,7.969252675641102e-4,-4.166058857541365e-4,-1.3286360394934649e-5,-3.027340424322715e-4,2.7162043270172816e-4,-8.439982135338624e-4,-3.737505243582298e-5,-5.639232278078846e-4,-0.0031448728360259047,0.001018995842452084,0.0017005262770041774,-0.0019918206829792487,0.00722390562032072,-4.832084564256102e-4,0.0013049261032361207,0.0012881861314834233,0.001450258050216823,2.9313658410668614e-4,0.0014122107440479226,-0.0035863510707031397,0.009659590766186244,-0.001770168991926671,-0.00530042353698535,-0.0011834524305405541,-0.004131728966984642,-0.0028177053628311286,-0.001580236050492372,-0.002625081189883275,0.002818228435764758,8.494114675306309e-4,-0.0010213686933523288,3.225087625660315e-4,-0.0010827899892277718,-1.5123341205942293e-4,-0.0015317274670861936,-0.002799753782714428,-1.6516648625347128e-4,0.0012135973605703811,-0.0018613906856310128,-0.003949228667919967,-0.0037790070028578017,0.004920985481609578,-0.0017658843262644832,0.0032492485516958203,-0.0011901723279538392,-1.0088955661207832e-5,0.0011942282787448541,-3.3843558014078827e-4,0.0022709348055830482,0.0010623854085950045,3.206127322418415e-4,4.645939334554577e-5,0.001846429386715947,-0.00255448473616348,2.6264288115785366e-4,3.034342712082017e-4,-5.258464365109317e-4,-6.315988588448582e-4,-6.886499786036052e-4,0.0020514221233731665,-0.0016955277669838903,0.004003286320658772,-0.0037868847568613,-2.451363431996101e-4,-6.632833309269242e-4,0.0018387597097049755,-6.170794383370357e-4,1.1024392425465538e-4,-3.571270222832141e-4,6.380509286250546e-4,-0.001346931816537581,-0.0020877191493708976,-7.945508968937611e-4,-6.647612426031263e-4,8.966891582971684e-4,7.792363156067866e-4,-9.084049831040329e-4,9.976543293766695e-4,-0.0031500570275400782,1.6308250911573066e-4,4.584922556243769e-4,3.7232883399226246e-4,-1.03420277953282e-4,-0.0011074845227535806,-9.078569204436979e-4,2.4422840342061184e-4,3.3669308454190353e-4,-3.2715654107991026e-4,2.4430146613687627e-4,5.102889866565271e-4,-0.0010846589470841124,1.524620164094804e-4,-1.284403264789144e-4,-8.109322809921067e-4,0.0010443171385442233,0.0013512360829946348,-6.827169685112146e-4,6.00819213284746e-4,-4.831947127153132e-4,3.4912331343857354e-5,-2.1018473168680718e-5,2.3208449182138589e-4,-4.4129117080642704e-5,-8.151140539698752e-6,9.972740283398705e-5,1.3740055458123508e-4,3.741197651023286e-4,1.1900967498077471e-4,-5.878286145728205e-5,2.924134875836016e-6,-5.449722559112254e-5,-1.3787313173445453e-6,2.792838302192112e-5,1.0748382849437094e-5,-6.2502772061330365e-6,-1.4255446588993564e-5,-3.265171227280329e-6
C15-C15by-C15er,8.185212290833118e-4,8.299971992417293e-4,0.002034173638265356,-0.0022034790507132517,-1.6247048811713317e-4,-7.877350084328167e-5,-0.0010802135305839945,-9.98086339173517e-4,-0.0017301673958739132,0.003283877996996174,-0.005498048321765849,0.0038093799189580957,-0.010033997198596753,0.004532395335316581,-0.0023554133554482422,4.1067649118859025e-4,0.0012354290195805246,0.0014906823851560567,-0.0012052209276322728,4.1770346056904385e-4,0.00217168908898312,7.182690642168187e-4,-3.957145205753622e-4,-2.208515244775354e-4,-7.674316384340339e-4,8.40334334956052e-4,-2.614376250685989e-4,9.55712533442008e-6,-2.724093648434928e-4,5.738151815618276e-5,-9.879498971967042e-4,-2.9546116751536926e-4,-9.266346738697778e-4,2.0529846708640544e-4,2.6370023660322585e-4,0.002151479673737128,-0.0013270067683637929,0.0015312567749684446,-0.0011190863631228263,7.823003402233356e-4,9.160886521292613e-5,6.074781368281721e-4,4.655470600179317e-4,8.254182658168955e-4,-0.0011736171268587523,0.001643974654220531,8.237185194597511e-5,-9.030628254661653e-4,-0.004053669123365986,-0.0010623602920416075,-9.056432114331287e-4,-0.0015334719835728542,-0.0026503574226914776,0.0025122200257179897,0.001064519893888802,-3.65409560427813e-4,7.941357646999881e-4,-8.792491823523612e-4,2.4178121288082302e-4,-0.0016725059467616785,-8.44656323085776e-4,9.677276430959359e-4,5.033953750076618e-4,-8.804722522112909e-4,-0.0024785863473300897,-0.0031809089517858664,0.0035962508030695237,-0.0023754458425330346,0.002410146642975996,-0.0015477116689419236,2.8229916282266585e-4,7.080019815201575e-4,-6.141936594602095e-4,0.001499177346912833,7.610150396029767e-4,4.879619098549297e-4,3.520177766916571e-4,7.001654991451024e-5,-0.0011477052919459543,-1.042283491009953e-4,-1.869824318629712e-4,-8.526063306678609e-4,-9.923014585104376e-4,-2.6523014293712793e-4,0.001824768535775963,-0.0014108040171460377,0.0030904341574354054,-0.00365756849098972,3.7577622910576476e-5,-6.038844341883467e-4,9.929603497439126e-4,-1.7976107559862107e-4,-0.0010140601128988903,-5.217238869477196e-4,4.373214937187957e-4,-0.001254324673542268,-0.0019594767746931724,-0.001002770349560482,-8.038937218005068e-4,0.001484484314228583,9.148531989143769e-4,-2.4057616846682005e-4,8.16361707886016e-4,-0.002654607371055277,7.273180750812018e-5,6.321706151357692e-4,8.677156906033921e-4,-3.1660637775409735e-4,-0.0014099208043340818,-7.185518868329277e-4,8.214382809922983e-5,3.680844968947643e-4,-6.438490896674559e-4,4.600840563018328e-4,0.0010425452279131913,-0.0016449139059495715,4.624433010191106e-5,-1.233497277861255e-4,-0.0011534024541064814,0.0017251935331000908,0.0020769487293901476,-8.632699204460894e-4,0.0010646190142238599,-7.074047382260683e-4,-7.821950731460893e-5,3.545872381024876e-5,3.028208008372874e-4,3.3667646609644264e-4,-2.2874662800917274e-4,-6.354176793419386e-5,-1.3678876572225778e-4,-5.423744272699404e-4,-4.6582135194901854e-4,-6.839149125872015e-5,-4.901906892750001e-5,1.9134200684948084e-5,-1.5247474598587858e-4,-2.15713547567126e-7,-1.2052563403391678e-5,-4.2315313809982196e-7,-1.933569192596643e-6,6.561897395783368e-6
C15-C15by-C15ev-C15kl,2.2188134858077015e-4,9.016696588505139e-4,0.002710687055784567,-0.001500618591120832,-9.79437167525445e-4,-7.667773492648674e-4,-0.0014492306302430805,-5.465082880699885e-4,-2.0062666542587716e-4,0.0018220182213207815,-0.0026303387653458746,0.0011906889748644481,-0.0031617656866656982,0.004572604378221218,-0.002055460503807123,8.871810144583921e-4,0.0011732608779796714,0.0018989139710226949,-0.0015035357932069282,1.8268906883006725e-4,0.0025874912736012674,6.972575383116423e-4,-4.1715414019387835e-4,-3.0844569351019824e-4,-9.850014770122393e-4,0.0012675905743140886,-1.6999431691279042e-4,-2.0809958381124344e-4,-8.36572476852356e-4,4.6986567756541055e-4,-5.370691792115701e-4,7.440641488878577e-5,-5.380760481319561e-4,-1.6759435900172166e-4,8.604838954250787e-4,0.0015407135184828688,-0.001490765188557678,6.913953490672918e-4,-0.0019204050015873412,-0.0037640639638625057,8.583574221187385e-4,-3.9079348442677594e-4,-5.11422680017233e-4,0.0013651153680003828,-6.989455361143351e-4,5.33020449991323e-4,4.0067108204912695e-4,-8.529774612033049e-4,-0.003304507814547247,-9.74417799843432e-4,-9.017208277865812e-4,-1.9356666954461723e-4,-0.0010232578078307507,2.904118502659222e-4,-6.739225634368163e-4,6.775218665878315e-5,6.199178586662502e-4,-3.736016901442204e-4,1.6225363596635367e-4,-8.591568174980093e-4,-4.954921252123231e-4,4.887538622204657e-4,5.598429816246208e-4,-5.945399562548864e-5,-2.2485880288610947e-4,-0.0010739704595851588,0.001154442429941925,-7.479307082052723e-4,3.5810182209443375e-4,-5.858905979511695e-5,-2.3340296378580178e-4,8.278809029609941e-5,-5.266678141503637e-5,-5.742024869070092e-4,3.919272872962545e-5,9.204502872499771e-4,0.0011274840944912176,-2.931326781022617e-4,2.1335859333187517e-4,8.267699784970647e-5,-1.0625086331753958e-4,-2.0793986059355988e-4,7.215972359437508e-4,-5.029412812463695e-4,-2.9932579502655194e-4,-4.1138822488874044e-5,8.110373328159912e-4,6.001677576425765e-4,-5.408415699568445e-4,4.681901148811487e-4,-9.256732819113158e-4,-5.835576222557509e-4,0.0016704763171184799,-7.642205899119014e-4,-0.001225954502560427,-0.0013537676041756816,4.6836711200875874e-4,0.0015120343852023756,0.0015132403369735646,0.0010095409459987947,-3.536463834151396e-4,2.5096197988610597e-4,-5.7985935592607986e-5,0.001079351481982006,-1.856419065296419e-5,-5.887980416329607e-4,-1.1569200262301246e-4,3.4904038080494845e-4,8.980758272013778e-4,9.353652809113892e-4,-2.3228207638656317e-4,7.813378632548638e-5,5.278730347299776e-4,8.320553138179087e-4,-6.885754251737882e-4,-4.4248123487995034e-4,-1.2479966385935807e-5,1.0751486843032093e-4,-2.2789749789004442e-4,-5.892279581096593e-4,5.52867899613891e-4,4.523110812867184e-4,-7.411312059496825e-4,8.932872754294416e-4,-2.80438055217703e-5,3.5142098289320744e-5,1.9806621964691987e-4,1.6564164612168836e-4,-2.2785897832674264e-4,2.509343005358542e-4,8.747673179831841e-4,-3.240313909577058e-5,-6.975859002293698e-4,-0.0013130726815859706,5.076654830775845e-4,1.00432416000267e-4,1.6688885171588656e-4,-5.353672736717737e-6,3.7597908195151026e-6,1.730358947861827e-7,2.2508610816640975e-5,1.3875339815994581e-5
C15-C15by-C15jr,6.580221847009853e-5,9.585271364073001e-4,0.002893648221588453,-0.0013764261508993107,-0.001082041528512859,-8.032630214512632e-4,-0.0014724045802732772,-5.685484541681032e-4,-3.8538105588493e-4,0.0022397642730513515,-0.0036347820461763406,0.0021172932094686066,-0.00566482096897802,0.005434570285220371,-0.0023217958337745314,4.5552428105987715e-4,0.0015370713265236494,0.0024972908865926358,-0.00158278453452247,-1.983958539509331e-4,0.0024146504077854915,7.232387855131841e-4,-3.9484935239495123e-4,-3.2750580190097397e-4,-8.35252714041338e-4,0.0016363820750064399,-5.0157995858511175e-5,3.4955061305999194e-4,-3.702765196584902e-4,-3.289943662658588e-4,-0.0013674839239391963,-3.0766537278963265e-4,-0.0014099820251126292,-8.002103736537016e-5,7.821436989826647e-5,0.002285683213386731,-0.0010753652604673341,5.817098929190962e-4,-0.0012064513879308503,8.768955654317547e-4,3.2021690204633683e-4,8.027192071263983e-4,4.5774975979045345e-4,6.542602666724975e-4,-7.712239404359778e-4,2.830902197258522e-4,3.089964134349288e-5,-7.644758213990342e-4,-0.001848072205848092,-2.46216689555288e-4,-7.742768243374235e-4,-0.0010829907585160952,-0.001634177568550979,0.001441053028543892,9.347016974480316e-4,-2.6917689649306467e-4,4.1764515639664923e-4,-7.022741252896162e-4,1.2069782730781695e-4,-0.00106435780128177,-0.00044875207413080627,4.4237871735471393e-4,3.343323019418397e-5,-3.6196473444309195e-4,-7.788983081208741e-4,-0.0015988785091835718,0.0017120458417986424,-0.0011256704178298391,0.0010074899757380503,-4.0621435684815623e-4,1.1994301750999882e-4,2.2265121017825672e-4,-2.8757511082637605e-4,2.5954243136660176e-4,1.4115121635521053e-4,-1.3618960456907486e-4,1.844658918286566e-4,-4.2240906060541885e-4,-3.0669243576663427e-4,3.7791834828743e-5,4.6757734072402114e-5,-3.887359243453479e-4,-1.9703712862236927e-4,-1.2765463569727316e-4,4.1141075763628186e-4,-2.4633362828039565e-4,7.076695339417007e-4,-8.576787161102079e-4,4.372067878547818e-8,-1.9656986176058702e-5,7.190900285437857e-4,-1.264039744139186e-4,-1.736113231333508e-4,-3.681167426493664e-4,-4.2789105858160914e-4,-3.002045902275134e-4,-6.318666754741921e-5,-3.1657209327247133e-4,3.5155542510727683e-4,1.2366899715148392e-4,-1.442966424435472e-6,2.3740340313379554e-4,-4.6576851179549366e-4,0.001132483055506476,-1.7119833885568606e-4,-6.553667392557484e-5,-3.838188588346195e-4,-5.784002165421915e-4,2.709172694018345e-4,4.228070296807748e-5,-3.461535781033172e-5,5.063658822590948e-5,2.639870231673374e-4,4.168696386974584e-4,6.03832699631974e-4,4.6769658337526506e-4,-5.0846186311061774e-5,1.8204405774617893e-4,7.25433254953104e-4,-1.1188434121189804e-4,-0.0028134474084045243,7.509753596363828e-4,-6.797969978463173e-4,-2.717234940478091e-4,-5.99092053395729e-4,-8.047097600628888e-5,-7.016457650347736e-4,-3.1934899123119696e-4,-8.150563928531839e-4,7.92910331032624e-6,-2.1815603954463782e-5,9.228908429760325e-5,3.2583170956776826e-4,2.125731544221596e-4,1.4633219430173537e-4,1.2053075576217866e-5,2.0054469064244784e-4,-1.7801810983497112e-4,6.243393770297166e-5,2.6433224629341335e-6,-6.439249362453041e-5,-3.429513535847811e-6
C15-C15by-C15kl-C15pm,8.52707849926681e-4,8.152014108756461e-4,0.0019992942919884325,-0.00221697480401557,-1.9138004712890066e-4,-1.2961955394240562e-4,-0.001110263323652583,-9.494697892804615e-4,-0.0014969938136273262,0.0029545349806769385,-0.004705468349179508,0.003083481588793295,-0.00809360530568781,0.004136765307493085,-0.0022188589931303594,6.923612156114587e-4,0.0010679727098052022,0.0011641986464814519,-0.0012807221972889885,5.882519929251126e-4,0.002094604108591074,5.935575986164083e-4,-4.026718322569904e-4,-1.0278157380128527e-4,-7.363449560171085e-4,8.142253822694388e-4,-2.715746432793697e-4,-1.3972309129518402e-4,-2.973468087521854e-4,2.152464047556055e-4,-0.001281695765857769,-3.0383132478664377e-4,-6.420715333867941e-4,2.4282416209276138e-4,5.95491717487764e-4,0.002238490287261407,-0.001791983426859598,0.0018632115090694771,-0.0014333770383867911,8.057077584293978e-4,-3.609471027545922e-4,3.3274058609599025e-4,7.685437577672766e-4,0.0019256799817208314,-0.0017090135577596398,0.0034108235090894064,0.0017162898857926957,-0.0010111010878482178,-0.010727049161316357,-0.0035504782025359482,-0.0013503032785205944,2.88826710039853e-4,-0.0015600793976152335,2.7856432187398695e-5,-0.0025669198771199504,2.784892270486136e-4,0.0013775210067262242,-4.5991276161819466e-4,1.8740055644214446e-5,-7.964589033079835e-4,-0.0010317143202066528,8.742377543327725e-4,3.5217853703399255e-4,-1.9513287081980642e-4,-7.444793578371411e-4,-7.994172462746658e-4,0.0010280090427972875,-9.189875100693694e-4,0.0010281096384464176,-4.7825719922985814e-4,9.247466272148635e-5,4.441594331227938e-4,-3.6425415370085635e-4,6.422274519589425e-4,3.3165714222559086e-4,1.469283142815154e-4,2.82741340981109e-4,-1.6627674545778462e-5,-4.581305173324173e-4,9.233242715903484e-5,2.4918024456408274e-4,-4.938674997589373e-4,-4.163014099603484e-4,-3.1498518436359925e-4,0.001002181884074751,-3.875040543168189e-4,0.0011103277479238432,-0.0013658092944548342,-7.951447587577972e-5,-1.0846757572354779e-4,0.0016268906669266124,-8.473373411638146e-4,7.886646772837034e-4,-0.0013246798615631499,-8.785419622134161e-4,-0.0029984816491542277,-0.002660316975195112,6.945300136338491e-4,1.8622131073204816e-5,0.0029716446126250647,8.031334959026027e-4,-2.455805205500644e-4,0.0013473064657935354,-0.002983669240405655,3.035227657556647e-4,-2.516634099904793e-4,0.0010322416756609202,0.0010970781913722362,7.286113979487337e-5,4.97486894343572e-4,-4.8225599079740474e-4,3.199689013078237e-5,3.9968075977968775e-4,-0.0016225255589184806,5.787276992132105e-5,0.0025126402669416337,-4.951009739796334e-5,8.357161741964318e-4,8.703098611386805e-4,-0.0011606498704376889,0.001414257877854073,3.420571468916657e-4,-0.001564840568404071,9.888228545983074e-4,-1.9231422213657917e-4,3.2856812377758366e-6,-6.288728618953724e-4,1.2990224205718066e-4,4.6482528200754734e-5,-1.031259664006304e-4,-3.378323080707218e-4,1.0962786413305146e-4,1.304748732269413e-4,2.793409716273103e-4,-1.0638276547309389e-4,-2.738492745596678e-5,-3.984978400578354e-6,1.0431533660526535e-6,8.897289084203835e-6,1.935575562056717e-6,2.2786000408229187e-5,3.6372322978727877e-6
C15-C15cb-C15l-C15.8-C15n,0.0020463876115590363,5.122163753835152e-4,5.164233702018886e-4,-0.0034445001708099045,0.00110483896091129,3.8281887857134593e-4,-6.256171293588283e-4,-0.0017879300813177792,-0.0010293244001045334,0.0018316446102780298,-0.0014747410539766776,-3.1557956375514545e-5,2.447506391630375e-4,-0.0018156324291657233,-5.870900898009467e-4,0.004768312143542226,-0.00383694622095453,-0.012038135222185227,-0.008274578421911597,-0.007009312100651977,-0.00911647215154801,-0.0031333702100912113,7.930341792216567e-4,0.0028712229831312362,0.003474792904705542,0.002175887224530308,2.671108432515354e-4,5.619607786530818e-5,-0.0036236556877919427,-7.057055675674098e-4,-0.0013298942917548135,-6.630630640138099e-4,-0.0021436096389366864,-1.3992470328362219e-4,7.607857015338318e-4,-0.0036542784492256883,3.949216289681863e-4,-4.618766612601213e-4,-2.0872569107015734e-4,-7.649492190233424e-4,4.5814643362744926e-4,0.004016275604670916,0.0016830381786383606,-0.007564535049182193,-9.93194197059716e-4,-7.68611057213093e-4,3.691038538429568e-4,-3.9965345184806426e-4,9.765759240513386e-4,0.0015721642587701277,-4.40867546746643e-4,0.012003692088922562,-0.0032596573333646857,0.003880815219616498,-3.5246910077567253e-4,-3.1387827487895035e-4,6.426484491542288e-4,0.0023322304536521404,-0.0011739659577385583,0.0015895417024807655,-8.821115894593082e-4,-4.271074336306701e-4,-1.1990699743223973e-4,0.0023814477687226503,-0.0016461423917291898,0.0022929279997523934,-8.734885994464283e-4,-0.0010169041430243958,5.413737087655084e-4,-2.8325897517257685e-4,6.543814378522525e-4,0.008703920916524955,-0.002659535344241183,-0.00421939548469285,0.002798722502391137,-1.7741754420090347e-4,-0.0017264307660195199,2.0579039472338315e-4,-0.001465649353709646,-0.0017675718150938265,7.807180414463443e-5,0.0012255247554976065,-1.547005522726519e-4,0.0010686303300601876,-0.003198727904306531,-0.002188005515688188,-0.0017371939822854647,-0.0025839684012709282,4.2562154551245584e-5,-0.0030942691431944448,-0.0025011350020653503,-0.01119864075171806,-0.0018308333795786231,-8.698457552822857e-4,-8.398082071611291e-4,0.0014510387983473574,-1.0416973668252465e-4,-0.0018425360664119628,-0.002008846565839805,-2.561414869027682e-4,-0.007117646883327239,9.559385238588753e-4,0.002859939805479105,4.4844035079978926e-4,-2.1954368695024118e-4,3.352337629949901e-4,5.63258946951992e-4,-6.423761315216016e-4,-6.90016126339667e-4,4.353583728453444e-4,-4.563199569064792e-4,8.971020103230438e-4,-7.229418749748064e-4,1.6637664918708642e-4,-5.103596775896728e-4,2.4507906193564334e-4,-5.722347907960097e-5,-4.82400548063014e-4,8.055198664631595e-4,8.512973091287611e-4,2.3421739558578266e-4,1.2502172064184026e-4,-2.517443318837722e-4,7.663683439313119e-4,1.8672027343407123e-4,-4.3375100963648334e-5,-1.2213419561991426e-4,3.524369458693866e-5,-1.9936169854546014e-4,7.657069585394152e-5,1.9690419160069944e-4,-1.1416231850680076e-4,9.382369031240614e-5,2.5400298306607607e-5,3.4884605409337384e-6,2.1422446938657577e-6,-2.3985561062998597e-5,6.908270724116809e-6,4.6932332555941075e-6,1.22332460885538e-7,6.149418685916557e-6,2.756808798761239e-6
C15-C15ce-C15cc-C15n-C15cf-C15l-C15.8,0.005099833167051258,1.8028069461515609e-4,-0.0030657342564956794,-0.0076942685981525715,0.0066816282531018895,-0.0017025418719666461,0.001413492742537299,-0.0015332131347042918,-0.0018482132837513402,0.0026939858093000912,-0.0018150390748988125,6.192327686285173e-5,1.6437723893751203e-4,-0.012900883090270609,0.002667030189738841,0.01791573931475843,-0.028140950684300704,-0.0039504946393594765,-0.010364741287024179,-0.007481292041027653,-0.03754919552258326,-0.01281193837310878,0.003691610197370513,0.007163269554036476,0.01221025569448405,0.0027194397417477797,9.096878236086829e-4,0.002150051609779849,0.0020268168107345267,-0.001336578547600724,-0.002739761574965349,-6.489585784482137e-4,-7.567243193545087e-4,-5.342176533827811e-4,1.6674216931498033e-4,-0.005310192325078654,0.002496144573784932,-0.0026454022726195192,0.0023625268583936,0.004877590277278647,0.0015736507305663713,-0.0028647727226708605,-0.0027484176727476666,0.018530711070786896,0.0012874270348959785,-0.0013233234581629056,-0.009760361422873638,-4.808001360493601e-4,0.002247853372490631,0.00443495458286406,4.031641628991715e-4,0.01643381937699402,-0.01178555522293269,0.01289386700645099,-0.009555034309444222,0.002343712308248058,0.002944170213958282,0.004993296927555198,0.00500430408466451,0.004225119360897663,0.0021858553638944,-0.0035938595153979843,5.240690804631596e-4,-0.0012830403783169525,0.002874251881256574,-0.008138359929695834,0.002102131665032643,0.0036110560814794678,-0.005162186647102786,5.601759606070026e-4,0.0010959566163506282,-0.0027166917975737985,0.0016377515217224144,0.004343926338220153,-0.004031185191776533,0.0010956806218974057,0.002148916118023993,5.319673866411728e-4,0.002456304057417141,0.002860362007644796,-9.013464354176393e-4,-9.665719029421824e-4,-8.405155736632891e-4,1.1202534369813476e-4,0.0035147286526427727,0.001855312340271065,0.0018733143004834264,0.002850220520061066,5.521519913628968e-4,-7.537393333303205e-4,-1.309492754691254e-4,-9.372241762208097e-4,-6.389064156016002e-4,-1.0625890788995408e-4,4.151925889846423e-4,4.1016340531381746e-4,-1.1635675991421186e-4,1.5147528937248621e-4,3.90794794912227e-4,1.655628020008567e-4,0.0014716259875439165,-1.3055171196289399e-4,-4.887172835081838e-4,1.756752918801917e-4,2.645595582900977e-5,1.0741989426550144e-4,-1.6962307826346933e-5,-1.9532310454980315e-4,-3.9268504463712157e-4,2.148215508472855e-4,-1.2662860414617695e-6,4.2608714888430377e-4,-7.779287728793983e-4,4.402794784305356e-4,-1.0367243076611135e-4,3.3191759412497615e-4,4.5360196244467406e-5,-3.475035686052315e-4,9.400571586183241e-5,9.569754687654066e-5,-2.0176648477078667e-5,-1.1378827886255049e-4,2.995609189320232e-4,3.4629860750398867e-4,4.024702022973096e-4,-3.414984547776189e-5,-1.8001312675248326e-4,-1.0377329116783059e-4,-1.824143931610085e-4,9.699256386612226e-6,-1.6131460751140456e-5,2.453963828268113e-5,3.7401179306316672e-6,-6.955444664110597e-6,2.2892643181048254e-5,-1.06519962903104e-5,-4.490507364022569e-6,-2.0524680455931143e-5,8.120961304949324e-6,2.393895046110006e-6,-1.1478557233525013e-5,1.5989167507656206e-6
C15-C15ch,0.003928064385541258,1.83786212725487e-4,-0.0023412117829024123,-0.001428796498891758,0.0018107352752748408,0.001652530222546002,-4.551897900319636e-5,-0.0022401676018266314,-0.006952938762788116,-0.0015758306039716716,-5.000467089788697e-4,-2.8086605949759226e-5,8.520391894612506e-5,-0.011692550425955194,0.0046656905840504834,-0.01581697546306128,-0.0034654683422157004,-0.0028112932831701235,0.00928674113275797,-0.0026649478263825726,0.006788483382982053,-0.010259610192291536,0.03480195329341958,-0.0014247154998585328,0.001687958226861312,-0.0014466621742817885,-0.0010743487703267001,-1.7880002159842897e-4,1.6864066023441384e-4,-7.931102181653318e-4,-0.003937194869813375,0.025601959785203673,-0.004365611320844284,0.004092967221106655,0.0036145612303300667,-7.780348453062588e-4,-0.001177482583679486,0.004953791948892481,-0.005378961991621042,-0.003565728248121973,-0.020344336196069904,0.009512007240081752,-0.0010711417922951412,0.002381583746586458,0.0035933830352700554,0.0037553763360499686,-0.0026184592015518772,1.4601244080126989e-4,-2.025129612743483e-4,0.0053750775830579845,0.0063149468144243145,-0.001076426477358725,0.001159689935111807,0.00179914375190622,1.7209200221782742e-4,0.006563556555887506,6.449145298255125e-4,0.0011333496926788807,3.1345508178582055e-4,-0.002443169205736206,-0.0015926588307683834,-3.832793096685036e-5,-8.890354331340732e-4,1.8725249487794123e-4,0.0018121202609657889,2.1033321557829402e-5,-2.8120144744502342e-5,-1.1722039185933463e-5,0.001254970527872987,0.0012578863836925846,-9.240184961464518e-4,7.653144367310234e-4,4.23486508865797e-4,0.0010251363323058814,0.0014879978808508489,-1.7448543472924413e-4,-5.662463045905244e-4,3.9426213778245324e-4,-2.571375467435378e-4,1.5945019509935684e-4,-1.0471687486031575e-5,-5.532153848605544e-4,1.8628517737727954e-4,5.509327134109745e-4,-7.721204661311463e-4,3.2321742645769424e-4,8.388940289899582e-6,-3.316357808019622e-5,-2.0154869201957385e-4,3.218658256717776e-4,7.266150007911242e-4,-1.2681463410160865e-4,2.0054009049565603e-5,-0.00240187004427631,0.0022161728596289828,-8.087205589695037e-4,0.0025518223846931155,3.9889381041083283e-4,-0.0021001719217626186,0.00182830734451985,-0.002051567899169927,-9.408482846644566e-4,-0.004826436247240715,-0.0010794342442106474,0.002048120435763061,-3.4275176961965807e-4,3.797435637448035e-4,5.502494540957292e-4,1.1386962270815281e-4,-2.334233632598225e-5,2.642402256114985e-4,-1.2197591291106301e-4,-2.3411423554979102e-4,2.577791063813197e-4,4.2681771691230814e-5,1.1558634894005066e-5,-4.488471037472788e-6,-1.5908829362610822e-5,1.0449332890936004e-4,9.720086886895695e-6,-2.6200594474699395e-6,-6.779459460034273e-5,-5.9025969527928974e-5,5.6609516608519594e-5,8.577326616329776e-6,-1.9831537304483848e-5,1.404229480708638e-5,4.5781524211698966e-5,8.826094815221505e-6,7.531689751401341e-6,2.0029230830746784e-5,-4.753237922947202e-7,-1.1295966695309087e-5,2.359025510000454e-6,-3.9380120083424e-5,5.80586317833572e-7,2.428396260973261e-5,-1.1898238954165481e-6,-1.025635613012318e-5,-1.6801776565890965e-6,5.468545806403053e-6,1.1658874649927124e-6
C15-C15ch-C15cp-C15ln,0.004414605929727836,-8.40221578023768e-4,-0.0013897330646224244,-6.60952599350223e-4,0.0015256896996368409,0.0015232559540343587,-1.2241166781866563e-4,-0.002244219058112982,-0.0070867728330370056,-0.0018603601422681327,-4.1004612683927943e-4,-8.673216438303385e-5,1.5171590556250958e-4,-0.012754462539674,0.005168891896561484,-0.018943493894920078,-0.0041731248292447695,-0.0024283309206215996,0.009314050510745518,-0.0028367539348364843,0.008043442507849984,-0.011517017610813573,0.039668568272095216,-0.0016592985590268754,0.0018340241182068354,-0.001604124277365133,-0.0018793141099082192,1.4918182833260693e-4,-2.775923474615167e-4,-0.0027611839267331615,0.002132982236273081,-0.0036187324721137096,0.0062678551202034714,-9.723331194424825e-4,-0.007997570053781029,-0.0013878806805212864,7.928957934338561e-4,0.002177823426614484,-0.002834585617971117,-0.003868601813066027,-0.01635641383646988,0.008017131937665798,-0.001984446882723746,0.0019641841626888592,0.0020865248727841377,0.001468956274864214,-0.0021030924418709413,-6.529712926449224e-4,2.768238802894337e-4,-4.5538925961632827e-4,0.003401460651182019,-9.9869503986108e-5,0.0015628886017199453,0.002480743277746302,0.0011131842124208532,0.008758694728229472,9.204413176074546e-4,0.0015406688672317548,6.144807859803989e-4,-0.0017842037274896673,-0.0013491751947065503,3.258252910905015e-4,-7.011407378881791e-4,1.912319721440915e-4,9.502925898602876e-4,3.9921893778035013e-4,-1.2986431090374946e-4,-6.015667537417513e-4,0.0018724964665215319,-6.704348896841085e-5,6.350075129792575e-4,-6.887061189899183e-4,-8.197732211036992e-4,-0.0018416174538558973,-2.1161422105588548e-4,-6.633028737343689e-4,9.881029710273916e-5,-2.3484653457113392e-4,8.445907208071123e-4,2.529052854349346e-4,0.001144924699608644,1.1585225597517233e-4,-1.6336750529484317e-4,-4.455760475467855e-4,-4.111048777031678e-4,-0.0010042205049917755,0.0015987214840958767,0.002060183821801412,-7.351281129657367e-5,-0.0027991706144387548,-2.1269949496434035e-4,0.0010994311017653803,-1.880353493972623e-5,0.0019234645827087512,-0.0017330449609724316,1.821380446827509e-4,-0.0025098952165374592,-0.0011487857715094638,0.002382587597713782,-0.0022776763938547055,0.0027608266959565308,0.0015324330065712053,0.007730845326223557,0.001951605292998041,-0.0019175206114218214,4.4705182865775034e-4,-6.247145906528338e-4,-9.644895449878586e-4,1.4995624903553758e-5,1.7665252684424793e-4,-3.0366477339194357e-4,2.2676003226175577e-5,1.5686021187157702e-4,-3.085463142403663e-4,3.619379992158094e-5,-1.848754697171596e-4,-4.50757519218495e-5,3.0945167305439117e-4,9.698977830346545e-5,1.804875752710605e-5,9.560182351450329e-5,4.176530896016088e-4,1.6821389246504475e-4,-2.582528132387185e-4,3.757358845680641e-5,8.863747146945655e-5,-9.513762663645287e-5,1.6501255699138972e-4,6.480864882124239e-6,-1.790659719811318e-6,-7.640603679847687e-6,-1.7840636183313012e-5,2.8970781564975396e-5,-1.4597270875855177e-5,1.389419952256021e-5,8.753579850070751e-6,-1.7121394735986164e-5,1.88049858038357e-5,1.3846109914714568e-5,-8.623149312371577e-7,-3.371676546222294e-6,-9.51376010734797e-7
C15-C15ch-C15ct-C15hj,0.00910619463074506,-2.1239804548591145e-5,-0.015424615788826812,0.025789213744487522,-0.005057033249429954,-0.0013787152524639338,-8.576963983577734e-4,-0.0010263157731111381,-0.00645599306089473,-0.0063050412548205205,0.0019767960530673295,-5.267780704538836e-4,4.1545136299705077e-4,-0.009521550028021982,0.0033208464602336356,-0.03410182228592241,-0.010583791864731872,0.0010913562215365284,0.007009153879659481,-0.004741922537658056,0.0018388842440974417,-0.003366394321793214,0.011101302869681754,-7.536043373857387e-4,7.214776356949117e-4,0.0022906832261667216,0.00103905204683374,0.0011340936218307198,3.164042618141506e-4,-0.0038961154755835377,-0.0026439769122231518,0.015295384845956815,3.260727067785375e-5,5.646426151684692e-4,-0.007433325084130026,-0.0024469579582010906,-6.888640105312124e-4,0.001952321370749393,-0.005534275218651806,-3.0633710336403625e-4,-0.0025948746217478056,0.0012697946381862648,-0.0011574754768633676,5.249340954314573e-4,-0.004361876385091881,-0.0011379351958215277,8.777978273082739e-4,0.0012040368171864955,-3.90670762337725e-5,0.0015478068563304062,-0.002092249420774799,-3.546896724064416e-4,0.0028463892816917333,0.0021538243793185496,-0.0012069788783315005,-0.005634218692240345,-0.0016741460812636293,0.0030278484679123834,7.397064107862435e-4,-0.0011660388192056242,1.9692242846471123e-4,1.6756035675637593e-4,-4.476536465848679e-4,-2.1711358142163074e-4,6.30389243748875e-5,4.953921997277209e-4,-1.1706785369269964e-4,3.1259271879330433e-4,1.2476889129468298e-4,7.79886383425912e-4,-1.731722042690356e-5,0.0016295676847556896,0.0014435925702025653,0.0035512361527910374,0.0016624897285958513,5.818259638076405e-4,-4.22385826692604e-4,7.448871971732425e-4,0.001636752581924429,-1.248218957605436e-4,-6.633259253043748e-4,-0.0036354084486743023,-4.62984609488658e-4,0.002611392162671758,-0.002100122877124175,0.0016096734923277617,3.9052534625492954e-6,-0.0010129793363180318,-4.337799052233567e-4,0.0013120850704335433,-6.632054127433322e-4,-3.447280437007981e-4,5.23897914232794e-4,0.0012774219350931329,-0.002121116930438977,5.175612087736027e-4,-0.001459020096995886,6.874543611389422e-5,0.0010681368464730999,-0.00127021257822379,0.001364087587082399,3.7794416138543e-4,0.0013627277241964806,5.0744613215017014e-5,-0.004126708405824678,2.3040598527346266e-4,-2.509577694685541e-4,3.951380280827903e-4,-3.1283791932308836e-4,-2.5077938864332934e-4,-5.435755617305848e-4,-3.9329107721995795e-5,2.459070117413333e-4,-1.4164275278360011e-4,-1.2243040760198572e-4,1.4874672598197313e-4,4.872556050172192e-5,-3.2891819900655086e-4,-2.8559690489591807e-4,5.162661095659235e-5,-1.1488910112627537e-4,-2.9533884991890996e-4,-8.733656410827365e-5,1.598195005653739e-4,2.524186274919376e-5,-7.718162241357725e-5,-3.1102542778075396e-5,-1.9204055974412964e-4,-5.3693343638084516e-5,-7.475531448969814e-6,-5.0869459077776896e-05,6.543781686325146e-6,4.67506714252915e-5,-2.295669171353723e-5,4.2581671069028415e-5,-3.922547215461263e-6,4.178762202059637e-6,-3.345761798475302e-5,1.2938479426509763e-5,2.630159718201657e-6,-1.3896929438301508e-5,1.939066077838554e-6
C15-C15ci-C15n-C15cf-C15ck-C15l,0.0066675630091753936,-8.36190933957455e-5,-0.004807503676701697,-0.008411092517491777,0.00657752123201822,0.003766346186370437,0.0015642358141585645,-0.004557365775701535,-0.005161787499357164,0.003747842657952636,-0.0025146584997438486,3.9285234824221465e-4,-6.709680072015717e-5,-0.014566541483662983,0.0022782255441833317,0.011792680290727005,-0.014013915272949018,-0.023801340511184873,-0.010164261733512227,0.002298180013107333,-0.0632418965175887,-0.024476358083288234,0.006118389416989429,0.019490923353270705,0.021219945217850852,-0.0037032314438785385,0.0010077513915286544,-0.0126271320526924,-0.03554299008525823,0.0098867864757121,0.03785280092091158,0.011381877691458094,0.002977241047169376,-0.002569240774810418,-0.010647866371973694,0.044565523191467046,-0.003462504808185509,0.0011681037914040516,-0.00560357442549282,0.004256392798208567,0.001282853732437713,-0.004595588393067814,-0.0011462898353518818,0.007523817400901677,3.4556493497515077e-4,-0.0013751777191416362,0.0011536518493418717,-0.0010164012504121872,0.0012946825447384533,-7.505381823923171e-4,-2.2421656299408683e-4,-0.007923441962253266,0.0027983299582336747,-0.003785926252118682,0.0010744130498576408,-2.6617935772835493e-4,-7.510111848953554e-5,-0.0018876698971647687,6.678601910142609e-4,-0.0013469550755281293,1.838228057708257e-4,4.980702974204459e-4,-3.20203882471437e-4,-1.8328190306230013e-4,-5.281062798412392e-4,0.0010690343300644581,1.712741831599231e-4,-8.998121130257619e-4,-5.664868871599738e-4,0.0015560301144485569,0.0010837633140355803,8.675920459691694e-4,-4.0334262514742455e-4,-9.072076717727092e-4,5.267947608412292e-4,-1.5409984024791667e-4,-2.6299172041879896e-4,-2.768370505275124e-4,-5.570937404284234e-4,-7.620841149155403e-4,5.755524755127805e-5,1.1401124721626514e-4,1.4443517477758183e-4,6.845308925314261e-5,1.657550036664019e-4,4.4834134278167506e-4,-4.0218673693338034e-5,-4.1540981033031207e-4,-3.634006190600189e-4,-8.560988464572787e-4,-2.673600198762302e-4,-8.912754551007076e-4,-4.52784852985642e-5,-2.2911124781346915e-4,-1.3360557712030398e-5,1.6202374457744166e-4,7.013623197242124e-6,-1.4665054746507597e-4,6.733552725031058e-5,-1.303751211012647e-4,-4.912020631462855e-5,2.1538984961910704e-5,-1.2661533044205993e-5,4.659017550252027e-5,1.3072302299594727e-5,-5.223245239824115e-5,-7.720869425368289e-5,1.2336330414150037e-4,1.4810445753125957e-4,-1.1755482296710143e-4,3.724976524192967e-5,-1.5868031576069083e-4,2.0457041946812818e-4,-7.20571549821799e-5,6.527092325227531e-5,-9.901769384555641e-5,-4.028216096882193e-6,8.505028893138775e-5,-9.078254571848203e-5,-8.206614528423347e-5,-1.0682300024003016e-5,3.0182019592111946e-5,-7.978013539021663e-5,-1.2074023304964749e-4,-7.463706106411666e-5,4.143343355797645e-6,1.931060322661453e-5,9.777185281987459e-6,1.062774375346409e-5,-1.3410910767143238e-6,2.462771488845187e-6,-1.8106795301844373e-6,-4.8447847846835594e-6,2.6978915182576147e-8,-1.2032454628333407e-5,3.050225156574447e-6,-3.1616162978068638e-6,2.9909772508641664e-6,-9.043104349778028e-7,-3.797523712124542e-7,2.9913597653189866e-7,-6.114919630152273e-7
C15-C15cn,-2.25274681111787e-4,9.683345715568539e-4,0.003208289041340381,-9.914180735579347e-4,-0.0015234011230517192,-0.0011943274572774483,-0.001651206749429318,-3.011900701796924e-4,6.273907580577776e-4,0.0010842375856248575,-0.001199877868197922,-1.538830580127991e-4,3.2894207814724826e-4,0.003237012546890493,-6.650350737704216e-4,0.0011968831409740048,0.003114346058504587,0.003361645803884905,-0.002714848546929115,-1.9594065269138932e-4,0.0023371583440220975,9.324526002421424e-4,-0.0011717814152000263,-2.7611693220334194e-4,-9.287577061912938e-4,0.0018282371944594443,9.648436483560593e-5,6.35213891947409e-5,-4.932261963139708e-4,0.001979578163455582,-0.002769475230630786,1.4277702579605704e-4,-0.0015929416048151093,-6.893334369106928e-4,-0.0024500711730811265,0.001987205445760779,3.407553440177044e-4,-2.7235149997098366e-4,-5.318383249317385e-4,6.968898346306497e-4,1.1725423324028795e-4,0.0010216362677728595,6.660416548065654e-4,2.500904111331164e-4,2.633208017177971e-4,-0.0011520390976653132,-2.787421222879981e-4,-6.380988524761562e-4,0.0019884697086500363,0.001212771239244039,-3.5590444812879724e-4,-2.848419438459015e-4,3.8504189644703973e-4,-6.214945421283715e-4,-8.229030386463498e-5,-4.8015741051611085e-6,3.893015571891195e-4,-7.41391026177219e-4,-2.282167678961834e-4,6.106550331422618e-5,2.609322641272777e-5,-2.189599255551334e-4,-3.08765753367061e-4,-7.988079370741475e-5,0.0012196192657624196,6.983878641601591e-4,-2.8713032496750047e-4,5.592381401223203e-4,0.0013124161217295106,7.78840973916802e-4,9.779902511720328e-4,3.9107001902210484e-4,6.199077473021787e-4,2.1279938985655758e-4,-1.6913299823380647e-4,-7.631480615873363e-4,-3.878424455339229e-4,-3.6043698384154377e-4,7.627216213616951e-4,6.17090778276689e-4,0.0025102995575199847,-9.623954803631276e-4,-0.0012469238038919552,-1.0677990521650493e-5,7.687616291174675e-4,7.762869532081259e-4,1.916641296618893e-4,-3.559505675154558e-4,-6.294499348060251e-5,4.963984169667904e-4,4.943155652102365e-4,-2.3808259634882915e-4,-4.1336573520472003e-4,-6.635298068060102e-4,7.133176893844348e-4,8.178925133885432e-4,-4.537729014955213e-4,8.872398452746744e-4,9.268312164512046e-4,2.392954691881868e-4,-2.1171645788763778e-5,1.2223363924157975e-4,5.503225049060103e-4,3.595748068987324e-4,5.130998933399871e-4,-9.109110351850891e-5,-3.069606988788927e-4,1.0893272829138978e-4,-2.1960135449028217e-5,-2.0015557793515387e-4,-1.2822476927492186e-4,5.208971021470441e-4,3.7886066606203903e-4,2.2776835692353258e-4,3.5456942536827207e-4,-2.1356907753137733e-4,5.2058277649993866e-5,-2.455977247531535e-4,-3.1788746433665066e-4,3.473655014600612e-5,-1.7947965996214398e-4,2.731908899565417e-4,2.52562293937391e-4,8.29826391815735e-4,-5.526221249429731e-4,-3.0400391495821624e-4,2.6666959362915075e-4,-2.9252125280133527e-4,8.54182406017092e-5,9.280148398186295e-6,1.5964462410515923e-4,6.536472961174122e-5,-2.449859233944626e-4,2.4248325686495898e-4,-2.9538670280705937e-4,-1.0402504731915204e-4,6.392788192347105e-4,3.353353901278644e-4,-2.482023269526745e-4,4.94056206727854e-5,-1.363048714954434e-4,9.72796464236446e-7
C15-C15cn-C15ar,6.501177025943164e-4,7.88154418885243e-4,0.002154110609226774,-0.001911702721141776,-5.282402209126981e-4,-5.107436423409953e-4,-0.0012455065244031456,-6.700972594414357e-4,-3.609996491317463e-4,0.0015084386607814519,-0.0014801173837615024,-9.464025229448855e-5,2.845514320041394e-4,-0.002401456260832978,0.0022191503565120617,0.0037426422985827133,0.0022818083201911065,0.005573422777474333,-0.0038109697360191345,2.2847048352265696e-4,0.002920736333467406,0.0018244722510737388,-0.0026549257955714336,-9.663239294996691e-4,-0.001600362903937274,0.001029418966054012,-4.390035891810558e-5,-8.392566062585627e-4,-0.0013855473931051996,0.006254446245619378,-0.004371857750581838,9.245982451842206e-4,-0.0016502497563884078,-0.0011668312283174731,-0.006808245420760597,0.002151985134419493,0.002427715604016252,1.667869504824273e-4,5.076392983675862e-4,0.0012300840573343426,-5.880971498721291e-4,0.001742364809389456,0.0016150746187068759,-0.0011454593566261797,0.0010551215940765425,-6.74560946928815e-4,1.0761882866374111e-4,-8.423441473601093e-4,0.0015334468024587862,0.0012841866742100327,-3.6523964180447643e-4,-2.924401532679745e-4,3.86035052438848e-4,-8.471662558374337e-4,-1.8916474408440788e-4,-2.385739289191236e-4,0.001180375393918656,-0.002207761568934165,-8.676898264953417e-4,4.292179655768915e-4,-0.00027364103889253847,-1.810821420237276e-4,-0.0024129235669635564,-8.451995424540259e-4,0.001253086070557486,0.0016552257969652004,-8.707102325354864e-4,9.20004238678308e-4,0.0033314023664528757,3.0235099025943777e-4,0.001940390692628152,0.0011233357899480066,0.0017621231477756723,9.611040446869051e-5,0.0020806991936758094,0.0025841813894812112,0.0015291582269921767,4.1970103957902426e-5,0.0016221317592858705,0.0015851341657849983,0.005541374122917357,-0.0017996380981974511,-0.003327896085038312,3.1342791758188555e-4,0.0015520272815300149,0.0011071521580836461,-3.0218025573568045e-5,-9.727174737689323e-5,-1.187294993014557e-4,4.247836737765628e-4,-1.5108342825236078e-4,-2.497803368643983e-4,-1.0642931048012851e-4,-8.852655745388905e-4,0.0012387129868302127,0.0012282667141038208,-3.389909052341593e-4,0.0022468531111803176,0.0023119644567721103,3.9389492317397096e-4,-4.553248690924127e-4,1.235104451628306e-4,6.276702962637651e-4,1.0125690066555705e-4,5.776272890660482e-4,-0.00012254371510734747,1.268632505973569e-4,2.776906890433299e-4,3.373855405575942e-5,1.2600780374277964e-4,-1.8993007189476898e-5,3.8411122804356626e-4,9.583663116839157e-5,7.140409794321985e-4,-0.0011699514742727847,-7.528026592092229e-4,-1.6579396201157448e-4,1.9395668632981293e-4,0.0010115468460197667,-5.978837269926901e-5,4.384881764646211e-5,-4.1430556618558275e-4,-7.340867836206706e-4,-0.0018827607366921845,0.0014051638259951588,3.6900913353385596e-4,-5.415814422127694e-4,5.592365033777467e-4,-2.52753850312153e-4,-6.8535635664599805e-6,-2.6687176912560534e-4,-3.9190153129056164e-5,4.1914869836650535e-4,-2.1519549621423252e-4,2.700155137990562e-4,6.620549537286668e-5,-2.8025369272467027e-4,-6.576434904584304e-5,5.4922779922838437e-5,-8.063911866230328e-6,4.402013875539304e-6,2.0753921742370077e-6
C15-C15cn-C15dz,0.0014571349371035722,6.248661628902385e-4,0.001213463145179747,-0.002453464913578637,2.437385676318979e-4,1.8704529406865104e-4,-9.501871441038674e-4,-0.0012319056805901302,-0.001475491652306199,0.0020237473176302825,-0.0017546177252466104,-2.0364969756539485e-5,2.7465943019149236e-4,-0.010808377590962327,0.007914481430973546,0.003791523001340755,0.013090649329525318,0.006797247505516067,-0.004961494330360109,-5.147403398095485e-4,4.655680163980561e-4,0.002652555448794083,-0.00727352026219697,-8.35598856697002e-5,-8.239344158948413e-4,0.0022763117636981837,5.253591513067314e-4,6.884204122825877e-4,-1.2511941534496153e-4,-0.0044696402537420885,8.627748872959656e-4,-2.4205834098469295e-4,0.0038539857528419453,-7.082053774879991e-4,-0.004655075944129614,2.1099363915052944e-4,4.1947365368729354e-4,9.775362515498606e-4,-0.0033338514977062747,2.296963083415944e-4,-0.002857891468841528,0.0024879820353639714,4.516920975347951e-4,-2.672537315961468e-4,0.0057388828215605816,0.0011908832259139713,-0.002195439030152547,-9.460527246644523e-4,6.601128236286871e-4,0.004004952004198336,2.1623170538006908e-4,-7.830277049643157e-4,0.0016548563188405882,0.001894580752040881,-0.00229835761419312,-4.654018082185652e-4,0.0034161032215238468,-0.005416834238805125,-0.002308505298527051,0.002910778341149809,7.733258373749366e-5,-1.6267752300488098e-5,3.201617801901104e-4,1.8120339107585733e-4,0.001066943531348836,6.325901699040862e-4,-5.750889644410386e-4,5.384180261432497e-4,0.0022129193594452993,3.6546193188717894e-4,9.847848378181081e-4,5.051427263562752e-4,6.201329485477751e-4,8.142882411386169e-4,8.066727461555995e-4,-4.2719857714799866e-4,-9.666591590923617e-5,-2.901487850807354e-4,-4.5666844235840896e-5,6.581435568931021e-4,0.0021910045927931283,4.874941088664072e-4,-0.0013840673949757417,-4.699707873876228e-4,0.001690693802442283,8.015655771372585e-4,-0.0013258112853068446,-0.0015435282347843406,1.7402882332853508e-4,0.002441581660111296,-6.521525784046274e-4,-8.32828037410957e-4,-1.0803460211106836e-4,-5.635460812515419e-4,5.690274381803513e-4,7.696403258118826e-4,3.489098641316184e-4,0.0016088646423024708,-1.2493146822776144e-4,-1.317203799645537e-5,3.000591343296403e-4,1.2393982437325634e-4,9.606265869624542e-4,-9.232378803797453e-6,-4.7503886850897947e-4,1.9334689445742764e-4,2.784351356975273e-5,-6.48947168789797e-4,2.7940634608001415e-4,1.4790735103569513e-4,2.0854378749785043e-4,-0.0010325028309359373,-2.0177668788072824e-4,2.2372575138998016e-4,6.597260960930451e-4,3.6446061791309026e-4,1.3988036094156323e-4,-6.070037508274134e-5,-0.001195002435975072,-6.996010598575727e-5,-3.6113638978953444e-4,6.68413519412549e-5,6.219851344026635e-4,0.0012566378827696665,-9.100291016431389e-4,-6.0212008349414515e-5,-4.326254902569307e-6,3.354691795428399e-4,8.904630281619553e-5,1.7639824786110857e-5,-1.0548411678426681e-4,-9.254760778200324e-5,3.7566477919583974e-4,-5.728519819489034e-5,3.147827630026716e-4,3.3730763166302754e-5,-1.8233702751688818e-4,3.9525181822564013e-4,-1.7434974160524512e-4,-2.5352887264303182e-6,1.0562895104435613e-4,-6.039783094652487e-6
C15-C15cn-C15dz-C116f,0.0033513979824856942,-6.403911134221315e-4,-1.508117471514753e-4,1.054991010649982e-4,2.2055072356678369e-4,4.316830645183139e-4,-6.911004407706472e-4,-0.0013379995201531813,-0.0014301663614972391,0.002815727645030678,-0.0019992650222932537,-5.71508682201969e-6,2.6511742604826854e-4,-0.014384223355156723,0.009848776481013573,0.01026325958845228,0.017957711138478306,0.0051865258849457365,0.0063750842620750045,-0.005286956184810633,-0.0010003416290125856,0.002996587877421304,-0.00921195469919923,-1.4018933468455972e-4,-4.975998555524296e-4,0.0026849643667709823,7.561412544906071e-4,0.0011134549265944976,-2.3887346849926303e-4,-0.0062117008225128076,0.0011744013775750455,0.003005903962299821,0.005202445419915046,-0.0015110290936969732,-0.009891246656990147,8.043463801621954e-4,0.007349109627345737,0.0010437459586231962,0.006186077578246722,-0.002702354159038315,-0.0028137360598855933,0.0021608638748049176,0.0028462800282909925,-7.443043801226281e-4,0.010971517425311871,0.0036737886515293937,-0.0030107587513422173,-0.0015446814142528608,-9.152239244677109e-4,0.004933197582168834,8.929026801329557e-4,-6.928664511681582e-4,-0.003482215937208908,-0.0023053986889541435,-0.0017461815165479386,3.795911412370949e-5,0.003552996369710535,-0.006403143863744647,-0.002775027305650607,0.003907672208393378,4.839790347748292e-4,-2.635759736621774e-4,6.77889731844909e-4,-8.036107406922933e-5,0.0012026829908911919,0.0011399819162160136,-0.0010865994196518748,4.4835903716266656e-4,0.003594209700719685,1.507277321053955e-4,3.9714940481802227e-4,0.001329220230591273,8.191447668156282e-4,0.001892283458043337,0.0020036421153838994,5.790563733098357e-4,-6.461535185183413e-4,3.741684753545949e-4,-7.54721698078577e-5,9.92825932107017e-4,0.0033634302066839774,-0.0019151853695126633,-0.0029210965955621263,0.0017703483317016988,-5.865257128877541e-5,0.0010860118062306003,5.38017870048963e-4,-1.4365296399329805e-4,-3.768274698212487e-5,8.718952003763528e-4,-0.0019366417199771894,-4.0619630044575e-4,3.2651901373352093e-4,0.0016304459349977677,-0.0017622404573971405,8.338151067392277e-4,-0.0014997065422638184,7.524159717972299e-4,0.0021630334364687487,2.604868756582257e-4,1.7568578519574357e-4,-2.224538097295519e-4,-0.001343990291939384,-9.004857433795701e-5,6.336701716324167e-4,-1.654282038327908e-4,1.3512224763491794e-4,-5.942241661964237e-5,-1.2522103840958654e-5,3.6147230334039913e-4,-2.515520762835331e-4,4.295828771541823e-4,-6.874772660868948e-4,-4.509901976362035e-4,-0.0011539426621382783,-6.425973543605387e-4,-1.6392768538846318e-4,2.13280902076337e-4,0.001043855828468985,5.5549169476980836e-5,2.0379902505203025e-4,-3.903840361954619e-4,-5.915141820956323e-4,-0.0011951746989291355,7.094961878862905e-4,1.329351691492273e-4,-2.4175438909829997e-4,1.5897248132268978e-4,9.151156937952606e-9,-4.5455968874037395e-6,8.294456852671686e-5,3.469235801216674e-5,-2.0916239618992151e-4,4.561889855080805e-5,-1.704549637019738e-4,-2.3522673216332025e-5,1.3186218942486875e-4,-9.292264989027635e-5,2.4005712523449044e-5,8.337952697102924e-6,-5.6543296208320035e-5,-3.183766390350198e-6
C15-C15cn-C15hz-C15lu,0.0043756156666610035,1.0319403446108434e-4,-0.0023246321176018494,-0.00565429506326489,0.0034957926358552883,0.0025103497644474973,3.815706384618971e-4,-0.0022592460714975075,-0.004335777392622509,0.0030747268647982515,-0.0024656339931165287,1.5263126494357025e-4,8.94710448732369e-5,-0.02172272528408336,0.012636289018005196,0.006644251603542479,0.0149461326927162,0.0033045510872966514,-0.010146441485197862,0.005410768095675094,-4.769467456019213e-4,0.0028808108064458052,-0.009037305190343778,6.852776521285766e-4,-0.0012371056074278542,-0.0033330610194774847,-5.63951999182236e-4,-0.005588203895163901,-6.841235135045892e-4,0.03333232984510945,-0.01697340499185446,0.004624772716110335,-0.005405222653321697,-0.004480956390606164,-0.03701669209860748,-0.0010815953819500311,0.015282462504369251,0.004321421031110198,0.008271877686427832,-0.007731402160498269,-0.006340669893931116,0.001980898719524877,0.004074625107463454,3.7909210168954517e-4,0.008350456161382797,0.0049790753235557875,7.50033683023716e-4,3.5868971951279443e-4,-0.0032176542136523947,0.0016694944412376212,0.001735432769571291,4.498450686509364e-4,0.001851843051857264,0.001103307384607481,0.0015148767936697131,7.775972399054876e-4,-0.0022528733650288148,0.0032265123100722573,0.002036342749520811,-0.0034916847321343025,-7.117487383083296e-4,2.5777856140202134e-4,1.3861809312359428e-4,3.7153353450863143e-4,-0.0017584897353559146,-0.002519535807676726,0.0017205961589448434,-7.951727649591475e-4,-0.006235777569192878,-5.443827408077133e-5,-0.0031877443838801353,-0.0012612557163362373,-0.0011977001836691128,-0.0013674164943504722,-0.0010252919682554704,-3.4840935518299336e-4,6.304738429164584e-4,5.190332999669817e-4,-0.001762940195451173,-0.002046547979768987,-0.008037880022840657,0.00237060772289785,0.005169987768886353,-8.862251731652594e-4,-0.0018367493994872303,-0.0012994028058367396,-0.0017408173661213099,-0.0021307551806441826,6.522787716749625e-4,0.002176659570441487,0.0032635873763811694,-6.85682708410685e-4,-0.0028490406182159426,-0.001568937324363134,0.002790037581488472,0.0039373942196807175,-0.0033154912712898264,0.003374009636718512,0.0035204261413830772,1.908707015969695e-4,-4.640385146182472e-5,3.2697459941452196e-5,5.4782493962321525e-5,5.327069506842074e-5,-1.2836817085315185e-6,-5.423862617221263e-5,-4.381489564718339e-5,1.5866052766267015e-4,3.324988571823835e-5,-5.435679846058303e-5,-4.1326582823687095e-5,1.3277111451545423e-5,2.517320265001201e-5,-5.78075352548123e-6,8.800093035580318e-6,1.607821227639032e-5,4.726342649489948e-6,-6.679440646330349e-6,-4.7046709414500996e-5,2.6006986074585756e-5,-9.568041996894075e-6,1.8339571619993742e-5,1.0450055363698977e-5,9.178531684498219e-5,-6.47612804106134e-5,-3.2358723195063145e-5,1.6816642616581712e-5,-3.5631304640625536e-5,1.6157343526235925e-5,2.4837445316869815e-7,1.464526860796044e-5,7.130921685420421e-7,-2.0611251918430655e-5,6.092193608625512e-6,-1.996804789068502e-5,-1.221180945146727e-6,7.879209450947997e-6,-1.551164392045393e-5,8.349614817449785e-6,-8.353149820771722e-7,1.8003737619999456e-6,5.234826390790258e-7
C15-C15cn-C15lu,0.003298795553420981,2.7743035965990646e-4,-0.0010382221988022066,-0.00457975029581842,0.0023545211168805387,0.001682770148835123,-1.0083610112033346e-4,-0.0018506465332752907,-0.0033049428071110563,0.0026643204618507204,-0.0022163684656401673,1.0106582888866941e-4,1.4609292080598838e-4,-0.017936520458712985,0.011012452672590432,0.005648937976447155,0.014265909931209525,0.004658621185413218,-0.009666742596267968,0.003972313321328626,-2.5577911419012465e-5,0.0026709291143576647,-0.007908532643875468,4.2567499344232424e-4,-0.0010954024767946288,-0.0018642417360975106,-3.289013305145929e-4,-0.00400306594667793,-5.842384316912624e-4,0.025910957828217826,-0.013775160951493049,0.003306281835597118,-0.005238689499450264,-0.0034111030114840914,-0.027105984176852727,-2.8903659540304257e-4,0.010792209653170721,0.0025743684930857433,0.005053163123598938,-0.004805189039818556,-0.0036823037336917216,0.0015201268979814471,0.0020840874034453085,5.940417611847316e-4,0.0029200762688321048,0.001505520217688797,5.043056972546266e-4,-1.3076611130498412e-4,-0.0010548668564121274,-5.714139511085044e-5,3.031781271190695e-4,4.1855308977778856e-4,3.5421450896661966e-4,-3.032067578938511e-4,9.498613487448323e-4,1.882770306173888e-4,-0.0010587927485314404,0.0016390569627444615,0.0010082541974378231,-0.0016954771597663641,-1.9073396367683208e-4,1.516850176410139e-4,-1.124782829330944e-4,1.0150630912123656e-4,-2.1555184726319737e-4,-3.8564988054447783e-4,4.315282168933586e-4,-2.6369261053100026e-4,-5.717733326542303e-4,6.799057181669961e-5,2.3962650424405557e-5,-2.4265515099985692e-4,-1.4996072267401474e-4,-7.863899991678189e-4,-6.284275674742487e-4,-1.1628047699251224e-4,-5.861192163593675e-4,-3.7243443391492585e-4,3.659455026343165e-4,9.429946520812652e-4,0.004217988285661592,-0.0013089154766198203,-0.002478031489190946,5.405300660203747e-4,8.76935338739132e-4,8.584206273730389e-4,0.0016542028116150733,0.0021793045001086172,-8.918993717926126e-4,-0.0026791919269296307,-0.0035133335353262425,9.919251435580726e-4,0.0036999753242784126,0.0026181944335143133,-0.004739314603169275,-0.006086436261998368,0.004576438921685732,-0.006584342859833633,-0.006630101458892884,-6.91905964689295e-4,5.348052292710622e-4,-1.0145475129771203e-4,-1.6064140073751836e-4,-3.094559156847458e-6,1.4154860359154165e-4,8.588305377304051e-5,-1.7205233386824827e-4,-3.5109896109737274e-4,8.61531477430416e-5,-1.1357547004388315e-4,9.027370230907393e-5,-3.232451684931862e-5,2.6932929520583467e-4,-2.3439795150656382e-4,4.304679690868725e-4,3.670625256705352e-4,6.583432624345657e-5,-1.1615835564128681e-4,-4.113180142723937e-4,-3.504119461295595e-5,-4.1460767557265894e-5,1.338479357344988e-4,3.0324369887852035e-4,5.01531668439527e-4,-3.535039873705224e-4,-7.655860284603098e-5,1.1489260522517858e-4,-1.2419528926140968e-4,4.049476075705928e-5,-3.1844312374793737e-6,1.5383254020434734e-5,5.096629443608524e-6,-2.6613555523464673e-5,1.5182251911992498e-5,2.3212332105712655e-5,-2.1600236508496956e-7,-3.9727089827611564e-5,-6.649360234737944e-6,8.787693265298615e-6,-4.387188714262406e-6,1.991275011461616e-5,6.698028227257363e-7
C15-C15cp-C15ct-C15hj,0.0024629618374553313,-2.5041301508094046e-4,-4.180210386240709e-4,0.006003676629293518,-0.0025124694444581155,-0.0012662550237614453,-0.0014365560899914558,-5.008068953708748e-4,-0.0015840253868177863,-0.0015124073191586567,-9.139499372986314e-5,-2.9055221143659747e-4,3.665211648657931e-4,0.0017786785472129953,-8.623858305510108e-4,-0.007880832896121012,-0.0016485684337543942,0.002306390107800206,-4.916610483539323e-4,-0.001008016975263527,0.0025608355570578404,-3.836892803712967e-4,0.0029241214230376297,-4.204634752872511e-4,-5.139561051335968e-4,0.002384434813510963,8.073139281907033e-4,2.109870859986228e-4,-3.120383260751697e-4,-0.0016428276900990338,0.00136076822941982,-0.010810360034543193,0.003985356436764125,-0.002472496838659663,-0.008652345240019585,-8.510140546717654e-5,2.3519236391323864e-4,-1.252908340982818e-4,-0.00300532596712983,0.0017495386043228222,0.005079409227740514,-0.002269500429025884,-0.0012058225632105984,-8.139489593601428e-4,-0.004894436628423251,-0.002324758174995402,0.001001956953263805,6.960653596353401e-4,0.0015647570686599748,-0.002260165133857729,0.00281908142854893,5.909343173306283e-4,-3.9971716983334785e-5,-6.364878641045516e-4,0.002886946306991851,0.010233357091807305,8.258196838596251e-4,-9.216884988265706e-4,2.3669982104905615e-4,3.58591260749781e-4,-1.5373372977822017e-4,-1.188754937772276e-4,-1.8411517268070144e-4,-1.2446044303805423e-4,0.0012056865060931547,-3.360353721066109e-5,-8.966847490642958e-5,3.048396311522939e-5,-3.653700634005766e-4,0.0021308775634417284,-0.0031062633780453925,0.0019599580092394446,1.443961663208149e-4,0.0032015194467693454,-4.3351176619714054e-4,7.02746396703398e-4,1.581486741256092e-4,0.001827036034084438,-0.0022787972886209444,6.175475493428047e-4,9.872384170562891e-4,-0.0010538307246442495,-7.178900664081444e-4,6.972049779798093e-4,3.822810812662356e-5,0.001117828277562628,-0.0010970682893253665,-0.001277791815031705,-5.4297947167915624e-5,0.0019501902973321013,-0.0013806630507289916,-4.3006197992424063e-4,-1.665020240440364e-4,0.0011581785512930582,-0.0015952798573774178,0.001003259581503044,-9.42976097588915e-4,5.264508372386596e-4,9.329400704808166e-6,3.4761546963932055e-4,-3.229643283573419e-4,-4.376046476958923e-4,-0.00271505951264271,-8.813779107137324e-4,-0.0029534276536654904,-2.1187888520178853e-4,9.286500206598708e-5,0.0012608947790617073,1.835563120980852e-5,1.0132083408045107e-4,1.6582179557886797e-6,-5.18601001352623e-4,-7.331781291619259e-4,5.146145558481525e-4,4.973056264934376e-4,1.8306051150580288e-4,4.020060505049132e-5,-5.783513104680898e-5,1.280752240397008e-4,2.4212801859546494e-4,3.462324839480614e-4,0.0011087837988111393,1.2998604006950187e-4,1.2601834499230458e-5,1.2705896218953268e-4,-8.043578982710057e-5,3.5845563287307375e-4,-0.0011202491256774793,-1.8258887273115521e-4,-4.453200638482998e-5,-2.0687631978872587e-4,2.4652368626481696e-5,1.7883609616558828e-4,-6.661884783660739e-5,2.299979094462077e-4,6.051910535352615e-6,-8.229251329336196e-5,6.224416925756877e-6,3.8526788304914824e-5,4.356451696024444e-6,-2.96711820471756e-5,4.859337635642871e-6
C15-C15cp-C15mc,9.148660941859081e-4,-1.257072162659663e-4,0.0031884848359741854,-0.0013892639630688536,-0.0020883888140006,-9.94965667785801e-4,-0.0014712902356943396,-4.463002599463993e-4,-1.0869099516568445e-5,8.724218518555185e-4,-9.926837915090435e-4,-1.401957154313445e-4,3.022200068564096e-4,0.002058609131207672,-9.599292734928317e-4,-0.001987927892834478,3.736992121490232e-4,0.0013299908134151665,-9.034311849515603e-4,1.5784618730790116e-4,0.003423957583226006,-0.0011491591237167925,0.00582052176830991,-4.4806526984685297e-4,-5.441070290653672e-4,5.257465439561336e-4,-8.827557708438953e-4,7.615923581251485e-5,-5.83823473368749e-4,-3.5354309225780193e-4,0.0017811985876730288,-0.014256069233368697,0.003571697390376406,-0.002165248366587875,-0.005103340539569168,0.0014129640359603916,-1.1532708729236155e-4,-3.13049547529854e-4,-4.768914981350614e-4,6.132280853284227e-4,-8.31876533257264e-5,8.296573975003263e-4,-5.727552901454293e-4,6.424692325734871e-5,-4.336224352084721e-4,-0.0025790096395355627,-8.601690830947202e-4,-6.517696687566765e-4,0.0032507005861014153,-0.009785482292127397,0.016087400772546848,4.521280089939706e-4,-0.001980525181562243,-1.7878247441382116e-4,2.9178618824334375e-4,0.0033904545698019597,2.646285755065944e-5,-0.0012896841906224336,-0.00102866222555655,2.343755037602915e-4,-0.0010082561497634388,-2.978631423995121e-4,-2.1572377969287227e-4,2.076912591662564e-4,5.288270792311072e-4,-3.7548539873913313e-4,4.7599638114414454e-5,-3.5184474680423003e-4,2.119212771922328e-4,3.927635264539063e-4,-1.925113342954358e-4,-9.868807941755985e-5,-7.66573780036923e-4,-4.4795799916137275e-4,-8.542231264269766e-4,-1.3649304005399656e-4,6.055019685262824e-4,4.579440271473709e-4,-5.188337183812202e-4,9.436816819581585e-5,4.183322321084639e-4,-4.3696801156150504e-4,-5.204367628918326e-4,5.811000340163658e-4,4.329782873011514e-5,7.233414959248875e-4,-2.9740070168275516e-4,-5.810646382620429e-4,-1.2926402411862436e-4,7.474226663456521e-4,2.0555100478181416e-4,-3.5058885295149815e-4,4.6265066214202296e-4,-2.9180908700589963e-4,-2.620807035038855e-4,-1.6437065849419285e-4,1.9433125957724488e-4,4.481240668351892e-4,1.9262883653359985e-4,-1.2166365996325144e-4,-4.986511579830945e-4,-8.578624396304857e-5,-3.7098728090616885e-4,-1.7643462105217114e-4,0.0012763952890791194,2.1005123472673794e-4,1.3177303966040166e-4,-3.1043354428678463e-4,-6.407340739381364e-5,-3.8882636786580503e-4,3.2175261854130847e-4,-4.2610534667771174e-4,-1.2316739916071515e-4,1.8669456279714715e-4,-2.5348472055236495e-4,-1.433414011355898e-4,-7.253332663260877e-5,1.359966147852791e-4,2.1199185914935664e-4,-2.52775651085383e-4,-1.912603221251511e-4,-8.347811648959555e-4,-2.139856768156671e-4,-3.942966818363799e-5,3.9539036639154484e-6,4.8333382557914186e-5,-1.3402707341121515e-4,8.808802785965202e-4,1.5822388418637056e-4,5.126509348696301e-5,1.789960783807534e-4,-3.584792554051028e-5,-1.4113663548208236e-4,5.033770891869852e-5,-2.8427172493159105e-4,-8.175191261888325e-6,1.2377880893755055e-4,-4.127905673448597e-6,-4.121700632399932e-5,-6.729295053349727e-6,3.140769517326879e-5,-7.666642731262209e-6
C15-C15cq,0.0028979769074888575,3.3925317855068723e-4,-7.042017523207242e-4,-0.0034466213439935597,0.001530100806099255,0.001225136208672452,-2.4055517225866132e-4,-0.0016525346911156831,-0.0030536909410535033,0.0021248186756579516,-0.002056300560471756,-1.7562218465349826e-4,2.3754978153789366e-4,-0.018732915336454447,0.011845353144249266,-3.8090989976253524e-5,0.013438229277295429,0.0058901504381958444,-0.005933111957944665,0.0012002948594789765,0.002897686710453261,-0.0023437884345076715,0.010548699164527971,-4.717081016918753e-4,2.8265358299820186e-4,-0.0014363498563786075,-0.0014305057844937418,-2.884119120784881e-4,-1.6478729254511452e-4,0.011235056387263282,-0.005209574457200157,-2.396105454460533e-4,-0.013011906830570711,0.002304459778660099,0.0191598264500393,0.005136480097867246,-0.0060527454260225575,-0.0044613562534452,0.009528320816381174,0.003753509732063984,0.015354825140004037,-0.006710690943226389,0.0015820546445097603,-3.717787019165352e-4,-0.011506699982335073,-0.005353608965097283,0.0034234538360383487,1.8731485786310778e-4,0.0027493655599395077,-0.00433054848615883,-0.0018721052878119336,0.0010917792929406157,-0.006253502377987217,-0.007452532407795659,0.0018339115462216924,-0.0025486907120530616,5.831748212663674e-4,-0.005824324076296379,-0.001364395235040345,0.005215391321534089,0.0030962623242090006,-5.237299006966989e-4,0.0019336607583720431,-4.947773999350679e-4,-0.002343892537896313,-3.699357039586451e-4,4.06171280763914e-5,4.970541930124251e-4,-0.0036670299909657075,-0.0012491500355555408,-0.0010091472416051378,-1.3516048383598143e-4,-5.669910220256392e-4,-3.39835605811109e-4,-0.004224149224228416,0.0015212899391286202,8.774266025387311e-4,1.0322855238421321e-4,-0.003202405443227277,-1.2787175070216294e-4,1.6626985285196787e-4,8.210707538512421e-4,-0.0011379714163839193,-8.218963049585767e-5,0.0023056543769453828,0.001345385537595279,-0.002430476514823841,-0.002901216301679922,4.508385923243185e-4,0.0030544184630638908,-0.0014100978128986589,-8.41599757510667e-4,-2.859240229655521e-4,0.0021077564458745605,-0.0018507168053648916,0.0012308096737907634,-0.001700845639219936,4.423955668937051e-4,8.167962993113789e-4,-4.6914766500347687e-4,7.09193032775487e-4,2.4636147338037435e-4,0.0013162906825861524,3.572140361239659e-4,-3.9591869580646045e-4,1.6866821300096516e-4,-8.010972415479336e-5,-4.554191334852646e-4,1.2256815048967737e-5,1.1082330953281517e-4,-3.6659266607747e-5,-1.917971595211115e-4,-1.522288051308938e-4,-1.5378501903914928e-4,5.355357069075177e-8,4.913714415265518e-6,3.035468813026951e-7,3.1296646594467096e-5,-1.1433623608035038e-4,-4.543361941061698e-5,-5.4590392179315726e-5,-1.4132818704851944e-4,4.89441733201244e-5,-1.1691096263627393e-6,-3.890394134843537e-5,3.2051954119842584e-5,-1.178043778738305e-4,2.729435374571677e-4,2.7952202282263323e-5,9.238946317688323e-6,3.9440238937282213e-5,-6.39662188812462e-6,-2.9413280708208845e-5,6.206438890527823e-6,-4.085448014269132e-5,1.280128692657824e-6,6.760003665310725e-6,1.4423580982236891e-6,4.019024250929434e-8,-9.83256528382385e-7,3.723539159053856e-6,-4.149808562126278e-7
C15-C15cs-C15cr,0.0027994676925581783,5.980319881090609e-4,-5.419842746296691e-4,-0.006198083147512913,0.004754717506670271,0.006545627501408619,0.01774596740110561,0.016654973809885325,0.008058367793654082,-0.0020708360407692803,0.0012165809642619562,-1.7674889851569488e-4,3.1465032408505543e-4,0.005507203734854087,-0.00211047827713845,-5.210802852626594e-4,0.002126256716628344,0.0021894141072781917,-0.00105866957514025,-2.5940994644216454e-4,0.0017524031666508824,6.938627043124091e-4,-2.8547220812739585e-4,-1.962409467385017e-4,-5.397205942406907e-4,9.688044113375326e-4,-3.871152528639917e-4,0.0012318310103933805,0.005342908519294783,0.0011968111292995959,0.002753615610096,5.268419582097998e-4,-0.0015503038759092469,-5.79249396433156e-4,-4.7950264924732596e-4,0.0025772610101329613,-5.644067721457122e-4,-4.912259964524271e-4,-9.649779865919819e-4,4.733730852641406e-4,3.046320208641925e-4,0.001148936215654125,5.670433781919988e-4,-9.220209287783646e-4,-1.6091886423062296e-4,-7.702750496273624e-4,8.675657691451003e-5,-4.11065147402855e-4,0.001402959804952418,7.226156190732807e-4,-6.180940219470896e-4,3.321077262465258e-4,-2.3662022370264218e-4,2.894837551507538e-4,-0.0022039268495933147,0.0013089219728967686,-0.005894706293160692,-0.002694940381331549,-6.087759164350896e-4,-0.0012958872082764901,1.5079683118930054e-4,6.984715401994774e-4,-6.980087571684977e-4,0.002746035024604572,-0.001350196518346433,0.00101250460925621,-4.147103335319202e-5,-4.5395576496664545e-6,1.5782507886118547e-5,-5.41271869667272e-4,-4.2971738107057536e-5,3.1918365061182094e-4,4.027866797807239e-4,-2.309151676160775e-4,-9.450912780599746e-5,-3.255461859785933e-4,-1.9515698582364216e-4,-8.072047965845782e-5,3.9709973477450804e-4,0.0012299744121805976,-4.787857608962229e-4,-7.007762553678571e-5,5.668396571428892e-5,4.8883061056341914e-5,2.447797845590512e-4,3.7267850292012854e-4,8.887191719065736e-5,-4.565958216413294e-5,1.0997444707106761e-5,-6.638235421374692e-5,-9.192560401330092e-5,7.822332973292121e-5,-4.495841417736843e-4,4.303328633878134e-5,-3.452854130608032e-5,2.5730095682254667e-4,-1.3211699367391745e-4,-2.1910031320785216e-4,-3.3441437883925576e-4,5.361843387423857e-4,-4.9556750495284745e-5,7.7054928303397e-5,3.587868505752893e-5,3.1204724506365364e-4,-5.4506206189292416e-5,5.054567357714618e-5,-2.5485935638916673e-4,-2.906464716369401e-5,-4.44077505186416e-5,-3.071653301313991e-5,-2.2009593095067537e-4,3.663172621700679e-4,-8.037198494985023e-5,1.4365437669274536e-4,1.5275172496555662e-4,-2.712434597575537e-4,-8.982442693068332e-5,4.597052584149166e-4,3.1602546961371597e-4,3.4233423129779956e-4,1.7351104552221317e-4,3.71093887023357e-4,-0.0011705475806687864,-1.9951894566787594e-4,-0.0014250047875836386,-6.447723829973297e-5,8.529278111659703e-4,9.758891752076409e-4,0.0015652512105474407,-6.793198459907906e-5,1.8238719610079798e-4,-2.9489240701632656e-4,3.269016736219133e-4,4.479102370483316e-4,0.0011584409071766588,-1.281580420431546e-4,-1.8332024356309038e-4,-2.3924196349899368e-4,9.474347932102423e-5,4.04766515391591e-5,-2.8305925583879996e-4,-2.6270960024327105e-5
C15-C15cs-C15cr-C15eb-C15gm,0.011525325722432388,2.821496459171542e-5,-0.011163133248253142,-0.021347773783101952,0.02272261002109729,0.028729799261021517,0.07243860304566481,0.06404242424037203,0.02854234991427009,-0.010386476198933504,0.007052520577763832,-1.3384125679004116e-4,1.9734339784627228e-4,0.007299032791113948,-0.002186215134970578,-0.004161237221098343,0.004056868586896776,0.0012981451810272716,1.8334772418955686e-4,4.509883076706521e-5,3.668162725440151e-4,6.861218406263416e-4,-2.010187193051113e-4,-7.977231260533342e-5,7.07406849478316e-5,-0.0011635007721386475,-0.00117666379653289,0.002956518636193005,0.019069756217924595,0.005721797004627226,0.014115484071741761,0.0028259485366392487,-0.0012086525107885503,-0.0014750368280877489,-0.001401866778640312,0.00427334404240107,1.6221828075138457e-4,-7.556236258142112e-4,-0.001236143786293215,-0.0011804952485402495,-2.5383401379676916e-4,0.002720883225784966,0.001765387468227172,-0.008423136946814357,-0.0010008646526881047,8.638991904185202e-5,0.002463263576593413,-2.9458690968647426e-4,-0.0011966322107126407,-7.831541171968875e-4,2.727272689414321e-4,0.003571521477305713,-5.6651727951706005e-5,1.7533694143621905e-4,0.002855150003368453,-0.0018056065612862882,0.005894812215909061,0.0024234514899226785,1.1469218208030391e-4,0.0011983438156427336,0.0023138134835405167,0.0013193750883664288,0.0019916672731264792,-0.010820933928368791,0.0047489740928840845,-0.002595990682318752,5.8963556619891e-4,3.7019650144661225e-4,-4.921722063252747e-4,0.0020253501738894744,5.385702599661337e-4,-0.001195511399198752,-3.901796103444008e-4,-1.1666759387959342e-4,-3.79800526574679e-4,1.8112927452754865e-4,3.260206223559692e-4,-3.537723312879392e-4,-8.082631629787257e-4,-0.007943463025544778,0.004195375913281147,-9.447114966965456e-4,6.13872235165936e-4,-0.001484655272355854,-0.0022100684042238006,-0.0023106901958053114,-6.79295411964984e-4,-1.8214354971660726e-4,2.0433392043381265e-5,3.6322703570099184e-4,7.862216544434017e-4,-3.1010418254920634e-4,5.01290742180434e-4,-3.5913908144030813e-4,-3.817523147247794e-5,-3.4382388428500014e-4,1.0388865213425124e-4,5.5923041166571494e-5,3.881086253754059e-4,-6.263517386021236e-4,7.909186956935074e-4,-1.3776553959146665e-4,-1.847442440132047e-4,-2.3332240942816672e-4,7.470889703778391e-5,-7.189191798661051e-5,-2.9598921544251913e-5,-1.0154169318703172e-5,1.468225545811621e-4,-8.158138339325626e-5,1.9974588205765874e-4,-3.538025829523849e-4,-1.7829409415329913e-4,3.7277011662808623e-6,-8.152821492405084e-5,1.4398680871714067e-4,7.132236187284173e-5,-5.036692568633061e-4,-1.6861930630414864e-4,-2.1283894984424988e-4,-7.686802702535519e-5,-1.4893641492960528e-4,4.628570680300301e-4,9.255123599273444e-5,5.764117045769556e-4,-2.37439067862473e-5,-2.939375795367727e-4,-3.468375333198746e-4,-4.530534558163966e-4,2.554440910798543e-5,-3.326636610457409e-5,7.139929079907544e-5,-6.171362897857797e-5,-7.471104320971458e-5,-1.727072845154102e-4,4.029389203204709e-6,1.4052892671205913e-5,1.2221319591199852e-5,-4.484825806262463e-6,-3.454327563760026e-6,1.8612182360365277e-5,3.63529241107318e-6
C15-C15cs-C15cr-C15ec,0.00935352241061482,5.822302877433079e-5,-0.008594598489829566,-0.017502400551052788,0.018095611322745512,0.023083039112520975,0.05843356620764466,0.051884524808784215,0.023364461146540092,-0.008340185481242914,0.005659419640273079,-2.2586468984921954e-4,2.4485004862561044e-4,0.006840497765545258,-0.0022345172094667257,-0.0035656599667073818,0.004041616647369218,0.0013248093867494783,6.953133010887144e-5,4.9507991527101755e-5,0.00149691604357093,9.228142995909095e-4,-2.8030140187695077e-4,-1.4822842530417125e-4,-3.9611067851291884e-4,-4.857568193887126e-4,-6.147382500737654e-4,6.415610526839563e-4,0.0039879476415351405,0.001806672175483691,0.00480012413365813,8.403575478752688e-4,-6.286315775933673e-4,-4.773799352614542e-5,-4.511125274624823e-4,0.002144545364125102,2.6076471910108886e-5,9.320934357221877e-4,-7.31133984827154e-4,-3.0951403701533865e-4,-4.608924866598281e-5,0.0014668058305940452,0.0011005781173609838,-0.004804745998050111,-6.993506809153878e-4,-1.2669894394384685e-4,0.0013940681623224379,-1.1918286451326157e-4,-4.536782683944014e-4,-2.0896970162050543e-5,5.64803893190705e-4,0.0010030746995582547,6.124120629727611e-4,-9.487754557762773e-4,0.003588798671604848,-0.0018796057448064885,0.008145442603220684,0.003516583245216378,7.340376129315809e-4,0.0012486231481514231,-0.0010356637248787699,-0.0013355006423588335,-2.3038334224775896e-4,-1.955315468883668e-4,3.3850837623592496e-4,-5.62678474778392e-4,5.229651027007864e-5,2.787227066645417e-4,-3.421722165893589e-4,-1.850103482107739e-4,-2.846132351741445e-4,1.1504975988377286e-4,-1.5038464640774878e-5,1.8889633443249364e-4,-4.2591589185585714e-4,-2.2696819442226556e-4,1.417148043213791e-4,1.288780391888868e-4,7.54224935863749e-4,0.0040787192493439125,-0.002115227784192457,1.9636066816819706e-4,-2.0324101959868772e-4,5.592504196279036e-4,0.0017240306124941703,0.0014741052726692334,8.695117098247661e-4,6.298989661972399e-4,2.994621279694084e-5,-8.175627833958305e-5,-1.421947483234919e-4,-1.4827196253333228e-4,-2.239074019900766e-4,7.35896439024205e-6,-2.4115502282276378e-6,1.7054935971100372e-4,-6.0887741027363374e-5,-1.3094663828168096e-4,-5.7533591721811286e-5,9.104784668715421e-5,-2.583573481476163e-4,7.186605328667441e-5,1.8105879447554224e-4,1.1032530631018831e-4,2.6795928597245965e-5,5.4109227612994296e-5,1.796259149136174e-5,-1.0590108597829221e-4,1.1894563749196823e-6,1.184802699520613e-4,1.1259514449871607e-4,-2.55925728118325e-4,-5.526487853842701e-4,6.880901167134314e-5,1.5882024955288912e-4,3.305404929001592e-4,1.3479149395799673e-4,-0.004545963003382253,-7.839997446053599e-5,7.214970833348496e-5,4.2621974511298567e-4,7.443696496499981e-4,-0.001850466527014953,-0.001383137952510319,-0.001214362842944727,8.783893346922189e-5,3.3233045445637627e-4,1.0572337507385226e-4,7.149830100762095e-5,-1.2351223513320661e-5,-8.896319516110336e-5,5.6443362457060684e-5,-6.890522009735204e-5,-1.443735321133285e-4,-4.088577590011288e-4,5.908064375900635e-5,1.0992172976840431e-4,1.1927521807302406e-4,-5.1057839784688684e-5,-1.8590586615595997e-5,1.2543692747803056e-4,6.995439645533149e-6
C15-C15ct-C15ch,0.019040118083185578,-5.526897766403132e-4,-0.03846319544115543,0.06845464031400157,-0.01472399848658643,-0.005569671835683585,-0.0015712172941373297,0.0018902609309007236,0.002122330496172707,-0.0037972101587727424,0.0030132187087664637,-5.294665970271082e-4,3.8595677571027294e-4,-0.005903571594147699,3.048059988535651e-4,-0.03250980857581464,-0.013324360929610408,6.522032880911427e-4,-0.004393461109560219,0.0017921256480528274,-0.002307497471738278,0.002518441249538956,-0.00853634091605523,4.725683749073903e-4,-2.597548986380998e-4,-0.001821430398433277,-0.0017691429248553783,6.873986254054289e-4,8.415726689645611e-4,0.004700122405670519,-0.003018635821129639,-0.00553233777650134,-0.00340603007297698,0.0013372890736543445,0.009725511386861624,0.004461124102002716,0.016666971260054616,0.005406580281193952,-0.017304299007559677,0.0019518075921719693,-0.004128025185112268,-0.0013499663794380645,-0.005262905290696122,-0.0030620782910595707,0.009766170426120636,0.003385380524264814,-0.0025115449340626437,-8.102065979842902e-4,-0.0015098751116754583,0.005089907237871614,-0.0022719997533103284,-2.54573386104226e-4,-0.006464748330894372,-0.005761580619987786,-3.2523825934082664e-4,-0.005410000482253526,-0.002913917101157044,0.003305235832756574,3.624834931336028e-4,-5.136542309378388e-4,2.516378530405742e-4,-3.8495321878851535e-4,1.5867699917427938e-4,-3.56759142443108e-4,-6.91844402431813e-4,7.847156969432414e-4,-1.0229473208046322e-4,-8.593106065644354e-4,-7.349863654901898e-4,-0.0012610807552796781,-0.002656761231203403,-1.1702893582894551e-4,-0.001863297449073487,-0.0016005622691090148,-0.0068500577534446145,0.003345852138102626,-0.0014397333367760293,7.051351654603897e-4,-0.004141673480844352,7.109222697735554e-4,0.0016553081973332325,-0.0027107677830478,-0.00161253217385959,0.0024951352762955545,-0.0013461165268693009,0.0016017699450915981,-9.23889472694272e-5,2.758895307264972e-5,-4.7810526711064517e-4,-5.247304522631504e-4,4.333449837503531e-4,4.980570570348641e-4,-8.463557325440519e-5,-0.0013984943006229535,0.0011368504981320421,-3.4333583268648975e-4,6.219087103291444e-4,1.530971683790136e-4,2.3316584399014277e-4,-1.433758491302522e-4,3.2463613512241635e-4,4.1539656996711333e-4,0.0011331057279984446,2.4067797125027087e-4,-0.001798989051218131,1.155924600859377e-4,1.959333040084166e-5,2.3272351824584115e-4,-9.66710853487471e-5,3.546831632502037e-5,-1.7512708834795077e-4,-3.0819215396561244e-4,-2.212843329856632e-4,-1.9155651039507537e-5,8.611661833919219e-5,1.3213007693377358e-4,1.917591446081093e-5,-7.548164869192611e-5,-9.994075327148282e-5,1.2943023780684202e-4,2.107053126665845e-6,7.645529410453345e-5,-5.6099524011889205e-5,2.0272913053449805e-4,9.6569913580637e-6,-5.6621714229936714e-5,6.213455628703575e-5,-4.199219977178868e-4,-9.519959354139204e-5,-2.287597320576475e-5,-8.618814556218787e-5,1.721955874053189e-5,4.751088748338386e-5,-1.763837625797077e-5,1.7033463254623348e-4,-7.386334050131947e-6,-7.089914512092825e-5,-4.50147054686015e-5,3.668537356990456e-5,3.403337429947842e-6,-2.436665246200386e-5,7.4454361220411805e-6
C15-C15ct-C15ch-C15cp,0.013300653566362848,-0.0012846387819437403,-0.023026887349639744,0.04236226133021488,-0.008844528444594768,-0.002975255194773746,-0.0011540239239500203,-8.533629798773653e-5,-0.004147975000244707,-0.006227412029905426,0.0026784324887589145,-6.028855786788293e-4,4.522507372620106e-4,-0.009923470631178552,0.002972784329412854,-0.0388690402319239,-0.012946165739318885,0.0014364503174994605,0.0033897691533316763,-0.0029301842315803766,0.0012449840275129745,-0.002307309689667141,0.008013624071568578,-5.148701343070277e-4,5.651004834533529e-4,7.388301580457911e-4,-5.948593487689819e-4,0.0012745769164915896,-1.252336266072867e-5,-0.001700305941317247,0.001361567150196101,-0.010182698953778843,0.004379660613478132,-0.0023381330010498395,-0.007643977043117553,-0.001120642476881782,0.00743330086451198,0.001173003399852545,-0.009673443678541753,0.0013220229645106167,-8.692191433290425e-4,-3.48018773264147e-4,-0.0033723394141353725,-7.764778212748297e-4,0.002217159737002047,-0.0012801477469167378,-9.010048857731632e-4,-0.0010106521049840077,5.964872232053375e-4,-0.00488500542962745,1.1814467405810963e-6,5.942098965923987e-4,-0.0030211541614174058,-0.0026120759959438033,0.0019511408609586937,0.0031743698304003477,-0.001152473882591657,0.002208090530295857,8.225720326511882e-4,-7.175029729165727e-4,1.334250283805008e-4,-1.5640201352160992e-4,-3.1596394995152065e-5,-1.3528217654319488e-4,-9.145824044932575e-5,2.871279587323516e-4,-2.2675215659207312e-4,-1.2254719106224638e-4,3.046982989552151e-4,-5.670549168357947e-4,2.0210578032758806e-4,-5.625136639655377e-4,-8.137231372998714e-4,-0.001558401756860871,-0.0022835778507245344,3.42023235092255e-4,3.979180052311407e-4,-2.558195205861941e-4,-0.00163837511501748,3.331675715292756e-4,0.0014875544971839224,8.035899872471879e-4,-9.922641503197723e-4,-4.7797977408030654e-4,0.001465924244886217,3.182587566692065e-4,-6.39038553529396e-4,-5.952212213624624e-4,1.297514995531361e-4,5.518305027047534e-4,-3.4607057063529566e-4,-1.4783584574827637e-4,-6.802135077664806e-5,-3.432739440286573e-5,3.5407324464495354e-4,4.937159595363574e-5,2.6484440391050295e-4,1.828793176211674e-4,-1.3792390176626697e-4,3.114337279829668e-4,-4.2423812397013777e-4,-4.280385350007171e-5,1.5800748487754395e-4,1.3798617780955432e-4,0.0018367238858408485,-3.123531866556886e-5,2.3045680336856272e-5,-4.247756295062101e-4,4.688431552176744e-5,-1.5350030389887123e-5,-4.9439552594756526e-5,4.716956952077722e-4,6.849518571428969e-4,-2.8231028554073984e-4,-2.657394926212558e-4,-2.4817767568573125e-4,-5.953703343929366e-5,-4.500531616770652e-5,-7.11959950159393e-5,-3.453831096631243e-4,-2.652202736850336e-4,-3.995858709874491e-4,4.2573666793841743e-4,-2.8714059232822853e-4,-8.842821619783616e-6,1.950169538006412e-4,-9.670320849189686e-4,0.0022546550080612734,2.9445258170634076e-4,9.870352485816177e-5,3.21792803190881e-4,-9.506571701149267e-5,-1.1556190460055458e-4,2.013452408608535e-5,-4.5894826171409233e-4,1.967768522942413e-5,2.3244316036339472e-4,2.3557682971035546e-5,-4.571680834982785e-5,-9.988678889156758e-6,4.2138999897383955e-5,-5.6836306514141165e-6
C15-C15ct-C15ch-C15cp-C15cq,0.009489296451700366,-0.0010310074702246,-0.014152973272201394,0.02565698102051361,-0.005038489379415312,-0.0013167636078841086,-8.470451604414738e-4,-0.0011518019014775107,-0.006827107883998985,-0.006291183634801105,0.0018781530947040994,-5.762094070952505e-4,4.5131801243808786e-4,-0.013292551450994504,0.0059088631621569895,-0.03526955799525096,-0.007855090141675977,0.003081897736945012,0.005476766407353685,-0.004859114525552918,0.0026576544744924477,-0.003982177903066496,0.01411781295315588,-9.436212942977237e-4,8.599539146343302e-4,0.0023020288996562573,4.452026900627818e-4,0.0015211138767990398,-4.7288298126479245e-5,-0.003458041349746826,7.453386718578606e-4,-0.004314131908355501,0.0036426967578327505,-0.002298729051841232,-0.00934344071745376,-0.0015499842821979836,-2.1144695825978333e-4,-0.0014506310972384443,-9.157988941621608e-4,0.0017328920706113512,0.00913982879358606,-0.003960311631055951,4.262760855099549e-4,-0.0011746995508321641,-0.0023152083130826237,-0.003191197743122253,0.0014995905788612004,4.0331073008967e-5,0.0010818601978967624,-0.006660458921995049,-3.2321436988785456e-4,9.47026069429637e-4,0.0031508243784451554,0.002840978089037603,5.571512031078116e-4,0.00224830786464935,0.0012073664663253885,-0.0019552981592019006,-4.0876496319345944e-4,0.0023356713614023634,8.89822666486616e-4,5.145266947276159e-4,5.940124493645265e-4,-2.1715491024929518e-4,-0.0013234390106513162,1.5482982796174936e-4,7.34712292784051e-5,-1.6510259740573795e-4,-0.0013462253208219564,-4.069503012531121e-4,-9.507076994997374e-4,6.911562561529967e-4,1.0762747111016519e-4,0.001641889319688176,-7.691560747045895e-4,0.0012462062005258302,-3.004049711228635e-4,0.0013816209157252889,3.6428912859621734e-4,-4.426274706645447e-4,-0.0019002481363763128,-0.004462815455342321,-3.964278245151692e-5,0.003789444000905883,-0.0038255389380094915,0.0012982315466617909,8.792875550450858e-4,3.4449385031944525e-4,-7.154191555576453e-4,-0.0011792870638619721,0.0015569966514121763,5.761777397098529e-4,2.487451783679283e-4,-0.0024488475055496257,0.0023613320190822187,-9.991260888748822e-4,0.0016716525915739008,-1.2693874809594955e-4,-5.510835587398553e-4,4.2519823699359294e-5,-2.481215361512346e-4,8.48129572265875e-5,1.7153592698452026e-4,2.2008492366487584e-5,-3.384279226165646e-4,-7.03200786613086e-5,-2.508725484041165e-5,4.702999069728427e-4,-5.049402972721989e-4,-4.5702444609315373e-4,-5.308624178208628e-4,0.001652786488822772,0.001959101964640395,-3.140070040306867e-4,-2.7830827129911014e-4,-1.0698326411406666e-5,5.521676434496436e-6,-4.7749137822897215e-4,-1.400977072472171e-4,-1.7970579190752347e-4,-1.7676548907780536e-4,-2.903651501602222e-4,9.300109601577693e-5,-3.2522214411072e-5,3.829029302333918e-5,7.2220532926194e-7,-9.998364797688281e-5,1.438254428266222e-4,1.3431466102724861e-5,-9.555614928043016e-8,9.956406519876112e-6,3.729133189004761e-6,8.872827635386344e-6,3.968940787004713e-6,-2.3024894549051568e-5,7.177659386628723e-6,2.388332200012832e-5,-7.024687502237971e-6,-1.57481283981726e-5,1.217916750584592e-6,1.1921913768224362e-6,4.0392818588560473e-7
C15-C15ct-C15ch-C15cp-C15cq-C3rf,0.013824435437760546,-0.0013500977069182823,-0.0237141202112717,0.04249410224702143,-0.00855844506472385,-0.0026860709580622108,-0.001009389383229682,-3.525795827989699e-4,-0.004888237166692328,-0.006044027764181408,0.002437751078857068,-6.390417231200312e-4,4.7495192514300516e-4,-0.016584155942333912,0.007180885406314172,-0.041550260627065766,-0.009518336124367305,0.0036346246557591505,0.002643637846667645,-0.003531286170580348,0.0016950344265692658,-0.0030677048401005123,0.011240093540276387,-7.028138777263925e-4,8.538869826801287e-4,4.871083251613891e-4,-0.0012296228544764192,0.0017806122976524912,-2.0027479726346682e-4,2.865648396757501e-4,0.001171617649556134,-0.013131190408621487,8.638332139927961e-4,-0.002159396039416339,-2.564570492745593e-4,7.857018518333825e-4,0.006730294966284015,-0.001569444744812997,-0.003550036349846081,0.0036208519947238857,0.011183228043467273,-0.006108136987711258,4.9830480591917576e-5,-0.0026826895580734484,0.007314900251306895,-0.0010186642074724687,-2.593783771024681e-4,-0.0017287778733953204,4.7168812089539054e-4,-0.0070381225704662514,-5.201655372276565e-4,9.780407397237153e-4,-0.002157107715884343,-0.0019999932162904402,0.001681785981153714,0.0030400546595448844,2.703191812334389e-4,-9.953423912117407e-4,-5.1369750106373075e-6,0.0011472162472750398,5.676614876602442e-4,-9.67399984032707e-5,5.222626043182054e-4,-4.98451426741008e-5,-6.956259689253088e-4,-2.6048908091641027e-4,2.520767670926174e-5,9.147942204611801e-5,-4.717839372372161e-4,-6.703415774892447e-4,8.243205101173615e-4,-8.706675739951565e-4,-2.9422745092414794e-4,-0.0012159974069790404,5.899555125953663e-4,-0.0010483242625069476,7.769269656016674e-4,-1.7858680829564876e-4,8.104600314792405e-4,-4.1470917065469147e-4,-9.423285965564696e-4,0.0015704954042623624,7.990841560445112e-4,-9.784791740155372e-4,3.0159642905116027e-4,-0.0012105444050991502,5.568020357000986e-4,0.0010283808833401718,2.1206249440501208e-4,-0.0014247244316360603,8.956666040457439e-4,3.5695217744322483e-4,-3.114737584892488e-4,-9.52536308294566e-4,0.0015150946699382351,-5.277132573303221e-4,8.771576611641341e-4,-1.6603188004681615e-4,-5.138137595858527e-4,5.133616076962883e-4,-5.571244450894279e-4,-1.5607721000633355e-4,-4.920473779313534e-4,-2.2239330198762933e-5,0.002090545518765224,-1.1646640390002977e-4,1.6227828444051324e-4,-2.2220986727406272e-5,1.7843477887744756e-5,3.0573833539345734e-5,3.101063203899679e-4,1.8988585222578654e-4,-3.37218263551608e-5,2.2515990617576906e-4,2.0620495571048713e-4,6.0022464126366824e-5,-3.6673845295551754e-6,2.7444839069258176e-5,2.207964674927555e-4,3.454171542862177e-5,2.099793586036451e-4,4.7636859365259336e-4,-3.9212427577097436e-5,-2.5199402755981635e-5,9.612269851866386e-5,-3.4252662290127305e-5,4.3546082891486354e-4,-9.435181255515398e-4,-1.4141814189721062e-4,-4.2483883626092984e-5,-1.5132869374541536e-4,2.094389631082121e-5,7.31656905644972e-5,-2.3469860515344567e-5,1.7797182494615332e-4,2.8761480480197516e-7,-8.206069934580579e-5,-1.3001330233428281e-5,2.437698447741001e-5,3.661514679874265e-7,-2.162649785349737e-5,2.5858886261581742e-6
C15-C15ct-C15ch-C15cp-C15hj,0.012242893155283737,-0.0012506650433808395,-0.020192855977491892,0.03616007544479152,-0.00715990032434972,-0.0021343232998865948,-9.278891313511913e-4,-6.728453231265985e-4,-0.005950117890047367,-0.006656192838591475,0.0025138388045984304,-5.879855726764148e-4,4.453945334927217e-4,-0.012387828060837328,0.00415085866716289,-0.042143534001175514,-0.013664442732822623,9.332535977207323e-4,0.00643240041253308,-0.004289042849243295,0.0019548697801803224,-0.003794436114872343,0.01263100896615842,-7.556067380876784e-4,8.392207350951658e-4,9.83343940727556e-4,-4.376262982093012e-4,0.001342800701610791,-1.193912781492657e-4,-0.0031438013748402924,0.0011328622421675424,-0.004096209213562213,0.00464502254425319,-0.0021887253409725144,-0.010574122626500912,-0.0026938426008749836,0.004032921277606675,7.426057952184936e-4,-0.00766155365304426,5.693714499912226e-4,-0.0022203405607200467,8.873831897475139e-4,-0.002679294498395386,2.673224758775681e-4,-5.033611267314794e-4,-0.0021550926477133356,-3.751042423312347e-4,-5.588666003189236e-4,9.41735608092222e-4,-0.006309244525283335,4.582987892931041e-4,5.095539494605183e-4,-9.955367975641217e-4,-8.960957326890303e-4,0.002308563737059983,0.004398435139184134,-0.0014186503456766375,0.0035156315863554316,0.001473934547599014,-0.0017644518585778677,9.009476116381071e-5,-1.8167143071282e-4,-4.1408854884552156e-4,-2.0782620174914648e-4,5.663861639107686e-4,2.989919819663437e-4,-4.2768375343394316e-4,5.885331787568379e-4,0.0010954514729076214,6.653628998621078e-4,0.001583600413884914,6.923852658100296e-4,0.0010677500530503754,0.0016671507424966695,0.002750841205452525,-0.0014620193822804633,0.001386350418775792,-2.2975473686917452e-4,0.0013345351877603146,5.9901604245793213e-5,9.921712701759901e-4,0.001697008978576511,-7.425759468791138e-4,-0.0015523178362076323,0.002576045836420082,1.981186437799868e-4,-0.0014338708475998966,-0.0019745722103722534,5.920986364040867e-4,0.0032874721751935893,-0.002443753188560693,-0.0013456852355879783,2.629142916697374e-4,0.0030413052125935966,-0.0033473624235764005,0.0014139243675137996,-0.0017220847164584033,7.526308551157428e-4,3.7192058569691824e-4,2.6424164088808072e-5,-1.3256537588997902e-4,-5.321521286135743e-4,-0.002845272869938174,-9.602538694518831e-4,-0.0016373607819226655,-2.99754645050061e-6,2.841898944611937e-4,2.009931472213123e-4,2.35661455799976e-4,3.48099313934345e-4,3.758432132928593e-4,-0.001684236089704111,-0.002005126098882163,4.0006070340040253e-4,1.5431998595008724e-4,2.1013039946223314e-4,5.20371311576681e-5,2.277579205394022e-4,-5.396611255655128e-5,2.7861539992210304e-4,5.420944410599033e-5,-4.7249969144870973e-4,-5.801153311269472e-4,3.6725439224088026e-4,-1.1971112232916341e-4,-1.435616089537776e-4,5.4039440005886e-4,-0.0010710859294437293,-1.215374000196686e-4,-3.472913663884202e-5,-1.0358966298780786e-4,7.71859579058939e-5,-4.841432463774799e-5,2.937383778148856e-5,2.0649640276641895e-4,-3.66495652216239e-5,-1.3213904446760468e-4,-1.1940891968052019e-5,1.844320297963445e-5,8.510961533256963e-6,-1.3481564296948951e-5,1.32649894451497e-6
C15-C15ct-C15ch-C15cq,0.012894808887465456,-3.188174995786858e-4,-0.023135469574880916,0.03770518520039378,-0.007013272517097202,-0.0018274349907762574,-7.25338043660987e-4,-9.603025837837962e-4,-0.006851726813641507,-0.006479869493468518,0.002265564155962434,-6.119219588059452e-4,4.4400898728623987e-4,-0.020559657582021287,0.009383344668433501,-0.044777607240550014,-0.009157693322634636,0.003453506937408231,0.006243802977952897,-0.00533657247929815,0.0025010949672193846,-0.005393490355992093,0.01858021925740486,-0.0010627483048641292,0.001459593468232376,5.154840659726941e-4,-9.500347141108035e-4,0.0019176970855882664,5.390368047719704e-5,7.859935356545706e-4,-0.00356610565196665,0.012364897438014147,-0.006726371340473501,0.001732586637736345,0.00716599977815857,4.644616197711902e-4,0.002803782149033751,-2.9161393361315757e-4,-0.0016485963531322407,0.001959818199678069,0.0044181041143970985,-0.0026764011610507935,0.0015925991214779832,-9.920187506614676e-4,0.006288761547194147,0.0012537715492935229,-6.0977797070244865e-5,-7.356419473353442e-4,-7.05143886816932e-4,8.300931362290341e-4,-0.0020836774724174423,-3.234542249364153e-4,-2.732185520650888e-4,-7.519483170629459e-4,-3.593827857576636e-4,-0.00410038975547647,-0.0018119984560149229,0.003242898965305389,0.0012496699494499563,-0.0030200392952736466,-5.147499417206535e-4,-2.830879064294415e-4,-8.532212615477872e-4,1.2133338206972349e-4,0.0010337223115985123,-2.9968231101847254e-4,5.3185228119017464e-5,7.097169596725323e-4,0.0014450228684479447,0.0011914723808938838,0.0030952054805145944,1.28918046230937e-4,0.002002330853751108,0.0013728550163163114,0.006753989584939295,-0.003401478948787431,9.887625786221105e-4,-0.001289962376002635,0.005200432519356153,-6.072985115249584e-4,-0.0011576911125864716,0.0028566395224747534,0.0019234533490721994,-0.0028530577302580138,0.0010517492726620525,-0.002151665708442812,9.496146371036599e-4,0.0012039674216770867,3.362664624132573e-4,-8.032665831337928e-4,-2.3029875291631895e-5,-9.728098336187159e-5,4.976396179512687e-5,0.0011382258412688505,-0.0012303739180889084,7.46277111991725e-5,-0.0010156303949812207,-4.993532756648373e-4,6.394800941375756e-4,-8.719632592369239e-4,0.00113890438019406,4.027753188799259e-4,0.002401395009910642,6.478879271867066e-4,-2.9572899533465057e-4,1.8323196712448863e-4,-2.807175815620597e-4,-5.883808617490073e-4,1.863952092995571e-4,1.0479017064805372e-4,1.2766312979294993e-4,-2.9852649284191286e-4,-3.499940827372182e-4,-3.921876227388549e-5,6.538539595908876e-5,-9.246441553120417e-5,-1.8513288531521094e-5,2.583251527927465e-4,1.0120019885040173e-4,-4.014075194074317e-5,4.7271347468453683e-5,1.7252683695686375e-4,1.2531326090671374e-4,-7.763157659998482e-5,-5.962697529490865e-5,4.767051463597571e-5,-1.0818324992436487e-4,4.0738802207618296e-4,8.698940290252873e-5,1.8355817999649495e-5,7.900556250445184e-5,-3.1581919389060104e-5,-3.589101334786482e-5,1.19211454842618e-5,-1.0714134028389746e-4,8.651215338653895e-6,4.0474440988721437e-5,2.503415432464089e-5,-1.2207617256940199e-5,-3.9744792806931584e-6,1.859749615254933e-5,-3.662243771127029e-6
C15-C15ct-C15ch-C15dz,0.0065784143455285314,2.0991003910836471e-4,-0.010049738397720172,0.017111141053412014,-0.003519092925367163,-9.011991351758926e-4,-9.156323252321715e-4,-0.0012972676225629519,-0.005816078178623565,-0.004670439716545753,0.0010255466386777158,-4.3753680128739866e-4,4.4027929932634693e-4,-0.011546106321641542,0.006738701216599594,-0.02025849835966524,0.001361711814553369,0.0061925089978660895,0.0023258231830546898,-0.00513088252047617,-1.3254948160392447e-4,9.956184744994636e-4,-0.00281600819661541,-4.777481711528127e-4,3.158991935908573e-5,0.005531484522666216,0.0028517336505929376,0.0025541973493163708,6.400014362401785e-4,-0.014899111771550849,0.003223365197438044,0.007144847642891896,0.006048159604328806,-4.5416611527562334e-4,-0.008799030168990026,-0.002717198523181157,2.456211191430251e-4,0.002380913439070248,-0.010857807191582598,0.002331792932248426,0.0049797907760719545,-0.002231436086656627,-0.0012366583732066779,-0.0022189440680157914,0.004302338603183952,5.529392149434003e-4,-0.001113175995673846,3.885929833907678e-4,-8.512998969332678e-4,0.004213685647865773,-0.0031301920675253438,-5.480684009837987e-4,0.0032967871553398736,0.00318146046082236,-0.0038686669236640443,-0.007922171912172218,0.0025631492465260767,-0.005856785151785645,-0.0029039787226966536,0.005178663775306101,0.0010123725312673314,3.5479240063193137e-4,0.0014280215575833751,1.3282530524371032e-5,-0.001162531767785715,-6.532138117339929e-5,9.530827346533771e-5,-5.3137859811509225e-5,-0.001673662894752177,-9.602573217510514e-4,-0.0024871291076629266,1.039646204082157e-5,-5.393625789884766e-4,-7.1226512640282e-5,-0.0020341163641092877,0.0019312965466196834,-0.001559665808678092,7.851749034965695e-4,-0.0023478327188676635,3.2819095097279686e-5,-8.727491517538023e-4,-7.092464431136863e-4,2.693334471854269e-6,0.0010814199607492852,-9.438969188982244e-4,4.361141490920647e-4,-3.868004114183554e-4,-3.4305157685799494e-4,2.826686252687119e-5,4.505941303555511e-4,-1.7736619788892327e-4,-5.932794350857347e-5,-1.1836769778964607e-4,6.692679109294472e-5,-2.822665891150866e-4,-1.4479665682797018e-5,2.2473657231589938e-4,3.9848646465917346e-5,-6.510855596025175e-4,5.705092328386393e-4,-6.320844496011703e-4,-3.96989235186052e-4,-0.002361492467672902,-5.696608275773405e-4,-6.193162768915034e-4,-7.090945974063995e-5,1.4965393916847747e-4,5.417392972705774e-4,-2.3478526086461457e-4,-1.6367899420637432e-4,-9.485598634603473e-5,3.151599444725707e-4,2.808937258688751e-4,-4.2267314136584035e-5,-5.351338289915271e-5,2.704601521526571e-5,-2.6959155790449603e-6,-6.587747801066795e-5,2.5180330118554582e-5,-2.3861197087258844e-5,2.5255319330036275e-5,6.49704403351918e-5,-4.9547965791139555e-6,-1.3773450640762778e-4,6.072032316217917e-5,3.0519176798734266e-5,-5.579951282614339e-6,1.804028569517753e-6,9.784397456674475e-6,-8.312746477662361e-7,3.2768425007034284e-6,-2.5404734570954675e-5,3.418029577020735e-5,-1.611362361592608e-5,-5.712462108519432e-5,2.0257887443340266e-5,3.279535416193908e-5,2.2852140221266683e-5,-1.861138654073909e-5,-2.8608152448344185e-6,6.140803754073821e-6,-3.3658237485454365e-6
C15-C15ct-C15cq,0.015521368993941199,-3.735119903136783e-4,-0.030700598012294706,0.054862393095083395,-0.01201098595038291,-0.004618905270109521,-0.001523569291024258,0.0014261507194740053,0.001922843714123422,-0.0025450377722568266,0.0021511776847070517,-4.7666489766503683e-4,3.960218163473798e-4,-0.005988700399127443,0.0010710391347856013,-0.025997613271681395,-0.009121321804885422,0.0017014284025433826,-0.005552487641631817,0.002025915374867598,-0.002379569699324499,0.0037461291775712008,-0.012213040346572784,5.548884782049242e-4,-6.961983620522222e-4,-0.0015126880229729524,-0.0016737225026405755,3.9294417128531053e-4,4.172160826550405e-4,0.005890859086383248,-0.002436048012758773,-0.007734969800559852,-0.0050792893205520995,9.181763087092958e-4,0.011232588770947918,0.004506039138046869,0.011322127326964698,0.0022146997611234985,-0.008291325718239843,0.003811275595322559,0.00763405254665129,-0.0063765606829064144,-0.0017079120380500443,-0.003637244951344906,0.007808797086677413,0.0017015879672097267,-5.471943519460939e-4,-4.4373039034120113e-4,-7.688776320939133e-4,9.725306054324681e-4,-0.001607523560999415,2.0778413778077607e-4,-0.006200111729989492,-0.006517346320303533,0.0017749062719982724,-0.002618877064566808,-0.003716830209067638,0.004614191540303598,0.0016291769511069048,-0.0020113283389553696,8.406672131909656e-4,-7.489639646350552e-4,-2.1972252055081618e-4,-5.085160045164807e-4,-6.252730352305424e-5,4.760373668940191e-4,-2.763110825241115e-4,5.662853824465412e-4,-3.1932500723450447e-4,8.314389426327934e-4,5.602435428414798e-4,0.001698114631489274,0.0017514882355529077,0.003681313295769069,0.003184317469726473,-0.0013506775124660685,0.001555165792845741,4.8086418305779707e-4,0.0032779482605375643,-6.211001242359377e-4,-0.0012497877543073293,-0.0010587923152580799,3.8637438056708895e-4,6.298600687821585e-4,-6.018797907714358e-4,2.9843863092941184e-4,-2.561290399121767e-5,-6.399638237960292e-4,1.065507254958661e-5,0.0013888062589510403,6.986309183775621e-4,-9.739416769107439e-4,2.8029152030447117e-4,-0.002408525612015442,0.0021576726258998253,-7.613114815147381e-4,0.00252278681205467,6.583635420003404e-4,-0.0013036313479495994,2.7859246258394796e-4,4.2504873973318397e-4,-3.559707963666165e-5,-3.347832545912332e-4,-4.445596409933619e-5,-0.0022884173934387964,2.0174777349753862e-4,-1.264460735444682e-4,-2.1888687810790833e-4,-2.678944288435825e-4,3.7593463657239654e-5,-1.6120521290593093e-4,2.717453597339061e-4,8.122981378382084e-5,-1.3942868989223948e-4,-5.362622516243592e-5,1.2990857950971251e-5,1.4933737341384336e-5,-2.1823405802711833e-4,-9.581303813033693e-5,-2.4654580301950634e-4,-1.4306537452040216e-4,-4.835926815108728e-4,1.962060616649171e-4,8.196537304623887e-5,-3.341703424831908e-5,4.958849066491185e-5,-3.172481931349129e-4,7.912289444096564e-4,5.9144722238303914e-5,2.904151415825123e-5,9.821263179295147e-5,3.924516243594561e-5,-1.5330942723687264e-4,5.658513996842179e-5,-2.3414831677191345e-5,-3.701780422365738e-5,-1.6648610702105413e-5,6.9449702790603035e-6,1.342620624974043e-6,3.0339889366116647e-6,3.5721399797855535e-6,1.1710512407459405e-6
C15-C15ct-C15cy,0.027435127945739175,-6.278083520111072e-4,-0.0572855072668334,0.10279349583633393,-0.022038749837016758,-0.008487074441076364,-0.0019745289363182704,0.0037256416861175677,0.006944210254951218,-0.0022176002931946826,0.0037638066849509755,-4.490419958014439e-4,2.500272342006184e-4,-0.008334418865792097,-5.404411210857725e-6,-0.049166154299640344,-0.023405351730919254,-0.0010097414046499505,-0.01226468959254857,0.006955672817097462,-0.009557634928607707,0.011771747849141577,-0.04305167063191963,0.002429899789388989,-0.002254191105671989,-0.006965943485537296,-0.004578644929633489,-0.0011695347247026487,2.2904363521303588e-4,0.010478363576084355,-0.003908612638125345,-0.012598011658253267,-0.004738783682945364,0.002296887661499659,0.02115085235532178,0.009303163392718977,-0.0029584514508502473,-0.0012490298329056323,0.009392718996695469,-0.004223468759991947,-0.014685257657967585,0.006606308144889006,-6.16027984000524e-4,5.775647733976131e-4,0.005003593911070501,0.003979675641817778,-0.0020437855912833957,-0.0018635154041920386,-1.81634267528133e-4,0.006275940115503872,0.0036988696873335686,-1.592546276288576e-4,-0.0053137380119847215,-0.004138961740977315,7.45362044123647e-4,0.005070284029406152,5.261925979246803e-4,-6.083677005999751e-4,-3.33295927074613e-5,-0.0017154761792098946,-0.0016014755342330304,-2.167819080611462e-4,-7.111516984722432e-4,2.7402952261959106e-4,0.001122239045447734,-2.2968802870254986e-4,3.166630160132854e-4,-0.0010772320859531177,4.2905376582722904e-4,6.183143388132573e-4,-0.0015329819854056732,-4.078274544067203e-4,-0.0015783763412739668,-0.0018192868209519304,-0.0032443913910393325,8.73148363934962e-4,-4.4509789094261193e-4,1.3113183036129249e-5,-0.002004247767989637,5.70495150209654e-4,0.001412487487533977,-6.199978516004464e-4,-2.476163419235533e-4,1.8775546634461948e-4,-2.638413034671803e-4,3.0163555890308117e-4,3.2596521850898364e-4,4.577352156454709e-4,-3.712363186820093e-4,-5.935255798565164e-4,6.182857042581626e-4,2.769938750131149e-4,5.4801714737663734e-5,-0.001039631204785002,8.563639078571566e-4,-2.3121266505986857e-4,4.506964079805668e-4,-8.36725161850482e-5,3.235239182645111e-5,-2.144984519582272e-4,2.6197269367750033e-5,1.4600923758037232e-4,7.497223722327734e-4,1.410135467269956e-4,-3.000486152703621e-4,-3.1103297175251275e-5,-1.3046281151780751e-4,7.388219163480562e-5,6.55912165397851e-5,-7.12195446820644e-5,-8.895233765214357e-5,9.87415849520607e-5,2.1402203955929284e-4,1.6601385945298895e-5,-2.4078857922535807e-5,-6.489007178476006e-5,-1.3328519613678885e-6,3.1740479488471115e-5,1.985539343085766e-5,3.7483781642528744e-5,3.06515747291236e-5,1.9806426289010933e-4,4.218574347059783e-5,-5.492223435913341e-5,3.9265244851714964e-5,-1.106111001938537e-5,2.1377282081777748e-5,-1.2954134206416077e-4,-2.5737404401065963e-5,-8.116053270989631e-6,-4.6608118364405555e-5,8.505327228845519e-6,3.664490786880267e-5,-1.1648200815119204e-5,5.9397554623515036e-5,-3.7479344028845216e-6,-2.678432067670967e-5,4.756110335665791e-6,4.350225470799556e-6,1.8227590276876259e-6,-7.328121025546484e-6,3.745155396859152e-7
C15-C15ct-C15cy-C15ch,0.010549692115492034,-1.035984849861078e-4,-0.018833690257051432,0.032208296074819405,-0.006528387409749398,-0.0020343119844673137,-9.78990301373202e-4,-6.117302153743708e-4,-0.005347850899623949,-0.006153275570544829,0.0023318328563045865,-5.509937994158699e-4,4.212441608229222e-4,-0.009068880300841162,0.0024532322464892987,-0.03832587788212558,-0.01367586090138736,7.70294613097519e-4,0.004289739011327644,-0.0031959575298295324,-0.0018311188235081498,0.0017456195663690384,-0.007290528067621594,1.5669009782980553e-4,-3.09768357260404e-4,0.0012162117839769684,4.457843414794864e-4,6.86116720680463e-4,1.3705099194428246e-4,-0.0026294365899525492,-0.001953352036792839,0.008145094943218434,5.985551185307972e-4,1.0157870301860523e-4,-0.004456375809599074,-6.394867143068245e-4,-0.0046975495604835585,-4.2355781999906596e-4,0.0012020626908990347,-8.084214354834013e-4,-0.0014042320041735728,0.001363357136153463,-1.1654286052984914e-4,1.9261736056505965e-4,-0.0015479570314869315,-9.558261797027194e-4,2.4299253465127007e-4,-2.0279898128535535e-4,2.944422163270728e-4,-9.312325392875063e-6,-0.0019013335768711366,1.4509769279728082e-4,9.010963829509871e-4,8.013770307761433e-4,-9.928296397277428e-4,-0.0035875106614603257,-1.0471907082331328e-4,1.6061390563626042e-4,-1.7917047607002702e-4,2.525876625095414e-4,-1.9742308185248065e-5,2.515124445532257e-4,4.4217300272140154e-5,1.354208479540668e-4,-6.349157481520754e-4,1.4103622939798602e-4,1.6551648646585492e-4,-4.904458053265428e-4,-1.8767287884459926e-4,-0.0014480138473913038,2.9578840162819745e-4,-0.0018518191141443324,-0.0016077081331140918,-0.00420116243329207,-0.004245822276894135,9.862779806222987e-4,-8.808960864722943e-4,-0.0011913117022394656,-0.0020976111577561117,4.4324816223184773e-4,0.0015452448011515972,0.0016998947305363013,-2.72391543026667e-4,-0.0016446273553270563,0.0015189275287313146,-9.52034516557996e-4,4.145618848432104e-4,0.0011654445053281871,2.6176579691927825e-4,-0.002147530955373725,4.0311684763234785e-4,8.075853153222759e-4,-5.75013310054327e-4,0.0010232715014322684,8.572861198443691e-6,3.1295076570220866e-4,-0.0012337342538058236,-7.220006384474895e-4,8.322543866888823e-4,4.956498573251573e-4,-8.578014025896686e-4,-2.3753975658896129e-4,-1.8170243776780087e-5,3.4697906693454165e-4,0.0069823079213038345,-4.16788990987749e-4,1.144151095587595e-4,-3.410799242830084e-4,3.222025573281887e-4,-8.690004014143213e-5,7.041021900458616e-4,0.001061671471521601,6.486025450464652e-4,3.3017727250853274e-4,3.600592434989874e-5,-1.5821623561473067e-4,-7.388678021253681e-6,3.075658768266563e-5,2.614784298997996e-4,6.659392559699207e-6,2.338905997051606e-4,8.63918422957542e-4,3.291131059143613e-5,-3.342159523378159e-4,1.5182377900492498e-4,6.8948528377818e-6,5.299488277646511e-4,-0.001127221321779037,-1.1361560237812042e-4,-5.992990435510246e-5,-1.925950162608553e-4,3.133941449988764e-5,1.3501304949799535e-4,-1.5441510975234208e-5,2.0386854916674507e-4,1.3511437194174126e-5,-9.92944966193318e-5,6.590436809701917e-5,-2.5111634492023426e-5,2.915083504198634e-6,-1.1130650310786178e-5,-4.040589001060638e-6
C15-C15ct-C15cy-C15ch-C15cz-C15dz,0.0118408762788307,-2.5313729886216636e-4,-0.020712825991953343,0.03307813390042079,-0.005941854817918385,-0.0014485708826825216,-6.644498923571775e-4,-0.0011232969327346473,-0.006580168663685973,-0.005728643617979564,0.0021835762688538055,-4.975144700681797e-4,4.0961535493496537e-4,-0.017897533263497644,0.007107333466274276,-0.045108422806024145,-0.012359882667410829,0.0019738521686870894,0.0048693251797854095,-0.0041563921535031625,-0.005077632093286437,0.005372994952113403,-0.021052033212163358,7.113346420322475e-4,-8.212100522521355e-4,0.0011595642741105275,9.829169009150367e-5,0.0014793424049837193,1.950057786450396e-4,-0.010919209418532225,0.002215243080621297,0.0059866349730540065,0.005767366240588386,6.0006681337813406e-5,-0.0037798452558090116,-5.130568987836162e-4,-0.011990305411294283,-0.0019791331278921453,0.007935972093954434,-0.002717377716324651,-0.004184379172778882,0.004070537609586201,0.002245868767862597,3.051097233196989e-4,0.00495687567621389,0.001347142700410358,-0.0015683092155202342,-0.0012320074885143193,-8.7469557769097e-5,0.002455267987653778,-7.808482924543182e-5,-2.1535053390701086e-4,0.0034123114429347734,0.0041356732250452015,-0.002986182709965116,-0.0010298432548874526,0.004796882062361301,-0.008068013226042456,-0.0030542909888537583,0.004380421097316017,-7.398592401631686e-5,5.505174539746178e-4,0.0010540184997299762,5.83524896349773e-4,-6.980646075039392e-4,-5.793378354905168e-4,3.370678929309721e-4,-4.3509947011944683e-4,-5.003037483942062e-4,-0.0012659368693008646,-3.6991776519921426e-4,-0.0018274383555458827,-0.0013789731420421505,-0.0037008957960059565,-0.0013531868914910242,-6.434978916932028e-5,-7.596252165221579e-4,-7.682577992483838e-4,-0.0014950010096711284,2.2001635689600016e-4,2.0866757047535006e-4,0.0032066477561524826,8.533452647109094e-4,-0.002529442740495387,0.0013412945792349884,-0.001670428092056073,3.184786242942114e-5,0.001025026195295311,4.150755105561511e-4,-9.876871675576766e-4,-2.810528029793237e-4,3.612593624164274e-4,-3.9032974723862565e-4,5.722793824788844e-4,-4.6302400345341207e-4,2.2222156451202785e-4,-3.79966821697278e-4,-1.334200582063337e-4,-1.8592420373354625e-4,3.2601962749718506e-4,-8.565032914731678e-5,-4.433538830656416e-5,-8.2655643317673e-4,-2.058485900290062e-4,-0.0016823561813211116,9.268763536263864e-5,4.203867592661467e-5,1.848709850131852e-4,-2.3634467561141897e-6,1.486839920553265e-4,-9.008900033482036e-5,-7.06780335427195e-4,-7.195291860504396e-4,-7.714866211833623e-5,1.2068847600021421e-4,1.8477109211573883e-4,1.3565628524256061e-5,4.4127603163625524e-5,-1.1494697287575967e-4,1.3770172699402631e-4,-4.9736240763893536e-5,-2.792932212641634e-4,-9.583909450425185e-5,3.1903022827024503e-4,-1.464974058200281e-4,-5.156320004167112e-5,-1.1509847554389737e-4,2.274786454704254e-4,2.6777972933368813e-5,1.9600600019384847e-5,8.894928233858913e-5,1.384558136375312e-5,-1.0510145727288446e-4,2.4051594717293926e-5,-6.363084231073395e-5,-1.589843623503118e-5,3.071593643819238e-5,-7.45666701042395e-5,3.664975117339107e-5,-9.902084009561463e-7,-6.393267280652971e-7,6.826768183585609e-6
C15-C15ct-C15cy-C15cz-C3rf,0.011583597565899688,-2.0645810200662666e-4,-0.020791369724496696,0.03446599569408703,-0.006748015983108905,-0.0021376513061426854,-8.985682074115721e-4,-3.0561134364127647e-4,-0.003487007671289247,-0.004138488081668275,0.0020254063559565615,-4.508306251317877e-4,3.56445132010368e-4,-0.009697127693203557,0.00163226076164276,-0.040336646909807886,-0.01707765119174852,-0.0014929273405059232,0.001661633684734194,-2.8446778068636305e-4,-0.006183522745821537,0.0076159965936912315,-0.02889389205319427,0.0014045863076831287,-0.0016571894512177861,-0.0016302040860066102,-0.0010908914131214742,-5.961912411170952e-4,-1.5085986664473453e-4,7.163075408677386e-4,-0.001439128323246038,0.001197711156249952,6.69969689147138e-4,1.196419354371302e-4,2.2961094244544912e-4,0.0015472336715461655,-0.012444349823634515,-0.0032865471886222137,0.013689069155933388,-0.0025736508583234954,-0.0018429563426326332,0.0023427988467419002,0.0020961179295643636,0.0011381418865047896,-0.003359804417336499,-8.175314993685303e-4,7.000106529537288e-4,-2.0006798906258233e-4,8.436277351873773e-4,-0.001363000743302639,0.0015172380040665734,2.745017954860235e-4,-2.830286250473269e-4,-2.2275792804810892e-4,0.0011319707830727535,0.0033914263489430467,-8.930528443563e-5,8.942601074002224e-4,6.99703804840574e-4,-0.0016230475533314922,-5.040234286267306e-4,-9.75346209584783e-5,-5.047967722473881e-4,1.1387742172208582e-4,7.365589539849978e-4,-1.3327975330423616e-4,-6.531006550783888e-6,5.435354268359609e-5,0.0010227653639487103,6.134596167842472e-4,0.0017681999667332657,-6.022672840826447e-4,1.1938457456516646e-4,-0.0012310960905525096,0.0020389840741626094,-0.0024694003861475636,0.0013898590162148034,-0.0014097717131772776,0.001494833044450449,2.038389724585494e-4,0.001607399182078189,0.005139193237495084,7.458909709185203e-4,-0.005158201300146375,0.004261345594619322,-0.0024021555299106813,-2.455430412684271e-4,6.33420931933346e-4,9.473358334827072e-4,3.1737625300647224e-4,-0.001141733541576,-6.742096227817631e-4,-2.8576698479884134e-4,0.002126587558643802,-0.0017171670245279263,0.0010569426878421816,-0.0012394350939334193,1.113993719012553e-4,1.499246280476977e-4,3.739824460154391e-4,-8.733620331734318e-4,-5.103317561180363e-4,-0.0025996929460594407,-7.083301258192158e-4,-0.0024250527508861072,-4.296122240052866e-5,8.952682398182332e-6,0.0012692737754589729,-9.496977181798395e-4,-7.108253210550522e-4,-4.827184236009185e-4,0.0021345423156784843,0.002083704219290454,-1.522151591608516e-4,-2.2164945875372807e-4,-1.8721806429157554e-5,3.766288958001853e-6,-3.4099935254727304e-4,-2.0813887363381802e-05,-1.872869333938023e-4,-2.8914248539078757e-5,-4.2466632387116e-5,4.048854460541142e-7,-1.9522940282802752e-4,9.695745970958614e-5,2.968899455027361e-5,1.3177757413837616e-4,-1.9172536631350252e-4,-7.58744959188804e-6,-1.1730093822318996e-5,-2.5376351127807598e-5,-1.5652852952285765e-5,3.071331511557357e-5,1.7339042195196704e-6,-1.6930624519797983e-5,1.3395261216926776e-5,7.995721119677097e-6,4.3985444528878686e-5,-3.654769651128024e-5,-2.4467023420042936e-6,8.29042228056525e-6,-5.3228353371211705e-6
C15-C15ct-C15cy-C15on,0.009602727736739355,-5.3830996654385836e-5,-0.016670197217683785,0.02800055259895007,-0.0056480818985201004,-0.0018144357169868482,-9.549577384868774e-4,-4.4413149420898093e-4,-0.0035250462230910114,-0.003908783060325799,0.001637458760488054,-4.104295614241682e-4,3.5533786765246274e-4,-0.00703140855854454,9.729669342312402e-4,-0.03262932075914729,-0.013528140110151883,-7.847243290943935e-4,0.0018483369887898314,-7.90882962690604e-4,-0.00443737892868945,0.005984121114904834,-0.022476245459757762,9.878745596332e-4,-0.0013924776967531322,-1.7903354761203964e-4,-4.737932507905449e-5,-4.648941928221637e-4,-1.0202123655824588e-4,-9.297975214736516e-4,-0.0011472909791498068,0.0038600571237797352,0.0012846775130795243,-1.8527962616852868e-4,-0.004193423983330663,-1.17290847617523e-5,-0.01105116812345392,-0.0023452763519991164,0.010149775251776415,-0.0013775865736395324,0.0025273171295936755,9.117028369160739e-5,0.0019860573765975906,8.698808562397417e-4,-0.007471715413036133,-0.002359484614871445,0.0019919229956205874,0.0012115509695599595,8.257163127977162e-4,-0.0019410716659103379,1.5624905299976807e-5,2.3661468808350178e-4,0.003501797405043079,0.002732174955903656,1.6061845970491024e-5,-7.713476219877598e-4,-2.261603057994442e-4,6.590047272613834e-4,3.645167069629244e-4,1.7251915024448937e-4,6.81536566089107e-4,2.553501117290433e-4,6.100854881976485e-7,-2.0898599448615084e-4,-5.10115697565231e-4,2.918581415474385e-4,-1.1089117867729687e-4,5.313746823454653e-4,-5.650605079291919e-4,2.902582365167106e-4,1.526080589511777e-4,0.0014445444844519133,0.00157007565250562,0.0036026013065274948,0.001974978284750728,4.656889109254106e-4,-5.617673807438555e-5,0.0011012737166978897,0.00181433242894412,-5.966925584804471e-4,-0.002058389723739282,-0.0043138841205044645,-4.180050974886212e-4,0.004019783676710104,-0.003139369690684832,0.0019735318275600905,-4.165654693470418e-5,-0.0012696504680178803,-5.669533311249062e-4,8.367637988176689e-4,3.2609046256531625e-4,-2.6971819655017236e-5,3.220000175237398e-4,-5.534586482629736e-4,2.668813210268288e-4,-5.56787266883354e-4,2.807701669894818e-4,1.465321443011833e-5,1.8560049022359282e-4,-3.6524990759566567e-4,0.001227084628949034,3.273413005374719e-4,0.0024904961889949022,8.312894911704502e-4,0.0058051869104529955,6.264897388670837e-6,8.235821151187972e-5,-0.0023013367112904156,0.0016808845417690252,0.0012134578131021596,0.0014645802366696156,-0.0035333313161343234,-0.0041095832061619686,6.772133197576202e-4,4.4322179261244745e-4,-9.336300809939527e-5,-2.1370717359678275e-5,8.845914658960207e-4,3.243234890444938e-4,1.9572190357183063e-4,1.9358277935289903e-4,9.05542367320782e-5,-1.81637737266122e-4,1.5365905535189497e-4,-1.600474088499598e-4,-2.475808427642001e-5,1.6163646742846968e-4,6.766745647703208e-5,4.7655565720203434e-5,1.2777830477975315e-5,5.599482384936041e-5,3.491915958868768e-5,-1.4475082791093493e-4,5.353258615476108e-5,1.1176404366302664e-5,-3.714230775305588e-5,-5.628909097795452e-5,-5.588440012403889e-7,2.0008049898597324e-5,1.2288947109735558e-6,8.662837855031365e-6,-3.454532194825532e-6
C15-C15ct-C15ej-C15cy,0.011733473754970563,-1.2902356329335416e-4,-0.021750931742625164,0.03739183867643565,-0.007180185769845974,-0.005309009785809014,-0.0017645407029744321,5.35601733388678e-4,-8.431466580857041e-4,-0.00368251788136936,0.0019938304065478317,-5.073117218968067e-4,4.3868463694691085e-4,-0.004739032794791014,5.812768691782745e-6,-0.030578505615806603,-0.011811856750768278,1.1440327722084693e-4,-4.7821744813842277e-4,5.346391037125014e-4,-0.001180623416805935,0.005850777391723152,-0.018356142293295186,3.26349239677353e-4,-0.001484603640357893,-0.0015162474160747934,-0.001309036063220037,-0.0022380482456404445,-0.006255780169113941,0.005018678184232585,0.01391375633214499,2.4088262654640744e-4,-0.00916902625553123,-0.002599501001412566,4.922115816638316e-4,-0.015157746947585371,0.005542777112158272,-0.005188188411157797,-0.0015731344703633456,0.005741568966677175,0.0038576063881917244,-4.662513134158001e-4,0.0021536848702342743,0.004837449785884852,7.234682591883525e-4,-7.116339286749668e-4,-8.902689550245469e-4,-4.225696592231725e-4,-4.2719276278620373e-4,-0.0030608107450965454,-0.002118112308811725,-0.0012413969749694006,-0.0022921491915878825,-0.0032769886402162583,9.493116645307899e-4,-0.00219341997103293,-0.0018279026335949978,0.003192142003795846,0.0012397429075883422,-0.002709865192553466,-1.62852449697122e-4,-9.002761885280577e-4,-3.9019791041808023e-4,3.458286040920062e-4,0.0016643716442748457,-8.628415550102065e-4,-3.73722381936241e-4,0.0018745152665037754,0.0017053567553472078,2.941171517387231e-4,0.0031334235104595017,-7.955123163797015e-4,0.0015849869819920452,-3.212422932095117e-4,0.004964183630655983,-0.0019978079387847495,4.2569962777762636e-4,-0.001329126238211372,7.087110509032829e-4,-2.596451982629546e-4,-5.072726419125432e-4,0.003484352829388778,1.810022337589311e-4,-0.0016220680930247081,0.002179528661775598,-3.682597705059707e-4,-0.0011124290675558707,-0.001290471757173988,3.7343634899998136e-4,0.001395701099188059,-8.569871335459187e-4,-2.4068987328439089e-4,2.9448115289738646e-5,0.0011122608991209076,-9.242928541833204e-4,1.7337817670341237e-4,-3.4507777436492294e-4,5.52286799141681e-5,-2.979823743821402e-4,3.8863463874354927e-4,-3.791392454751257e-4,-2.062673622341936e-4,-5.153835337488801e-4,-6.878156242381423e-5,0.0024062767153582953,-9.051644758976321e-5,1.5914645540220844e-4,-5.051886634680727e-4,4.4225881534457203e-4,3.3385420145824117e-4,1.686745440521783e-4,-0.0010342535190526864,-8.252041382543887e-4,-3.8788665753339835e-5,2.3250389576613017e-5,4.883859363626868e-6,-1.235984749725778e-5,1.3042416139929323e-4,-3.3518334010172676e-5,1.0379623638390337e-4,-4.376128808157727e-5,-9.34989164356358e-5,-2.723952975545071e-5,2.5965590440908252e-5,-3.2167068411192834e-5,1.1350521437315533e-5,-1.9855250843190807e-4,3.1162239280550883e-4,4.250753748220194e-5,1.7977081463318896e-5,5.356370365588096e-5,-4.153372005191242e-5,4.017541757065162e-5,-3.2738941483855053e-05,-1.172900944921795e-4,2.3953662537059102e-5,8.164282083202694e-5,-2.4673869216669306e-5,3.0523406155766825e-6,-2.7813450487630444e-6,4.879545512443471e-6,2.0990057341292576e-6
C15-C15cy-C15ct-C15cz-C15on,0.011133819314136198,-2.277063653237418e-4,-0.019022254371809138,0.02929441097525347,-0.005000347671039795,-0.001155473960356457,-5.341812688909965e-4,-9.227916010329073e-4,-0.005424166026547061,-0.004456642223844779,0.0018812904568668047,-3.7655893985927004e-4,3.005060849417564e-4,-0.012119786547672914,0.0024382611159881108,-0.04321629657734259,-0.01860941136326853,-0.002887311104390712,0.003909578423223755,-7.085517847457518e-4,-0.007193086806619501,0.00832972078249413,-0.032656056627376605,0.0016051528350164584,-0.00186789072543317,-0.0019089032937477351,-7.461111256215768e-4,-0.0012221521257080054,-1.848237453911866e-4,-9.128433131569537e-4,-0.0010576449939038448,0.004976573545199111,0.0027278942717394324,3.6400367467155714e-5,-0.003716602834960253,4.909180053092692e-4,-0.020940439682746812,-0.0049104993256013935,0.02212755887663722,-0.004647285918702112,-0.0016005532848195018,0.0034412128153510435,0.004143364239083676,0.0024660316816260026,-0.010431776393174205,-0.0022758333529709386,0.0022727683310286933,0.001271199747742525,0.0011818452269144277,-0.001913554272917144,0.0023955105482071264,2.8699674638593063e-4,0.005703782864002805,0.0054363795306680476,-2.710989537194915e-4,0.0034207532904349867,0.0020149797361543108,-0.0024130208724075118,-4.955613967859892e-4,0.0012439167600371412,1.5449779874671652e-4,5.584450747711379e-4,1.1819993246520345e-4,-7.318959289736572e-6,-4.939823112743282e-4,-7.0410842799291685e-6,1.2832506124682853e-4,-6.768133752292946e-5,-6.657614671705125e-4,4.1010726399752013e-4,-9.051331925034985e-4,0.0012286446423187766,6.544587607445651e-4,0.0026355640463585645,7.84678232654429e-4,8.185448432500753e-4,-2.483730674772917e-4,0.0014185542679838615,6.649715067262849e-4,-3.454059368140168e-4,-0.0017379009871714896,-0.004211455392474623,-2.525554519945322e-5,0.0035712327337753974,-0.003548851693063544,0.0015340074453750203,4.389709032331455e-4,-2.210929698812533e-4,-6.913824988461132e-4,-9.442312059616718e-5,7.566826023548204e-4,2.870569527708479e-4,4.36475336358017e-4,-0.001460598467066146,9.687565721506684e-4,-5.884525617996638e-4,8.708600357786566e-4,3.0504820014241057e-6,-0.00023185897581366359,-4.953529218234828e-4,4.6385062971527637e-4,2.971681438561811e-4,0.0010636925649013071,1.0082257330746111e-4,-0.0027525181707376526,1.1749732803637091e-4,-1.4628292778465552e-4,3.992411744744668e-4,-4.216846120093646e-4,-2.6665280963819734e-4,-6.705544581659447e-4,7.123128551978147e-4,0.0011704804282588915,-3.712394595208891e-4,-1.9512500098146807e-4,2.779262790493904e-5,-1.2290056648095422e-6,-3.1047940876355513e-4,-1.5644782976642418e-4,-7.66462040115643e-5,-1.3136682672429777e-4,-1.7879631754156387e-4,1.2249132575269458e-4,-2.188927456089026e-5,4.623804288328962e-5,2.2568632090053247e-5,-2.373788480892913e-4,3.036819581107071e-4,1.7037456010841646e-5,8.901190608057273e-6,1.0995443204505967e-5,-3.290509852082372e-5,6.325568664815755e-5,-3.223499678218944e-5,-4.724046222721524e-5,1.8493276688586702e-5,5.1154094222176304e-5,-4.673772208355012e-7,-5.219900609048804e-6,-1.634037108353304e-6,-3.1251457329902254e-7,1.7742862019144556e-6
C15-C15dt,-1.4597091034482541e-4,9.345738155079984e-4,0.00310007971254346,-0.0010374626038867664,-0.0014801827380614937,-0.0011688299415661826,-0.001611194273052649,-2.767142380199334e-4,6.703132085820651e-4,0.001019604496363128,-0.0011264924338877818,-1.738292754980271e-4,3.2473892524294306e-4,0.004696455459952325,-0.0018587858268407974,9.134214020621855e-4,0.001367215250746275,0.002168847019055994,-0.0015520288078378938,-1.5677001145125767e-4,0.0024369172372285535,6.418162981797164e-4,-3.17256890050628e-4,-2.501277861364813e-4,-9.176069109445551e-4,0.0016560795185822787,-1.0136167701078556e-6,2.0916760779146664e-4,-4.5815512178604535e-4,-3.3594077027618947e-4,-0.0012667959560792206,-3.1941261406266187e-4,-0.0015784343623284863,-2.0605378236470366e-4,-7.494733636198275e-5,0.0020897685561184517,-0.0010324374744711976,5.542524497256146e-5,-9.362170396913321e-4,5.787338018561264e-4,2.7792980220611783e-4,7.734586770556339e-4,3.3928582910625125e-4,3.274104516720802e-4,-1.2891740474254673e-4,-8.660604507193927e-4,-2.2426567054958154e-4,-2.701546829515529e-4,0.0013443461146496257,0.001145699840457823,-1.245987439432001e-4,-2.2760976185988126e-4,6.517998115323586e-4,-6.995188330057506e-4,-1.5528825401743337e-4,1.947964349430428e-4,-1.0334376595827504e-4,2.5957725578314996e-4,1.256393162075308e-4,-2.3429719089256392e-4,6.881431240862846e-5,-5.342749618407463e-5,2.8763819663653597e-5,-1.1758643661850064e-4,8.564937888112304e-4,6.502568314437254e-4,-2.396056805444938e-4,7.565702699441985e-4,-8.19264360821104e-4,4.083836457058673e-4,-4.3270811887878016e-4,-1.1803524085085649e-4,5.266028749483541e-4,-9.377560847794408e-4,-5.580697627192464e-4,-1.7253039654929953e-4,8.248675121902474e-5,7.773926382572161e-5,7.07295911435309e-4,-1.3885559447421024e-4,9.25264428906584e-5,-4.184765667379201e-4,7.731221315593804e-4,-5.633715556880955e-4,-2.6354556687373823e-4,1.1066856726373287e-4,0.0014971391916009965,-1.9619334109609485e-5,-4.3345762171494926e-4,6.952912442910093e-4,-0.0019598196712224585,6.5835691573125626e-6,5.833361277259135e-5,1.7099208114906036e-5,8.079585168766049e-4,7.657959861964956e-4,3.6986532142164335e-4,4.8065156958621236e-4,5.410318926992128e-6,-1.2569382608562107e-4,-7.5664093696322556e-6,-8.20198618115593e-5,3.7019235873912834e-4,-2.8764863734992896e-4,5.628991640752866e-4,4.290923119909885e-4,-1.3917734075298956e-4,-1.3603088079607885e-4,-0.0011479814505412427,-0.0012320156156126263,9.704818220702105e-5,-1.1199906275127e-5,-3.621230545631772e-4,-0.0025187351306858534,0.002606717694490983,0.002360282555589284,1.8166262669876002e-4,-1.0295897779497612e-4,-9.78876790343719e-5,0.0013040686011932638,-9.759942052880593e-4,-4.538588411012222e-4,6.659889174393777e-4,-0.0012645553271983356,0.0011044584303356744,-1.0320711338781306e-4,5.966896519314209e-4,-9.253743014707242e-5,3.4549901825599956e-4,1.036690114079009e-4,4.4890965775371195e-4,-4.7600631142925354e-4,4.3740035953949405e-4,5.622871390053595e-4,1.3431201370455462e-4,-9.328466014021433e-5,2.614764275974137e-4,-3.9020109308265024e-5,4.07337162047949e-5,8.491879792979255e-6,6.905948007026236e-5,1.4454924614258285e-5
C15-C15dt-C15ev-C15pm,9.228682706305134e-5,8.827831448003061e-4,0.0028178395434428345,-0.0012841034911537197,-0.001219947563688249,-9.874972601503446e-4,-0.001516743601550033,-3.684222399870418e-4,4.330954296617509e-4,0.0010945526029626888,-0.0011698779521564836,-1.4324342028661772e-4,2.988603982128483e-4,0.004137853589667628,-0.0017629274948311173,0.0011132708345895739,0.001106345797218491,0.0017252141326731811,-0.0014352453625467733,1.5839212973233483e-4,0.002557744019362217,6.599612419904126e-4,-3.5525012472684895e-4,-2.777787992812716e-4,-0.0010250468059313095,0.001284751417662905,-1.4195435597779974e-4,-2.1939938545694352e-4,-8.151394176762322e-4,3.25404565320259e-4,-4.3433246334815135e-4,3.650405729144703e-6,-8.892761588700709e-4,-2.2625542114488103e-4,5.169502477095003e-4,0.0013950554238722284,-0.0012727614701880732,2.245349796323971e-4,-0.0014914302858652707,-0.003418641719387616,8.426995857495846e-4,-2.2891618088724514e-4,-5.419960052544056e-4,6.878722804535733e-4,-4.5659545186940744e-6,-8.74626346065343e-4,-2.6664631131655093e-4,-3.237887922317469e-4,0.0011747593241806002,9.399366798747785e-4,-1.4245231658086186e-4,-7.186816299101642e-5,5.162887414352149e-4,-6.29586314289406e-4,-3.297960218467746e-4,2.385063910422464e-4,-8.659373244878412e-5,3.427279751218456e-4,1.7815632502366776e-4,-1.789826763448306e-4,1.3028382392742547e-4,1.066220302406167e-5,4.6773587444472984e-4,1.9073524791772466e-05,8.817355510159722e-4,5.859029441368026e-4,-1.5422044364809414e-4,7.130748177330176e-4,-9.92446635495439e-4,4.44327762118745e-4,-6.335416290008271e-4,-1.7192033360790367e-4,6.484088485211753e-4,-0.001335854840538756,-4.698490556275267e-4,9.010422209163032e-4,8.43736842558293e-4,3.3812537166280805e-4,9.668516515773264e-4,-1.347415110867786e-4,-7.226905349362325e-5,-4.728532771029366e-4,0.0013359278944447691,-9.584405597992552e-4,-4.5727959736085295e-4,-1.136472872949038e-4,0.0023491005542472607,2.356522935130035e-4,-9.066057478003629e-4,9.003035749755169e-4,-0.003395291993697686,-2.401737147463644e-4,0.0011791906302403654,-3.1638422250940756e-4,4.555476329756465e-4,-1.3596074641828378e-4,3.7409874863087843e-4,0.0017284389826720144,6.028573166715089e-4,8.10000499093275e-4,-1.2021798350393254e-4,-1.4667802530113239e-4,8.803818702959678e-4,-0.0012632610791679171,6.069345316598779e-4,2.9430016453239514e-4,4.6086333791965205e-4,4.190112127941193e-5,-0.00086375338647746405,-5.661891118298858e-4,-7.623342590333548e-5,6.78414323026263e-5,-8.154977939645157e-7,-0.0020711412454275215,0.0015688918287336045,0.0025358835742396455,7.949649765505769e-5,4.748867122494113e-4,4.18828994240644e-4,-7.791582964484739e-5,5.569493072726967e-4,7.321692664375813e-5,-8.632707451007963e-4,2.9665898950555035e-4,-4.135506536053993e-5,-3.155950082843069e-5,-6.06818891319844e-4,1.6354714913598963e-4,-1.5552433687187866e-4,-1.0563616860342708e-4,-4.7314623823797066e-4,5.237409179596963e-4,-5.552323100226075e-4,-0.0011944783571239156,2.182975854866824e-4,1.3203143214177436e-4,-2.802630580321572e-5,5.098419364650012e-5,-9.412039128086832e-5,1.7912649529919396e-5,-7.508225544061323e-5,-4.637186526788873e-5
C15-C15dz,0.004586561980529337,8.25543379023679e-5,-0.0024957530144675832,-0.005485752096067042,0.0037717492926635865,0.002916961658215751,5.086255850908611e-4,-0.0029778714404429594,-0.005506676559871542,0.003877315185169101,-0.002896190334058213,3.390300856566588e-4,1.1072377549237904e-4,-0.037080223038839275,0.024189498882004886,0.009286994834968917,0.031757274342641036,0.013221745189176789,-0.011104512074882897,-3.179286429943455e-4,-0.003415935933739753,0.005347708953727055,-0.017768476226942945,3.285029872737108e-4,-2.71040591205345e-4,0.0028903886788207603,0.0016003082997038567,0.0024145960538376776,0.00101654612065068,-0.020687716998410637,0.010751029658197428,-0.003933022064018894,0.0073679591376882,0.001982622424243739,0.006582605540118166,-0.003667460913759029,-0.009082671272184841,0.002630083882626505,-0.01977890978664744,0.0030104051582085156,-0.00933384479239328,0.00545291646083168,-0.011010100418081281,0.0020475794344469228,-0.012673480070710189,-0.0044245808687863285,-0.003464068153121828,0.001617296561065264,8.255154645598454e-4,-0.002749559549313517,-5.700744996699547e-4,-7.930370988209893e-4,0.0016297990986846318,0.003243166565054995,-2.8012084901848385e-4,0.001396111674732295,-0.003000251020179559,0.010889435901045354,0.0021353784729620418,-0.004287594895271643,-5.820562991303566e-4,5.697784533365511e-4,-9.176890163249418e-4,-6.251034616902093e-4,9.741283404572066e-4,0.0025712762057099495,-0.0010389387561308527,-4.3521293036909907e-4,0.004616470355090257,-0.001581522579628573,3.017670653226506e-4,-4.1077163267318786e-4,-1.1758461183225468e-4,-0.0017088028795689246,0.0014698174630705938,-5.861160353961445e-4,-0.001814277227922752,-1.5252792955735292e-4,0.0013740755422019173,1.2474460948328923e-4,-1.1796082156592899e-4,1.7516864263555652e-4,4.5372287562401263e-4,5.766790731263703e-4,-0.002632232332495871,-0.001994578094211786,0.002508884911955463,0.0031710102043770727,3.1335431767745027e-4,-0.0032766417249467947,0.0013409452214089295,8.12079326257114e-4,-0.0013396312826048024,-0.0010620814639554865,0.0019512300991005806,7.201121570302069e-4,-8.680155832808564e-4,7.732217498256857e-4,0.0015133348549162702,9.903098443857345e-4,6.410242314321374e-5,-1.2215034910936017e-4,-0.00112383305450559,1.2735312280294191e-5,1.2906724382246042e-4,-7.751573852135001e-5,9.115318243381122e-5,6.545659896181294e-4,-4.0599073832901805e-4,-6.254859715847765e-5,-1.2172396978327502e-4,5.931545330545726e-4,-2.312584644754643e-5,1.1142517948651175e-4,-3.712580290128863e-5,-4.2104411925834116e-5,-4.635857739240098e-5,3.579346518830131e-5,3.935262299742993e-4,8.89472020906503e-5,1.5916637631044242e-4,1.088386204062477e-4,-2.1621206060185532e-4,-1.0498388631854908e-4,1.1931598537970171e-4,-4.2557736207095565e-6,9.329054305244657e-5,-2.1734846696181163e-4,-3.491535085769003e-5,-1.296952068324644e-6,3.6814596129315484e-5,9.620190866918268e-6,-7.719467394795813e-5,1.74411954952119e-5,-5.8965739186993525e-5,-5.406973461912015e-6,4.848154954280333e-5,-6.274447832369496e-5,2.715420472540737e-5,-4.988130051842135e-7,-1.4847985234114792e-5,3.7305767605398153e-6
C15-C15dz-C15sw-C15h,0.0041970009783398,2.481004425489491e-4,-0.0020878446981438046,-0.00599211402671429,0.0044621827702922496,0.004713779909029993,0.002299862355465505,-0.012389466612453376,-4.133316225756377e-4,0.008375331397138659,0.0051815442669060595,-6.339243781715223e-4,6.69248450449144e-4,-0.01668576648457382,0.01233041496756253,0.004940119226453979,0.019505815414461506,0.00972204905939684,-0.005107952164160213,-0.0022631574274808545,-0.0030165136113981103,0.003334856609809766,-0.011322145061813262,3.8657720753930544e-4,2.7729649819137044e-4,0.0036900009310648894,9.961253193255912e-4,0.0032645767877069747,9.935095980241333e-4,-0.021601726799469003,0.008702434551979171,-0.003207366868960166,0.008184028771329899,0.0017400381434589845,0.004821777248248255,-0.005453327133123534,-0.0046384355123878,0.004265900231405434,-0.012035191886532185,8.285333789016476e-4,-0.012448149917567696,-0.0023725847915261554,0.003899325395237769,-6.700733975531304e-4,0.00378325760665859,0.003413685191520579,0.01020413409452967,3.0390507103440435e-5,0.0011574031751525752,0.0019962299519977475,0.0014389561439025005,0.0013590704109864118,0.005338561719533014,-2.094758455560763e-4,0.003747278589739379,-6.93756604872913e-4,-0.0024649637300692352,-0.0033039151728445084,0.0027371932100976244,-0.002329907242924614,-0.0011589015848541544,1.921434506067946e-4,-0.0016168721262843847,0.0010585572663801815,-0.0010907617094617983,-0.004586374962932031,0.002730697525918428,7.175812545440489e-4,-0.008694970375038217,0.004503888920528598,0.0025333275295387914,3.4192452144985266e-4,0.0010686452060779626,0.002996190906541479,-0.0014653091132789682,-3.2879996651528177e-4,0.002548429924951351,-2.4801181547173763e-4,0.0016831249116142947,-5.112791248165839e-4,-0.0010012390952859765,-0.002123973462554994,0.0013136204859939779,-0.0025825354795940684,0.003505530960661229,0.001730250979956155,-0.002179781300362955,-0.0025423268282387286,-7.985883803928418e-4,4.984180604189009e-4,0.001037935885699996,6.292023692121913e-4,0.0011489171331123696,9.424117635918307e-5,-5.731021914872086e-4,-4.6034693551019106e-4,4.597489637637461e-4,-6.089325196113909e-4,-5.550800859420653e-4,-9.620623895921185e-4,-0.002716692991147791,3.023952395153767e-4,0.0014517885985057706,-1.6941101804362923e-4,1.529915564399009e-4,-3.53933134358978e-5,9.184621375201916e-5,-2.7607090903835577e-4,5.637069025481037e-4,-2.3092029984849468e-5,2.749064457345052e-4,-6.780746752164347e-4,4.2131979988482555e-4,-2.3957521894284642e-4,1.3091918338275958e-5,-4.109675198123673e-5,4.187750817597299e-5,-2.1963740138213558e-4,-3.923269014267507e-4,-2.0630128480602334e-4,-1.952267914332653e-4,-7.677466791131581e-5,3.700013683525458e-4,-1.3195378062761558e-4,3.112369941456781e-5,1.9429807056418816e-5,-3.816045164643727e-5,5.599111249729782e-6,3.8288993335458494e-5,-2.2883280061430977e-5,-7.91711144963874e-5,1.3671807597807371e-5,4.657876373924277e-5,-7.702141289348932e-6,7.069943126826675e-5,2.490951603616733e-6,-5.044988778558843e-5,2.5943289584157495e-5,-1.4270455241960156e-5,1.0127042549612285e-6,-3.036639189179274e-6,-6.327847493139425e-6
C15-C15ed-C15he-C15by,0.0038553325369304506,4.990894900855248e-4,-0.002049401829859666,-0.007440392923449393,0.007243776782592889,0.01596448279361959,-0.028676916432874382,0.00946683090070499,0.0068624301430325295,-0.0011020790449829542,-4.982607422030004e-4,0.0019065960579936663,2.397117562960957e-4,0.005347517112230191,-0.0024874316368378585,-3.2674919270203227e-4,0.0014157048866572479,0.0020555029080595063,-0.0010118385465481678,-2.4275872639846333e-5,0.001784770989770324,7.555571024769014e-4,-4.3722375527390915e-4,-2.543600361865832e-4,-4.6361580283887536e-4,6.243268319455174e-4,-3.5408944744820065e-4,2.9951866836009104e-4,-1.0918818486903182e-4,7.105838691107346e-5,-8.634759050821374e-4,-2.822414255896372e-4,-9.010458517388904e-4,3.496642911932985e-4,3.298046178513847e-4,0.0018229724158654581,-8.538039782715327e-4,0.001708127637469681,-9.673593196001715e-4,9.857880403812526e-4,3.2883596677979754e-5,-2.4396566505535683e-5,-5.302090429998426e-4,1.3988584176382113e-4,-9.389040264950283e-4,6.999680320284373e-4,1.8060578573418268e-4,-7.240781472389429e-4,-0.0027082316825609563,-6.490083679292956e-5,-5.09089171379101e-4,-0.0010655158753054604,-0.0015326658379214019,0.0018046755829915398,2.1747343928493358e-4,-2.4895189673071255e-4,0.0015115897344285573,-0.0011677231498003913,0.0010796451446647673,-0.003324988715866376,2.7154466653131563e-4,0.0012017583410555415,0.00110329596668091,-0.0015473822875540883,-0.00505273601720516,-0.005425773241981697,0.001790154215903072,-0.003035246251743916,0.0020300783703808612,-0.002540795821689631,0.0011503947336153448,0.0012508906912116796,8.27680025183773e-4,0.0017073962143277074,5.462345822015952e-4,-0.0016110187568575262,0.004627528192972754,-0.006887264681179792,-0.002740681851952754,8.885445121351381e-4,-1.018761264886037e-4,0.002014667235160576,-5.144773337951311e-4,0.0022024309609662016,-0.002990045219757533,0.0020177780671725024,-0.005459907364441902,0.005680714319259054,2.464222043536942e-4,8.145917478077902e-4,-0.0024398446576468207,-2.2438851080415186e-4,0.0016733698778470182,5.539814811675876e-4,0.0024643915971171845,-0.0012328347746701355,-3.454858222966054e-4,-0.0013659158244754247,0.0024498758102253705,-0.0010780288565651573,-8.685460928259075e-4,-1.9738926845113174e-5,-8.981944541189116e-5,2.825270400993976e-4,2.367281041990815e-4,-4.4867604869972856e-4,3.3654784620390797e-4,0.0023593851768429577,-5.787554838330229e-4,2.8022510681085757e-4,-2.51669174376463e-4,2.287877468852657e-6,-0.0011660495054842887,-0.0017933512164081782,-0.0010801490584991524,-1.5915495276648252e-4,4.2064971812241955e-5,-8.355185885452622e-5,-7.175434622807812e-4,6.198777665631504e-5,-4.2537726540405145e-5,1.3118324748313026e-4,2.0848699064716117e-4,2.1510009171867543e-4,2.652307049081708e-4,1.7564502940399672e-4,0.0010561764360621122,5.295371890024292e-4,-4.212974491633161e-4,4.6008136164755934e-5,-2.0257307305147549e-4,9.68186118131967e-5,-1.0743216178511799e-4,5.16581272667293e-5,2.283173230781892e-5,-6.861648667631666e-5,-1.2312757538008344e-5,2.3354537507525624e-5,-1.1020639700293646e-5,-4.559936258350787e-6,1.1294353928883973e-5,4.050050186920264e-6
C15-C15ed-C15iq,0.0014294189552857928,7.633947834676493e-4,0.0010349789026518888,-0.003726304419037721,0.0023089490400132686,0.006681799506910886,-0.014613072132599844,0.004509250010297626,0.004092251631100152,-4.32764929888032e-4,1.0271955941168607e-4,-2.7091629454589235e-4,3.5555256019770455e-4,0.0052345382714337405,-0.0021132668062929776,2.6224225753858083e-4,0.0014659323735181798,0.0024432860922192195,-0.001394261618281003,-3.233633931948253e-4,0.0021176988541071516,6.535040210479808e-4,-3.621118824601168e-4,-2.8115271072910524e-4,-6.468659474518384e-4,0.0013999254133885027,-1.2528163330937357e-4,3.6758980942659826e-4,-2.9532791780518554e-4,-4.229882619737798e-4,-0.001105667325138285,-3.3609272613981583e-4,-0.0014818104528980076,1.1009776298011287e-5,-1.1465554118753072e-4,0.0018267767518301815,-7.628738765308653e-4,3.5296778131237757e-4,-8.613866628994607e-4,8.609421940494634e-4,2.5190353999585764e-4,6.839055670816057e-4,4.319259407939786e-4,1.4326097420955337e-4,-1.9102278113464975e-4,-8.798585738587667e-4,-2.308718306743573e-4,-2.815031444546794e-4,0.0015288847685444146,0.001348432173336509,8.298115598584655e-5,-2.9283220495673293e-4,5.569036132448631e-4,-5.362049297899394e-4,5.125467626064697e-5,1.1365431064987363e-4,1.8982790417303345e-4,3.239083552659065e-6,4.553314566277971e-4,-8.147027712568799e-4,4.6876702223291547e-4,2.1843850779623022e-4,1.1964581983542356e-4,-5.510227937622561e-4,-0.0010924931477903027,-0.0011310986479331746,-9.922325121512626e-4,-8.245691253816417e-5,-1.1585079179099193e-4,-1.1646167799569551e-4,2.605714010188295e-4,1.2005460949663814e-4,6.201299045029334e-4,-2.194105202432031e-4,-2.990644758644664e-4,-9.719863326080461e-4,6.556975525350037e-4,-0.001747379357397017,-2.3752073012627494e-4,2.0538439227104784e-4,1.4422398578927442e-4,1.9038913884362945e-4,1.2222459436584911e-4,5.644355242568743e-4,-0.0010343141429641697,9.348625697657396e-4,-0.001960019465340433,0.0020397868901486237,1.6367068913360823e-4,3.914531480539332e-4,-8.475425090353984e-4,-1.2014133846182314e-4,-1.0236301678193453e-4,4.151658441682447e-4,0.0019242187198758298,-5.061629790385475e-4,-0.0011101251789030066,-0.0026225421195451184,0.0017733253330332343,4.1633985166640835e-4,-2.3075077494103468e-4,-6.120574539794973e-4,-5.934852103028557e-4,-0.0019903413449559116,-7.284154130801327e-4,7.539120202655904e-4,6.958218441363342e-5,-0.0034465312535561852,6.165260103731632e-4,8.497887938512251e-6,2.2208457222950407e-4,-9.315555091517338e-5,9.571579463196811e-4,9.821897293992414e-4,4.5242714348577847e-4,2.6971834638346993e-4,-7.5828143773952506e-6,6.455791876332058e-5,2.129422514815673e-4,-2.057622118858613e-4,1.7742432124238296e-4,-2.0848292228132803e-5,-3.4062337406802876e-5,3.220480414806218e-6,-3.208379375985991e-5,4.180110473046875e-5,6.44808866291648e-4,3.905327791289361e-4,-6.309797088083677e-4,2.1295013993433644e-4,-2.867338605646705e-4,-2.6037574932821693e-5,7.514250138059831e-5,9.117814108907745e-6,-4.5230656093103754e-5,-4.172671705690973e-4,2.100877962850138e-5,-1.424627851871769e-4,1.5037778566030194e-5,2.6209927517921337e-5,-7.44761114905347e-5,-5.569930861802106e-5
C15-C15ed-C15s,0.0020527150944457174,6.323723435932619e-4,2.8750596549912273e-4,-0.004350792076664095,0.0029526037919690392,0.007051605557456667,-0.014084014026888608,0.004157903111134599,0.0033483656450834357,-1.6613416105276506e-4,-8.417600812967483e-5,-1.7948771848752326e-4,3.4250082249031574e-4,0.0033215971160866363,-0.0017000896632584403,9.215579498665879e-4,8.010387628382541e-4,-6.927393504126255e-4,-3.970526265914268e-4,0.0037204452629951124,0.003980561510250666,-0.0060717469491280585,-0.002951600460717256,-0.004767357531168396,6.476469345506457e-4,0.002587643751234801,5.0278400592253686e-5,9.47166827569173e-4,-1.7947495641684283e-4,-7.015064776874326e-4,-0.001176921155129091,-3.346376611001763e-4,-0.0015361983825637987,6.050876406920649e-6,-1.5912848571295477e-4,0.0016853504961177402,-5.128339773278809e-4,3.39208208689731e-4,-8.879341784154283e-4,9.050534972685556e-4,3.866165841162871e-4,6.160405169468305e-4,4.281373293023919e-4,3.883642732127713e-5,-1.3908623891783077e-4,-0.0012312715771965474,-2.802511885344231e-4,-3.4294491543279427e-4,0.0024505810010681107,0.0018554650245676528,2.9120329650922675e-4,4.791784799663367e-4,0.0020581192737571105,-0.002580887451274044,-0.002161399186392345,6.226303774392351e-4,0.0010432127369537233,4.4463732879954066e-4,0.001118193059930186,-0.002233053055734324,5.166219912579441e-4,0.0010753181398717882,0.0011331396286253068,-0.001813982264338305,-0.006713191542541031,-0.007823204184001604,-0.008801418521340384,-0.0016670823468692443,0.0017254352926042227,1.6576351612539785e-4,5.487055290391028e-4,1.426618571919234e-4,8.839715248917439e-5,1.8576261507864968e-4,1.0898213561381687e-4,-8.006773850380847e-4,0.0012079613969276804,-0.0025117627430347247,-7.535568739851301e-4,3.997865887673157e-4,1.6891407653608586e-4,4.6731036166564727e-4,1.94195356742908e-6,9.314814700908039e-4,-0.0015643874330733666,0.0012479161762483093,-0.0031255724151374,0.003364951808152543,1.6544732210482105e-4,5.973452396698042e-4,-0.0017024425268841548,-1.3614804708841273e-4,4.7058618116803755e-4,6.095338576918256e-4,0.003167855714690938,-0.001112035135497184,-0.001630824941529066,-0.00383281334996495,0.00325387545279098,1.18226879971805e-4,-7.4652590807815e-4,-9.693216182281657e-4,-9.128783183489637e-4,-0.0034283532129554895,-0.0011616832437423388,0.001154259816643909,4.5156988391205827e-4,-0.005148098787956639,8.880764618271201e-4,7.74730502104149e-5,3.927854728447643e-4,-3.6583226435351116e-4,0.0015520619812382666,0.0011776961719845425,3.9597513258822806e-4,5.215343879244554e-4,-7.6732197615561e-6,9.246721965909501e-5,3.00280132864982e-4,-2.4217953017340133e-4,3.8932887635779724e-5,3.79874799676785e-5,-6.624993654828769e-5,-4.5684356357295935e-6,-4.019108630754902e-5,6.162049087192153e-5,3.488018005489279e-4,1.841734623947991e-4,-3.04316025703113e-4,1.644175279592886e-4,-8.886942160423902e-5,-4.4537084953428865e-5,1.0632873278304792e-4,-4.9401770699001515e-5,-2.38249575571991e-5,-1.9309687250035202e-4,1.7935298262447977e-5,-2.6202693066310086e-5,4.192598334140333e-6,-4.058028520055355e-7,-2.5139366979216847e-6,3.411946717823464e-6
C15-C15eg,5.11789024631468e-4,0.001007338279328604,0.002165418357777285,-0.003277509197974881,-0.005194261427499993,-0.0016818439903833467,-0.0017179905183996506,-1.393197702598383e-4,7.822530958868409e-4,8.946619683277748e-4,-9.509112375086816e-4,-1.6695806836130282e-4,3.272977806984875e-4,0.003962986933703896,-0.0017444679281783204,0.0012305383553328376,7.02800665103961e-4,0.0010470343214101481,-6.966112664067801e-4,0.002141884270152546,0.005686566930783495,7.092266292777908e-4,-9.124379108258717e-4,0.006689557315779733,0.0024193234944030534,0.0032774362482807257,8.342658598657652e-5,9.560862104593034e-4,-1.2341404290056894e-4,-8.373180467028337e-4,-0.0016314013700966363,-3.519905478528444e-4,-0.0018172182976679521,-2.6099405439102463e-4,-1.6504757275864082e-4,0.001959320940831289,-6.686381411382445e-4,-1.6971600101075917e-4,-0.0010280359066021085,6.819936508157548e-4,5.109615089611874e-4,7.600256086409095e-4,3.841854201892568e-4,4.6790201807190917e-4,-1.7270013816809437e-4,-0.0010833432673071955,-2.7112744116062444e-4,-5.277604314587551e-4,0.0015365651512122254,0.0010840675744637999,-1.5917422912661722e-4,-1.7237113961464948e-4,4.428438079712052e-4,-6.681136961890254e-4,-1.0801003593749594e-4,6.625960435878873e-5,8.623736494846863e-5,-1.5956631712632282e-5,1.4788808672716293e-4,-3.4843949734581853e-4,1.8124099789008252e-4,1.624143070727355e-5,-8.89224137593427e-6,-5.911731566821682e-5,6.053418176873612e-4,6.076410787158002e-4,-2.1076334053724525e-4,5.76774598249075e-4,-6.621925898612447e-4,3.022531489789598e-4,-1.4862547510452242e-4,-3.9670059035064675e-6,5.982995882296252e-4,-4.980459340019454e-4,-2.961044342464919e-4,-6.618506647451388e-4,3.657739957751764e-4,-7.609019756018498e-4,-6.658987912696073e-5,9.263230959665162e-5,4.039770815900674e-4,-4.5198399024090364e-4,2.8112573017166224e-4,-2.9567203484285915e-4,9.753391691255419e-5,-1.0274510647334832e-4,0.0012597936071651837,-8.827196050989027e-4,-1.956499215115268e-4,1.539528729648078e-4,2.0188387490232255e-4,1.2650211441076614e-4,-8.337405437796538e-4,-1.650364140649505e-4,6.264921466574518e-4,7.094611740288627e-4,8.022941079371885e-5,-0.0016209957429579088,2.742464792332979e-4,-5.520448231268871e-4,5.245752233039441e-4,1.690422225643888e-4,-2.2510849045774084e-4,7.484910290085055e-4,-1.658407808821055e-5,-3.819976038793306e-4,-5.807005003567556e-4,0.0012569994034374,7.433206143207854e-4,5.310745849837222e-5,-1.4768947534842467e-5,8.270396108811975e-6,1.3446480047448543e-4,0.002864112001424761,-0.0019267794089325096,0.003762319577756936,4.816517110216483e-5,4.8687918827025476e-4,3.7292638624447796e-4,0.0012654723588714542,2.0260596642615163e-4,-6.103268218237063e-4,9.565763896552337e-4,-0.0010731387994888607,-8.79042307693304e-4,9.263478203117304e-5,2.796285963083034e-4,2.135389566401582e-4,-5.431269254078217e-6,-1.7296180688960113e-5,1.6879112353787606e-4,1.241975541367633e-4,-5.60760732653622e-4,1.2886100300755704e-4,-2.566745707447132e-5,-2.06655384015632e-5,-1.8969054105205587e-4,1.5708819690772867e-4,-5.735818118326887e-5,-1.9110115701141473e-5,3.6766356761449064e-5,5.920356601216338e-6
C15-C15eh,2.3855131799890289e-4,8.449796521786379e-4,0.0026228170428314653,-0.0014135075440713195,-0.0010604862169920624,-8.876230584321165e-4,-0.0014535161627150612,-4.1208495335508043e-4,3.2268804651230747e-4,0.001110997780339052,-0.001147245017024255,-1.4610682698585297e-4,3.041499002829738e-4,0.0038006003503960684,-0.001673372137299548,0.0010918306019533116,0.0010825755162579846,0.0013854395720238068,-0.0013363000314119554,2.5110024941770776e-4,0.0022765779940537457,5.678315298536534e-4,-3.1735373962081396e-4,-1.7614223480112086e-4,-8.962366247694754e-4,0.001170742668612187,-1.119626154620682e-4,-6.880690056813094e-5,-4.3139906395478424e-4,-6.735197099327518e-5,-9.820270892157896e-4,-2.9874502182114184e-4,-0.0012957610226435638,-5.925818792325163e-5,-5.693733728098678e-5,0.0018765782260976047,-0.0011378193089709395,3.636814353972575e-4,-7.187161958286138e-4,7.337544352297078e-4,3.7060439215625086e-5,7.000896188483597e-4,3.475389578790729e-4,1.6441534365685862e-4,-4.474383104345816e-6,-6.175369016474868e-4,-3.1601800590103297e-4,9.573092628515433e-5,0.0015510131760464432,0.001517962246791278,2.0053289583409027e-4,-4.3475505168857404e-4,8.045411195126523e-4,-3.699463995539132e-4,3.3921966603596876e-4,2.4144970841474266e-4,-4.369991408481359e-4,6.268077775728416e-4,1.6609113213051244e-4,-2.8970441750107846e-5,5.693733753049029e-4,-1.1308819245992801e-4,-1.6825896855978398e-5,-2.3185733069432265e-4,8.131264041991264e-4,7.197267669311855e-4,-4.442841211629888e-4,8.126874015580829e-4,-0.001414323483810943,-0.0017217391405642565,7.692757560880429e-4,-3.7612034377012133e-4,-0.0021880274779292035,0.0011392313899275385,4.5192563015364774e-4,-7.33587407867823e-5,-4.829172566723095e-4,0.0011964470093009758,-4.869514428033408e-4,1.6925590553846755e-4,3.1026916656704635e-4,3.090533475492434e-4,3.157693386441256e-4,-1.8086348948621766e-4,2.957670237250305e-5,2.4822062621387466e-5,7.110550416898087e-4,-9.633835726445393e-6,2.2506346095098795e-4,1.58313073552794e-4,0.002298459469795502,-0.0015733345914430612,0.003388251721357593,0.004060780810238304,0.0028040527662622316,0.0011292351435289712,2.676263709988643e-4,-3.6981305336816924e-4,-7.079923389611147e-4,0.0017734688771784872,0.001273762062380071,0.006985991281624309,-0.001078928665461946,0.0011897253190243811,-7.621567479216614e-5,5.575622178792817e-4,0.004387152635447044,-2.174514363592674e-4,3.96162890818931e-4,-4.571419544193315e-4,2.765687760030734e-4,-7.972945844515884e-5,3.5037495843582883e-4,-4.937306867134701e-5,-1.984463527871062e-4,-1.6909896269624205e-5,-1.7301341621728424e-4,-5.324097927909112e-5,1.4146094442363014e-7,-5.578883585498857e-5,-1.8030989463230576e-4,2.4469520896043264e-5,-8.984108531457857e-5,1.0040504083835864e-4,5.012161453248851e-5,-1.246039834018851e-4,-7.25755277268069e-5,-6.319507794268748e-5,2.2275271226830677e-5,-1.2669488646693494e-4,-3.8785649824867486e-4,-8.59774501758902e-4,-2.431804050870858e-4,-7.404332602112981e-5,-4.471940570564434e-5,-4.1312044937092716e-5,-1.627908894105553e-5,1.2670154663448902e-5,-6.223962950703878e-6,5.7010515283047e-6,4.830467758148379e-6,7.2293012648584085e-6
C15-C15eh-C15rz-C15sa,8.73625209777016e-4,6.908426785405192e-4,0.0018313001387899462,-0.0020223725086899514,-4.1846654973204736e-4,-4.17222418028765e-4,-0.001164258401168983,-6.176503887329227e-4,-2.143172825584799e-4,0.0012778670737487773,-0.001214788389268123,-1.5236710893719562e-4,2.799232147572761e-4,0.0023431064449775663,-0.0013540055356877911,0.00144318443947054,6.715222658443557e-4,1.0686058941857576e-4,-8.934736712628203e-4,9.728467840852307e-4,0.0020556140338850956,5.601716133945467e-4,-2.5805133038334544e-4,-7.45508100743707e-5,-9.135067027649536e-4,4.231774273733423e-4,-2.877416251367297e-4,-4.778238729347378e-4,-4.046496329948684e-4,4.04471742099432e-4,-5.426772969083527e-4,-2.6771135140969487e-4,-8.672717780681489e-4,3.7816069158305834e-4,5.103381236975557e-5,0.0016519362334906245,-0.0013538210089719077,8.596772708583814e-4,-4.472740968244041e-4,6.39087280205012e-4,-1.5470607905772576e-4,5.482625243259911e-4,3.6831007413554113e-4,8.1130219006121e-5,1.1010012585666436e-4,-2.1448266114745568e-4,-3.1716199664407477e-4,6.424311026387932e-4,0.0013729978376376966,0.0021334275848529233,7.198208753654894e-4,-6.843797792178034e-4,0.0011047764025081761,-2.390623371018622e-4,6.0802904802378e-4,4.526850158384126e-4,-7.92520118820355e-4,0.0014752410453077764,4.235185985341922e-4,1.9339282979052608e-4,0.001971862471926168,5.520691489909504e-4,-9.461642992744253e-5,2.0918789879750673e-5,0.0018744724793010473,0.0016365723247898016,-0.0017744444412495705,0.0011086425309450455,-0.004144798140459156,-0.007428303605785977,0.0040395877139625235,-0.0016513004273798774,-0.009668787137737415,0.005592934113997677,0.003062241874360232,0.0012312501496583102,-6.825024591857717e-4,0.0035227124952647076,-0.002252472818894417,0.0010294198172588716,0.0011379009221970317,0.0012268747141591884,7.94618499488447e-4,-4.528367578770552e-4,-2.0755046800090357e-5,-3.898473439450782e-4,9.473044316935153e-4,5.640889203929912e-4,-2.0960547665763396e-4,6.382953953320577e-5,0.0027783765367676684,-0.002157230917547838,0.0060321250379948895,0.005418608489364093,0.00404140714322182,0.0011763259258284486,7.33128088584367e-4,2.7631073494643085e-4,-2.5838894086197895e-4,8.497701689231986e-4,5.382698595364458e-4,0.004947112178931567,-5.029330512270553e-4,1.7693566891078603e-4,-3.417110123898562e-5,2.0547537413928365e-4,0.00225815224556344,-2.8495824721575375e-5,2.631846201760657e-4,-8.280676190536927e-5,1.0345294740565723e-4,-2.0719135369453377e-4,2.3816202519896026e-4,-7.034523876198285e-5,-2.2980660129231107e-4,7.75602542369156e-6,2.8159242349702636e-5,3.416629833669211e-5,-1.1197717934078792e-5,3.9000922945610914e-5,4.5873087314653825e-5,2.354250705756972e-5,7.014369271650141e-6,-5.911977287391409e-5,-6.808766096582982e-6,3.749813857580101e-5,2.1348916210791456e-5,-7.032486422644331e-6,2.3259901968982368e-6,6.0471291779859576e-5,1.7404453315167986e-4,4.1023958631159445e-4,1.2765066420718362e-4,3.3545897996918855e-5,2.0801370570021588e-5,1.4431386688663137e-5,1.9123750318891318e-5,-1.0703576061477663e-5,6.791948951300027e-6,-4.209688887167023e-7,-5.1127963271155195e-6,-5.3230398010322656e-6
C15-C15ej-C15cp-C15cq,0.0011297407208309307,4.355425593271027e-5,0.002556098595523282,-0.001195512822259406,-3.077963429988272e-4,-0.001931287759272349,-0.0015860683494886508,-5.27895451428876e-4,-2.555483836248489e-4,9.393002800540221e-4,-0.0010928763312502432,-1.769508826172323e-4,3.2063960697864714e-4,-9.419484482391709e-4,0.001050679075896529,-0.002642815969927278,0.0027777226503486042,0.00243431421424222,-0.0014790473956540443,2.0713523686156628e-4,0.0044138359187823484,-7.716537682123702e-4,0.0059324909572445,-6.883659548024367e-4,-5.768916424544341e-4,-7.982104939266486e-5,-0.0012788002320624975,-8.556358595622311e-4,-0.003628517367460603,0.0030283204319845568,0.007561092825986177,-0.010073150251955843,-0.004040104306616415,-0.0024386441097086296,8.089534052483497e-4,-0.004839453345408338,0.002030629696913263,-0.004068011235618511,0.001520131001729392,0.003925601743815461,0.005590977793728707,-0.0010470137355333543,0.0024337233236179385,0.001617623113432641,0.0016982938473285047,-0.001760613198497107,-3.76222468376214e-4,-0.0013525350484942615,0.001673980562976949,-0.00602467165787867,0.00124386761400419,3.7025806460341137e-4,-6.218236834100488e-4,-0.0012336783899076806,0.0027256622978323536,0.008522818255029813,0.0014661426149990672,-0.001760737621344789,3.271933845006512e-4,-4.73753353212163e-5,3.2774337205296707e-4,-3.937105701386561e-4,1.2494064965114156e-4,-2.8318773194375434e-5,4.5368509018031385e-4,-4.163908069757725e-4,-1.0465338763767112e-5,6.997808611669228e-4,-7.683715223893603e-5,5.275898873840982e-4,0.001329286906051925,-1.089489211916522e-5,9.701946053879279e-4,7.067583813179777e-4,0.0036346352483861213,-0.0019360628246114413,0.0011735738845915962,1.3450999504280593e-4,0.0025525542206267246,-7.425011912846386e-4,-0.002203175431047395,-8.109903808926951e-4,0.0012235018804556614,2.2032755882467296e-4,-0.0010914753257258557,-4.886732936016154e-4,6.055502562307015e-4,5.039943993048183e-4,-4.916787264598835e-5,-5.824282327487609e-4,0.0017083559363381348,-9.719050328941398e-5,-8.120386666702115e-5,-0.002435580206926916,0.0026701486138535745,-0.0010494399170182598,0.00226915525237785,-5.317711643815773e-4,-0.0014608181356115396,3.0094671843864496e-4,1.209106264588223e-5,-1.1889937829486404e-4,-1.692385193248895e-4,2.2213784998438994e-4,0.001170396411102698,-1.9021654854152944e-4,-2.19804350749781e-4,-4.2557173972194057e-4,4.391980088575157e-5,1.1381202071653851e-4,-4.3075849814486135e-4,0.0010516654090053984,8.715257464851748e-4,-6.628489610805608e-4,-3.334528166607195e-4,1.4342879818307065e-5,4.5939412578078345e-5,-1.7381442918160172e-4,-4.353571223623034e-4,1.4995653779646955e-4,-8.942891232367547e-5,3.0956179991796715e-5,4.9635646124453266e-5,3.675116179775572e-5,-6.763467986546912e-5,-4.011914082619362e-5,-8.013397855331749e-5,-3.049336428232414e-4,-4.417456422833606e-5,-2.6043101971918158e-5,-6.97281981661642e-5,2.464879807732317e-5,4.6272351608488954e-5,-1.5498782256895578e-5,1.5003739018985672e-4,-8.31934238606696e-7,-7.080669445471456e-5,-2.0766212757889078e-06,7.050320525030684e-6,3.6153034913493007e-6,-1.504493622190926e-5,3.961071629309435e-6
C15-C15ek-C15gk-C15el,7.871992233239156e-4,7.090556995830825e-4,0.0019541743067320173,-0.0019904509450293,-3.6987892857989757e-4,-3.6772248300375837e-4,-0.0011626309809270878,-6.638552633893639e-4,-4.09536921197199e-4,0.001319830935505144,-0.001202030519059282,-2.4712248179293688e-5,1.905450598036535e-4,0.002258839330722822,-0.001362683389782675,0.001311932339011679,6.144354317096161e-4,1.967961697719575e-5,-9.448437866701321e-4,0.0010115618670574302,0.0020334312889918466,4.240026182918375e-4,-2.911278780584571e-4,-5.305279296855296e-5,-8.192227465063008e-4,2.557051205421958e-4,-2.5145311228231697e-4,-6.2803136928229e-4,-3.822306632514735e-4,3.078269384860592e-4,-5.047838354349568e-4,-2.811104857558871e-4,-8.275055676397197e-4,2.729643899634848e-4,4.267104983732183e-5,0.0016193268967742672,-0.0014349075947542966,8.801316821726702e-4,-4.201040963830853e-4,5.468615021533237e-4,-5.066302737330298e-4,4.813860534306086e-4,2.3316707525143534e-4,1.3459788914447034e-4,6.58641033877777e-5,-1.3091263299272384e-4,-4.1558118236884777e-4,5.182256767431749e-4,0.0010774389234841112,0.0017285364493966708,6.042492241310297e-4,-5.618788996062453e-4,0.0011333800141280178,-1.1436047077643698e-4,3.896888077550164e-4,4.5688206156457156e-4,-7.046511014801977e-4,0.0011115277557098555,1.7084330074276948e-4,2.464569297389442e-4,7.347861279228471e-4,-3.132528583116295e-4,2.794660653321296e-4,-5.37405097071834e-4,4.190203664685896e-4,0.001000369025767633,-4.5745425244631964e-4,0.0013155329453679529,-0.0010367535323769642,-8.372761405449761e-4,-9.09472215987288e-4,2.0213580215143134e-4,0.0011340110673732843,-0.00021656465039876589,-0.0012901010806447683,-5.891727196370753e-4,-8.496312781932161e-4,8.447549761467515e-4,0.0010409530490175971,-0.0023164161417487472,-0.0033069841096495705,-2.9573086933324815e-4,-0.003003465415463088,0.010573686096289754,0.00890281761317639,-0.012335394641074762,-0.0034246688980587294,0.0018415927802585763,-0.0022677638911831255,3.899964766097164e-5,-0.0011733382667908881,7.981635856268528e-4,0.0021870773997135066,-7.461921818382382e-4,-6.604055181997178e-5,-5.916943349995921e-5,2.2037203651226905e-4,8.17424501057998e-4,5.221549373694876e-4,-8.653909913897898e-4,-3.972986673955754e-4,-4.5529478879476625e-5,1.402335632240665e-4,-4.6876624996225886e-4,-4.221494404361523e-5,-9.269853465834968e-5,2.04800625229446e-4,9.165433526567378e-5,2.010270622053101e-4,-2.1384423593014957e-5,3.501030337680783e-5,-1.8036182802076166e-4,2.4556681851717354e-4,-6.76156826654209e-5,-1.92615545641641e-4,8.27065668856495e-6,-4.300301529573438e-6,2.0802690516845277e-5,8.673622273195545e-7,5.0056896952637804e-5,-3.663059108159109e-6,-4.9885885053003326e-6,-3.0731296690244334e-5,-3.6345068690147766e-5,-2.032053897165475e-5,3.3939830332241164e-5,8.43496572381222e-6,-3.3037101701393254e-5,1.3456034760679266e-5,8.663681685715066e-6,2.964635430196864e-5,3.2629588999103995e-5,-6.4066209440244635e-6,-3.849325990391691e-6,-2.4222849258670637e-5,5.542880690012253e-6,-6.383794882929373e-5,-2.7451935506245026e-5,-1.3425631080094468e-6,7.419342746115957e-4,3.6792832768685956e-5,4.102890820103814e-5
C15-C15ek-C15gy-C15gk-C15el,3.5959015041269973e-4,8.111340014402749e-4,0.002473857144263601,-0.0015634779811203754,-8.564711208040947e-4,-7.213240089213329e-4,-0.0013650807243027563,-4.952727259357559e-4,5.6259737412970006e-5,0.0011826427796137599,-0.0011626917237096072,-8.002257455549066e-5,2.4270307220430282e-4,0.0033375018433818497,-0.0015886655201674015,0.0011183162449088764,9.332758474556169e-4,9.618637031439661e-4,-0.0012256882098278597,4.970189586578128e-4,0.002195939724063475,5.151370575759486e-4,-3.044514382731081e-4,-1.405654723408374e-4,-8.437868569212471e-4,8.729840916655366e-4,-1.3331293201808634e-4,-2.6923508407247494e-4,-4.0899536913624484e-4,1.5021500615111876e-5,-8.313655187330932e-4,-2.9989554166691044e-4,-0.001162493951938518,7.250633255794794e-5,-3.748707773231066e-5,0.001826321387351154,-0.001246256742842096,5.138903335617881e-4,-6.457051450036109e-4,6.685285179840287e-4,-1.8976999343723447e-4,6.320969473784132e-4,2.930217441295866e-4,1.894087369038176e-4,1.4910152565127072e-7,-4.774107614425249e-4,-3.668484870662736e-4,1.9743956256611673e-4,0.001357389723090865,0.0015523740254280048,3.171580543319346e-4,-4.611216641958429e-4,9.381346336878928e-4,-2.903816682670899e-4,3.2641696722752355e-4,3.2439691401484657e-4,-5.039160743986173e-4,7.295804549667906e-4,1.4533101723890657e-4,4.0562499507993686e-5,5.151239752879728e-4,-2.731430934221346e-4,1.0862025033918164e-4,-4.040198518684631e-4,5.377599737794373e-4,7.164896936487981e-4,-2.5992713012626677e-4,0.001020347329223106,-8.301001353974159e-4,-3.9206762007816336e-4,-6.625337412636564e-4,1.0294158181529858e-4,8.367884035715161e-4,-3.724737081820547e-4,-0.0010350519354507825,-6.102533791684431e-4,-6.660960330447581e-4,5.319618719111859e-4,8.07934286621719e-4,-0.0015485685924143907,-0.0021174275024317996,-2.942843818603124e-4,-0.0019127636278124514,0.00700041621837269,0.005953082741143631,-0.008181542215914293,-0.002199033916706846,0.0011562638400289377,-0.0015193812305729104,1.0031917866057024e-4,-5.350347129633025e-4,4.696618111438304e-4,0.0013187075372926627,-5.88223000934065e-4,-9.404119617071094e-5,2.211836199782959e-5,5.046588881293221e-5,3.855632647896768e-4,2.3282934024183115e-4,-5.002556643400615e-4,-8.333103080585509e-5,-3.571542221349902e-5,5.311344238944045e-5,-1.8825670888849858e-4,-1.7255799153644644e-5,-9.465639194818389e-5,-7.141980926368631e-5,7.180950313558398e-5,2.1368031143348802e-4,-5.4269205349170466e-5,-2.6106061978603104e-5,-3.1230479336581695e-5,8.501984478898171e-5,1.3805955880726747e-5,-6.998929968261138e-5,-2.5112765809038948e-5,3.5500081193852698e-6,-4.1293426276271123e-5,1.2879311226061071e-5,2.9861116787974312e-5,-4.3147668921915396e-5,1.8148379810463167e-5,2.6714749103183137e-6,6.973582085099976e-5,5.448867548353432e-5,-8.107564149430381e-5,-2.2670659435817924e-5,1.5061812480333166e-7,1.464085205986849e-5,-1.5293120771653614e-5,-6.340359816605547e-5,-5.3956612701807546e-5,3.4813249944756875e-5,1.1588264833778106e-6,4.339631248063188e-5,-1.3491870928085574e-5,1.1523975638476393e-4,3.677624349035594e-5,7.068422032680877e-6,-0.0011066689399350424,-5.451255495240377e-5,-6.199117518011661e-5
C15-C15eo-C15ep,0.0030949793905341782,3.9946085348740903e-4,-0.0011559566811326569,-0.003719122399647755,0.0027328468547736648,0.002747352880077127,6.018774511535578e-4,-0.004006902454799217,-0.019911956914981765,-0.016726610174758096,0.0033115695206158845,-7.296283267884357e-4,4.2791927883434816e-4,0.007073232776896637,-0.00293046129847176,0.0070700333526429,0.0030292199680704117,-6.812615729361335e-4,-0.0019738302727092417,0.003701543298511772,0.0016260050023629347,0.0011886460559554302,-0.0012196182287272667,3.129255946285237e-4,-0.0010471018856641628,-0.015296701640000639,-0.020750199878738586,0.00808484079516593,-0.0017899909333263342,-0.0049676395040878845,-0.003816194933709144,8.569126285926853e-4,-0.0021095789359058996,-0.001463329625761161,-0.0016260221506868098,0.002306564769119882,6.504738570418493e-5,-0.0038928642182864725,-0.0017540241714836097,5.405883808984623e-4,5.91655395905408e-4,0.0014154753137115385,-1.2801410695942344e-5,7.490008230824876e-4,0.0011295204976501767,-0.004018369911890453,3.646778179807192e-4,-4.6183217366858496e-4,0.0011670224028759873,-0.0013625019685960696,-0.0021214623244220398,-6.741742456785206e-5,6.190094614445567e-4,-1.545528793248964e-4,-3.0528298612130206e-4,-0.0014114187889555146,-3.7761527517485657e-4,-4.1537234944741415e-4,-3.051255068487914e-4,-5.18009836643017e-7,-6.01890633770649e-4,-2.856478017946331e-4,-3.225555565923208e-4,2.449920584243897e-4,0.0012681548449221057,-4.558857077180216e-4,1.5850893140611315e-4,-3.839676153062912e-4,1.5712858335428738e-4,0.001254106394217157,-0.0014308054667723123,9.440584461751836e-5,-6.418641499629204e-4,-3.652953223345629e-4,-8.354270251034804e-4,2.679025402568958e-4,-3.28520856030164e-4,-4.2554298338412885e-4,-3.1306421130985064e-4,1.0276799149302699e-4,2.6258126837419034e-4,-3.4864609964792737e-4,1.0399235864633541e-6,-2.3260094550342176e-5,1.771583245824408e-5,-4.298764704429799e-6,7.371100325424973e-4,-1.9610302308007883e-4,-8.504214558539513e-5,-8.788575518241991e-5,0.0011091182381103182,-4.380644111200257e-4,8.430295163158853e-4,7.270469966622339e-4,3.718393267797554e-4,1.8940217265561477e-4,-3.2107980285603767e-4,-1.8034999870490583e-4,4.157685521598548e-5,-2.3856404471929453e-5,-1.87259436861624e-4,-8.026109895774652e-4,-1.6293172760959476e-4,-2.0700365025231666e-4,7.237041393237066e-4,-1.5660744235056984e-4,-8.009382453571487e-4,3.095859663105311e-4,-9.04729578613812e-5,-4.566441656518688e-4,1.0256610282191264e-4,7.044581333519199e-4,5.743647521697392e-4,5.2978727465282925e-5,-2.6827058394175955e-5,-1.9944349584508528e-4,4.4597749288434494e-5,-1.1005521134392004e-4,1.2372733260882278e-5,2.0333871986050945e-5,2.84885927010118e-4,9.37704550561143e-4,5.083968089328206e-4,-3.534535454862317e-4,1.3241654968512877e-4,2.701126832123672e-5,-7.51811419971732e-5,1.1426088696962623e-4,2.4273768407364643e-5,2.876216260021851e-5,-1.6838733877903262e-5,4.258687107015451e-5,1.809203978868811e-5,-2.131175025008357e-5,-6.818659679885263e-5,-4.4833262691902406e-5,1.774087021469885e-5,5.002806173744857e-5,-2.8571297485595773e-5,1.2778664233086867e-5,2.4195975841442186e-6,-1.3644879565272165e-5
C15-C15eo-C15ep-C15mr,0.004379025093639733,2.0593950093281913e-4,-0.0027843191601262494,-0.004912849392198145,0.004383062038214573,0.004219273947986206,0.0014440735552674298,-0.005309604616499412,-0.026895893090009098,-0.02247792843043294,0.004700365029353091,-8.998597722565959e-4,4.402478986871655e-4,0.007726762560986331,-0.003210397469841311,0.010003355488676898,0.00373618367981633,-0.0017647264544853524,-0.0024776360888470457,0.005097829931242531,0.001388270851111489,0.0013085020449585462,-0.0016466139108710074,5.344249386968494e-4,-0.0011139021598327108,-0.01895993439005477,-0.024628480323370724,0.00901354586263335,-0.0021415707810769945,-0.004408847185902046,-0.00415855427956033,-9.92054032658919e-4,-0.002848997195597751,-0.001363327943910678,0.0016849917515846854,0.003910267684530939,-5.160560529842074e-4,-0.005526996063965188,0.0011684398851923405,-9.928006388909628e-4,-0.0049459252835279055,0.00557472308257331,7.837832512510123e-4,0.0024561596267336744,0.007326477551131225,-0.006842379259365974,-0.0012432388074962684,-0.0029699232071067464,0.0029237073807736017,-0.010594783345885634,-0.0059689588264845595,2.806042966874709e-4,0.002451879744572881,0.0013020332028291287,-2.0261495211043133e-5,-0.0045026042569860725,-8.538295409233882e-4,0.0012364556442589073,5.187078917583218e-4,5.765548079728253e-4,0.0013797353656742136,-4.883970209717167e-5,3.124368260204655e-4,-5.055314783711938e-4,1.7743991749120055e-4,7.615784372070151e-5,-1.0574063961303323e-4,3.934779704494172e-4,-5.42471075172417e-4,0.001468624112692736,-0.002368130775806176,0.0017328059378388567,6.016310887376076e-4,0.003230615558371144,8.409573299942377e-4,5.461909666197284e-4,-3.577531914430952e-4,0.0013901952887595754,-0.0016861743760353469,4.5897834658511664e-4,3.0643949198950007e-4,3.899516655841384e-4,2.2090647221527436e-4,-3.2314284331593553e-4,9.637833414128851e-6,-7.36959086020377e-5,-4.920993949596001e-4,3.2237554287692756e-4,-3.7881998905878266e-5,-7.396588240014814e-5,-3.9639557336018226e-4,2.2122667100612465e-4,-2.3936147608769482e-4,-2.468820426914861e-4,-2.0354762782675366e-4,8.93250061124756e-6,7.973486534008966e-6,3.919102452002835e-7,7.949107965383813e-5,-1.5448348022972512e-4,-7.654116877098818e-5,6.925615775753501e-5,-5.441198282911641e-6,-1.865075881108909e-5,3.402394778500534e-4,-2.8924411028796407e-5,5.7205392628604466e-5,-1.4995004540193472e-4,-1.2196709805831175e-4,-4.1329736175030675e-5,-4.902530850326526e-4,-7.825790245723853e-5,4.374394918312767e-4,-7.014915553475747e-5,-4.359115525809731e-4,-3.798173702701617e-5,8.874972787193942e-5,-2.4367379110215167e-4,-6.191298750340489e-4,5.241415920348375e-5,-0.0010021896733385092,-0.004415616795693321,-0.0019034128015288118,7.987738699567306e-4,-2.630843126298632e-4,-3.0687605484239645e-4,5.773508714773518e-4,-8.489047863955751e-4,-9.334746561759507e-5,-5.202737647781062e-5,-6.303012404146445e-5,-4.5082724125938374e-7,6.234001787128091e-6,2.743806442856751e-6,9.779060171715506e-5,3.7989078322745084e-5,-6.369267033915694e-5,9.802388250649846e-6,-3.4409603937970775e-6,-1.281725344809267e-5,-7.026488079411075e-6,9.273653061769732e-6
C15-C15ep-C15eo,2.0107188825158534e-4,8.782724552477122e-4,0.002646422909406083,-0.0013540864765964361,-9.81138584334797e-4,-7.083571938123868e-4,-0.0013673515546918855,-7.31741754689802e-4,-0.0018129602902958548,-0.0011089642434631013,-5.869509011901176e-4,-2.172706789692615e-4,3.356199294381148e-4,0.004965077325759348,-0.002048178324384078,0.0018159914696957453,0.001576793637759875,0.0015271837856947327,-0.00164607612949049,7.607786835936756e-4,0.002318565346143202,8.001035414483078e-4,-5.86095484074655e-4,-1.3286607319330386e-4,-9.761415202314093e-4,-0.0030745459356771626,-0.006061871029126919,0.002646934042240078,-8.752479682065397e-4,-0.0019516423338543376,-0.002211776918950213,1.326605136447538e-4,-0.0018289334137500776,-6.743854374787518e-4,-8.979627618620021e-4,0.002247659845873231,-7.015401537276566e-4,-0.0012477831262026806,-0.0014257693269872787,9.289497924363106e-4,9.147926623077675e-4,7.468246299292674e-4,2.1821963622287112e-4,3.091844154449457e-4,-2.4901500056127916e-4,-0.0020134902963379457,8.772258019758777e-5,-1.319543903701808e-4,0.0016252301115795072,0.0011700229969071108,-5.009010838370073e-4,-3.104827312514016e-4,5.209866047028041e-4,-6.791561465561607e-4,1.279253074646395e-4,1.145668836929138e-5,-3.3834243983404814e-4,-1.1537093372467755e-4,-7.794610760694122e-5,-3.134892026059724e-4,-3.3931983231645375e-4,-3.484071446010697e-4,-3.6061958631841814e-4,2.24907367743348e-5,0.0015946829052834951,-1.7998121647146658e-4,1.0366965109545384e-4,2.0858779578518478e-4,-1.7682843738523287e-4,0.002031892854519671,-0.002418435784060983,0.0010600044570112201,1.7978986251409326e-4,0.001458686529611569,3.344180068573407e-4,-1.4629642131269588e-4,-4.656099824484284e-4,7.801013486263361e-4,-0.0012512890270223074,5.248232828426729e-4,5.556203321680429e-4,5.555853174079114e-4,6.412967636783281e-4,-0.0011395710684829897,3.600981107695501e-4,-4.827091301340387e-4,-5.172581180096732e-5,6.008490641749965e-4,8.569533364263893e-5,-2.8817610461888665e-4,4.494789086036818e-4,4.110309875393698e-5,-5.810882168826428e-4,-4.3495533404886826e-4,-3.165596724781242e-5,-7.172636089336579e-7,-8.775901755228956e-5,-4.853969926855666e-4,-1.5827626161252066e-4,1.2547510582042993e-5,5.87754083356827e-4,1.328257793152272e-4,9.461483077722459e-5,4.1768969841039414e-4,9.3680919371687e-5,-1.075518363924156e-5,-3.413018732616267e-4,-1.7297234506821006e-4,-1.9517578105933997e-4,7.198383945900293e-5,-9.247357617297216e-4,-4.6943791557149857e-4,-4.2653843183826996e-4,1.8692291622821877e-4,2.961600063688092e-4,-2.6190239617956555e-5,-6.829165735791991e-6,1.1437258081800381e-4,8.916758163006708e-5,1.57846696235992e-4,2.455572270888748e-4,0.0012301695474975728,4.17961427932787e-4,-2.9862508268334726e-6,3.917825204432272e-5,-2.8288339727659413e-5,-2.5976711661285397e-4,2.6062522112541134e-4,-3.0038352167775162e-5,2.8270883879820303e-5,2.8700260162437667e-5,-4.765210921225072e-5,1.4922336511104253e-4,-7.750824618143735e-5,-2.5450442831433807e-5,3.8607710123331995e-5,6.921343514629748e-5,-1.0140057919877184e-4,5.62023304648738e-5,-2.8673014107727256e-5,-7.750728664866227e-7,3.215171034066764e-5
C15-C15eu,-5.648678030172932e-4,0.0010405333474698731,0.0036241741561074065,-6.446659794248081e-4,-0.0018767538631386828,-0.001456318828534857,-0.001785834431678576,-1.5482263337847935e-4,9.756455384410014e-4,9.355951646419372e-4,-0.0010846652962750614,-1.6362166370863089e-4,3.2356343975940887e-4,0.005587314673932888,-0.0020426038454648197,6.639880507954623e-4,0.001614425466421669,0.002944437320143261,-0.0018158924278718052,-5.576828240357303e-4,0.0025489941504714115,6.83278757345945e-4,-3.290112169115817e-4,-3.188101583764572e-4,-8.733880369313831e-4,0.0021094521593420417,1.4794123501662884e-4,4.548635869986071e-4,-4.619492594746921e-4,-6.49842663804727e-4,-0.001558321407930208,-3.6252678409700754e-4,-0.0018764001490437741,-3.122904913749495e-4,-1.808846186976389e-4,0.0022890337572717447,-8.982576964913835e-4,-3.140353446348697e-4,-0.0010431112642203051,9.386318880522714e-4,3.527166257482553e-4,9.94922888438795e-4,4.20090201246968e-4,3.2279884673387183e-4,-1.4354750530191546e-4,-0.001242776872516297,-2.717128254639148e-4,-5.005953707396082e-4,0.0019684296339826843,0.001178910565030884,-3.0586371625318515e-4,-2.6515296136900957e-4,5.56980092888122e-4,-6.397101745026669e-4,1.8141786613110758e-4,6.575975735937699e-5,-4.431779073761679e-5,-7.380744147580658e-5,8.59323288923003e-5,-4.1946791822125524e-4,-6.394335211806273e-6,-1.7565545691782696e-4,-2.399341035306358e-4,-1.0208426466020283e-4,7.94052155388613e-4,2.0009612728904587e-4,1.2565478073269738e-4,4.213643047399825e-4,-3.8564538918839207e-4,5.446505266945371e-4,-1.7768736518659702e-4,-1.274785195126143e-4,2.6585237116943033e-4,-7.459353275792811e-4,-5.152181648994229e-4,-6.801307681850872e-4,-3.2499971630406123e-4,-1.5315075643680052e-4,3.5563397291536345e-4,2.047267738996451e-5,2.751185301260054e-4,-2.700990607800104e-4,3.3936715913465297e-4,-2.4079689793031606e-4,-8.563960279946202e-6,2.1919830490003738e-4,3.338787063292724e-4,-2.1699318572460628e-4,-2.7429087341335784e-5,2.1533418201994178e-4,8.021039223007222e-4,-1.907586039078817e-4,-4.498582588623449e-4,-2.4739245831122304e-4,-1.359576198091045e-4,1.6622568265928307e-4,-2.484842554552147e-4,-5.632832972525438e-4,-2.779413833763416e-4,1.822026796528318e-4,5.282958286916371e-4,9.256069766207784e-6,-1.2275086471922724e-4,4.482522626273318e-4,4.959887992180149e-5,-9.115862645118727e-5,-6.327932742010458e-4,3.430066536323489e-5,1.8926212338197078e-4,-2.075269210614169e-4,-1.6926738599076603e-4,3.093491490348129e-4,-2.2943335598501785e-4,2.743112351218426e-4,2.6319857594127267e-4,-1.7945237012955906e-4,2.3212132825610663e-5,-1.0117304511642605e-4,4.6564790989581495e-5,3.7107257849927285e-5,-1.2149973156782925e-4,2.7777603551781973e-5,-2.6563854654064438e-5,1.747035237866974e-4,5.123317888148613e-5,-3.5101025379619995e-4,1.8691767820247075e-05,4.259982911090454e-5,-1.0239546918460937e-4,5.8648935038329606e-6,-9.981708966238907e-5,1.0882806818525446e-4,1.1839565515154824e-4,-4.4438626201665876e-5,4.21184123641457e-6,-1.8185563235629024e-5,-1.984162675695637e-5,3.0112787263179927e-6,-5.168739783212178e-6,7.812102632207189e-6,-1.0500970702735594e-4,-9.527054041843499e-5
C15-C15eu-C15adr,2.3695959169879163e-4,8.465406550299289e-4,0.002635098884723128,-0.0014290806884948418,-0.0010395846938358153,-8.434504822898326e-4,-0.0014172197180387107,-4.3137371264420556e-4,2.2983015239882767e-4,0.0011950092867176094,-0.0013407493256038026,-3.8307723536394795e-4,3.3128476477713344e-4,0.0037409460189234893,-0.001688385139297354,0.0010933818142460962,0.0010438173929657472,0.001172827312093753,-0.0012124771026759515,5.070082939470246e-4,0.0023124595436288787,5.739888588249224e-4,-3.188248619826234e-4,-7.866856552674255e-5,-9.124894701777583e-4,-0.0013562581162787609,0.002584941534594067,6.715960833133913e-4,-3.697464416303832e-4,-4.297480531075672e-4,-0.0012755416400328547,-3.9391207296142114e-4,-0.0013295393743774776,-1.8842501166230628e-4,-1.1302081463844035e-4,0.0018834909335072334,-0.0010929226337268421,-1.5027444067074777e-5,-0.001402132201022932,3.5808261251431397e-4,6.834602969796711e-4,0.001536355426544571,0.001859733971006982,7.392369613509528e-4,-6.65108856230287e-5,-6.883971047861769e-4,-4.138123297178942e-4,-1.1660291676661731e-4,0.0015433552725787915,0.0015003867805575444,2.3098110504897335e-4,-4.4257562234912857e-4,5.590209161109194e-4,-7.168676417154487e-4,3.04122103393824e-4,2.3495204794576896e-4,-4.0029342403901616e-4,7.126086959510025e-4,1.674387494037029e-4,2.81734310686589e-4,4.2363408905185746e-4,1.4463236550871475e-4,-2.1634181826180617e-5,-2.2656641777424845e-4,3.26416861587023e-4,8.742422844383947e-4,-5.092812769853744e-4,7.810798437318323e-4,-0.0010094204172421196,-6.110443916269652e-4,-1.4102796240120927e-4,1.95203198396978e-4,4.3160217140040164e-4,2.4719763448646624e-4,-1.5715526742383294e-4,-8.91669000451838e-4,0.0011892245281007556,-0.0018007009230178892,-0.0013485198602678158,2.4997901244976854e-4,2.502966858353307e-4,-6.544108904248472e-4,3.328052916486864e-5,1.403138896283903e-4,-1.5748115192899793e-4,-2.722109385884942e-4,0.0016352547599537384,-1.861181847024196e-4,-1.0399696200126962e-5,-9.514156353712965e-4,0.0015859709714103754,-1.5204551321322754e-4,-5.124974734420488e-4,1.5407282073790242e-4,-0.0010556326522157624,9.18645925000376e-4,-1.7071321902755555e-4,7.047706501420315e-4,-0.0010246122029590448,-1.0139118562888808e-5,4.8582353030728645e-4,-0.006209820115089615,2.0434621699789277e-4,0.0034782157248349353,-6.781859909218588e-4,9.220688200273858e-4,0.006624602185582303,-0.0011865584971848654,4.892873316821923e-4,-4.0368153306557455e-5,2.1176683203825208e-4,-1.464993077430258e-4,3.5537413733691467e-4,-3.728206871044564e-4,-2.6786869802833266e-4,3.675727301113116e-5,-1.1872601592342419e-4,-4.6927678374582914e-5,6.742519767042759e-5,-1.906096458829935e-4,-1.0466263610631513e-4,1.6489293439686626e-5,1.5387823551753547e-5,6.597785477113684e-5,3.469963793608359e-5,-8.764087007803373e-5,-1.9489049682079423e-6,-4.99606346028761e-5,1.7989199886198884e-5,-1.6745899619127262e-4,-5.554367536343216e-4,-0.001261028204761454,-3.9192193263166893e-4,-1.1870855653500824e-4,-7.673395618018069e-5,-1.0045966705594521e-4,-6.815305121620072e-5,7.531808196149872e-6,-1.104590506223238e-5,2.677567490040333e-5,-9.267499577118658e-6,-1.0792018484120057e-5
C15-C15ev,-1.7648643780045832e-4,9.510528624073239e-4,0.003148434869204418,-0.001032160395444624,-0.0014835536722743177,-0.0011830582402661944,-0.0016362847881066479,-2.830436568434818e-4,6.58618683565845e-4,0.0010300756435189468,-0.0011487304332773063,-1.4499452127711478e-4,3.15252982420354e-4,0.004723388298564462,-0.0018848027452084443,9.922764669095488e-4,0.0012405481245842923,0.0022584137203773276,-0.0016116570931693473,-1.0759120661187185e-4,0.002682030875632297,7.046083117177865e-4,-3.7488491659630496e-4,-3.603928331266767e-4,-0.0010404563566174371,0.001562180454147866,-7.42911378756909e-5,-1.2184515684723344e-4,-9.273009732476208e-4,2.780899371173715e-4,-4.00107002343934e-4,7.476926401856633e-5,-9.062757395902497e-4,-3.361553680956325e-4,6.000477844833961e-4,0.0012763599362928925,-0.0011713582116376726,-5.646676006835962e-5,-0.0017051339679110301,-0.00429166024241068,0.00110015613677611,-3.5278360383959444e-4,-7.416726378569241e-4,6.915261455967502e-4,6.537949790888326e-5,-0.0012588307034452422,-3.585272183285709e-4,-4.871332477603311e-4,0.0019740034723820833,9.947935581935518e-4,-2.455808544343542e-4,-7.912966092680227e-5,4.2152373628614873e-4,-4.993534784313636e-4,9.77629684058098e-5,1.0195613704259033e-4,-1.0764384836641896e-4,8.159267513879326e-5,1.41816745275505e-4,-2.4648176907626334e-4,1.373275477474246e-4,-1.3107618194484224e-4,2.7094989201447057e-4,6.736393964837602e-5,7.447819046104777e-4,1.578641742779577e-4,1.6352827916382216e-4,3.760532703509626e-4,-6.161254914123775e-4,5.478340554818554e-4,-3.784739928790825e-4,-1.5974890505840287e-4,3.783836773360111e-4,-0.001113715190672844,-3.7768693024180423e-4,4.7774853831984753e-4,4.6776561489275426e-4,1.5167522229220083e-4,6.022613905259107e-4,1.1070307504478643e-5,6.790673696073453e-6,-2.390214590425831e-4,9.242520969485827e-4,-6.053159470666721e-4,-3.2780030470224114e-4,-2.456332052908109e-5,0.0010285644435843485,1.650513962773134e-4,-4.699254853149879e-4,3.704147492271643e-4,-8.09756966457014e-4,-3.1602100602276864e-4,6.904105412705097e-4,-3.8046967068673454e-4,-4.7281424297292065e-4,-4.929939498606518e-4,3.6205466855966656e-5,6.447065480023854e-4,2.963982318248248e-4,7.034420280836081e-4,2.442270500338174e-4,-1.7003741034041824e-5,1.267312033571846e-4,-6.626595060352479e-5,-5.0842917880910884e-5,-1.6689945251752015e-4,-1.4876920811895717e-4,-6.615869513449581e-5,4.4019717272394097e-4,3.9170402089129243e-4,-1.622255485851393e-4,2.825865259370902e-4,-5.886927717956075e-7,0.0014331854825702611,-9.527203914591509e-4,-0.0014381540257550902,-6.403023074705125e-5,-1.0580953774055277e-4,-2.0434424223341532e-5,-1.9757017030977994e-4,1.0990935320263948e-4,6.144036960089635e-5,1.769872075588111e-4,3.443671469196665e-4,-6.904222225727978e-4,-1.3666398380525108e-4,-1.1892357019087416e-4,-5.096647223946126e-7,-2.9580261475927215e-4,3.9741250800973906e-5,8.121695872841776e-5,1.2322860060956837e-4,-2.7628284643874443e-4,-8.46161075949131e-4,3.2907853326329855e-4,1.0444593149984854e-4,2.4346188499368401e-4,-7.641624920639666e-5,-2.2412813960819517e-5,2.764441863688678e-5,1.4300658385906148e-5,-5.673073291672789e-5
C15-C15ev-C15by,8.03464905915099e-4,7.718112948612895e-4,0.0020099507042796025,-0.0020910489080595033,-3.5934527888085337e-4,-3.3004958783008296e-4,-0.0012156151692939287,-7.574831766513285e-4,-7.49009324390469e-4,0.0019982137380618677,-0.002750673608145837,0.0012515810875386247,-0.0032352529724839815,0.003213048297077424,-0.0017995185434059161,0.0013913003099260345,5.231770889272231e-4,8.854305450762352e-4,-0.0011522018010862681,9.312935476668084e-4,0.0029657418046668306,7.865141973004291e-4,-5.095133461572335e-4,-4.397505658920986e-4,-0.0013076240026028234,3.3218888846558325e-4,-4.922566873943814e-4,-0.0012240305221773663,-0.0018198550343202886,0.001989583572969378,0.0018204516086698587,7.882117621568983e-4,5.391991861102771e-4,-2.267476162739468e-4,0.002106926388818535,-2.521249580012533e-4,-0.0020763860188983806,0.0012112294553725754,-0.0032810780642289583,-0.014381893055300965,0.002468562584389489,-0.0029263120578155023,-0.002872532123465834,0.0019660167893633465,-2.536840279897785e-4,3.1996831503642583e-4,-1.2332875844651948e-4,-9.836409380423444e-4,-0.0023938911304745352,-0.0010601051211180153,-9.788306164284799e-4,-6.101913248627313e-4,-0.0022735058110791824,0.0017975764242933179,2.845260452255378e-4,-1.810992306789723e-4,6.166725194566074e-4,-6.986277809041469e-4,2.3566339651697883e-4,-0.001088734784354548,-5.741391608383522e-4,7.773939481178976e-4,0.0014080635501549726,-6.274498712038627e-5,-0.0012349705482956452,-0.002658834411378884,0.0026116265581306555,-0.0019679448337022168,0.001611962295568418,-6.198146556153549e-4,1.0251931679105984e-4,3.30595852525515e-4,-4.0446757300611076e-4,9.217137334472561e-5,6.972174655683521e-4,0.002177792518882135,0.0016722371404713622,3.592476809113897e-5,3.626063149171122e-5,1.7985183856080518e-4,5.140398977920233e-5,-2.603304236467629e-4,-1.1916517752059069e-4,-2.2255914623038524e-4,2.799444601166455e-4,-3.752873912977796e-4,5.587167569856684e-4,-8.456353650780594e-5,-1.7586046250514685e-4,-7.749552495021045e-5,-3.676271408019826e-6,-2.5422070126246833e-4,7.234764145538205e-4,-4.148987726730673e-4,-0.0010219169671455866,-4.6887163318457643e-4,7.656629290532501e-4,7.330893642405112e-4,0.0011288598909054484,-1.0288466240698626e-4,-4.11258580424374e-4,4.102472137042647e-4,-5.738029035313183e-4,0.001902080662514907,-3.774835124555424e-4,-4.946598925751649e-4,-3.068031659353693e-4,8.087271614303506e-5,9.382688564324211e-4,8.460251749848285e-4,4.302509521147807e-5,5.776561541659508e-6,4.4154076993170225e-4,0.0014264023184389616,-6.361534359929121e-4,-4.965108977800932e-4,-7.101086094401152e-6,-1.566054262750435e-4,-1.786239800342803e-4,-5.582835398312831e-4,-9.557871763198143e-5,3.644701063549504e-4,-4.283705202088508e-4,6.033351688815008e-4,7.276297590191552e-4,6.42751293612101e-5,8.588488555363469e-5,1.843502764863774e-5,5.90343110769018e-4,-1.0287573938792993e-4,-1.5796195199882588e-4,9.728233379438656e-5,3.163420426690047e-5,2.885220248836333e-4,-2.6341237804569634e-4,2.2318192267617465e-5,-1.7395659371345664e-4,8.860582947880993e-6,2.878667399347174e-6,-2.491503549017364e-6,-7.032425583451496e-6,-8.063343521813067e-6
C15-C15ev-C15by-C15dt,5.185834947206549e-4,8.248945260383306e-4,0.002343448125341992,-0.0017821559232226469,-6.962702712873868e-4,-5.657863691444686e-4,-0.0013326012908796265,-6.287837373534383e-4,-3.9252521166124275e-4,0.0018259455980821097,-0.0025239773123608544,0.0010519825263970233,-0.002799237693947644,0.0038426440000149612,-0.0018912566004224425,0.0011526693588858662,9.026482015960847e-4,0.0013406715485192568,-0.0012912468126823479,5.601616165357184e-4,0.002756232604022383,7.425378358213514e-4,-4.4292478036871407e-4,-3.371978779904191e-4,-0.0011475166221315886,8.293691141240704e-4,-3.200805076420415e-4,-6.460022819038691e-4,-0.001211844168490319,0.001170565883860294,3.8456750957279704e-4,4.275411016086811e-4,1.4237074126363967e-4,-2.2231451785378805e-4,0.001407978033216717,8.843923768916307e-4,-0.0016770004769196716,8.166672776648936e-4,-0.0023774566662922046,-0.0077830288528254144,0.0015705627023313885,-0.0013215956057924018,-0.0014832383770658354,0.0014723833651776547,-4.7467406833882333e-4,1.3491596331217007e-4,-5.2128246687350024e-5,-8.39396453762116e-4,-0.0019592916428889436,-5.156311946187643e-4,-8.30989629979384e-4,-5.887105253756917e-4,-0.0015217359465449836,9.993309288274157e-4,-6.862314411664146e-5,-1.7284875364202977e-5,4.957985441986959e-4,-3.1729274545604894e-4,3.075989375205207e-4,-0.0011166822556178293,-4.973118255710542e-4,7.278897862447839e-4,0.001188214099087119,-1.2163547809444913e-4,-5.520565765162128e-4,-0.0016820931477931338,0.0018509911103604835,-0.0010620214342985251,3.0509132432428565e-4,-3.21533744572901e-4,-5.777500552419268e-4,2.5824711610110033e-5,1.319181750502187e-4,-0.0010452036011663075,1.3952604955325728e-4,0.0023444219531487424,0.0021589179460008824,6.451772841560312e-5,6.847813826006282e-4,-8.886588341494654e-5,-4.910567359420696e-4,-4.7512376159540315e-4,0.001584241032579855,-0.0011420791152052922,-6.285114901513119e-4,-4.883308309508148e-4,0.00299254451334583,6.432058778621108e-4,-0.001348581916426234,0.0010260896717029001,-0.005077593298339564,-2.699731541056205e-4,0.002409149097086396,-4.428475401207861e-4,-7.980088630022394e-5,-3.515445925148809e-4,0.0017872048468647729,0.002830776427212146,0.001967224904332255,9.561127192186777e-5,-0.0010567400934475832,2.065733292268069e-4,2.88098761977364e-4,6.229309236827407e-4,4.1629129259408986e-4,-8.116911915498734e-6,3.130516006046774e-4,-1.3048379734500583e-4,-3.1657256827234557e-4,-7.179759371591225e-5,1.2667658006553382e-4,-1.3862784668362984e-4,1.7709615085213397e-4,-7.908371633797493e-4,9.847964714309425e-4,7.110333927994936e-4,1.257660910645575e-4,-2.794382807479771e-4,-5.709632411168942e-4,7.01353085479474e-4,-5.87739608384244e-4,-9.407023499034912e-5,4.502485502252165e-4,-4.177060621462773e-4,9.763816988899119e-4,6.044592919469891e-5,5.52616114019238e-4,-6.705630030479396e-5,5.400780700851538e-4,8.108905994782217e-6,7.961896298471696e-5,-1.9319351960267564e-4,2.7046661026693336e-4,2.8069584760662206e-4,-1.0926955340455946e-4,-1.8384514172011122e-5,5.679623516965097e-5,2.273036359273272e-6,-4.917323259411029e-6,5.279129883306596e-6,-1.0408974911861588e-5,-1.0180685486769378e-7
C15-C15ev-C15dt,3.505208207246773e-5,8.993537500819023e-4,0.0028920232457840876,-0.001236647762111476,-0.0012732950124738462,-0.001029292982322071,-0.0015457794507102677,-3.538090545911837e-4,4.74344628760916e-4,0.0010868285778822455,-0.0011718739172049011,-1.4043760906883103e-4,3.0360908243768806e-4,0.0042494402002468895,-0.0017912620519042138,0.0011262857130165756,0.0010816198065816194,0.001855938478692007,-0.0014777386245315776,1.313778387427774e-4,0.002675547559869759,6.974599239649156e-4,-3.778088235626123e-4,-3.28013221092989e-4,-0.0010780329648965908,0.001296044527869788,-1.6030382146063426e-4,-3.2676294757295264e-4,-0.0010222551572140453,5.600680576587486e-4,-8.202134416359542e-5,1.7588327507401359e-4,-6.198281530258968e-4,-3.005768812039016e-4,8.006883756313264e-4,0.0010426506147171192,-0.0012996973357005046,1.2790330530394837e-4,-0.0018196347819933322,-0.005496159956508451,0.0012184577454379605,-7.035755513810052e-4,-9.97723532506106e-4,8.340815946405631e-4,8.264434525445189e-5,-0.0010832983975497157,-3.1098092076569436e-4,-4.289626825915755e-4,0.0014919008885238602,8.613897573668697e-4,-1.9228603224459565e-4,3.9379108971034355e-5,4.5824795876910686e-4,-6.306885076491244e-4,-2.974763733584153e-4,1.9759759943276507e-4,-7.239044631346328e-5,2.6596265109725165e-4,1.7633598511423315e-4,-1.5285492871350997e-4,1.470475102046694e-4,-1.7728526159534077e-5,5.305488071962876e-4,1.293848929320021e-4,9.173847425640366e-4,5.51014715591962e-4,-1.718003291251542e-4,6.612655616830125e-4,-0.0010077637229120304,5.586846749629122e-4,-6.057623329947264e-4,-2.3788105833592445e-4,6.063696546364442e-4,-0.0013930837672179676,-4.2270110090190867e-4,0.0010161617566475927,8.77109428994708e-4,3.4989336073213274e-4,9.270694087146602e-4,-7.162944781890402e-5,-6.512287307565084e-5,-3.484134859265467e-4,0.001350753354446218,-8.971617845159802e-4,-5.304704636763702e-4,-1.1817029407365359e-4,0.0019152738525914914,3.874017626332658e-4,-8.397686663265571e-4,7.135663266151363e-4,-0.002904178527828475,-1.3263723323277032e-4,0.001025515677966375,-1.8655780321634184e-4,3.2288006409367465e-4,2.2195541885869272e-5,4.6958875300829244e-4,0.0012725935296782908,4.126365063485002e-4,2.1355146286099685e-4,-1.219151660668967e-4,-1.038912708889054e-4,4.0600005214180395e-4,-6.10782247082359e-4,2.2592701461802937e-4,1.7912475590373638e-4,1.343485674125926e-4,-1.8324986005268672e-4,-2.068303173520053e-4,-2.6386996029458584e-4,6.296573014028114e-5,8.055932401925437e-6,-7.404389665651992e-5,2.4177957273840042e-4,-2.9116935970159086e-4,-8.51435211031024e-4,-3.205004476996619e-5,-1.9582727213583734e-4,-1.3038623460614177e-4,1.8553026265680879e-4,-3.668984701225228e-4,-8.781877170962328e-5,5.868640563982363e-4,-2.7732254121291274e-4,-3.8579376226583476e-4,-2.7577320179230832e-5,2.0672358053368728e-4,-8.005385026623147e-5,-3.1740994057555456e-4,1.2992205511574455e-4,4.134573151041831e-4,-9.01085651033131e-5,-1.9737706717305904e-4,-1.876546859830553e-4,-1.92496932745534e-5,2.693913476295136e-5,-4.054799304632755e-4,2.2661786134250852e-4,-5.893098895213099e-5,-6.1316534140033e-5,-3.59994700292754e-4,1.1052026109008267e-4
C15-C15ev-C15dt-C15jr,1.8352797709777132e-4,8.624340608679047e-4,0.0027080586768594697,-0.0013651821272643938,-0.001132392155754571,-9.277018190485115e-4,-0.0014887580909296936,-3.971454507988334e-4,3.5835445291732915e-4,0.0011273212671802251,-0.0011748780665464848,-1.476767849763494e-4,2.9879043995569e-4,0.003937900173948057,-0.001723352900706029,0.0012026188928866365,9.85195000585529e-4,0.0015912923077123417,-0.0013794835536852822,2.804105616837194e-4,0.002639210086480966,6.965082310493846e-4,-3.7244660409458075e-4,-3.0086494090054137e-4,-0.0010929061515185018,0.0011322474990035024,-2.099784720659468e-4,-4.238595483117464e-4,-0.0010504289297050449,6.919709407086901e-4,6.690436137007779e-5,2.1923079216299994e-4,-4.87197592280088e-4,-2.8027170525582625e-4,8.679509254473073e-4,9.347034707050479e-4,-0.0013552269615644491,2.409492336084893e-4,-0.0018233492931719816,-0.005905309062882187,0.0012576663777515264,-8.500870613154935e-4,-0.0010831412344293164,8.694528339705855e-4,9.56349480275569e-5,-0.001002922403356697,-3.1414033308167376e-4,-3.5734269719335846e-4,0.0013977831416231632,9.01249270349979e-4,-1.4349789365559202e-4,3.1259088520190676e-5,4.5066925675487545e-4,-6.140277711234728e-4,-3.178634706171023e-4,2.222547136883514e-4,-1.1346008424308496e-4,3.5628603094971646e-4,1.974880749309976e-4,-1.1083516716316869e-4,1.8210392881685812e-4,1.6905394040000795e-5,6.617690256530716e-4,1.2953808571239183e-4,9.196792795998021e-4,5.818099251173965e-4,-1.8080051759413826e-4,7.161666712780343e-4,-0.0011318059496448103,5.123506562789059e-4,-6.936926111597126e-4,-2.2918835661686984e-4,6.85215312093991e-4,-0.0015422100547495172,-4.286227102384146e-4,0.0013538252317691337,0.0011340156946755412,4.433634752164386e-4,0.0010689972433274575,-1.2092173543605556e-4,-1.562130057569375e-4,-4.2581845221710394e-4,0.001584913473324032,-0.0010660902956568926,-6.302207250077698e-4,-1.4799686818325628e-4,0.0024146542452581467,5.057807848388993e-4,-0.0010545878290685966,8.821638558639831e-4,-0.003910891381722223,-1.7663804471779187e-4,0.0014442497757240047,-2.2763473832972537e-4,4.005483243353544e-4,-1.890582871818479e-5,7.100715773140406e-4,0.001901703571575888,7.263684672280304e-4,4.244764941482195e-4,-3.1862887470661215e-4,-1.3116167283649708e-4,6.227400755386377e-4,-8.700938319641845e-4,4.128546768753659e-4,2.8597443864501423e-4,3.43687008744958e-4,-2.718419903517815e-4,-5.962606819522506e-4,-4.5528843149552533e-4,9.734927580499496e-5,4.312529385668134e-5,-7.892244719582872e-5,-5.066937853903988e-4,6.266223027759778e-4,7.867136269198001e-5,4.8604419156679943e-5,-2.215911741072175e-4,-2.4754809050022493e-4,7.680400265974713e-4,-7.687649145409574e-4,-3.2063307634154085e-4,9.595125615254968e-4,-8.047086176887456e-4,1.4441790313709976e-5,-1.3999192546992135e-6,5.364187076016152e-4,-2.2600083864814883e-4,-1.5121268878897852e-5,2.1841920217226664e-4,8.943963288554248e-4,-5.721498584768012e-4,1.1507271231409063e-4,-1.0572019903164586e-4,5.077629529937859e-4,-2.3845002813999064e-5,5.828196645528135e-4,-2.1773071593196613e-4,1.1007615363677929e-4,3.5884370181160414e-5,2.610684284999247e-4,-3.8586041788219484e-5
C15-C15ev-C15dt-C15pm,2.5455614543519933e-4,8.472828667710978e-4,0.002625511456523644,-0.0014505148697315747,-0.0010452735910115884,-8.652943186312293e-4,-0.0014515604997493029,-4.296868417658598e-4,2.7476017413538654e-4,0.0011456491895852183,-0.0011984074691679318,-1.2668196584425743e-4,2.8471065906592215e-4,0.0037542398593815125,-0.0016941031465002516,0.0012549453657863248,9.223290340418541e-4,0.0014270655502533437,-0.0013481872213185117,3.7405382940453914e-4,0.0026460398189350923,6.772997302937121e-4,-3.803363724337399e-4,-2.990724885522206e-4,-0.0011051217556912714,0.0010235953572558139,-2.4130322890477957e-4,-5.235973931385896e-4,-0.0010818684656676934,8.065599360178416e-4,1.8514307304983956e-4,2.480499412520336e-4,-3.764963519912677e-4,-2.5026723140674834e-4,9.51914996196419e-4,8.601588808777285e-4,-0.0014247738719468505,3.216855411848349e-4,-0.00188707489080215,-0.0063761752279920935,0.0012724965927167502,-9.727935928416558e-4,-0.0011951203825955987,9.322171786474918e-4,1.0142680761693528e-4,-9.162317876680264e-4,-3.076499306598815e-4,-3.5651652025629044e-4,0.0011649080541051968,8.150972703266404e-4,-1.4129320908761833e-4,4.7811701461452434e-5,4.292869789869542e-4,-5.820412716623533e-4,-4.146155873344011e-4,2.5750646059858435e-4,-9.386457328054865e-5,3.9961622991317416e-4,2.0980793622387632e-4,-1.107720122619755e-4,1.8800921700506121e-4,4.042478317915007e-5,7.581888095389253e-4,1.2941423028745014e-4,9.00604583744285e-4,5.633476238433172e-4,-1.367178029229826e-4,6.953230444195883e-4,-0.0011227950443167742,4.77796135056626e-4,-7.478793293414584e-4,-2.1921080409410758e-4,7.178781590778614e-4,-0.001580849594477542,-3.992136345174607e-4,0.0015938788414903969,0.001307291540561518,5.166002326587068e-4,0.0011164214731573972,-1.2692023869772363e-4,-1.8451487095506405e-4,-4.639232052656213e-4,0.001664029687577545,-0.0011642092298945678,-5.95132570102768e-4,-2.467230140571943e-4,0.002736513606572415,4.3209122125465604e-4,-0.0011582668056327465,9.578841798254784e-4,-0.004185956954938384,-3.19953113895662e-4,0.0017504893857828061,-4.189809318174712e-4,2.908948143847332e-4,-5.200764303003026e-4,4.450999638766162e-4,0.0023112869503787883,8.546155525311832e-4,0.0010945759921456282,-2.0982533270708678e-4,-1.8543897669506592e-4,0.0010319267660468343,-0.0016780934742801946,5.321294070692687e-4,2.50761891897878e-4,7.289313691493759e-4,7.591426935768266e-6,-6.580750177940712e-4,-2.2802138995473053e-4,-7.90410927948513e-5,8.259252332120415e-5,9.429710068588188e-5,-0.0012407972271586633,6.221024528100275e-4,0.0016114811111640301,1.339583739421924e-6,4.872350202911364e-4,5.012847431640247e-4,-4.36061935926654e-4,7.559853657197493e-4,1.1043740715342335e-4,-7.649757747277831e-4,4.790471435970658e-4,-6.516245197964761e-4,1.2844239080204357e-5,-8.550743762030582e-4,6.807002205133762e-5,-2.07442576327529e-4,-2.8140462416347185e-4,-0.0011149772974514383,5.007509853981833e-4,1.1025742754228119e-4,6.846743555158698e-4,-5.590260679808052e-4,-6.654900278333376e-5,-3.993895047928391e-4,1.8070898055232516e-5,4.591098129661948e-6,-1.8290050231108362e-5,-2.752653330316117e-5,4.680868527045613e-6
C15-C15ev-C93l,0.0025149767162068863,4.2420480938377893e-4,-1.3091148776677906e-4,-0.003781271782993711,0.0020052135044750083,-0.0012609635984927776,-0.0010036182441684536,-0.0010187665734236989,-0.001408567384509663,0.0015856208977634075,-0.0013834940672617596,1.5936567185664756e-5,1.657532060651272e-4,-7.754321754209586e-4,-8.687775159347936e-4,0.0019917292080264505,-8.072839979407106e-4,-0.002506181667773463,5.249761219158365e-5,0.003197610321818282,0.004647262962471563,0.0015255335366086312,-0.0015655760705903714,-6.953868663172313e-4,-0.0020145676452849657,-0.0030030139171878375,-0.0018049573556484584,-0.005286484943951462,-0.008355667525503903,0.007720721594392655,0.018413408521322134,0.002567527886670881,-0.004791984434075103,-0.001974253158671392,0.004335808745883367,-0.016729986331988345,6.325578595605718e-4,-0.0023050526242309895,-0.004329877960681846,-0.027972756373155664,0.004239614411943516,-0.00562433047146206,-0.0038448426476606077,0.00746419193088893,0.00142126136107384,-3.922921476604014e-4,-0.0017255786200359353,-2.7924867982437253e-4,5.584916068483361e-4,-4.645655903490134e-4,-1.0123348414604887e-4,-4.2788059925840603e-4,-2.1953152815366818e-4,2.2376990860957817e-4,-8.957043882204337e-4,-5.5559530486228446e-5,4.5485673528772313e-4,-2.506562072807546e-4,-5.209938083138722e-5,2.4394555177753008e-4,4.305382522882758e-4,-7.81177142380445e-4,0.002797028480300012,0.001407644615454,0.001883244669328946,-6.835701019970828e-4,-4.4860540208205307e-4,0.0014159494926439628,0.0011987996155124877,1.467396431636474e-4,0.0013477985186344285,-7.824891330136734e-4,0.0013051564545084882,-0.001850352250864357,0.0032593385621316404,0.005397783163089145,0.002147244505018578,0.0010212343400338895,-5.72627223931911e-4,6.50799421871117e-4,6.14351544722668e-4,7.845775341519843e-4,-0.0014261679415635666,0.0011193446476913365,7.586370115536945e-4,9.215991379097453e-4,-0.0029721985975536525,-2.4249969490590772e-4,7.30757035043457e-4,-6.876051257083372e-4,0.003350915881653432,5.249262413729558e-4,-0.0014075598227050075,1.8129822003030605e-4,4.1260806220388084e-4,6.607403957280964e-4,-5.784269072131865e-4,-0.001655368243436498,-0.0011029273151869005,-7.573130937686608e-4,-8.204594123734381e-6,-5.69356371113461e-5,-6.195617140638544e-5,-1.2088801124229415e-4,3.530312402515939e-4,2.6529350092966935e-5,-9.698530698761047e-5,-7.851510514988349e-5,-3.229860473208015e-5,-1.960538993219758e-4,-2.648479174201846e-4,-2.4859510417759103e-4,-1.8595246643275051e-6,-7.411194561485264e-4,1.5061603114855607e-4,1.814542506181843e-4,2.0509322860359835e-5,-1.8233148554972404e-5,-1.7940451284715125e-4,2.688930114962192e-4,-6.986631006181222e-5,3.3891468962020205e-6,-8.368475956139226e-5,1.5768575393181227e-5,-5.556669718712864e-6,-3.913788732376583e-5,-1.8601002899802936e-4,-2.2104901715004836e-5,-2.5174482679473406e-5,5.706089248618823e-6,-1.3695630681247215e-5,-3.264230564732925e-5,1.2607194020327898e-4,-8.262003471312776e-5,-1.639279317950581e-5,2.9041858167375824e-5,6.56215372253219e-5,-3.061397604990813e-5,9.10527416368273e-6,1.7737197796380144e-6,-6.679591243164165e-6,4.2718004397418254e-6
C15-C15ew-C15ft,0.010896940595968935,2.3128431962819476e-4,-0.009442603030854788,-0.015811238215894304,0.016046935051950838,0.014531002318101257,0.007471002743693617,-0.013624562772479795,-0.05045899578040788,0.10155875569743956,0.08039215731815746,-0.008695171930569527,0.005041252972071583,0.019478644330862032,-0.005155137890425917,-0.005634694082004075,0.003457298648448045,0.005341871464382718,-2.3697649035389376e-4,-0.0015904553391160043,0.0012912830256961044,8.978601826145231e-4,2.3092855355689388e-4,-6.534649249354903e-4,-1.9824197194691186e-4,-2.6013231414082777e-4,-5.398194466230221e-4,7.510558783545916e-5,4.2423873799129194e-5,0.001565287933061328,5.297580245512506e-4,2.215562371751555e-4,-4.1138822062423974e-4,0.001272715267139002,-5.206368522065284e-4,0.0015280143294147809,4.13409028750265e-4,0.002766407924854659,0.0016077971759882398,-2.2793334455955107e-4,-4.0531957362467485e-4,-0.005395416661298988,0.004001887751680844,-0.006715479173617442,-0.006713261943509944,-0.00830897313675853,-0.03980967141155959,-0.0014315826340180265,-0.012573516092770213,8.566823999681554e-4,5.381522295863567e-4,0.005431463621850634,0.009333821175218802,-0.005043984330520499,0.00804583106423411,-0.0020240927884305616,-0.0029456222797202467,-0.004161294181978771,-6.725039614403112e-4,-0.0010464284230380177,-0.0021647290064255634,2.9192472792053386e-5,-5.433085879566317e-4,5.123801853958879e-4,0.001251277666499157,-5.033670734697946e-4,-1.8101363283814793e-4,4.098385268597553e-4,0.0015940015027199406,7.54481567786907e-4,0.0021041513548937132,0.0010805075041493914,-2.497035827802939e-4,0.001560683293725335,-0.0023018935660432303,4.6036172637938736e-4,0.0011832437564149114,-3.525137945185727e-5,6.99724349145292e-5,-7.774018142419507e-4,-0.0011949224028198614,-3.025695002645912e-4,8.818078926518069e-4,-6.958963421788802e-4,7.166795820357581e-4,3.195546902716396e-4,2.144669803439639e-5,-8.858524596056416e-5,-1.0260291403013541e-4,-1.3361139507168636e-5,1.4443480448828646e-5,7.943529553100938e-6,9.509547793245582e-5,8.124175295071152e-6,-5.869988444087449e-5,8.712743422485312e-5,1.498825911760205e-4,-2.4230025247023976e-4,-1.0615164157496943e-4,-3.396240423147855e-4,-2.5376204018113206e-4,4.618753425167055e-5,6.866401248345916e-5,3.2484733264297754e-5,-2.2226113357539862e-6,1.5074407817098754e-5,-2.4496595547085904e-5,-6.830114202805264e-5,8.249248735224322e-6,-5.163779819938984e-5,2.3323495149692593e-5,-5.7279488453013766e-5,-4.717493827216615e-6,-1.0493668214445528e-6,2.9710087308413373e-5,-6.56651673955924e-6,1.6964091259534562e-5,4.6938491579054665e-6,-1.0321247895056188e-4,-8.877255226063944e-5,-1.7449620347790306e-5,1.154282573639637e-7,1.2693315446228518e-6,-3.582554045422336e-5,-2.6122582539545256e-5,-2.563159679098013e-6,-9.08854531488105e-6,9.753154253668664e-6,-1.5922004381432538e-5,2.0747937960298253e-6,-2.6459392509801194e-6,1.309211497166638e-6,2.4526369436639e-6,-2.156362594143192e-6,3.238924790316397e-6,-6.272904775754111e-7,-1.4940707198378852e-5,4.109876332335704e-6,-8.743213390119242e-7,-2.0882434084015536e-7,1.2303677327889368e-6,-1.545702145897845e-6
C15-C15ez,0.005156754141517985,-3.5761634121130075e-5,-0.0031354174451303563,-0.006421172088275356,0.004523750724993721,0.003188760201828845,8.273780314259429e-4,-0.0024255250981743497,-0.005170051182747911,0.0030184789400913834,-0.0020709543770776055,4.4319981362470556e-4,-2.047003047767718e-4,-0.009588477922766498,0.0013166706923191712,0.004427581679889917,-0.0033259451703608685,-0.013610716866155047,0.002812201568621364,0.010067809106522276,0.001083469259330197,-0.0014177352018418202,1.6215368140114368e-4,0.0015872598546150475,-0.001708300121500883,-0.019545394453388095,-0.005983085585991926,-0.08168948707140908,0.02025217491019863,-0.020610686427123066,-0.00816051670759197,-2.4189608480741138e-4,-0.005038051640334173,-0.002977403036907358,-0.0010854198099742624,7.529541161180524e-4,0.003717124845054269,-0.003931511252701792,-0.0014865603761993074,6.252935557290372e-4,0.0019708103690810434,5.534519744635361e-4,1.970713290300395e-4,1.7907516427840013e-4,-2.9819746667101855e-4,-0.0012094482558160653,2.5507697627110386e-4,-0.0011507656267425107,5.937260963911927e-4,-6.724253464238445e-4,-7.377254229624056e-4,2.497493696543132e-4,-4.942979244297065e-4,-3.22264703660805e-4,-1.278174142311956e-4,-2.4309742219897696e-4,3.8453255541584004e-4,-6.157386122511517e-4,-4.229688252667414e-5,-3.0136366125133154e-4,-3.085519275039633e-4,6.898589940708065e-5,-1.9779928668917516e-4,1.5751276337284704e-4,1.2167723120146954e-4,-2.1120488208755585e-4,1.440863296995608e-4,-1.8219272056397006e-4,1.335723612371415e-4,2.70668459567328e-4,5.886305083173855e-5,-3.49205737641885e-5,-9.916573317572378e-5,-9.653283773651033e-5,6.228322259469909e-5,-5.292367497764493e-5,6.001667156664849e-6,-6.594039086372444e-5,-5.313234084501166e-5,1.2402527505250518e-4,1.6614585599560264e-4,-2.005218906545629e-6,1.1227813380625445e-4,-1.2313285732484968e-4,-4.937784304029934e-5,2.647180359267871e-5,5.557010892443197e-6,4.058051863041588e-5,-1.1069356639303159e-4,3.957147306895072e-5,4.0701204540471354e-5,6.9332526326423604e-6,2.1279368301005587e-4,-1.0830804389552885e-4,9.084144135874017e-6,-1.2357254127647957e-5,5.515774000466363e-5,8.2145762980258e-5,5.826940438738878e-5,-2.181046337241503e-4,-9.76506784092975e-5,-4.9064906473068994e-5,-3.5409801251976564e-5,-1.4180363980111522e-4,3.5465731774991446e-5,-4.3970878288050124e-5,3.740052420243431e-5,2.639599804535758e-5,3.16482960581598e-5,-3.1199878566675803e-6,2.807623559826125e-5,-5.892863136917195e-5,7.447646542681224e-5,-2.9431746171778696e-5,-9.149490630852298e-5,2.2312841932965032e-5,1.7550790259173377e-5,-7.566804686196434e-6,-6.788392777839106e-6,1.8127079810706683e-5,-7.29485836599553e-6,-2.8762865392650752e-5,-2.047132891701918e-5,2.4279489092635193e-5,1.3172043776200072e-5,2.317914374026691e-5,-1.3833457421494313e-5,-9.218792312984043e-6,1.3330902290656268e-5,1.387838053196955e-5,-3.52270869295908e-5,-6.802825331726138e-5,-2.2754060064255297e-6,-4.1283908255556245e-5,-3.9147968120640956e-5,-7.598112525804332e-5,1.3595853958754656e-4,4.3945729570625574e-4,7.935100684000033e-4,-1.889387930264915e-5,-1.4948149489706936e-5,4.530599388728255e-6
C15-C15ez-C15qv,0.003579151731743267,1.7869529176905684e-4,-0.0013104405225480963,-0.00480749576486613,0.0027240961207173034,0.0018834442005910797,8.763578051401962e-5,-0.0017832752042428934,-0.0034167234488314507,0.0023441764304069895,-0.0016887601843800194,2.447142510061752e-4,-3.9655782977157515e-5,-0.005373560459249606,2.710050870020224e-4,0.003304960884041646,-0.0019249432438822503,-0.00888196877242785,0.0015283722058062866,0.007024114340184583,0.0014305483931556268,-7.284555483799764e-4,-3.970168182159289e-5,0.0010369472619744444,-0.001433860012995376,-0.013192633016206995,-0.004205453896615739,-0.05648719412909634,0.013938167926083192,-0.014376551642363773,-0.00596609198670515,-2.8508485077618497e-4,-0.003915704421443517,-0.0020025395375076445,-7.813314375468059e-4,0.0010993416113188837,0.0022889290552799385,-0.002491092663949948,-0.0012980395521028643,7.08572865744139e-4,0.0014666591600855994,5.619754549013276e-4,2.744889775150638e-4,1.746369679074732e-4,-2.6280664670235235e-4,-0.00107178814612369,1.0157286282756749e-4,-8.602823351396662e-4,8.603040006246766e-4,-6.357259163871044e-5,-4.310611358937037e-4,8.086274995893359e-5,-1.9192031670255575e-4,-3.549331000016255e-4,-4.6759007221429506e-7,-1.0641567799081082e-4,3.287160132217004e-4,-3.828556299867078e-4,4.481112234796726e-5,-2.9508959963514124e-4,-6.0529538284321314e-5,7.623196044306199e-5,-1.5097062089941592e-4,3.26862212262871e-5,1.667342763448576e-4,-5.833847752157707e-6,1.0581563700392961e-4,-2.802681785475348e-5,-5.593954863877403e-5,1.7488571092582367e-4,1.4349220829474517e-4,-1.1139696248659113e-4,1.1216850025116759e-5,-2.6824308848258854e-4,-1.4115927185012495e-4,-2.0129102567147486e-4,1.6929244748116945e-6,-1.3328385210620538e-4,1.6121214150102077e-4,1.3512775411103465e-5,8.174847038607561e-5,-1.3013481771243082e-4,1.1115299169290978e-4,-8.682176900300464e-5,-4.1576638756024293e-5,3.785020666598159e-5,2.1344069942111796e-5,-4.9108562509801886e-5,-2.2708269808118315e-5,-3.084634683252671e-6,4.206812948612106e-5,4.3107684179975965e-5,-2.062700364958866e-4,-1.81051759711755e-5,-7.997187019838477e-5,7.15732480229703e-5,-1.334073002052624e-4,-1.3033876898486333e-4,-6.975751762077463e-5,2.1217687833514047e-4,1.7455296429510448e-4,7.295034818627704e-5,6.892634873225063e-5,1.7875776487075686e-4,-5.3333980848654514e-5,2.5422715049498905e-5,-1.0629077385553831e-4,-9.970537767080659e-6,5.9640899913648766e-5,-2.827382993096983e-5,-5.4740633460628415e-5,6.31460519750953e-5,-5.484020664206429e-5,4.918521737497087e-5,8.748601290183772e-5,-4.573471278073911e-5,-2.6666411190584398e-5,5.674348913544624e-6,1.5585821318512117e-5,-6.549382130355903e-6,-3.5874922380166175e-6,4.543358353185052e-5,1.992213186295786e-5,-2.7114083500481626e-5,-1.3892956063837485e-5,-4.864005220612046e-5,1.917403383014381e-5,3.910065585532802e-6,-1.3764582381008877e-5,-2.0786145903105285e-5,4.6274110916092396e-5,9.793145778230187e-5,9.099313023428128e-6,5.888861494999516e-5,5.8195498813417716e-5,1.0886532795763849e-4,-1.9244055541649404e-4,-6.360759980183049e-4,-0.0011455513921056829,2.702265167534815e-5,2.173299850337959e-5,-6.591818409267659e-6
C15-C15ff-C15n-C15bb-C15fg,0.004758192768811287,2.4651969572975934e-4,-0.00259985249276093,-0.007350291945100034,0.006436189173461429,-0.001313338531803386,0.0012639642733190113,-0.002330189147655203,-0.004609991721903381,0.009501680693186298,0.004793810330957244,-6.555887881213368e-4,5.806381895599778e-4,-0.00589431929530187,5.936351178576346e-4,0.010827019058069537,-0.015757642823602775,-0.0027615544609731354,-0.007699518251807704,-0.0032956293329818647,-0.03242024631514257,-0.011184400682583142,0.0025791640857155606,0.007329349053036633,0.010940100609687376,0.002667158475157134,6.162576938401062e-4,0.003455583973806402,0.007366510728922655,-0.004801105691646796,-0.0091592256764667,-0.003566125219465831,8.745719907149176e-4,0.0010395343851028868,0.00395792337324854,-0.017526360827085474,9.211424047418911e-4,5.186508471967195e-4,3.368341191965599e-4,-0.0010946804210139167,-0.0076122284069336825,-0.010618355212848096,0.004314473135268483,0.013039607014293585,0.003727180660583576,0.005029456146725273,0.01576321077219837,0.0013131807697255582,6.570499053160442e-5,-0.0011986458393528482,0.002401847369466852,0.007992997053217269,0.01115175079410688,-0.008281014050082155,0.01960247520314974,-0.005377021790152603,-0.005194050382819282,-0.008008790675898976,-0.003321631177561242,-0.004010458941497615,-0.0036146657982184475,0.003054936495971059,5.519770944892191e-4,-5.149215747955817e-4,-2.520143565217594e-4,-0.001495854549466882,2.602033146851527e-4,8.110753184770148e-4,0.003889110262476377,-0.004232921313292393,-4.0490932288025705e-4,0.003477956735938844,-8.561118466888676e-4,7.328607865237679e-4,-0.0017017477619432062,0.0010015718647504888,0.00032910082173638416,3.4474655748595393e-4,-5.22279521927451e-5,-0.002227735305486575,3.8879088639916297e-4,-4.3403101497505703e-5,-8.773780039387674e-4,0.0012170138606180712,0.001033865606474861,3.363391192644113e-4,0.0038648581793425322,0.00307049105499288,7.166163567788559e-4,-6.445366549561463e-4,-0.001889716702596186,-0.0012167655624204863,-0.0017708231061950683,1.8716736432789825e-4,0.0012636751034326146,0.001907699765296988,5.355994926020374e-4,-1.0188699231378108e-4,2.9804946853280147e-4,-5.685611950682623e-4,0.0018695789745028007,-1.1979663433986497e-4,-0.001353831191157823,8.250457925519854e-4,-6.674004401911275e-5,3.0401551502106256e-4,-2.315525720860825e-4,-1.9819511744936907e-4,-9.731881808903383e-4,-2.937365263973387e-4,-8.498228459551108e-5,6.060518741722244e-4,-8.160782378691546e-4,3.760472175312918e-4,4.236424061015871e-4,2.7508967914672154e-05,7.484007295632312e-5,3.4457498957958765e-4,-4.773714984657941e-4,-5.663605811752018e-4,1.4363644914476545e-4,1.3500901895357732e-4,-4.919413421502039e-4,-1.443295545929344e-4,-2.859612203329721e-4,-1.2361361842548673e-5,-1.0814093126891096e-4,5.4507760662029694e-5,-2.2987591924110128e-4,4.844666712596408e-5,1.0624471923748963e-4,-1.7882322137030768e-5,-3.601435592254356e-5,-1.0021247532777442e-5,-7.107400972095014e-5,2.5455922191232527e-6,-5.837462603186254e-5,2.590965530841809e-5,-1.3827093633335422e-6,-3.9536264832012594e-6,9.978742016386946e-6,2.22484606081312e-6
C15-C15fm,-4.7503320375699736e-4,0.001020067267381394,0.0034826715773701015,-7.060281031473012e-4,-0.0018583513093949728,-0.0014846195223283088,-0.001778966096604502,-1.3911653104133582e-4,0.0010887189923602487,9.420406954964339e-4,-0.001067172749145284,-2.5640335570624044e-4,3.620948902478765e-4,0.005545015887969849,-0.0020087080771273996,7.226184042229865e-4,0.0016013651597081885,0.002950636931661788,-0.001767833686034845,-5.312242855799119e-4,0.0025361344047911062,7.412782367261536e-4,-3.148570236665411e-4,-2.4485573177262404e-4,-9.038242091844789e-4,0.0021467970528070506,1.418080009108105e-4,5.217023950392705e-4,-4.6633036142640545e-4,-5.613945266292256e-4,-0.0015839386684369666,-3.487560341346789e-4,-0.0018754703736391651,-3.636922559827233e-4,-1.457919600556446e-4,0.002263649020942613,-8.718914834323618e-4,-3.097466202513587e-4,-0.001027748863063117,9.851799461953086e-4,4.7762505200865104e-4,0.001048416484949462,4.3007848064871644e-4,2.957762875314756e-4,-9.014527717782657e-5,-0.001212359114243306,-1.4139163610612935e-4,-4.3883731734053425e-4,0.002033187794774532,0.0011715663168070703,-3.0790056869688386e-4,-2.866492672417528e-4,4.936128324160242e-4,-5.889433074906263e-4,2.1905226585899152e-4,4.412341506414552e-5,-7.948319191489652e-5,-5.346609310720934e-6,1.080062961748899e-4,-4.2056033411306333e-4,1.3068641280694014e-5,-1.2432766517116782e-4,-2.0249866469025052e-4,-9.274815605507828e-5,7.52048490873124e-4,2.0875716946645075e-4,1.0181141862069065e-4,4.455695539841398e-4,-4.5353037701710596e-4,5.022500901865322e-4,-1.5791264709480964e-4,-6.719104466619753e-5,2.6573085997564136e-4,-7.936311480008699e-4,-4.964668882274183e-4,-7.270189616322984e-4,-3.2145324761091975e-4,-2.0955339977397807e-4,3.0462319805105056e-4,5.77883288568372e-5,3.070938505961123e-4,-2.835439783815916e-4,3.3030316089501725e-4,-3.4301768594545835e-4,-1.996921179690432e-5,2.3429349443993507e-4,3.0094574096917594e-4,-2.461992223935385e-4,-1.4776895174630064e-5,2.5534327244029536e-4,7.957356463346189e-4,-1.5529970959369353e-4,-3.7423395769849426e-4,-2.4976752497282007e-4,-1.9843085622228487e-4,1.8949729373753511e-4,-3.2898230992900874e-4,-5.123535475824684e-4,-2.8919635834461974e-4,1.8543587274597238e-4,5.026609507461432e-4,3.414314750870002e-5,-1.7483161325124847e-4,4.623722969985945e-4,3.9201117314311714e-5,-1.298371631327224e-4,-6.552343673376486e-4,1.2818132396052602e-4,1.882090812762553e-4,-2.1504547645292597e-4,-2.3000042545484562e-4,3.565849125156784e-4,-1.37317559549117e-4,2.836167707368347e-4,3.1353103629266053e-4,-2.0062808654148427e-4,2.1943852809014738e-5,-1.350813430717099e-4,7.938313202329092e-5,1.0564556456218226e-4,-2.3465336728847698e-4,-1.0909716507595485e-4,-3.821538669634853e-5,2.3302040166091253e-4,-1.8350591913170756e-5,-3.820842804868317e-4,7.672039213614057e-5,2.2199531933928083e-4,-7.405367367463805e-5,1.3980238418990734e-7,-6.912777054858183e-5,1.9236798952346223e-4,-3.7428726221385186e-7,-2.8669959952237976e-5,-1.8089690585347597e-4,5.443481079119207e-5,-1.4281342753459414e-4,5.071671667518994e-6,-3.4127994241685916e-5,7.951016541463714e-5,1.7562158628513537e-4,-3.1403056279983866e-4
C15-C15fz-C15ni-C15cq,0.003490772671536419,2.0031322424804418e-4,-0.0014293425532356007,-0.0038807895026357828,0.00208179817158971,0.0015012276198860146,-6.690892738733961e-5,-0.001673078790853037,-0.003093844500074713,0.002035325029111195,-0.001814454449324093,-9.532139448498358e-5,1.8841563036844683e-4,-0.011960082126113766,0.006034304196245977,1.4152265467536797e-4,0.005343576615991742,-5.552092023990594e-4,-5.367485136959902e-4,0.001999875618159195,0.002525383723788221,-0.002057822378744693,0.008283143443361854,-8.058034709142124e-5,-2.0152392406758826e-4,-0.00253997923220353,-0.001779446302902089,-0.0011474752408958987,-3.232345210469237e-4,0.004915907298129456,3.956893660448336e-4,-0.0029447188579707012,-0.005602660499470309,0.002034813483910856,0.016528527191150926,0.004616543025620388,-0.003174289353184472,-0.0016039304822188574,0.012762384410875198,0.0036883813476480663,0.022714331404566447,-0.012935214640754268,0.008640231818072245,-0.005456328064957151,0.015986499238478634,0.006285860111027669,0.0014883331075740648,0.002674632718443382,-0.003331738730620306,7.661101674221588e-4,0.004335161980758313,-6.56288411051701e-4,0.016631621617712207,0.01610488941022646,-0.001217610742939917,0.003615301441070658,-0.004144661142552087,0.013759017431410479,0.0041826781436448066,-0.009441572692249392,-0.004204259722321613,0.0011670805433036805,-0.0033013131804187942,3.7027051470095353e-4,0.002165969509347707,7.742090014762748e-4,2.3184199452533054e-4,-0.0011925351305139514,0.002702019271935181,9.041164271625373e-4,-6.560779943220584e-4,-1.735148045769566e-4,-0.0011097776729828868,-0.0016361523506782671,-0.003770674897857211,0.0018889116892731408,-0.00197444552234803,-2.7908945904483475e-5,-0.0023545640924380064,0.001154386379326754,0.0030342417580275314,-0.001951926874833059,-0.001407665308009179,7.806441276577435e-4,-2.4228055602055186e-4,9.06699568427257e-4,3.699926652839906e-4,3.311456637495827e-4,-3.7007455954256665e-4,-6.673255800118262e-4,-5.476132720541419e-4,5.815258236749577e-4,-5.015008980345141e-5,0.0013647838070451567,-0.0014748797855165799,8.629954586966347e-4,-0.0017597272252471263,9.173615646262997e-5,0.0012026037537693321,1.297369713653075e-4,-9.184615292881323e-4,-1.7113259546009814e-4,-0.0012346664408008044,-3.900481520939798e-4,1.1493676562789034e-4,-1.5514765017668014e-4,1.6290151850198182e-4,6.19366960638634e-4,5.67716057224126e-5,-8.668066657298269e-5,1.1740621600672278e-5,-4.0686996250062924e-4,-2.1703825366799277e-4,1.0319726856616338e-4,-5.778574024895256e-7,7.759650258723738e-6,4.392197030727626e-6,1.471267821503595e-5,-1.2227132632747266e-4,1.1287259008876913e-4,-7.44869536589614e-5,-1.32963664405138e-4,-9.135103037276852e-5,1.07795713287251e-4,-6.742789086595832e-5,-3.0664469268881555e-5,-8.23534921620409e-5,9.55611688095714e-5,3.572390076887813e-5,1.0105670109351223e-5,2.8402396452987586e-5,-1.8711878928324074e-5,2.6244414446161114e-5,-9.740342243749569e-6,-6.3006760828393e-5,8.733330538058003e-6,4.53400757063302e-5,8.221796684780702e-6,-1.1198569733589344e-5,-9.666691217245966e-7,9.101180684227098e-6,1.4760205168670388e-7
C15-C15g,0.0018086574813918194,5.165436451725342e-4,7.606170716511186e-4,-0.0030143956055413627,6.411467165224507e-4,3.1529297028453935e-4,-8.002238241964639e-4,-0.0010055975365854727,-0.00123608939696363,0.0016063856445431082,-0.0014415085938945236,2.052279885323135e-5,1.720063807072953e-4,2.6621556284559843e-5,-9.43675273738083e-4,0.0024558947105408346,-7.214047915050682e-4,-0.001522940911062324,-4.367286596934713e-4,0.0022805623492687752,0.0030406056476974686,6.950961667787555e-4,-5.369608917289815e-4,-4.113276826278091e-4,-0.0016363802154657386,-0.001362720698751782,-0.0010331889364131883,-0.002929714000596556,-0.003083828698828745,0.004024817898245354,0.005578537562103289,0.0015193938250279487,0.0013360232636799108,-1.4115070804903289e-4,0.0033841470532004845,-0.003705744717188967,-0.002812089901500957,0.0017217445679962523,-0.004487804887967007,-0.029090865269139694,0.004091686315121449,-0.006785075650912875,-0.006030825806532657,0.0028148291024312484,0.0014334206435062142,-7.417184157714702e-4,-8.9085119849624e-4,-3.764806072289743e-5,0.0014379477325809284,3.040027921086757e-4,3.271951364110628e-4,5.829821420577886e-4,-6.761107557243388e-5,4.1606823194718505e-4,-5.134874023006525e-4,3.189093377298e-4,-3.147940474167451e-4,7.049525657838399e-4,1.4782333768600893e-4,0.001192722158310325,9.811716908634611e-4,-2.3955115565903586e-4,0.002863002564482614,9.724819616227805e-4,9.24686679795487e-4,3.368357937930558e-4,-5.28397614217954e-4,7.632665448006566e-4,2.7944112118457616e-4,1.7363524978806748e-4,5.493607206581251e-4,4.8170425595554236e-5,0.0012335297317981238,-8.482195925128475e-4,0.0018514676720207636,0.0059101141202699044,0.0029559166760670715,0.0016829742889051516,8.09951496561651e-4,7.620924646304806e-4,0.0014947420327982327,3.704400413183752e-4,-0.0019492093271080305,0.0010092076599910846,0.0011111784862158885,6.910001180258368e-4,-0.003384387300254942,3.047931068899019e-4,0.0013965783016970145,-0.0013515546280425,0.00501272469579886,3.328332042588658e-4,-0.0025163964079016336,6.110821332145424e-4,4.190512653313066e-4,0.001377397368058237,-0.0013335155717672789,-0.0024880665203328954,-0.0015677273372933214,-0.0012193440031906904,5.825558224143517e-4,-1.31811678617384e-4,-3.469475329301939e-4,-2.1422989563194296e-4,-7.226005005934684e-4,2.6219200405308546e-4,-3.241853289983336e-4,7.195767014648629e-5,-5.132390309425251e-4,-6.948985290939925e-4,3.0656761899346477e-4,2.8503540550939803e-4,-3.4900428307334843e-4,-9.707541575905073e-4,9.648381709793494e-4,5.565076545768575e-4,2.1075062193503217e-5,1.0140681505188769e-4,4.319924746745076e-4,3.9418110209102384e-5,1.012405181862621e-4,-1.1605411224949098e-4,-6.93933292514247e-5,-2.3347343716320667e-4,9.093734851486658e-5,-3.8732393380774496e-5,1.9230629624880728e-4,5.6994007396622984e-5,-1.2404515996891952e-4,3.376006135745238e-5,6.730132978813484e-5,1.21481761430298e-5,-1.5641109759491212e-4,-9.073252156897217e-5,1.5964974252673193e-4,-4.13464828565788e-5,1.8878583147888706e-5,5.930455451118833e-5,-2.740181216406132e-5,1.9227462186685453e-6,3.3757962695561066e-6,-2.675950538413854e-6
C15-C15ga-C15gb,0.0019209133026770525,6.490731396777316e-4,5.229931833824674e-4,-0.004216630356816909,0.0038958839514053483,-0.008423996915714863,-0.0024537833835511363,-3.137081504794632e-5,6.374350050003239e-4,7.769687585282315e-4,-6.880795246702769e-4,-1.2633967130678143e-4,2.3235223483451432e-4,0.0020684321465796037,-0.0014417342628658902,0.001043649607571593,8.993264177653788e-4,-0.001579706489214849,-3.863266767121003e-4,0.0028486638767755298,7.798219974305981e-4,-5.827306298633638e-4,1.5231002208396593e-4,0.002510899332587177,-0.008757243969965299,0.001826800832673072,-6.593166914683078e-5,1.6350577239193596e-4,-5.910389929394307e-4,-3.6510655305944153e-4,-0.0010004241441479962,-3.548419792721708e-4,-9.980906803004333e-4,3.402638875923837e-4,-1.0941926469234022e-4,0.0020631893930040117,-0.0011019741172204613,9.687427363289313e-4,-6.931032108066758e-4,4.1701268040606317e-4,-1.2407398946566583e-4,0.0010205044680840537,6.133746067874266e-4,-0.0014824887573740633,-2.6265403991856885e-4,-5.83026588118113e-4,2.9052970945930463e-5,-5.407820698359155e-5,0.001368168594056412,0.0020222983882970257,5.067877018412626e-4,0.0033689272880542834,1.1307268861216293e-4,4.661644047367143e-4,0.0014408213500583652,-2.3423046312574512e-4,1.8053637308185205e-4,4.858852292166585e-4,2.6458494278265022e-5,-8.198371959608234e-4,9.194189166545889e-4,7.316368274932962e-4,4.648949018184972e-4,-2.550420544218212e-4,-0.004576504394785106,0.008362725481221737,-7.630950666423472e-4,-0.006337287362780763,0.0025118764740389376,0.0031903256774092523,-0.0031945882206467578,-0.015484369149863904,0.0022449409615575237,0.0040942563655536985,0.0031518772388873647,5.623236717669106e-4,7.218388955660992e-5,7.494905784371067e-4,-0.002405417831412236,-0.006169288429454518,-0.002202284141048327,0.0010332714344786474,-3.0097069104128405e-4,0.0018063853989472962,0.0054078389386389486,0.006246067534257658,0.0014021071683237181,0.001993168629567844,-2.4295655341648254e-5,-4.908218517841855e-4,1.5846298806011187e-4,-0.0016791998610318642,-3.031077822014067e-4,-3.566598293002812e-4,-4.0739709560448173e-4,1.0172456220405157e-4,-4.620029501831491e-4,-4.3666417365257346e-4,-9.096239119357209e-4,4.092431421065765e-4,-0.0042781312727965745,5.840761469645241e-4,0.0019977350150590396,2.5243595890807693e-4,-2.0759504647588023e-4,3.594475945614706e-4,4.730005848418214e-4,-7.730776807548465e-4,-0.0013300761745019599,7.651892296825413e-4,-6.228681262315719e-4,0.001621681033606868,-0.0019346091042831504,0.0010692932077668107,-8.934845242962817e-5,7.227014829244506e-4,2.5457199781796463e-4,4.4791899876001845e-5,-0.0012784849716580447,-0.0017243518252533295,3.0858920059393827e-5,-9.575313463207296e-5,9.305115825113857e-5,-7.56048935046662e-4,4.974463860406595e-4,-6.530626281136348e-5,-1.4048739012346957e-4,-4.289807272528135e-4,-1.8351088917724462e-4,-6.905677927763206e-6,3.541267393696072e-5,3.0455720882546628e-5,-8.829345470417285e-5,3.7156105774194655e-5,6.5696297143581575e-6,-1.029753873853742e-5,2.7184316263665744e-5,-5.977734591486318e-5,2.700716607482816e-5,4.664642917728277e-6,-3.954007536552085e-5,1.7129981713589485e-7
C15-C15gg-C15l-C15n-C15bb-C15.8,0.0031661843333009795,4.328777290333309e-4,-8.129777897149144e-4,-0.005425639232392071,0.004076136872269576,-0.002554257456387667,4.1691884483038335e-5,-0.0018073299135940245,-1.0601691054702497e-4,0.001761860688359406,-0.0012675050682603869,-5.777220133985152e-5,2.786148138639536e-4,-0.0047030912350131075,1.5340193913357018e-4,0.009544773352998321,-0.012695518224020048,-0.008030082356833512,-0.0099389776453090075,-0.00755931725732832,-0.024752720617371347,-0.008491882336974484,0.002338498866135207,0.00569018359718264,0.008952470983866801,0.0036096554807751712,7.234848371606992e-4,0.0028374235220822394,0.0027580078034969567,-0.002806969776874268,-0.008583152817393115,-0.002490015035090182,-0.0015879899994262476,1.1810814963441695e-4,0.0025634094508493357,-0.012585126538830068,0.0020729606713608528,-0.0016346351431196263,0.0018100405618336978,-0.002965884260569388,0.0012537965940825715,0.004344150709566642,-6.358618119987826e-5,-0.009576326178392453,-0.0011578675190710912,-6.292968812305589e-4,-0.0022561708630046426,2.5831274946351782e-5,-4.2068110416207925e-4,-0.0011270682705396252,-7.315149135972679e-4,-0.0070114397105048324,-0.0010814460832020624,4.985337970803632e-4,-0.0036388594813843967,0.0011333069342372075,6.877111558487523e-4,0.0010577517381098885,-3.456561012227589e-4,2.4695597018378377e-4,0.001255876781254507,-9.70286163143861e-4,-2.813170395107144e-4,2.027233653253066e-4,-0.0018379309214432236,0.0015670197651054465,4.409191716528933e-4,-0.0027937306182643177,-0.0028671467937318048,0.0060284764024493035,0.005110370044481847,0.004725182171294309,-0.0027938622375754518,-0.002342082314758751,0.0020350798578715073,0.0014186367005515443,-6.780875709704758e-4,-2.9918693211407414e-4,-0.003120154394715427,-0.0016415317450211421,-8.443961425457055e-4,0.002011028172587407,-0.0013733112415114303,0.0025344397863977294,0.0011565629827313382,0.0011664983678526108,0.0038009077539085992,0.0026687847489099497,8.549824022651747e-4,8.649662815733629e-4,-4.291269425073515e-4,-0.001659623698376752,-9.186012976887062e-4,-6.229339936269675e-4,3.583714522258319e-4,3.182315163236317e-4,1.0491927865517308e-4,-6.836277236064067e-5,3.9077563184299036e-4,2.3457114274195838e-4,0.002680925768494503,-2.452865486212303e-4,-9.590189238249821e-4,8.405790459177534e-5,-1.450620781272014e-6,-1.351480287067672e-4,-3.168239687778354e-4,4.7953670984980434e-4,5.976410858018875e-4,-3.312982296034432e-4,4.4100831280490644e-4,-0.0010695427582399382,4.5389532750854037e-4,-1.7936504495757313e-4,4.7285192927096664e-4,-7.799915708333988e-5,2.077386621465175e-5,-2.861150507222245e-4,-4.1671328099117616e-4,-3.2528456891627093e-4,-6.152551236879156e-5,-2.068219552473157e-5,1.0547395770471332e-4,-8.718225673322433e-5,7.701744049278734e-5,4.022659939241593e-5,-1.4913721285666234e-4,-2.6706014720425713e-5,-2.399662599490679e-4,3.7046053858666466e-5,1.4189722081279653e-4,-6.839965524177171e-5,2.1477858189707436e-5,3.6713404152744764e-5,-7.700913808779242e-6,2.0758250600219426e-5,-8.289619388589589e-5,1.3192813212118738e-6,-5.709533866945506e-6,9.118886043769733e-7,-2.578996301215191e-5,-6.694198614215849e-6
C15-C15gj-C15cn,7.844910387386355e-4,7.410682047706196e-4,0.001985269033371102,-0.0020215149675329933,-3.94402638889728e-4,-3.5427030445067914e-4,-0.001183776678476029,-7.539246672109408e-4,-6.778588116663891e-4,0.002088474672884608,-7.347787942224748e-4,-1.3204605330388092e-4,3.2278922966963523e-4,3.617536720583604e-4,3.2397490466069714e-4,0.0018163794472377988,0.003310072143358406,0.0019139900499844443,-0.0026610732067250055,9.292582525722078e-4,0.001966069266381818,9.314573639530165e-4,-0.0016788313922629131,-9.855855149181685e-5,-9.324493521400774e-4,5.573402742735337e-4,-2.3845925967547294e-4,-7.940350945833102e-4,-4.1530148954628884e-4,0.004064396780509416,-0.002819733739513374,4.4439649876480594e-4,-4.0746832488625697e-4,-2.6161215714265527e-4,-0.003918469028715349,9.15972347150051e-4,7.691818482628178e-4,0.0021027391063520454,-2.9299743132481275e-4,5.121647923050804e-4,-0.0052613366498668965,-0.007154835442325034,0.007913916475727,-0.0011988527413205425,5.69730330031034e-4,-0.001902137684544061,0.003389546680670691,-0.0012472547547421914,0.00517067067508157,5.033045446675661e-4,-0.0017867124148955936,-0.002853323252745764,-0.004121868530080197,0.0018050903319044615,-0.005280909947759242,0.001188856973674463,0.0022867448085388945,7.021663976886377e-4,-0.0011478411081014784,0.002313985742713388,1.0857224807407782e-4,-0.0011193806412553985,4.9718559143507103e-5,-1.48185271267319e-4,0.004259538976440436,0.004395551603811304,-0.0031631862923280837,7.492230516169418e-4,0.012051662250341193,0.0011390293742577372,0.006720819598180731,0.002267657899693987,-2.0323928855134818e-5,0.004501606111250388,-0.006692182920998623,0.002116243715087321,0.0022037445194482653,2.413463489416245e-4,-0.001094319563759927,-0.0012656131087784024,-0.004069085848765424,4.906348568741815e-4,0.0025933935713903585,-0.001048550578329563,-2.2323099586069227e-4,-3.347338709841756e-4,-6.120416878277329e-4,-5.544012787601972e-4,-2.1220473881219633e-4,-1.1340923741155198e-4,-1.3654376993824986e-4,4.3469000912442626e-4,2.284482466646938e-4,1.7918069266369732e-4,-3.67523382969987e-5,-6.493087274214143e-5,1.9796185127593527e-4,-1.3954837764482267e-4,-2.3559857779197733e-4,-7.844628456661962e-5,-2.598458227427787e-4,-6.272942730452975e-6,4.476151899538597e-5,2.3917979370462998e-5,3.15340925741241e-5,1.3189630824395848e-5,-3.6132378482380815e-6,-3.858181643174353e-5,-1.5170840304694748e-5,4.357276446808885e-6,-3.401923562254619e-5,1.8440188442298152e-5,4.023321320285772e-5,-1.907756283541457e-7,1.1012520163717989e-5,-2.3803441986958794e-5,-3.231495158993168e-6,4.4031704972793025e-5,-1.132088576797554e-5,-2.5293220968950816e-5,1.5068183106687833e-5,8.760074062150907e-6,-2.7913678496880308e-5,3.0385099356222075e-6,-4.994211873576253e-5,1.5266247555364906e-6,5.260431800692479e-6,1.9131055973392107e-5,-1.072864881679368e-5,2.3197882246121345e-6,7.946418789745119e-6,-5.543194331515455e-6,-3.1504126059422604e-6,3.908223463278855e-6,-5.525473226418498e-7,-1.8493628271423772e-7,-1.4242888434630587e-6,1.5953606860787728e-5,-2.246771975891475e-6,1.123066440881986e-7,5.505697009287901e-7,-6.327407065362705e-7
C15-C15gn,-5.446864084813451e-4,0.0010369557856319581,0.0035910773856590982,-6.619502825682832e-4,-0.0018731953317561259,-0.0014575621621957888,-0.0017870761749981987,-1.5007806531449282e-4,0.0010027393870973844,9.238715161353135e-4,-0.0010958993958442892,-1.7231994006721246e-4,3.4216145487394255e-4,0.005588394927435053,-0.0020431056886935153,6.993747918834131e-4,0.0016215882743132292,0.0029439319704097524,-0.0018233833242832268,-5.690092653458224e-4,0.0025588667351353063,6.824030674768137e-4,-3.355990878206641e-4,-3.3612024724495034e-4,-8.954552396995283e-4,0.0021256791111325052,1.292192783639605e-4,4.6357762758831726e-4,-4.624179478683817e-4,-6.255773781919802e-4,-0.001557571884209521,-3.640155639088005e-4,-0.001871483359936267,-3.214261640712266e-4,-1.7404527479634345e-4,0.002270537427121092,-8.951697742385092e-4,-2.960596138202302e-4,-0.0010525387351669007,9.360334904957178e-4,3.698023810770609e-4,9.932777252267893e-4,4.1793194851981783e-4,2.9453120794023025e-4,-1.3637267358633363e-4,-0.0012367341959635986,-2.7649652509782665e-4,-4.8737904275750194e-4,0.0019859383503891353,0.0011789269685560041,-3.0061322638114097e-4,-2.749470611939241e-4,5.706464218404655e-4,-6.307210715096959e-4,1.8631826617820658e-4,6.795958853256705e-5,-5.902699709042795e-5,-5.872981129257373e-5,8.373111102477485e-5,-4.011743271377994e-4,-2.295877980041139e-6,-1.8351545424835638e-4,-2.3367911473087767e-4,-1.0574254628927042e-4,7.774374276960963e-4,2.0974603530303127e-4,1.278457301273309e-4,4.2545393807975554e-4,-3.904044673778648e-4,5.528563123496885e-4,-1.745970480053281e-4,-1.0007288470911524e-4,2.732455182143763e-4,-7.421618819604127e-4,-4.881839839682145e-4,-6.842181239812321e-4,-3.2223624792722974e-4,-1.4080732969339981e-4,3.5660802827614446e-4,2.425615560110422e-5,2.714945164544412e-4,-2.6949938652367356e-4,3.4358856954818263e-4,-2.589626033033993e-4,-4.262303890192177e-5,2.1707091524358744e-4,3.2952859075209036e-4,-2.3549456841298665e-4,-1.6943915378282973e-5,2.401014794904499e-4,8.099359382554617e-4,-1.7877318680926689e-4,-4.2502537677257347e-4,-2.3651292326264976e-4,-1.5349045741443982e-4,1.8248368566822304e-4,-2.5993475259027127e-4,-5.595199680433561e-4,-2.9779051177171515e-4,1.7052702237117055e-4,5.258437635037649e-4,2.2341633365542042e-5,-1.1352082184553802e-4,4.574646736081806e-4,2.579595937044262e-5,-9.695492982644644e-5,-6.428456617470412e-4,4.771977324244205e-5,1.9432141054137714e-4,-2.0366554585633036e-4,-1.805249355561424e-4,2.830009482753142e-4,-1.9039954021234022e-4,2.3513103295348933e-4,2.664082989807136e-4,-1.8829326892669102e-4,1.7806021745047808e-5,-1.0475873542003886e-4,8.315684143754062e-5,9.01865269736891e-5,-1.1393337106286905e-4,2.1150222094927145e-5,-3.0936780888773996e-5,1.9433901548026794e-4,2.6959833225502162e-5,-3.3509868594987306e-4,2.2795918741723678e-5,7.597006824381754e-5,-7.917716766932294e-5,4.422501717143294e-6,-5.291287614410845e-5,1.5204414829493964e-4,7.725826002438269e-5,-2.011811785706711e-5,-1.3583016654163066e-5,1.5432164504937918e-5,-4.6536796664176315e-5,4.533811015236978e-5,-1.814899579574037e-5,-4.198670334739488e-6,3.2181689467996027e-6,4.7011655890482274e-5
C15-C15gr,-6.721292584813032e-5,9.344135367183094e-4,0.003017494058362293,-0.0010480380628442166,-0.0013816578703710117,-0.001070488461844712,-0.0015895448974822177,-4.131914684489335e-4,4.05463331322631e-4,0.001172779212338149,-0.0012388926986254738,-1.3317831396436323e-4,3.285780457184132e-4,0.0016342534369413722,3.557463874854261e-4,0.0013001289957939419,0.0043759623957294064,0.0039014602140689373,-0.0022748685372779797,-7.73356470207621e-4,0.0019955904449953494,0.001154677049358259,-0.0020473053632525263,-2.886691948828574e-4,-8.398425375460051e-4,0.0023406489956640407,2.7264776886769655e-4,8.245026140813546e-4,-3.139821421925262e-4,-0.0037704323521668714,1.4540412115557412e-4,-7.145249777673123e-4,-2.1168347528773853e-4,-1.565654610652743e-4,1.1055571423996749e-4,0.0017807889415230407,-0.0015798509810896202,5.7831844431669916e-5,-0.0021464888932026106,9.230419408143682e-4,-2.652922831825723e-4,0.0013968553579938754,1.605089048034135e-4,1.0559052283900437e-4,0.0015557986833626065,-5.400252750687094e-4,-0.0010302550424696679,-5.692275713015953e-4,0.0015205485389449102,0.00211224674280549,-2.0181182096543884e-4,-4.356202849966462e-4,0.0012332320596968763,4.6299071330375995e-4,-7.421303707045871e-4,-2.9529702120089046e-4,0.0012335905656465228,-0.002151163541190144,-8.592580390220886e-4,0.0010313795820761085,9.015064669284894e-5,-2.6664332760808875e-5,2.1690367382058996e-4,2.235380026189276e-5,0.00045989926561753903,3.536962870804684e-5,1.5695673788077976e-4,3.14358166101888e-4,-5.852651235007872e-4,5.195956925941745e-5,-7.178056613410667e-4,-4.507938402102645e-4,-3.129766065747495e-5,-0.0013122675161197292,-3.204534136253434e-4,-5.562451259220513e-4,-5.693576014044211e-4,-9.887357807209432e-5,-2.745540499313744e-4,-5.98684139474348e-5,-3.831207899614799e-4,8.448066721700416e-4,7.825930031711906e-4,-7.194311920234346e-4,2.2263622737429803e-5,-3.2096115503741946e-4,8.668152330800058e-5,-1.3887737285916068e-4,1.731615363329834e-4,4.1688022917848544e-4,3.210051305999637e-4,-2.4609786263700856e-4,-4.232118764503689e-4,1.1968569272276925e-6,-5.321682592723843e-4,-3.455112952292654e-5,8.066721934665631e-5,-6.555810188743057e-4,-9.928783021282434e-4,3.912365058357545e-4,8.212587032994194e-4,-9.493653817584466e-5,-0.0010674363815984288,1.8299020675380484e-4,-0.0015523966560324002,5.6117893874326024e-5,-5.156994244408112e-4,-1.7571317065260547e-4,3.206882516555164e-4,2.3886346211939773e-4,-1.8208760029092156e-4,-9.500390183933194e-4,-0.001736571404338109,-4.923631341017327e-5,4.17402736939114e-5,-3.834060706152534e-5,-4.9111545672037454e-5,3.3298122754851615e-4,5.662555901847944e-4,2.666121652113319e-4,1.2109406424741578e-4,-5.817982257453605e-4,-5.451913549878005e-4,-2.069042309939329e-4,2.9557991816075107e-4,-1.5234833814122212e-4,-3.323909231609931e-4,8.007253813259231e-4,3.732322007706824e-5,6.190810283112272e-5,4.3691126849569855e-4,1.560956679890828e-4,-8.101244689159775e-4,1.6742817489308364e-4,-6.397324007768602e-4,-1.0316788640037242e-4,2.867144767532939e-4,-6.887222855099537e-4,3.298686977192067e-4,-4.097613679499001e-6,-1.1963561515661808e-4,2.410335374736031e-5
C15-C15gs,0.002279961420829497,4.101805325648376e-4,9.374350970179375e-5,-0.0033251938801326666,0.0010747051528023658,6.71591512196683e-4,-7.160953417255651e-4,-0.0010558045667962035,-0.001425163929518418,0.0016601921392931358,-0.001353123600093627,-5.752650789187431e-5,2.0234054906806919e-4,-8.43799568436794e-4,-6.596088978001622e-4,0.002209546246258864,-3.9964893530090666e-4,-0.0029307448386229813,-1.255164403413474e-4,0.0026938108673002603,0.0015493805694379184,3.3066437529999273e-4,-2.78462034570982e-4,2.0865519787460364e-4,-9.376702191482289e-4,-0.0017317111123554088,-5.791231465036269e-4,-0.001823595953543671,-4.399871395803547e-4,0.001956249865987629,7.985034403448013e-4,-1.8672314657930064e-4,3.1576173438601556e-4,7.089411557599141e-4,5.408838744555247e-4,8.757188982311014e-4,-0.002701624863939333,0.003509531823946589,3.7343361153069907e-4,6.057207527140598e-4,-0.0024871922956783625,-6.346347172937899e-4,-5.958026243447658e-4,-0.0010631624102776913,0.0021209332768345962,0.01024638426783246,-0.00540914790296924,0.03611933487744809,0.0063716774638660975,-0.007782027486444399,-0.0046431425589474615,0.0019128490863077998,-0.0018838817051168044,-0.0014020727829861194,-0.0011385714331394487,-6.792226282888455e-4,0.00164770015611839,-0.001911164312598438,-1.779440626766437e-4,-3.5048618616988843e-4,-3.363304865452996e-4,1.9481233503595307e-4,-4.019933952128847e-4,4.721494231432367e-4,1.9141058151449423e-4,7.851139812872976e-4,-7.250409836205738e-4,1.2919364970598337e-4,-4.162871635752377e-4,1.0096197486242871e-4,-2.0673531182888475e-4,1.5230917712417809e-4,5.427336675556745e-4,3.4650747201737394e-4,2.3192462110366963e-4,-4.479374155478655e-4,0.0018044182575765288,-0.001905266322221685,-0.0013768223489490253,3.4872883096268253e-4,0.00039020084610788596,-2.8068424604161944e-4,1.6852867495681612e-4,-1.8923943078287891e-4,3.0842887233838346e-4,-5.864540852742173e-4,0.0016348753143163386,-9.867995735239332e-4,-3.793653741016962e-4,6.2201538644723815e-6,4.6022990598111526e-4,-1.8131410922190782e-4,2.5241717684432744e-4,-5.275849752556648e-4,-4.690363534745488e-5,-6.243297439625831e-4,2.1681988757970937e-4,-9.582033802611748e-4,0.0012454763958545285,1.2837710753310123e-4,-7.811413075154401e-6,8.041957185111216e-5,4.271725095359633e-5,1.0864466390118907e-4,-1.882292891970478e-5,-3.440710215189925e-5,7.903584718791583e-5,4.4369345219594925e-4,-3.190405001275676e-4,-4.1745822822042764e-4,1.4907869456766843e-4,-6.760509580527638e-5,2.207875853067867e-4,6.4666889122205e-4,9.051931461792676e-4,-7.020710085520023e-4,5.045035384429432e-5,1.0420540654527079e-4,-6.203510121023396e-4,6.036027158501401e-4,-4.5554531446973407e-4,6.626058333231444e-4,-0.001270072947816277,4.2594013836760874e-4,6.725448291721155e-4,1.1011190845846718e-5,-3.9908508076737676e-4,3.518039188100776e-5,-5.011406422050204e-4,-2.2167743297694458e-5,1.618538766834023e-6,1.4432709273164515e-4,-4.230021612274193e-4,2.9799843018286524e-4,2.4643749676670125e-4,-1.5418090909814381e-4,7.32844279777143e-5,-4.055287272471532e-5,2.5237927114420932e-5,-2.19102444783696e-6,2.231578588168422e-5,3.5973953338695496e-6
C15-C15gs-C15ai,0.002120752052903352,4.457743026899412e-4,3.090528638026713e-4,-0.0031878904792241084,9.14587455565379e-4,5.548062971665791e-4,-7.748553659572084e-4,-0.0010262754569825,-0.0013416176321476012,0.0016784458608502053,-0.0014518425069852232,-1.7537748433737874e-4,2.1375301357032773e-4,-4.605029061722088e-4,-7.853537749382299e-4,0.002175992936422698,-2.902005046685899e-4,-0.00270889800826007,-1.1653581999963298e-4,0.0026462736987852365,0.0016925197632762681,3.530919168952024e-4,-3.12095176013214e-4,2.7850964449023177e-4,-9.563977905951323e-4,-0.0031344297844663497,0.0012773535076137379,-0.0011928939135980698,-4.748117883846435e-4,0.0015181437683282537,4.2527166645702175e-4,-1.4584713357090195e-4,8.807908286965644e-5,5.412819575829217e-4,4.6532310733864553e-4,0.0011166686798488531,-0.0024444494937284093,0.003078392964338564,4.6251830315562493e-4,8.811934970713027e-4,-0.0024188362049546662,-8.227294259833472e-4,-0.001239989889784029,-0.001168087175404395,0.0018648865532355332,0.009400222307933094,-0.004969007648323063,0.03365942936665965,0.005972022599613959,-0.007549271320523026,-0.0047818528762555304,0.0017069978011539854,-0.0021767116453807024,-0.00130310238512405,-8.564249771818275e-4,-7.353351722097958e-4,0.0016670954980708298,-0.002265139826385648,-1.771776198616756e-4,-9.511418320610486e-4,-8.932913210101167e-4,2.9449629751071587e-4,-6.385198718696755e-4,4.3193327290385225e-4,3.7866484248808225e-4,-7.850297327529903e-4,7.062194242176646e-4,-6.890626906516488e-4,6.359015343061894e-4,8.288816892173749e-4,3.6185890669777427e-4,-3.2451167866527083e-4,-5.233559003023036e-4,-5.453610105283407e-4,-7.132075885808606e-5,4.756170521977178e-5,-9.901822215283899e-4,7.937522415317929e-4,8.750578583669327e-4,3.416634442688359e-5,1.9934302314842834e-4,4.3231817125534946e-5,2.895843922755286e-4,-1.6958102602281468e-4,-2.750105894631166e-4,4.0811086504175486e-4,-0.001023531721603495,7.709061238069815e-4,-4.588156998667586e-5,1.572489305551457e-5,-2.2444615279165988e-4,1.6539624508352238e-4,8.657050996487193e-6,1.6714601431736998e-4,-3.090259228504066e-6,5.283882996872736e-4,-1.624188149075948e-4,8.162951179610276e-4,-9.602466273011185e-4,-3.4152304484403424e-4,2.774733556175188e-5,-1.0402771763528376e-4,-8.465898989193578e-6,-1.9426015944123132e-4,2.240727536323897e-5,-2.1152624045892842e-5,-1.2610926736155982e-4,-3.789070784509377e-4,4.6214800978952255e-4,3.4030719641172736e-4,-1.37390287909166e-4,3.122488873015327e-5,-1.455208313589653e-4,-6.20557266401097e-4,-9.889605225205215e-4,6.834769758561577e-4,-5.083911666771615e-5,-1.0329831059468327e-4,6.302803350972065e-4,-5.950777960123088e-4,4.5958617867016634e-4,-6.711276039129675e-4,0.0012894108206043412,-4.3970203782764535e-4,-6.939327934637194e-4,-3.837641479117583e-5,4.095586232828571e-4,-6.282413887516276e-5,5.346939996797804e-4,2.3976901684721228e-5,-7.254158514803084e-6,-1.547845846491869e-4,4.6084172012008273e-4,-3.196519738511121e-4,-2.616349946124442e-4,1.615738433161866e-4,-7.168563549018503e-5,4.1443706218804366e-5,-2.5722528581776326e-5,2.98367115237808e-6,-2.505391507798964e-5,-3.7895725693822177e-6
C15-C15h-C15gg-C15n-C15l,0.00786209326949704,2.630481900719597e-5,-0.006734179247790746,-0.013333290437836346,0.012589012420948151,0.015284816165082805,0.012058192867230647,-0.05629786269700671,0.03250362686617013,-0.007586314570713107,0.004536298133483546,-1.6048487285221606e-4,4.186688945517718e-4,0.003697078827620806,-0.0020031986803689924,0.002608093275413993,-0.004115918842597961,-0.0034534754192335725,-0.006509602945526887,-0.0029896308294445535,-0.02514007946705295,-0.008823773250446662,0.0021232878189554973,0.0070538422325406155,0.008776747328079976,0.0026661626681070234,7.286190684064848e-4,0.0012484381297648791,-0.004201045721809858,-0.002860984362862766,-0.004907992102765897,-0.0023546609470315124,-0.002826004832236366,2.0176906638239022e-4,0.0032716306440233782,-0.015612373963564992,0.0029388430641449003,-0.0012895232114702065,6.053480909554486e-4,-0.004689046789542457,3.120094884236526e-4,0.009585448928804995,0.00319799756613468,-0.024306479201842545,-0.002733301591900135,-3.7087392668978454e-5,0.0017673677063398828,-3.408070770821782e-4,-0.002053143234396868,-0.0027422421660263483,-0.0010780102405377572,-0.008260864438383343,3.085980192956114e-4,-7.776184938496855e-4,-0.003657965937692055,7.161164135423368e-4,-0.0012062296439739038,-0.0022748725160760923,0.0033039634521943935,-3.66400294558909e-4,4.5240782394095685e-4,-7.368449577612044e-4,-0.0014747312322713549,5.699793704459409e-4,-9.704360883846556e-4,-0.0017539353764216036,0.0016118013761698834,-9.457575087790134e-4,-0.005293420490694419,0.0070526590979781735,0.006392029751075933,1.925820102845216e-4,-6.025358935383793e-4,0.001351707313390804,-0.0013038973908755056,0.001797850945863495,1.550748107865418e-4,-2.5086414327684656e-5,-9.552968418294381e-4,-7.05840870187154e-5,1.0526799653956532e-5,3.966481034805657e-4,-0.0011129825290897824,0.0010642962533015067,4.283221289403368e-4,9.379935322161422e-5,0.0015254902383915997,0.0012113267201160453,1.7614468066949054e-4,-0.0014147163940013874,-7.84401561941652e-4,-0.001200100825790432,-5.11490027289529e-4,1.8360124597786428e-5,3.2860910953273195e-4,3.895444086142688e-4,-2.1254641254808246e-5,1.3440185519090486e-4,4.597719803154585e-4,6.473410660449405e-5,0.0012620065562024248,-1.5273352957243677e-4,-7.290704316984655e-4,1.6103505513735398e-4,7.08638948912696e-5,6.345519986462571e-5,-5.1367518593107996e-5,-3.881260771500551e-5,-4.327597687048046e-4,-6.129906224510831e-6,-1.1428732418356241e-4,5.687909443945827e-4,-3.101356375445177e-4,1.7956023261354274e-4,3.6807181191758044e-5,1.5083706179726973e-5,2.085700137373868e-5,2.1479421581813076e-4,-4.98288976853907e-5,-1.2498382896176198e-4,3.329550363277328e-5,3.091906808009519e-5,-1.315848713935106e-4,-6.787443455182358e-5,-3.088734434953862e-5,-1.6164301231393365e-5,4.183467882472805e-5,-9.762953576023876e-6,4.818993656114895e-5,-1.333062429113397e-5,-4.909163675926108e-5,3.240781967624414e-5,-3.091585816986188e-5,-1.3790833263739092e-5,-2.0601537463506648e-5,-6.693420257197397e-6,3.7138992801074996e-5,-4.359944311560155e-6,3.3460956906381574e-6,-6.359229924316387e-7,6.960913281491989e-6,2.2815863384262842e-6
C15-C15h-C15l-C15n,0.0053992016431668715,2.3660712474921398e-4,-0.003730484321897539,-0.009505772616310661,0.008192974739418572,0.00999045418766337,0.007666717026855523,-0.038391980087525944,0.022274583127358114,-0.00475987195920393,0.002811755976916869,-2.148931896675955e-4,4.1437134299543053e-4,0.003532343626907653,-0.0019436905310322482,0.0025728243318325975,-0.0030176933153241887,-0.0024219118622875774,-0.005590008101616842,-0.0022401483564148212,-0.020001332184583137,-0.007050674150910066,0.0016169291243909954,0.005825880707281731,0.0067876702019661235,0.002417866606569108,5.475921376090215e-4,4.724681679733068e-4,-0.0051359620679227325,-0.0018935250646581034,-8.850049129511008e-4,-8.807880075897159e-4,-0.002119667944602736,-1.0849002324300848e-4,0.001252222695720973,-0.005456720424430602,0.0013064239134362196,-5.279159530891708e-4,-0.0010535026122257473,-0.0012498325443650751,-4.0621367606166894e-4,0.0039037025599610252,0.002590707609444453,-0.008809913175785266,-8.087105521632524e-4,-1.5030131585161533e-4,0.003573162030589875,-9.287171300975522e-4,4.380771741649484e-4,3.625715554716812e-4,-1.3709614278254527e-4,0.008911794948097514,1.242236020712141e-4,3.0188030463960063e-4,0.0035053681573049664,-0.0016389176810756945,-9.465716701277123e-4,-0.0028217525114131664,0.0026012967562911585,-7.46645521249083e-4,-0.0022883170555023,0.0013369780208108007,-7.275169912955365e-4,0.001418021910693342,-2.6812661083799648e-5,-0.0014692977772809107,8.57653377939531e-4,6.650145190289234e-4,-0.001021962847829758,0.0017693759473152062,0.0022286884281057955,-0.0034912010099260693,0.0018017412769779349,0.0024035673838522383,-0.002000129054300379,2.3097711883746813e-4,6.447678198845951e-4,-4.4642960248063193e-4,0.0011281220569338713,0.0037340537336680783,9.140008478545478e-4,-0.001397289865867313,5.076370795862033e-4,-0.0021165209881349083,-0.0028879888751954684,-0.00327406671659736,-0.003154896788279783,-0.0042619459180473,-0.0011740552114828668,-9.28777759574113e-4,3.070290576162297e-4,0.00505083611794942,0.001561575950438275,0.001275679827300828,8.860558864772045e-5,-6.568683013113965e-4,5.451910580112184e-4,3.381624178621058e-4,7.606288730989907e-4,-6.549032835517816e-4,-0.0010571242251280054,2.8502051515530214e-5,-2.088348154787105e-5,-1.1150810045620061e-4,1.9613142038666252e-4,6.43288426523928e-5,2.65442227896279e-4,-4.381581070676639e-5,-4.042890244400698e-4,-3.0160512556651462e-5,-2.2686554921158946e-4,6.589461460962433e-4,3.5081384387325383e-4,-3.0888813929232735e-4,-4.5806197171671946e-4,-3.475287557563096e-5,-8.944759498423641e-5,8.286022618714854e-5,7.228218054540285e-4,3.6025146479469483e-4,3.417516598018808e-4,1.1538803042069705e-4,-3.9075211012217333e-4,5.546664575648101e-6,9.383099092570579e-5,4.262176026468305e-5,5.721007239865452e-5,-1.409459673280005e-4,-1.3394016372454668e-4,3.9200801210251496e-5,1.6649793174180477e-4,-5.521375070700463e-5,-5.4863051025716604e-5,3.809098699085563e-5,-6.065930223957496e-5,2.84117139647414e-6,2.1995978255917684e-5,-2.6173266239349016e-5,1.6360899346914316e-5,-2.6176229764822924e-7,-6.669339994512412e-6,4.767618908923188e-6
C15-C15he,-2.788025154337027e-5,9.678762279721801e-4,0.0029800092286952386,-0.0012579214585991929,-0.0011982692359970412,-8.962582509446178e-4,-0.001518862599588298,-4.858586472433857e-4,-1.4900493109731763e-4,0.0019912799044886445,-0.0035710095318986705,0.0035252207041045554,0.0036578506228371306,0.005478735914068131,-0.0022871168628939894,4.988803651238482e-4,0.0015651911542257514,0.0026044025283921655,-0.0016225110645840268,-3.3200683923734724e-4,0.002381079504387348,7.340485190610018e-4,-3.5290042656813066e-4,-3.0443452786698967e-4,-8.473213269329556e-4,0.0016838292304366671,-1.5178457710260716e-5,3.9378260159187963e-4,-3.5065770794951475e-4,-4.6465456939327824e-4,-0.0012965634281694824,-3.59364245867685e-4,-0.0016952876187046738,-7.264917101383131e-5,-1.2061383231274022e-4,0.0020595645929155364,-8.271083790066373e-4,2.8496099357215663e-4,-7.737753957139244e-4,0.0010927704167531997,4.783986212772237e-5,3.937107624624275e-4,-3.5793231054277323e-4,-8.77210408554958e-5,-1.6842086119977674e-4,-0.0010703875448741134,-2.076189992637633e-4,-4.833185623745871e-4,0.0015391729583230903,0.0012150426963034346,-9.091169630549048e-5,-2.4999267741817547e-4,6.557888151192796e-4,-1.1626375975567464e-4,1.4477643775295278e-4,1.0442631963878078e-5,3.4584564039041177e-4,-2.5682298714755177e-4,2.92339578967125e-4,-9.950613041269988e-4,5.149769374148478e-4,-2.1722107992531376e-4,6.80913458931416e-5,-3.6111847808289246e-4,-2.234018302266765e-4,-2.1361465674893973e-4,2.1997275507305367e-4,1.9579068225448904e-4,-4.564456428964102e-4,-3.047085148686928e-4,9.362688885128686e-5,3.142175159381378e-4,8.697323404524581e-4,5.237191252579844e-5,-3.1324052731491586e-4,-0.0011930322636500013,0.0015199371567911847,-0.0025105822290450567,-7.71063465757897e-4,2.857284220517526e-4,2.458766956634249e-4,8.273354082317626e-4,1.0972856713692444e-4,5.985347455891972e-4,-9.846669237569008e-4,6.90264219928501e-4,-0.0011196638246276397,0.0011614383001138319,3.1546159774581876e-05,1.7767467375594655e-4,2.396620477100149e-4,-8.367156827668072e-5,-6.744712346796892e-6,1.1873490545764363e-5,6.793476952027459e-5,3.369945297020842e-4,-2.4625361759494987e-6,5.218413603400939e-4,-0.0013062839086932236,-4.7461175042247015e-4,6.159090790167236e-4,1.309576755176334e-4,6.646542470037942e-4,3.6097003652107865e-4,5.961579914909524e-4,-2.6348483416955307e-4,-1.3064754656974266e-4,0.002503944766359069,-8.65156525323622e-4,-5.438741393130935e-4,-1.4481230307564257e-4,2.8684420964895734e-4,-0.0010442062410800294,-3.986606359371058e-4,-1.9087417144754513e-4,-7.516240503139588e-4,-3.6374136744355274e-5,-6.372807681014239e-5,1.1461153433801848e-4,3.3501408462396426e-4,-2.054675962559391e-4,-1.8373836538107985e-4,3.5337612463626054e-4,-2.6429853019645455e-4,-6.34723246343905e-4,-1.8803742624426555e-4,-6.487026673008381e-4,-2.734615361108753e-4,-1.96197521441023e-4,-1.4187592717541177e-4,-2.6940044809721855e-4,9.933040346529798e-5,2.9073351803346956e-5,9.53606469057881e-5,6.257718375191084e-5,8.727484405394397e-5,7.601519030965448e-5,-1.2395563474466433e-4,2.1219909224890223e-5,1.8829803030809325e-5,-7.824136935868796e-5,-4.716719204581593e-5
C15-C15he-C15ad-C116ab,0.003892997495236084,4.791979932519995e-4,-0.0015767266221918036,-0.005654281435874833,0.0037554674915700904,0.003064794202173518,5.784136277595546e-4,-0.0029119007654661738,-0.008068038553023389,0.008952894654182983,-0.019019764933462985,0.026209276799061546,0.02390310832935934,0.0030200569025783303,-0.003353628075828873,2.2382862936007528e-4,8.6415488012011e-4,-0.0016515108488131653,0.001195081748682688,0.002065908041019585,0.0015667608837263058,8.768357502794342e-4,-6.560555911956017e-4,1.4089761169788726e-4,-7.728219538430451e-4,-0.005616794871370305,0.0027846244295083606,-1.5569042634541516e-5,-5.3981957664562e-4,3.4266264331097294e-4,0.003144898960257514,0.0010616128248786367,-0.0025751387417122127,0.0012193169219690259,-2.3315104765071914e-4,-0.0017115547220414007,0.0026313975487608507,0.004037087028600042,0.011045666005412362,0.007296382034168892,-0.01032631818378117,-0.016021772448129263,-0.028067373654076213,-0.009796379217021221,5.374136988389734e-4,-0.0015393079560104184,0.0022932713507172174,-0.0025651285358586533,-9.766156383962314e-4,-5.624798637284057e-4,5.1442177073517815e-5,0.0017787414008534487,0.0038781000620549716,0.005088743462948366,-0.001685693603974161,-7.698742619498626e-4,0.0026696090177691484,-0.0030530782300619004,2.6128289436520825e-4,-0.003911462240845968,0.0027200072814971173,-0.003289708369551919,0.0013889706699746302,-1.9188898554584207e-4,-0.0014020796142479488,0.001222784436662895,-0.0013680237904875063,0.0011279137812993968,-0.0021975089461474685,-0.0021190514124496455,-6.510581956039151e-5,0.001176041013006254,0.0021974917789957978,0.002484501898224735,3.9098650854002467e-4,-0.00167665759591441,0.006142814339270469,-0.006199951275154899,-0.003432766088161674,6.27575196989635e-4,3.3478938265824265e-4,0.0030296370687429774,-2.4115323697982362e-4,0.0012366854179356851,-9.307237702880726e-4,-1.0181962816668933e-4,7.299354536767337e-4,-7.306756511138447e-4,-4.0246172976808294e-4,-7.02371776634491e-4,0.0010446024674899306,2.0937899428355585e-4,1.4915169336396104e-4,-2.971590214658438e-4,-0.0017468502079118827,0.001409387497505885,0.0011469080137118772,0.0037634819879602986,-0.004091673407201139,-0.0011281738993787582,7.50312174511496e-4,1.589721918922452e-4,0.0011932959816182843,-7.04193080446194e-4,5.036678007054421e-4,1.7197288990835463e-4,4.083203608648013e-4,2.238792459249575e-4,-2.8063171383538906e-4,-5.367187032619641e-4,3.1111356807029915e-4,-1.1531081893235738e-4,6.843299286281363e-4,0.0012822344213131206,7.004431038857501e-4,-3.301708430054496e-5,-1.2215609378627883e-5,2.7623946724693127e-5,3.9045183024833584e-4,-4.4657703643474565e-5,1.544578316210158e-5,-4.916204362640056e-5,-1.93318250899566e-4,-7.20461657947989e-5,9.686302314581355e-5,-1.8604705825437563e-5,-1.4275584763602875e-4,-3.073245838246772e-5,6.9875969665566176e-6,-1.7404035452711437e-5,-1.0455871332567493e-5,-3.590821732182413e-5,1.4738449636078709e-5,-7.861841671186583e-6,-1.7416504396670824e-5,1.5196828283684695e-5,2.141411025690392e-5,-2.1212875848366224e-5,8.532407990295474e-6,5.5454610637302775e-6,-1.1282969914706325e-5,-4.992424510356575e-6
C15-C15he-C15by,4.19563739064635e-5,9.622095728297706e-4,0.002912616144333634,-0.001351259987656908,-0.001106252695138441,-8.134393798532991e-4,-0.0015042896119011704,-5.370731630302114e-4,-3.193273853639527e-4,0.0021709512120015946,-0.003797997498414818,0.0032826117997497607,3.6194496794084326e-4,0.005496154975409241,-0.0023396279403092735,4.7286275309444943e-4,0.001564947541115205,0.0025622686262672077,-0.0016145059410060747,-2.556589453809526e-4,0.0024315383783917537,7.426598034599788e-4,-3.8116441071455094e-4,-3.186587108889524e-4,-8.564919771847899e-4,0.0016466394836238637,-3.2369843513212195e-5,3.6708536482856163e-4,-3.7043406216851334e-4,-3.657330695592384e-4,-0.001348652471697511,-3.206546295477424e-4,-0.0015236937039756733,-6.611381927665206e-5,2.9388531463827727e-5,0.002235108167664897,-9.825475444646876e-4,5.149491666458349e-4,-0.0010012568407539563,9.9058785672755e-4,1.340887760470305e-4,4.739032426537766e-4,-2.022193332276173e-4,2.5321894082152137e-4,-5.438424778068346e-4,-3.547926995841722e-4,-3.493259363603366e-5,-7.290892964364799e-4,-4.8196280424455887e-4,3.921094277757464e-4,-5.243496876477561e-4,-6.879775266423282e-4,-5.604182270980418e-4,8.035012442130549e-4,3.6915958911120376e-4,-1.3779159577543938e-4,6.405548706170645e-4,-6.535243616375139e-4,3.202323190367404e-4,-0.0015293312472001608,1.847866434111084e-5,2.3166378749582022e-4,2.419464944330645e-4,-5.3516765164301e-4,-0.001119652454357934,-0.0016371023932013893,0.0013951453236710398,-9.314222535468316e-4,5.396204422405767e-4,-7.944197291027694e-4,2.25115115388688e-4,4.8347023027834647e-4,4.2120321295907863e-4,4.4713849638815045e-4,1.3834213583010571e-5,-8.838929445612343e-4,0.001898242698965725,-0.0028373195248291316,-0.0010841587767517796,3.1906488892948496e-4,8.04399494206528e-5,7.630308891684455e-4,-7.572396750532813e-5,7.042793938853782e-4,-9.920909079553476e-4,6.304772698339749e-4,-0.0012905437234886448,0.0015128570219709043,1.800879006869712e-5,2.8855005069071025e-4,-1.0387540705186328e-4,-1.8016763227152096e-4,5.438939240759797e-4,-7.477607962883235e-5,-7.648720985909695e-5,-2.002136782262979e-5,5.946619511570898e-4,4.672895951682251e-4,7.436924298528964e-5,-8.470341154431127e-4,-6.655246442462462e-5,3.985292895000404e-4,8.485648462587062e-5,0.0019300244478094367,4.884815629398196e-4,-6.295268901840965e-4,-3.1852441918076235e-4,0.0028877674372247033,-5.533947653412424e-4,-4.7629276637089905e-5,-2.0351310981029112e-4,1.350494465764032e-4,-0.001083688665233188,-0.0010876144400238633,-3.790088257637555e-4,-4.217470122439011e-4,7.493226412213178e-5,-1.8258137641718433e-4,-8.693045056357472e-4,3.242077661264216e-4,-1.3136198918807298e-4,2.565481993482551e-4,-1.5485924366928468e-4,3.644590371070203e-4,0.001044075652213854,1.4282925965543005e-4,0.001095878877013631,5.50547362842253e-4,-1.2966977837132267e-5,5.2340334047098126e-5,-2.6302220745871044e-4,2.606005297440271e-4,-3.95345950079231e-4,1.916022540337025e-4,1.057173677932038e-6,-2.597842333773826e-4,-1.2587354425742147e-4,1.3838434951106304e-4,-6.478832812691292e-5,-1.755920372529131e-5,6.317021385802075e-5,1.6992277419387483e-5
C15-C15he-C15ed-C15by,7.906010762019562e-4,8.628311115757598e-4,0.001955135053450655,-0.0024639740225558494,3.7808902985501794e-4,0.001889909532513703,-0.005483131683385488,8.490332265859985e-4,3.577694922325965e-4,0.00203259843414682,-0.004210857562217073,0.004758728668573133,0.0034942373454354973,0.005440056019779706,-0.00245252540606404,2.773389730867464e-4,0.0015302923144686464,0.0023820999993027616,-0.001446219886243726,-1.5827669223572566e-4,0.002266637456653583,7.495603197738504e-4,-3.9707023752529784e-4,-3.0651607184452903e-4,-7.756123574159204e-4,0.0013388768746900668,-1.352976192301593e-4,3.5474340861569854e-4,-2.873433195074807e-4,-3.136000392745634e-4,-0.0011357150043612046,-3.2956861184151547e-4,-0.0014926031670477718,1.0767238867023685e-4,-6.70881721059985e-6,0.0020285120065733145,-8.607979000357435e-4,8.466105227645872e-4,-7.346956101194899e-4,0.001174517750072137,-9.80749874049768e-5,1.848090027211087e-5,-8.05576482931779e-4,-1.628480725129698e-4,-4.495837845157839e-4,-5.887525354970026e-4,-7.13225688186599e-5,-6.577134943390272e-4,1.4936437779833513e-4,9.079832028585797e-4,-1.791958509018634e-4,-4.8497852125913097e-4,1.1636990256496676e-4,6.22840613614159e-4,1.217283661571888e-4,-7.909425326737226e-5,8.818652269050323e-4,-6.593885583763087e-4,5.742028783809548e-4,-0.001973259112561966,6.385304559114499e-4,1.2460084945845816e-4,4.7538011314344456e-4,-8.290139106719312e-4,-0.002100919854943361,-0.0020935323630211318,2.942853955112774e-4,-8.133470378627045e-4,2.2659507648213547e-4,-0.001212672127721267,4.6782408388581375e-4,7.687546718161563e-4,0.001132667838621983,8.561487867360764e-4,-3.974248632169192e-5,-0.001640336608388148,0.0033529386686813314,-0.005027775490265617,-0.0019125969719677195,5.722330803381736e-4,1.7949915560367855e-4,0.0016687883599146793,-1.1670396278397379e-4,0.0015109049496288907,-0.0020860550876912317,0.001386022958111458,-0.003053215704030288,0.003307068270966919,9.541748381262074e-5,3.7725951253776404e-4,-8.045567921380517e-4,-1.471953375331965e-4,6.633509564035229e-4,3.3124533440228465e-4,0.0012261349500063915,-7.211885945734645e-5,-1.5476702412961548e-4,-2.0931511005114356e-4,-1.9150567013481617e-4,-0.0010143893385892494,1.357627947369645e-4,-1.4303086427804807e-4,5.104373621935665e-4,-7.417659219719609e-4,3.4146362996189446e-4,1.3138415709853775e-4,2.879978630868798e-4,0.001119222831658924,-8.087301984551122e-4,-7.316591824466152e-4,2.3391242879172857e-4,2.759420451569713e-6,-1.9121107542025435e-4,6.115626710934124e-4,5.195965749605612e-4,-8.043033503531253e-4,-2.5717302507393604e-5,-3.36098587943703e-5,3.425378685010589e-4,5.236269016164351e-4,2.481639963969959e-4,-3.325557897030969e-4,-6.797086416920213e-5,-4.985433001342595e-4,-3.005225730572236e-4,-3.1294650814518693e-4,-0.0028676100476364534,-0.0015622993732292392,0.0017354926063066808,-2.690494029690561e-4,5.745489666222798e-4,-1.3752595788780016e-5,-1.0637393131097302e-4,-4.3076674685013165e-5,-5.974669789987994e-6,2.7291462518386564e-4,-7.177961264341971e-5,4.393807472818286e-5,6.412462661255135e-7,8.530330371431646e-6,-7.44523653437837e-7,-1.740526423977685e-5
C15-C15ii,-6.186209432514974e-4,0.0010493978002599647,0.0037152759922035976,-6.122594598778144e-4,-0.001882770656321287,-0.0014515429105212937,-0.001781008614006433,-1.6540994156783977e-4,9.150376717079295e-4,9.756155578099228e-4,-0.0010638007075479672,-1.321262171503592e-4,2.845283443983512e-4,0.005592297379093788,-0.00205113821129207,6.078702188355996e-4,0.0016258953874434756,0.002962328973551327,-0.0018159347847409243,-5.429538422259197e-4,0.002556914174571181,6.575448777527321e-4,-3.1421908497253353e-4,-3.082521214431057e-4,-8.499254074528735e-4,0.0020323579274645074,1.6733786846343692e-4,4.3559638765921897e-4,-4.377528521780089e-4,-6.894995628420101e-4,-0.0015967300404352365,-3.7033765821213973e-4,-0.0019032683345517505,-3.1129776034478435e-4,-1.60210390111708e-4,0.0023192691493318426,-9.31902971281368e-4,-3.5846525296281116e-4,-9.881376273585044e-4,9.189829171575681e-4,2.8141948804659e-4,0.0010695184235622688,4.3592305127214246e-4,3.391856940590797e-4,-1.7720451106848964e-4,-0.0012856000938594727,-2.874280718299993e-4,-5.27093663763902e-4,0.002004963336083022,0.0011927724046149747,-3.131059655025122e-4,-2.6620568434248203e-4,5.828415815758894e-4,-6.366129770944116e-4,1.7300683874012446e-4,6.525917942308417e-5,-1.0514607193842406e-5,-9.07223511481692e-5,8.875760106745653e-5,-4.5616630604073435e-4,-2.0804367907129935e-5,-1.5662898960159394e-4,-2.4109702690214779e-4,-9.89661884913593e-5,7.866369108253924e-4,2.5243184370329013e-4,1.2863278289359606e-4,4.368775704235588e-4,-3.913059423145353e-4,5.529534568105766e-4,-1.832223771286088e-4,-1.394714703041691e-4,3.2459856519405556e-4,-8.116491654149251e-4,-5.309427614013548e-4,-7.140105006692678e-4,-3.385560307584099e-4,-1.846229600912972e-4,3.4439781183776995e-4,2.7778694957610804e-5,3.1276127857991505e-4,-2.7933545722650744e-4,3.6645605203739867e-4,-2.369219493721661e-4,-1.813686555157819e-5,2.041002153357732e-4,3.4925422971770315e-4,-2.0652061313194227e-4,-6.167300546460478e-5,2.0305987823956672e-4,8.236550447004883e-4,-1.9746369154030697e-4,-4.2467023644594506e-4,-2.6019573943123896e-4,-7.850658895267151e-5,1.6635881779808202e-4,-2.0145620305242283e-4,-6.013529102204374e-4,-2.4978763853360046e-4,1.9155216657774704e-4,5.184524362922432e-4,4.9380255006173495e-6,-1.31865243585952e-4,5.26859674355296e-4,4.8150288707455964e-5,-9.700154406302005e-5,-6.881465790598317e-4,7.78974036214069e-5,1.7206749258291934e-4,-2.699523102487255e-4,-2.2361109861251255e-4,3.5534580439972556e-4,-1.7370033734781488e-4,3.2424508254544376e-4,3.0414381333871034e-4,-2.1754890111473678e-4,2.7053759604201405e-5,-8.963730993773152e-5,2.7085609777742977e-5,5.982944899019826e-5,-1.567936022168962e-4,-1.12166819774292e-6,-1.0262419629132006e-4,1.5238812662334274e-4,1.8135354823502386e-5,-3.8923507675906095e-4,-5.727091350155485e-6,9.264534359925717e-5,-2.3423865348429725e-4,3.465452661210995e-5,-8.887297922537548e-5,2.3364713197269302e-4,1.4861492347558987e-4,-9.33002654216332e-5,-1.485667765564719e-4,-1.1036483846543783e-5,-7.782170980334426e-5,2.0107444555177688e-4,3.395792253761925e-4,3.1433866564632327e-4,-1.4738337086872205e-4,-1.4054362411498409e-4
C15-C15kl,-1.7966825738858138e-4,9.564699727562028e-4,0.0031704979059815376,-0.0010215515878741646,-0.001487131360444792,-0.0011804928104130717,-0.0016315476731171548,-2.880701917474806e-4,6.341542394991337e-4,0.0010472255086685614,-0.0011296103114599232,-1.3187874404017912e-4,2.827197946551238e-4,0.004746859829855118,-0.0018944124282144759,9.00666909533524e-4,0.0013235169451466962,0.0021685488178036314,-0.0016589730003732594,-1.5577204926160875e-4,0.0023387813989018177,5.78646917542201e-4,-3.243186462439705e-4,-1.9410005225370226e-4,-8.31850016974071e-4,0.0016904702296375448,1.3537643958885703e-5,1.7793461440019682e-4,-4.2260068180234e-4,-3.4267281645749577e-4,-0.0014869085737011772,-3.6291532481450543e-4,-0.0014458084776211061,-1.5288089476155295e-4,6.427479073647452e-5,0.0021094431001957956,-0.0012132887586250888,2.3599256633781592e-4,-0.001078561949379886,9.517721626218315e-4,-7.313629756024157e-5,6.93010569949266e-4,5.972878280505742e-4,9.347088141797372e-4,-4.72961271324414e-4,2.5112751830679497e-4,7.218619891846658e-4,-4.15381223657994e-4,-0.002600241015154553,-4.723440993379419e-4,-4.126455063578189e-4,8.824990439976666e-4,0.0012338820880295571,-0.002080762954501413,-0.0022189317910223313,5.198848561720336e-4,3.5375727613582667e-4,3.6485038192391465e-4,-2.4797619016151444e-5,2.015936185883122e-4,-1.063002059641577e-4,-1.1352028270580603e-4,-1.843270507479814e-4,2.147447958445036e-4,0.0014871905957249984,0.0017241948750824842,-0.0014402742025081872,0.0012699671137698949,-0.0010969260596577458,8.472591555517034e-4,-2.750167810579955e-4,-1.6246234818610334e-4,3.873439241603359e-4,-8.168415300620793e-4,-5.730317234300362e-4,-7.900205672363735e-4,-4.412445331490172e-4,-1.675709052018361e-5,4.4367271046727604e-4,1.071048578655844e-4,4.2006141225937285e-4,-4.15466247957039e-5,2.7485748792127656e-4,-1.0900449084121834e-4,-1.8429542524908102e-4,5.259769514889915e-4,-7.145180096440043e-4,4.6037264701103e-4,1.3878662243440738e-4,2.2273062147996388e-4,0.0017964476906963736,-5.157924968062123e-4,2.801204861184367e-4,-5.945655654269148e-4,-9.086384497480957e-4,-0.0011647230505583434,-0.0010760331474498788,1.838575784020844e-5,-3.158840085532616e-6,0.0013928772661501115,5.923433239807497e-4,-8.54301211964243e-5,1.6136779936972727e-4,-2.958507443445802e-4,-2.15291517030176e-5,-2.8963404823756426e-4,-2.6385035773705324e-4,2.6455298529574407e-4,4.512520524852597e-4,2.3289281325818433e-4,-2.938715029950619e-4,1.8244718615240677e-4,2.9750361510127836e-4,4.0045335876299294e-5,9.596601102644265e-5,3.0562873098379575e-4,-1.6190049328016175e-5,4.2300139184606823e-4,1.7187389263112284e-4,-4.1546460898899887e-4,7.317487375394082e-4,9.81139474424431e-5,-6.477764532905083e-4,1.0810676517601245e-4,-8.710961168128815e-5,-8.038004167535667e-5,1.856217483524189e-5,6.798953533451375e-5,1.44661877312427e-4,1.2408445931284297e-4,8.019319961441289e-4,-3.519465075076147e-4,8.737835271516594e-5,2.767399123250486e-4,-1.116716418507906e-4,1.299729276762953e-4,-7.899927856019697e-5,6.04549432308798e-5,2.511593362498763e-5,2.4021243236523065e-6,4.2775815714606135e-5,6.167233479239018e-6
C15-C15kl-C15bd-C15dt,0.0021183882472348837,7.485809546923838e-4,9.905303372861392e-5,-0.006365508239680108,-0.007668497768833691,-0.0014313827633337496,-0.001415633981034763,-3.7480494518260326e-4,-1.0501628361485334e-4,0.0011117936452153681,-8.814823673087432e-4,-1.0771550845407222e-5,8.935835412084444e-5,0.0017935518631421639,-0.001463484646716694,0.0014849447685951933,2.2661098680762864e-4,-7.048772674625277e-4,-6.486681552111202e-4,0.0020785384484876875,0.0030012835112821347,4.0428623624638087e-4,-5.190505613607825e-4,0.0027248022528747573,5.200853876605597e-4,7.123644565829698e-4,-4.285145790234226e-4,-4.875132354390815e-4,-2.033864011093346e-4,5.099625328295059e-4,-0.0011671707470110452,-2.7856909102922923e-4,-3.9022784095905486e-5,4.573852004346159e-4,8.48828810212882e-4,0.0018570759503348585,-0.0021651997698962097,0.0021029189096324788,-0.0012717811983646028,6.426736841725478e-4,-0.0010982217052047357,-1.3151520647135555e-4,0.0010839070049478722,0.0028563604122421957,-0.0018265964252336413,0.004803199539947008,0.0035145635850653196,-4.7180227774826374e-4,-0.01749834940145571,-0.005858826527504848,-4.6548817940184945e-4,0.003657756487691461,0.0020698961917194622,-0.005940539625066863,-0.010927114594816215,0.0016399569512881192,0.0025325449931891584,0.001469537199436771,-1.1979625813575816e-5,7.155516867454529e-4,-0.0013954358337608286,0.0017592194383090612,9.068113487312151e-4,8.802640181024042e-4,0.0032276230701402393,0.006825565117642039,-0.006155865991925678,0.004047959299992886,-0.003928789381594302,9.32476822866335e-4,-0.0013643630992714022,-0.001042486978924786,0.0016572551224865659,-7.52977863363828e-4,-7.357748389786173e-4,-2.2350515307162906e-4,2.1114514540984386e-5,5.159706319497921e-4,0.001325867787741484,-3.299317683116796e-4,7.074552117146039e-4,-3.918200510296323e-4,7.505976288696888e-4,-4.855782075493244e-4,-4.517689896976348e-4,-2.2755965311917746e-5,0.0017877274816803124,2.9461469726500844e-4,-4.4417069438769364e-4,8.818132021424186e-4,-0.005004254043040236,0.0017913778185609784,-0.0019518156322617373,0.0016696300544286002,0.004646412376039387,0.0040314545398208584,5.815142550549978e-4,-0.001593256521731803,-0.0017220993953922165,-0.0037842159545874105,-5.281965913796871e-4,-2.2262849208253186e-4,-8.939701989062861e-5,-6.616863855810798e-4,2.345959092788636e-4,7.317938209711576e-4,-8.613054440909607e-5,8.128005603629722e-7,-4.7605978761984996e-4,-0.0011525506111101547,4.041320899524302e-4,-6.445928438794514e-4,-1.2396465388127503e-4,-8.257440976145806e-4,-3.9984255919001143e-4,-5.001096903261869e-4,-6.030342567249792e-5,-7.554884854259458e-5,1.9727535677009697e-5,-2.5870886870842775e-4,-2.837270626637685e-5,8.696920649232744e-5,-8.181068850953751e-5,2.4049039870479175e-5,-4.083856220632349e-5,4.7361253758145386e-5,7.051377079205172e-7,3.5999076561330496e-5,-1.3595005449217002e-4,1.6424800612032156e-5,2.4948249049267177e-5,6.336537684011525e-5,-9.665770096422771e-5,-1.7829597702160618e-5,-6.726118466769576e-5,6.978161843899426e-6,-1.2176041010512807e-4,3.687281752931261e-5,-1.0113125185753803e-5,-5.284244174354032e-6,-1.0277101748670773e-5,4.876676447394274e-7
C15-C15kl-C15bn-C15by,0.0015615749918671824,6.39499997291278e-4,0.0012039889042467597,-0.0028536844409967005,4.1551912527133724e-4,2.7168344689857874e-4,-8.86561790398233e-4,-0.0010826668670572137,-0.0016447670790284564,0.002464095856208374,-0.0031211871400286775,0.0015968391671479995,-0.004088376794695008,0.0017332456882303755,-0.0015848513166993761,0.0015720682480252963,3.6894596665760896e-4,-0.00094507199221443715,-9.404774604517628e-4,0.0019591226770691427,0.0022198799967043715,4.2860739591790264e-4,-4.740466024049766e-4,0.00023719166079416481,-9.251933059661279e-4,-5.630779587417337e-4,-5.275593546919409e-4,-0.0016835010910012929,-6.97624240058249e-4,0.0037569228231880856,-0.001427407419227037,0.0020011707364355215,0.00816389380116634,-3.3151118202328175e-4,0.0037023016797271204,0.001157112536287476,-0.0012165755147238587,7.339481354023253e-4,-0.0014727500074781478,0.0022904286644957763,-8.66141657647262e-4,2.036856229654417e-4,9.754150838344688e-4,0.0031705034859519634,-0.00313016983098304,0.006037511901702813,0.0037613449278633966,-0.0012971895191091374,-0.020937898977289995,-0.007936635581890707,-0.0023829503868094456,0.0021318311707257337,-0.001501527270465746,-0.0024784827116427206,-0.008266818520485305,0.0011593058558268753,0.0029206930778228365,-5.361048939416861e-5,9.56419926124658e-6,-0.0012871901404034368,-0.002891145173794932,0.0022969966387976874,7.996834272400011e-4,2.900403765707729e-4,9.883955862779724e-5,6.610548478875962e-4,-7.966506373202286e-4,-4.6525988051982446e-4,-1.4149618266168004e-4,-3.384311856052516e-4,-8.25300740620688e-4,-5.904481627631175e-4,-0.0010096777593017634,3.492176816578015e-4,1.68249891988742e-4,1.0318932802244404e-4,-5.976757201785855e-4,6.189821600459588e-4,2.856787693975415e-4,-4.552391464262399e-4,-7.021153301498956e-4,4.086622784997585e-4,-5.720821458113935e-5,4.241048591078976e-4,-3.753343427988525e-4,1.420617362770725e-4,-0.0015048424576120292,0.0014052503928643348,5.374426036264783e-4,3.619893621051504e-5,9.687174625871727e-4,3.9010787858525327e-4,-4.137711442746655e-6,8.352594062234597e-4,-0.0021427974287584754,0.002241495856534164,0.004246774000602298,1.887788226488995e-4,0.0014336096729403317,-0.0018037167981824022,-0.0011742255906100156,5.313964831316257e-4,-0.0017146091071303371,0.004060226285814383,-3.8988855113034705e-4,3.6717107178743034e-5,-0.001102493940553422,-0.0014800014018186538,2.3987187232983134e-4,-4.5319856348183165e-4,4.0690454807770283e-4,-2.385700294826661e-4,7.241852510998097e-4,5.906557170754294e-4,0.0011938977938156957,-3.636436606501281e-4,4.9294648905966144e-5,1.343934079756659e-4,-2.2620764509561923e-4,4.0770491242577285e-4,0.001632389796722316,-4.070629766583985e-4,-1.6438542568759503e-4,-2.4635747103378007e-4,-2.960025595631863e-4,-7.562359026413963e-6,-4.792111934706233e-4,-1.8759123445525209e-6,-4.572515392831807e-4,-1.1040107418859399e-5,-7.090530967459024e-5,2.7979008020253946e-5,-8.867879222707068e-5,8.075290230724533e-5,3.566349952331427e-5,-3.2969795587512125e-5,-2.3318012324726027e-5,-5.0641759715238166e-5,2.6532632243654867e-5,-1.5432446193745136e-6,2.4315155285036953e-6,-3.7254268865308045e-6
C15-C15kl-C15by,0.0011971435164871988,7.393409954892287e-4,0.0016239470487871646,-0.0025383739796028602,1.3962338921753024e-4,1.0083082728408167e-4,-9.840921388082167e-4,-0.0010468327990151964,-0.0017084332283688278,0.002870672784147968,-0.004251683845426697,0.0026836647078925992,-0.00697036613202311,0.003113990773515496,-0.001983647371668598,9.867359116901536e-4,7.302244113087664e-4,2.6354024466530455e-4,-0.001110623567184439,0.0011263246120554909,0.0020131181951530018,4.618617093755093e-4,-3.999943079252979e-4,5.362857998114249e-5,-7.094323341235475e-4,3.114826160028652e-4,-3.493554983558312e-4,-5.334709728839557e-4,-3.138745121397725e-4,6.160179182829439e-4,-0.001278305211881573,-2.529693777668241e-4,-8.853069132060448e-6,3.9317028627004785e-4,9.823094835348292e-4,0.0023164776340768287,-0.002337219076478452,0.002501818715647831,-0.0015404795320576362,9.339114914523114e-4,-9.049404098295247e-4,1.5729318462351792e-4,9.968639092837808e-4,0.0028438714750453112,-0.0024435917354325024,0.005678071477880035,0.003037108565712645,-0.0011375385345151685,-0.01796835642043998,-0.006340868050563635,-0.0019233337273617233,0.001234765550247933,-0.0016996046199447476,-0.0011229137160667232,-0.006030568432419933,8.071110479846896e-4,0.0023561265444017074,-2.8486461346607814e-4,-1.0150427890419161e-4,-7.611565761348996e-4,-0.00209479342469886,0.0017075426288379208,6.893286014286007e-4,9.115728730874594e-5,-1.6062678282453081e-4,5.025140647048621e-4,-4.236931409487782e-4,-3.3158837271214555e-4,6.318752452484958e-4,-4.482731662779646e-4,-1.7505507014792655e-4,-3.6852343035780214e-5,-4.506930053657723e-4,9.644143724320248e-4,4.5434497025006467e-4,2.2855456343404224e-4,-1.612325971071129e-4,4.2581584638201386e-4,-3.2362995349932206e-4,7.671189135011258e-6,2.4556286235975344e-4,-1.6705695557298883e-4,-8.291892283344888e-4,1.2967182744777107e-4,7.391621037705612e-4,-4.657440303220167e-4,4.072593642606784e-4,-0.0010799919985589514,2.1997844256955448e-4,-1.9883537250209497e-4,0.0010426635283379412,-3.712321188987163e-5,-3.308780017130175e-5,-3.221395814517929e-4,6.417532750941957e-5,-0.0010685743690264273,-0.0013373187885374774,1.2645450522698735e-4,-4.23279911997764e-4,-2.1051030988851834e-4,-3.0234452143095786e-5,6.836056942753772e-5,-3.647516151286309e-4,-6.119990463483966e-5,-2.396176024051504e-4,5.290494493612806e-4,1.9528260753475004e-4,-0.0010565873514094843,-0.001045744356511345,-6.088273437060965e-4,1.3062528296676527e-4,3.283630451417741e-4,-4.466714435538035e-4,8.297441968671e-4,1.6168738457599145e-4,-0.0013920691484529681,-9.798034207485146e-5,1.409163532029087e-4,1.8175233567510908e-4,8.028523290349022e-4,-0.0025403953621429953,3.664706141573211e-4,2.984221040828763e-4,-8.061106014859698e-4,-6.651279003578567e-4,7.614890648990589e-5,1.984479259089546e-4,8.126907119355257e-5,-2.0266549383842454e-4,3.546375444315249e-5,7.024496154128976e-5,8.415930395029712e-5,-1.6529127067946e-4,-1.7964898521549108e-4,-2.610143757627563e-4,8.233361670402584e-5,-2.7562760714651966e-4,1.0319210933030681e-4,-4.5759600995661264e-5,-5.515637215355253e-6,-2.4828043174642603e-5,-5.144158150639763e-6
C15-C15kl-C15he,4.189645994489169e-5,9.336541434642132e-4,0.0029102234443657503,-0.0012903594428272389,-0.0011819433918398485,-9.148258994326449e-4,-0.0015261250148466256,-4.4511275776743864e-4,6.871121988302222e-5,0.00161238490103249,-0.0024756268177517212,0.0018777698082451174,0.002091031637990142,0.004842171809110887,-0.002060605710334485,7.626286058996118e-4,0.0013444311460157456,0.0021188817412128133,-0.0015898879635734746,-9.09608631620941e-5,0.0022893103444519233,6.25551034759442e-4,-3.3915326180054253e-4,-1.9588379957941816e-4,-8.178256115088351e-4,0.001529559559992802,-4.277115572922239e-5,1.872961661122242e-4,-3.727700364308189e-4,-2.9891001853381375e-4,-0.0013924593401541405,-3.645153362049489e-4,-0.00142478466496532,-3.878305620749629e-5,7.922986336207797e-5,0.0020717008493359368,-0.0011663793628871337,5.194219626831302e-4,-9.463374561007418e-4,0.001093232250111304,-2.27887642848442e-4,3.6751017758170426e-4,8.259618225303378e-5,6.755655038487111e-4,-5.099613402540098e-4,2.326308041599461e-4,7.217512865592829e-4,-4.844130886686542e-4,-0.002661085079416157,-3.7587738490249333e-4,-3.52674103111647e-4,7.893430939592874e-4,0.0011869445525310189,-0.00163170128904946,-0.0021213996354168155,4.4384420175264436e-4,6.618032720202906e-4,1.1823044607049379e-4,1.4590541104484496e-4,-4.0254881715027455e-4,1.828198800011837e-4,-9.788003197145689e-5,3.356704179299402e-5,-3.00748427659607e-5,5.995834419154924e-4,0.0010299641717365692,-0.0011202444147909163,8.772203321849136e-4,-9.640424993855915e-4,1.6908830133125155e-4,-3.31237012051745e-5,1.8580206643117834e-4,8.00193109749897e-4,-2.2323417832415874e-4,-4.466449344304662e-4,-0.0012929449688119125,0.0011193131638069474,-0.0021519799557822576,-4.950163808651309e-4,3.4856228348353777e-4,4.22219775113943e-4,8.477457286777916e-4,1.1542455542644367e-4,6.386604116972681e-4,-0.001086354160977309,0.001071837830834542,-0.0021795624828378464,0.0020317491100330515,1.7804971070089774e-4,3.165001012305694e-4,0.0012049871980816626,-5.252902139192654e-4,7.87309621418781e-4,-4.1374715629528147e-4,-4.8236847471418696e-4,-0.0011903430757931146,-9.346928876013249e-4,6.024691926236318e-4,-4.025121572011147e-4,6.456211041795196e-4,5.537018963219129e-4,2.3074537858382835e-5,7.215009322175658e-4,-1.3422787237348546e-4,5.233714507907486e-4,-6.289366782830754e-4,8.232279129587506e-5,0.003139350820359416,-5.483045293871022e-4,2.2830450103674818e-5,-4.467664644307732e-4,2.569044653763422e-4,-0.0010167114945455367,-0.001492116638209084,-0.001079042426635025,-2.491631112973223e-4,-6.0137659897448965e-5,4.799919338628397e-4,-7.270774680111356e-5,-2.1579761443166987e-4,5.635964761303705e-4,6.516937098065092e-5,-1.8369834406704156e-4,-6.909610674358594e-6,-0.001036923831180109,8.256926212001595e-5,5.10959319401657e-4,3.6764738323712744e-4,-0.001111030420184044,3.0547392918050425e-4,3.383087848896677e-4,-1.5151618936974892e-4,-9.234652504056324e-5,3.930431256688384e-5,1.2728028565327432e-4,-2.58697421639827e-4,-2.5043566439298865e-5,3.283912201908235e-5,2.3546385197969067e-5,-2.1003316775624126e-5,9.24811720565735e-5,4.3060682779625296e-5
C15-C15kp,7.947472385076942e-4,7.187836838407695e-4,0.0019976805701406946,-0.0019526392963589126,-4.0376255510114826e-4,-3.9158182797702413e-4,-0.0011740211809285314,-6.516733428387944e-4,-3.79608892211788e-4,0.001333913015015684,-0.0011524778810863838,-5.0720854842350066e-5,2.0996549306162639e-4,0.0023283658665641054,-0.0013744851110510485,0.0012641701746187158,6.078223142209189e-4,7.877711589956002e-5,-9.503553901402522e-4,9.553639890490383e-4,0.002011650495464169,4.2617994781198254e-4,-2.9233827969683964e-4,-3.837466317565091e-5,-8.120054882621562e-4,2.8903885325245565e-4,-2.4051640240175474e-4,-6.072912074985614e-4,-3.8220817822396953e-4,3.0052613359487796e-4,-4.984177973499646e-4,-2.8063127435278945e-4,-8.063196621804519e-4,2.304998046544994e-4,3.4146173590460225e-5,0.0015692474631523203,-0.0013907810104979927,8.301161279324019e-4,-3.7842174307900955e-4,5.005260616723774e-4,-4.7159088847051697e-4,4.485064433619479e-4,2.5202525054836137e-4,1.4869974495172216e-4,4.702040591110037e-5,-9.703013074911149e-5,-3.678163426282484e-4,4.721403012858959e-4,9.318788650213627e-4,0.0015316578678200986,5.57799269939472e-4,-4.7072953269296176e-4,9.782681615861633e-4,-1.171449556471233e-4,3.250336856305987e-4,4.0691213716001907e-4,-5.801352152869417e-4,9.041421224625574e-4,1.3224738398966732e-4,2.1074597111620205e-4,5.794923369310078e-4,-2.398311538965676e-4,2.2895016420546166e-4,-4.1739468948287945e-4,2.686157581611863e-4,7.223912817593782e-4,-3.454520822258301e-4,8.847745778259215e-4,-6.746999145054018e-4,-5.881415795930687e-4,-5.613173661238327e-4,1.0340970757386559e-4,6.273423217867466e-4,-3.219641638547905e-5,-6.407507815082394e-4,-1.5025344716384587e-4,-3.932385509020176e-4,4.294296383290122e-4,3.309353274058985e-4,-8.15996384227787e-4,-9.537330978893633e-4,5.6671668721827526e-5,-7.301528621038872e-4,9.94404879584171e-4,6.800856053320451e-4,-3.536800122815042e-5,5.619065777037092e-4,-6.551598400571715e-4,0.0021912193447841824,-3.1406102867602686e-4,0.0011246272894466587,-0.0019135048969782455,-0.01030026736467615,0.009532473576386612,0.0023647775194356913,-0.010586388984605235,0.004551226777918609,0.005657874251598715,0.002361089025714238,-0.0024967384184935958,-7.147933716166473e-4,-1.227015195436322e-4,2.4185609422330538e-4,-8.914247601309559e-4,-1.3710396459710823e-4,-2.465534552426843e-4,1.352140045880432e-4,2.094776009391591e-4,4.63432008685663e-4,-8.402635057423452e-5,8.60504026159873e-7,-2.2739695756989498e-4,3.694051121202902e-4,-7.097405661708037e-5,-2.654258988493893e-4,-1.608445113356686e-5,-3.677260067800825e-6,-1.802096075593189e-5,3.055181775413815e-5,8.145569878550607e-5,-4.697073639959058e-5,1.0597568870009167e-6,-2.853252435695856e-5,2.232680549464083e-5,1.8826745281930634e-5,-2.7863412643315666e-5,-1.8477993737193021e-6,-3.05610028884568e-5,2.5789338912576527e-5,-1.3160341550280661e-6,-1.3853957325461196e-5,-1.1519687850004664e-6,1.8116112766612218e-5,-3.380617626960639e-6,4.51308737180243e-6,-4.0312579937915746e-6,1.4280776507597556e-5,-3.2353520901555915e-6,3.874858031950559e-6,8.605400280320781e-7,1.4008971896814562e-7,-8.596905107741539e-7
C15-C15l-C15bp-C15n-C15.8,0.0018541011718258876,5.546876632479679e-4,7.593462285583515e-4,-0.0032668746500373945,9.210873310423126e-4,1.946512190570835e-4,-6.992406034532136e-4,-0.0018368946728631486,-7.182603967219387e-4,0.001735596120388874,-0.0013844708744434324,-6.42509093067059e-5,2.622332663048447e-4,-0.0010412039836042019,-8.118264587488069e-4,0.004687997888317583,-0.003918347157883556,-0.008336030594224676,-0.006878105696424882,-0.003988397746913579,-0.01413566891643585,-0.005180114881947425,0.0012587179442102303,0.0043488780530545525,0.004910948785521655,0.002070374657938256,3.3347737401252927e-4,-1.2076046079529644e-4,-0.00415783593179718,-7.735341151065158e-4,-0.0018485666434961032,-8.789164606491568e-4,-0.0022680854679482353,-1.6741751415704197e-4,0.0011458579197200813,-0.005723673031668523,7.140764789539758e-4,-8.44478142545809e-4,2.2071618288296507e-4,-0.0015927471956642277,5.494745452219243e-4,0.004901623546472749,0.0015643443365258608,-0.010161134902335908,-0.0012125909184638533,-5.504984237315274e-4,-1.696271836302582e-4,-3.441100268465169e-5,2.9590843040873074e-4,2.2359508329578134e-4,-6.499950138936911e-4,0.0024610709143144086,-0.0017040021654496742,0.002028600499143914,-0.001730291467333844,6.238022465001993e-4,-1.7287397357836044e-4,0.0022188728761386675,-0.0032496450939880333,9.018875818506062e-4,3.004464428888742e-4,-9.391488439632868e-4,-1.7154197893229104e-4,6.261756964222256e-4,0.001556419904148199,-0.002020301197510774,-6.641787817833395e-4,0.003240587716775997,0.0029004216929560136,-0.00909399342873918,-0.00790560682360664,-9.894553832404023e-4,0.0020840255767913827,0.0013991630489250493,-0.0017816758034735285,-0.002183774354659516,0.001134898901773421,4.011732967788125e-4,0.0039831233936154535,-5.05032025319092e-4,8.875894872083149e-4,-0.0026258236847045424,0.00182320153913261,-0.002769464515663533,9.788863247703044e-4,5.808504258154473e-4,-0.00371218506027936,-0.001959096639603616,-0.0013935186281230237,-0.004084562330359878,-5.15491717857473e-4,-0.004443014626695573,3.984131369263952e-4,-6.09229144380489e-4,-3.884528939957387e-4,2.3718182359135475e-4,-2.9053920329441194e-4,-1.932333241303776e-4,3.4717859094640294e-4,-7.050364069252817e-4,7.220105618649643e-4,-2.2698741979671416e-4,-5.92028325226323e-4,-3.502706043727845e-4,2.4336094369723158e-4,-3.613312000527479e-4,-3.129269345849441e-4,6.129542814590593e-4,8.715494175773389e-4,-4.898282929988169e-4,4.262008533326658e-4,-9.897732693405583e-4,9.493070091439075e-4,-2.1255339639539758e-4,4.5278507741117934e-4,-3.88791604821675e-4,9.173806669064546e-5,7.302172258744111e-4,-0.001242613288217744,-0.0013521458902152218,-3.0671502119665055e-4,-1.0247508833050759e-4,1.6103555030091364e-4,-0.0013668866432297768,-4.045801026634212e-4,5.0771376660544916e-5,2.297969661300175e-4,-7.046325969371271e-5,3.3978020905716126e-4,-1.0277598606429419e-4,-2.620538708813883e-4,1.4385959485146575e-4,-1.1629978710955348e-4,-4.10486317393412e-5,-4.837234552574468e-5,3.869709847241152e-6,3.0183131591975606e-5,1.2920623773301613e-5,-1.6298624827739054e-5,-1.2625045328321418e-6,1.1601508028534763e-6,-7.638345337252306e-6
C15-C15l-C15bp-C15n-C15bb,0.0022464995838571513,5.622145809690036e-4,2.466654061956622e-4,-0.004222816058296996,0.002685545644115669,-0.0028066075390838626,-6.034261630118071e-4,-0.0010683982158554203,1.0124466291051315e-4,0.00150095448036138,-0.0011267543327558758,-1.192919523888888e-4,2.946013776084525e-4,-0.0016556788568016746,-5.255393855193292e-4,0.006812939152719012,-0.008516453631051137,-0.0016110031114425457,-0.005538190541460752,-0.002030960433576286,-0.019800986764625297,-0.00713257992270288,0.0018464796960288479,0.004866642437270352,0.0069038533728903884,0.0022870399231982746,4.4926794441181426e-4,0.0013224143811352606,8.419392285853039e-4,-0.001532307667280534,-0.0051823644038142755,-0.0013135978700539218,-6.754459061853196e-4,7.403514931411284e-5,0.001157448296373738,-0.004636721243377685,4.147690887382351e-4,-5.511405728509988e-4,7.646353038753284e-4,-0.0015148147629093498,5.184218067985313e-4,0.0010364137282676805,-5.983753152146182e-4,-0.0025262857617192086,-5.627618525718954e-5,-2.290707892402972e-4,-5.908481142390804e-4,2.7896260864142437e-4,4.239542555242446e-4,-3.40571045075416e-4,-1.2740729092566448e-4,-0.004101954314092672,0.0012027087209630443,-0.0014761577597259526,0.0010126658375771195,2.443566336841048e-4,-8.837474975006531e-4,8.454271508947439e-4,-0.0025772318371437668,3.9005943613787825e-4,-7.624646370769846e-4,7.712813466307435e-4,-1.2404516856014548e-4,-2.01950379696078e-4,0.003468488662052566,-0.0032981677493061014,-4.907765483858328e-4,0.0046251446583336995,0.004211871457272149,-0.008307323539011329,-0.006100744963307318,-0.004751346977998667,0.0034323229609855665,0.0012986980080050515,-5.521419004168891e-4,-0.001971716365721759,3.3800731650103483e-4,-4.1912598276197045e-4,0.0017038855372144368,0.0010132324783814672,1.603964513137988e-4,-0.0011144388075749387,0.0014138735532740994,-0.0017742635545907083,-6.054336540142584e-4,4.8841364662060357e-5,-0.003832281845936798,-0.004260339703003953,-0.001848762623915479,-0.0033203927471094374,-7.933646165537471e-4,2.1888739763208605e-4,8.360734872915994e-4,1.3357051415190468e-4,1.2494923016158997e-4,-1.2395802628572077e-4,3.888334336649055e-4,-1.2297105811775284e-6,3.25318118220683e-4,-0.00030637774773067435,-5.529060872973248e-4,9.283572633321033e-5,2.518395099079715e-4,6.300964046639312e-5,4.494654391307961e-5,7.3957133420113796e-6,6.436510224844552e-5,2.202392272786908e-5,1.0268319715127619e-4,4.678673982393707e-5,4.331579962503001e-5,-7.769995473034256e-5,9.138790752668566e-5,-2.049612382913256e-4,-1.2376821324982336e-4,4.868107194293782e-5,-7.611019368622876e-5,-7.350186816040594e-4,7.094010395972103e-4,6.50996326953114e-4,1.7574851420848602e-4,3.151861496751132e-5,-9.281100361473397e-6,5.538011940502248e-4,4.0953579769528693e-4,-7.795113263058721e-8,-2.358477770631157e-4,-1.1122618357673752e-4,-4.2236739796449284e-4,6.934235768440132e-5,2.3141573708139405e-4,-9.511253150281188e-5,6.934140217175401e-6,5.8093568610313444e-5,-6.251469663469524e-6,1.6455901835742752e-5,-5.837312511415783e-5,-3.4350078105948095e-5,1.0871791959094188e-5,1.9825390103745875e-6,-3.5238015105056424e-5,1.3949350027518417e-7
C15-C15l-C15n-C15bb-C15.8,0.0019058697200808627,6.555555903171408e-4,6.562199966774144e-4,-0.003992320609583593,0.002493492611565595,-0.003402059528927455,-6.858532962148308e-4,-7.003119147888908e-4,4.944880224625553e-4,0.0014398133414319928,-0.0011462269330425583,-1.5220896815011e-4,3.238252709917913e-4,-0.0015834343297242179,-4.1442424106591516e-4,0.007592009177639402,-0.009846535305619998,-0.004045347992321757,-0.008100128700397998,-0.0070252294722007716,-0.015288604677095545,-0.005056798702819964,0.0014576267814014909,0.0031201767722920555,0.005749426755096186,0.003580654152311509,6.093974607889639e-4,0.0025408413857686725,0.0025293721083353895,-0.002188947303955266,-0.005767548420371126,-0.0013147435363595832,-0.001118602404370903,-1.361074173263441e-4,7.75796754997805e-4,-0.0031706683751037477,6.749031785956437e-4,-9.872883154621553e-4,3.4832912869075e-4,-5.185117941337352e-5,9.717719757691442e-4,2.613508113836518e-5,-7.363703033664828e-4,0.0022187868298510936,2.1056680637990952e-4,-0.0010644279452139017,-0.001351495088709562,-5.235997665802678e-4,0.001662431556431236,9.403998335508094e-4,-7.839726233290938e-5,0.0019252274218129243,-8.01853790739226e-4,4.5101199144993644e-4,9.421164231213502e-4,-3.09083061927399e-4,9.765043466082585e-4,3.822657107202934e-4,1.903357672239873e-4,-5.454814173382207e-5,-1.5084261766739883e-4,4.211183628689436e-4,3.5498773318406123e-4,-2.6621977155386333e-4,-4.506240867514962e-4,0.0014864929738196142,-5.445295593883714e-5,-0.001306223156638526,5.925583961034008e-4,9.894297855994657e-4,6.720361638802531e-4,0.0023677876858613964,-0.0010192917813811922,-0.0020597854678967623,0.0012111768789100617,-3.880719277005481e-4,-3.0309988950749867e-4,-5.357199389680405e-4,-6.478762626147642e-4,8.817043593206076e-4,-2.317633650823149e-5,1.3663181348685837e-4,3.044639985782826e-4,-3.9884044656180763e-4,-7.382093432206071e-4,-9.022712079715451e-4,-6.510868434039504e-5,-0.0013023807809951825,-2.4182590429181947e-4,5.656370760400707e-4,1.8524912217399834e-4,5.557577467596095e-4,1.1163364164143571e-4,-2.431320013371414e-5,8.901695866448652e-5,1.797489049423218e-4,4.281259718451826e-4,-5.03253788794877e-4,-2.4250849514204838e-5,-7.276773637337555e-4,-7.135377658686993e-4,1.4034230414471807e-4,3.5254488787331626e-4,2.2735442193707104e-4,1.0572236990383314e-4,-7.745632442354235e-5,-2.0044552441874394e-4,1.0251665533390047e-4,6.451210252564282e-4,-3.8065475842999477e-4,4.1210792363666313e-4,-9.053308830360736e-4,5.541584972461313e-4,-2.7955830123757184e-4,1.0412076473067169e-4,-4.058269522696511e-4,-6.466258545876695e-5,-5.924028624268094e-4,4.194498103791912e-4,6.307104475470789e-4,-1.1078239630290618e-4,-3.7018670697809326e-5,1.798527604261335e-4,2.034296729384989e-4,4.1138024309970853e-4,-7.010029702964418e-6,-3.702066426746434e-4,-1.669548372783051e-4,-7.917130774999906e-4,1.7099779155180676e-4,5.103309931215317e-4,-2.47024449965016e-4,1.8618568876931606e-4,1.322904888960519e-4,-1.7832878864337828e-4,1.0113684798548e-4,-4.480933729302914e-4,3.7672224421221543e-5,-7.303686489074837e-5,6.237925005210014e-6,-1.5660295332766574e-4,-5.816641416149043e-5
C15-C15l-C15n-C15bb-C15.8-C15hr,0.002005199713210371,6.389283188319991e-4,5.331299207485613e-4,-0.004112455988847473,0.002649239307269752,-0.003435504758847251,-6.207296909759389e-4,-6.721048597149997e-4,4.6450524028122584e-4,0.0014543865436855057,-0.0011492368288013213,-1.5229810697529666e-4,3.216825045945965e-4,-0.001854041735082547,-3.3843489958092357e-4,0.007840215964714955,-0.010321536518797811,-0.0038334918866173595,-0.00805141628347709,-0.006978519696342004,-0.015509112181445876,-0.00510947858665715,0.0014803540916594083,0.003095307231769835,0.005797563739940845,0.003553428982436151,5.946595627983078e-4,0.002678922893583729,0.003078477290008113,-0.002234049747605367,-0.006126398424956611,-0.0014275456622546141,-0.0010861468944943667,-1.0511103645736423e-4,8.903394691361157e-4,-0.003764748780039324,7.476458673331498e-4,-9.998341238460742e-4,4.97906458469364e-4,-1.1751125452693577e-5,9.727610931978488e-4,-1.0658358690143692e-4,-8.437202430319108e-4,0.002740408815001519,2.630924817221814e-4,-0.0010083509345651656,-0.0016445032231143346,-4.476346283190093e-4,0.0015979873923904428,0.0010075469551621532,3.937851727875639e-6,0.001678195236561086,-8.589247723999679e-4,5.572932628575047e-4,8.09433272193281e-4,-2.6832075957377877e-4,0.0011929731714919376,4.8215424650741614e-4,2.4255451127413105e-4,-1.5501382979312667e-4,1.584348152611517e-4,3.454796590143784e-4,5.853190551416087e-4,-6.128163506112831e-4,-7.865890145128565e-4,0.0021949193150059563,-1.7481193965236436e-4,-0.0018535174670099251,5.945185114511906e-4,0.0011342682128271753,4.517839672147606e-4,0.0028690990436019592,-0.00135054025629952,-0.00235704168176234,0.0012516359637948706,-4.853606714610125e-4,-3.3474045641466906e-4,-4.2185377211868857e-4,-3.9779407469372737e-4,0.001086775789259937,3.245762628570199e-5,2.720715483528469e-5,4.1754050852864627e-4,-6.512974768536668e-4,-9.541275602664917e-4,-0.0011908124820108243,-5.399382354827369e-4,-0.0015935257117996925,-2.706851187802203e-4,4.5125783959601965e-4,2.8872636895641924e-4,-8.737718050098883e-5,2.113245210692353e-4,-1.0795185068212214e-4,-4.482826431550332e-5,1.3196223138726946e-4,4.000340116500053e-4,-5.71216374678751e-4,-1.5975365416136651e-4,-9.466571393931246e-4,-0.001223052503207735,1.7389656482831733e-4,5.934502889451209e-4,1.1279894992549787e-4,1.4124340615126018e-4,-1.628069917998425e-4,-2.0650389027127694e-4,1.477350450807831e-4,9.501833907203503e-4,-4.687313040171486e-4,5.214191064078998e-4,-0.0012727885559478604,9.444092253590345e-4,-4.122124957278835e-4,1.9308557127753893e-4,-7.123712998836559e-4,-2.61535016038038e-5,5.355293065596674e-4,-3.4267042650559424e-4,-3.008325507143666e-4,-5.354938519774847e-4,-2.6021714896572504e-4,6.318920621698655e-4,-0.0013002116515529042,-2.4948349179473677e-4,6.722784706690217e-5,2.479514178084029e-4,-9.844377797317326e-5,8.721378235951847e-4,-4.760508673819275e-4,-0.0015781908595560044,9.066933346436927e-4,-6.706865176414362e-4,-3.3704054329573743e-4,2.062040182267323e-4,-1.7037784821287406e-4,4.8163974173706463e-4,-1.9441765466387382e-4,1.1516337754747211e-4,2.3650713548959953e-6,5.377959152026905e-5,5.9303578196965544e-5
C15-C15l-C15n-C15bb-C15ai,0.0012644627805954009,7.532646523244932e-4,0.0014295264670931122,-0.003143475367772252,0.0014612623448860803,-0.0032637455880953348,-0.0010999922024972763,-6.835609625622961e-4,7.425230797769499e-4,0.001296914280193616,-0.0012497010989509763,-4.1807812533840595e-4,3.548500242585248e-4,9.881038786548454e-4,-0.0011031851906556128,0.0051930106030839635,-0.005916878619648258,7.211204808524465e-4,-0.004200454101602664,-0.0017074349765709494,-0.01223001887030735,-0.004426195772462897,0.0010969527508047276,0.003069820772529499,0.004404325261733442,-6.565989414588862e-4,0.003916200132550276,0.0023026472012397446,8.276551699932824e-4,-0.002000088852808888,-0.004733144504045484,-8.740342922009936e-4,-9.372744024200507e-4,-2.4099142170477765e-4,3.8568818042700127e-4,-4.2914329968949804e-4,5.207844753307703e-5,-6.657943811218724e-4,6.851165049424489e-5,-1.843656963289253e-4,4.034228886171864e-4,5.796089876208449e-6,-0.0012827671716965758,-7.81663202184368e-4,-2.4411627183994854e-5,-7.395809207048283e-4,1.0180824025379085e-4,2.3743401470892932e-4,0.0013185039471800125,-4.1928908467041656e-4,-8.809567161422873e-4,-6.227008782784903e-4,1.7840524965219673e-4,-0.001320741753791125,0.001537905049379775,-3.627551167170022e-4,-5.481795137974872e-4,-9.626062597142332e-4,1.8063001950921232e-4,-2.912559422500811e-4,-0.0020791681145158913,0.0011794068211310846,-0.0010111111786304306,3.64308342926303e-4,0.0023644019496616244,-0.004052606449985433,0.0019763004723039887,0.0010872621091526443,0.0011346252945261725,0.0022613657821091253,0.0033601994309497797,-0.001721622461179031,-3.561214078085461e-4,-0.0014688482563104208,2.3765978093332664e-4,0.001003297388513951,-0.003822316087821973,0.0022740544941050114,5.55134600223522e-4,5.046917383393037e-4,-4.7439148085618094e-4,0.0015689071883445435,-5.311853202827048e-4,0.0012728723631974116,-0.0017856145628843054,5.823393469685408e-4,-0.0018764879519573207,7.043398289315562e-4,6.685575791327605e-5,-0.0010559647190509552,-0.0019025751885637806,3.186983554884721e-4,-8.637273494649681e-4,7.542243401216575e-4,8.10318030708076e-4,0.0014606431509916421,-2.185431220379545e-4,0.001387135588259221,-0.0018202046509244478,1.9221120546490146e-5,8.937752936172508e-4,-1.6638322852968797e-4,-2.888829542387081e-4,-2.3292276321626946e-5,-1.4162889857197525e-5,3.6232299017808107e-4,-8.984731562388786e-5,-8.695034207988768e-4,-5.155697289966935e-4,5.446219339947557e-4,-4.24828325652768e-4,0.0012399364999541075,-0.001261229173268736,-4.5370935387806356e-5,-9.763562839315878e-4,8.401922800254032e-4,-7.997861532192803e-5,-7.071967645661549e-5,0.0011772680287434948,-1.0410941228628713e-5,3.4501615422420005e-4,-3.556840682581088e-4,5.655479885625825e-4,5.471769641701236e-4,-1.2667105509411866e-4,-1.143977103660757e-4,2.348697582709328e-5,2.5525988811425963e-6,8.693639771544666e-5,-3.041040245118116e-6,7.377583933037554e-5,7.173673324363896e-5,-1.9532419225023627e-4,2.2770985059155485e-5,8.308097032980289e-5,-3.6704537163490866e-5,4.869745634466704e-5,2.5504417142196455e-5,1.0534507532308169e-5,-2.4075748565171482e-6,5.7258606417505966e-5,1.8510070667612225e-5
C15-C15l-C15n-C15bb-C15br-C15.8,0.0023590415824133243,5.785249200650583e-4,1.582068494575314e-4,-0.0044845470606259645,0.003036113741164776,-0.0031573896688550057,-4.6138509853434944e-4,-8.973875184194284e-4,1.325524258293649e-4,0.001611102819482556,-0.0011916818278123894,-1.0269173508066184e-4,2.589507858620597e-4,-0.0025721288729071094,-2.612496714081013e-4,0.008153341486995166,-0.010759358026141324,-0.004121298571927627,-0.007914053794131857,-0.005889519726756523,-0.018707958444803288,-0.006397213633819809,0.0017719935563292979,0.0041461010067609496,0.0067898039801118385,0.003276238235554976,5.787637497484935e-4,0.0023383914707836486,0.0026297769320241292,-0.0020517356944150023,-0.006261777637276971,-0.0014941176438859035,-8.199835115668913e-4,7.471337924552319e-7,0.0012491171358239809,-0.00449059400721868,4.948347602057462e-4,-6.731599838589384e-4,4.630448964094816e-4,-1.6831038206578701e-4,5.462811814100261e-4,-2.560594818141582e-4,-5.910771777117519e-4,0.0033758408836283135,-1.8485857045732635e-4,6.498330873038301e-4,-3.1940432203809266e-4,-5.283475464287538e-4,-0.0038908420519729397,-0.0010302607163199652,-3.3472777576618035e-4,0.004315851687295842,-1.6604735976055908e-4,-0.0012398075574445737,-0.001734098079497266,1.1036421308408403e-4,0.0017451513529948685,9.602130071294474e-4,-2.356792427429205e-4,6.284960706536267e-4,-7.798800054794945e-4,7.549218218346063e-4,5.684335424182358e-4,2.9982212000312196e-4,8.830352161619659e-4,0.003639372551783744,-0.0022816002566747057,-4.26772062143501e-5,6.810999531129897e-4,0.0010161588936205893,1.7271162990230377e-4,0.0013900931264191488,-6.220902028724322e-4,-0.00258157291915822,0.001501773892342136,-8.256760729181509e-4,-8.908097952797042e-4,-6.216714389685709e-4,-8.779534812387361e-4,0.0023668700813323927,2.3311236413321238e-4,0.0010012106956499758,2.694594639956402e-4,-8.491119952300992e-5,-0.0026251276774662347,-0.0014675531963254447,-0.0026137861583607246,-0.0020586471164754368,-4.232984449194922e-4,5.207439175359237e-4,0.0019925767742882596,0.001080013216409186,0.0018148169134091364,-6.59275941116754e-4,-0.0011610472559423824,-0.002781681992294321,-8.903985293124012e-4,7.016498419976198e-4,6.052472293859669e-4,0.0016652210526673752,6.867393887896382e-4,-2.0457878902008282e-4,7.183178874758316e-4,-0.0014194841389485154,1.0101347928373356e-6,-5.97471598880637e-4,3.6599657124231896e-4,0.001075765836511391,9.488446435655658e-4,6.089836037300712e-4,-1.7574957263952263e-4,-7.589884165398261e-4,6.732392501198395e-4,-4.689033175843547e-4,-5.766943535930612e-5,8.377195746734876e-4,1.422139857463184e-4,6.654746614335841e-4,-0.001422036155855515,-0.002310773646637221,6.466796526060105e-4,1.1512825929060628e-4,-5.270104871017485e-4,-7.93550481616928e-4,-6.026651521301463e-5,1.0087090981500243e-4,1.8130778310819097e-4,-1.6081812728202123e-4,-1.1140741010278676e-4,2.3054302764177333e-4,0.001007945514622468,-5.52582610816059e-4,1.9761670288269537e-4,2.7141863676172006e-4,6.707802482294432e-5,4.619351676372835e-5,-6.465617330604146e-5,4.2092116162116265e-5,1.3441899120762664e-5,1.9406156999641784e-6,1.8416238829475766e-5,5.578203909883763e-8
C15-C15l-C15n-C15bb-C15kz-C15gb,0.003182674607642346,5.703703912138283e-4,-0.0010422995145102853,-0.006552790085165117,0.007327693103718493,-0.012354526481523753,-0.0020425538153796678,-3.928506070861376e-5,0.0017916302953346994,7.914624597973358e-4,-5.545481980864972e-4,-2.5123067234162727e-4,3.569095752459403e-4,-0.0014031925735129417,-6.42058963825819e-4,0.007190551504742162,-0.009493599946953386,-0.0016247300115635277,-0.005281208121797247,-7.642071120523981e-4,-0.021177708702383235,-0.008111792783344472,0.0023238266431657834,0.007327391556577487,-0.002086600221132433,0.004721713921944886,7.947368430809051e-4,0.002984969412882486,0.002264466854965051,-0.0025772672366044065,-0.006125335517067948,-0.0014341600758452984,-0.0012270725685401005,-3.149536181341383e-5,8.630322725260983e-4,-0.0037677614067504546,9.861686504431533e-4,-8.95062834364862e-4,2.4182386457188143e-4,-3.9452967438346136e-4,9.733819411899772e-4,1.595145489516057e-4,-4.647491121696222e-4,0.0012911216402346397,1.1114793645174794e-4,-9.993946959746438e-4,-4.6421717080015327e-4,-6.93869882553084e-4,0.0014673907919352403,7.620253850828117e-4,3.360438064151888e-5,0.0025728514084868512,2.499798732590697e-4,-8.127995721664612e-4,0.0031155519252456278,-0.001042582345865973,9.029860703473959e-4,-9.552125194840676e-4,-1.8865830628045686e-4,-0.00137269419976666,-6.154226621173594e-4,0.0016481551012933924,4.6439945609565343e-4,-2.4976286581886403e-4,-0.0022905955116943187,0.005440548283894758,-4.293013886411538e-4,-0.00439154394533757,0.00341095382285434,0.0028361727603078285,-4.504424877528308e-4,-0.009297032849509971,0.0010145049376672653,0.0010075314738327004,0.0024258918113615625,2.3216131758842338e-4,-5.928590234671684e-4,-3.458885835505603e-4,-0.0021935685613224585,4.4655647954319945e-4,-4.7849683961136754e-4,0.0013335903740039992,-3.4272429345549354e-5,5.780465875103252e-4,-0.0012869231519358616,-1.3714653335810152e-4,-4.772310665665668e-4,-0.0018543046950352205,-6.933515067755795e-4,3.578019423054362e-4,-1.0082801917610441e-4,0.002345085921866792,9.78967038147884e-4,8.576004530168565e-6,1.6070633054459207e-4,-3.599249542918737e-4,5.072275198441601e-4,3.8435149635775135e-4,3.197638856363983e-4,-4.4044865216912737e-4,4.453778563119065e-4,-3.193878634491502e-5,-4.763984205972886e-5,-2.0926626601632854e-4,-1.1027502052262606e-4,-1.2958086124766982e-4,4.53719319860425e-6,1.9597310045305985e-4,7.002345428909814e-4,-1.5594528982150398e-4,8.692874753491348e-5,-7.862338584823567e-4,0.0010592400655752919,-7.363324602253063e-4,-4.69805696182781e-4,-2.16437237748673e-4,-2.297766566775406e-4,-7.166431394797336e-4,0.0016640281918194682,0.0020518823079094667,1.400590583431275e-4,1.0628226626874686e-4,-4.935846200776187e-5,0.0012648893231517772,3.649773470981058e-5,8.020626808921566e-6,-7.509596094400597e-5,2.1380737952390408e-4,-1.1825216552312727e-4,5.967570816021163e-5,1.2178782752731331e-4,-9.571294123899139e-5,1.2324509934184512e-4,1.5482249985225074e-6,3.610119777905881e-5,5.982710235646147e-6,-2.6412175414727896e-5,1.601958824670177e-5,2.9151002226368523e-6,-8.46716051428056e-7,1.6336186782448812e-5,5.729054344426954e-6
C15-C15l-C15n-C15br-C15bb,0.002151993103708302,5.956885246140959e-4,4.0894969215826606e-4,-0.004121636542443517,0.0025865596830690753,-0.002937815186335937,-6.313924030087781e-4,-9.301741461878372e-4,1.464478940868395e-4,0.0015080727967426541,-0.0011116630483721318,-9.464216342726955e-5,2.2334672593825975e-4,-0.0013171686371028237,-5.918729298506666e-4,0.00654448910261248,-0.008279731039980857,-7.017475129007156e-4,-0.005031910143618094,-0.0018809141461825817,-0.016778907938481042,-0.006028314822667175,0.0015626226679759806,0.004054399091899343,0.005901429227832396,0.002221463684092359,3.7563839379366014e-4,0.0014332546096184214,0.0019614260678180212,-0.0014455403020901744,-0.005639946492769021,-0.0013228598187745618,-1.9081053853014577e-4,2.0892423051994838e-4,0.0013136722486783397,-0.0032899127428678465,-3.1288037515333513e-4,1.3145971130064924e-4,2.542212765386664e-4,-5.653860788124607e-4,-9.813209318426751e-5,-2.6266202149010233e-4,-3.6246223808687446e-4,0.0018661462033352468,-5.355321368339283e-4,0.0020201267482295596,0.0014322248974067853,-2.611478250647396e-4,-0.007739636028661145,-0.0030222129616640607,-5.45134114960483e-4,0.001978415421891024,0.0018857994181049572,-0.0041604293663823995,-0.0029998526886609346,4.627404856072528e-4,8.725332528807726e-4,4.6549422244800977e-4,-3.2797938199263414e-4,9.942184802049692e-4,-0.002224351277089562,0.0018711891271303695,-1.4671851577769119e-5,9.493040757196828e-4,0.0034294563290740263,0.002627050752759644,-0.0033941105214262517,0.002987030806959615,7.513455683029173e-5,0.0020510813572585966,0.0021462030050887647,-0.0022126377858908437,9.114923828403384e-4,-0.0019301358573667988,0.0016020127603102554,-2.0964563642232782e-4,-0.0021688814342160057,-6.328948469134639e-4,-0.002498023357502802,0.0032295744266891244,-4.540904168650574e-5,0.0029259139048182664,-7.920205994630278e-4,0.001865229526959218,-0.005076941658058845,-0.002184164723864493,-0.003655974768312337,-0.0033009472068150146,-5.733479701272086e-4,-0.001365319189656845,5.537974142480707e-4,0.0010782010978332417,0.0014556377785993444,-6.65836004513015e-5,-6.451171533784458e-4,-0.0026211409569293132,-3.435509666414622e-4,0.0012320944906191482,7.705768443857596e-4,0.0021780974618556817,0.0016512020954319918,-2.3398700478620882e-4,-2.4609660232880766e-4,-3.567246812414946e-4,-5.785875688759767e-4,3.8805605939588227e-4,6.036349145459562e-4,-0.0012500504327147162,-0.0022492864849167466,0.001200864144786551,-0.0010042324511781145,0.0027670529143993044,-0.002663863757176027,0.002174535169803437,3.72431679138107e-4,4.347809585743369e-4,3.581056630607252e-4,9.111976822650378e-5,-0.0016535918371877202,-2.3018215417739757e-4,-8.79084370616207e-4,-2.7983738035341676e-5,4.874098328015832e-4,1.4566686672977386e-4,3.502197461409476e-4,-0.00017696028217591663,2.8542653972076214e-4,9.999302928196828e-5,9.640823856577264e-4,-1.9309258087979434e-4,-7.461605261014285e-4,1.8526858271142985e-4,3.255324488469655e-4,-1.4986954201947264e-4,9.636311114653796e-5,-2.1438173144454578e-5,2.491305820436881e-4,-6.732408795130808e-7,-3.625729271669981e-5,3.572233829658792e-6,1.4636238766408983e-5,-1.4118309576581046e-5
C15-C15l-C15n-C15kz-C15.8,0.0027852597822588085,5.371854296968302e-4,-4.953357998969957e-4,-0.005410414815219544,0.0050905682204798455,-0.008153819435357553,-0.0020898405281574686,-0.0012126102380631942,5.922541081369282e-4,0.0011786370771880437,-9.077729375846658e-4,-1.6521444000673928e-4,3.1121422044158044e-4,-9.126192864886007e-4,-9.77081101676635e-4,0.0046707900032369395,-0.003824185901646223,-0.010579020087646284,-0.007266864960394919,-0.0032449126012349012,-0.016308919905272317,-0.006477019939440889,0.001772177507104673,0.0071402163544742455,-0.0028188351900107164,0.004237925211016033,6.91760864402937e-4,7.92160203703223e-4,-0.005105684007088916,-0.0015720036381540853,-0.0018023169367889773,-7.198823352054552e-4,-0.002759589987270676,-2.6469147364668996e-4,6.63620211119542e-4,-0.0035935207034003885,0.0010090274205119913,-9.337082335281712e-4,-6.563807590725286e-4,-9.171627148816881e-4,9.20557820220472e-4,0.004688526336900679,0.002157482818830038,-0.008875376919116459,-0.0012195485537581233,-0.0013361514307120522,0.0011955296617140957,-0.0011443172835141563,0.0015045144429887355,0.001522093354891222,-6.383229091241861e-4,0.014191718220973799,-0.0032138836736025837,0.0033344557355452623,0.0015305968302795007,-0.0011126027997961033,0.0010210356424115773,7.041627963033942e-4,-0.001250799749491016,-6.29701521862128e-5,-8.767288609728587e-4,6.359923515985217e-4,2.1215097111348605e-5,0.0017803856749978306,-0.0039046192825905575,0.00615568230157017,-6.821553059215489e-4,-0.005183951504272797,0.0030740613475150045,0.0019459625800766597,-0.0015969839176408324,-0.006736303747534241,1.6001855238791164e-4,0.0012635125114273066,0.0023707302622125344,3.781670275250208e-4,-8.537882413726213e-5,1.4022437234319682e-4,-0.0013863225300350267,-0.001677332834811183,-3.723733437247273e-5,5.537288635312686e-4,3.9122575443826435e-5,3.283771403286906e-4,1.5180069851288116e-5,4.4856582886079293e-4,3.1152745261116814e-4,4.4400630997852895e-4,-1.7637781227840193e-4,1.6578894515726882e-4,-1.5796951462243334e-4,-4.8156964506783335e-4,5.811806980352374e-4,-4.04237531818713e-4,-5.4564469186126265e-5,-5.041672067076735e-5,6.144646585332832e-5,4.1255782672830927e-4,7.143766724101581e-4,-6.321484848068865e-4,0.00329738130570087,-5.438257570972268e-4,-0.001756140707142616,-5.450043379664774e-4,1.2837087487756093e-4,-4.7985441685152123e-4,-4.7635370670604443e-4,0.0010407675837706752,0.0016427740729658153,-9.90465636374992e-4,7.60458206434777e-4,-0.002120502018632851,0.0024526033933434618,-0.0011289575243716334,3.2879037129200867e-4,-9.612712055006682e-4,-2.1368564420015077e-4,5.136346805929952e-4,5.842499708918058e-4,0.0011287945428703095,-2.4198727225979502e-4,8.237775177254668e-5,-7.27968032601902e-5,1.1370434877721897e-4,-8.708963005835126e-4,1.0852004095668041e-4,3.159556761100508e-4,5.295380991230184e-4,4.6847446137959325e-4,-5.450465714968213e-5,-2.1299809225152152e-4,4.416998037540387e-5,6.15462648242251e-5,-7.656825466335279e-5,-3.525593330415034e-5,1.621142021892917e-5,-1.2220408111528533e-5,8.778933706239267e-5,-4.6921343463806834e-5,-7.398149631752491e-6,5.6165772701031925e-5,-6.103070735689462e-6
C15-C15lt,3.2246774150035585e-4,8.255329833933175e-4,0.0025181703302915985,-0.001498530175802157,-9.610773466838833e-4,-8.050655155145708e-4,-0.0014126013583349196,-4.4529256951718555e-4,2.2230818483528353e-4,0.0011287847370561144,-0.0011597239261447974,-1.2460964088367734e-4,2.942735560827234e-4,0.003573888724687423,-0.0016281185946259067,0.0011326456315183695,0.0010127355914976608,0.001182717203933638,-0.0012887506279544584,3.396232380973922e-4,0.002222424074963203,5.343604842704389e-4,-3.1686851965108436e-4,-1.7937175440546057e-4,-8.836108588326448e-4,0.0010383281139289692,-1.3783521225372244e-4,-1.4566667345908e-4,-4.168706775304936e-4,-8.3388833017128e-6,-8.95692344275291e-4,-2.916507551262836e-4,-0.0012033316512456242,-2.5129464516212638e-5,-4.544955564662678e-5,0.0017723414854428532,-0.0011311698120698643,4.1963330143024896e-4,-6.811297376730594e-4,6.763717721519661e-4,-3.40138911129995e-5,6.35570494120341e-4,3.040088981782686e-4,1.470874268935457e-4,1.6329568696222802e-6,-5.306880737763085e-4,-3.2342556115238385e-4,1.1568384095894079e-4,0.0013885351802528768,0.0013476185993385559,2.1392353880566366e-4,-3.852890683258698e-4,7.39510255052107e-4,-3.114005431826166e-4,2.7076360901077105e-4,2.0459027670042136e-4,-3.792866652307134e-4,5.026118626651727e-4,1.0815228030462744e-4,-5.835695914007147e-6,3.2715246490862916e-4,-2.149944931524481e-4,2.5509807040429343e-5,-2.5976537479641056e-4,4.3761203785221494e-4,4.261825167640303e-4,-1.1411211627532901e-4,6.215844824390536e-4,-5.327600950656963e-4,-1.7169258231624463e-5,-2.9939705238694024e-4,7.950049780555861e-5,3.869470373966875e-4,-3.355569969004573e-4,-4.4037387062222333e-4,-4.038089400011933e-4,-2.6389325111859826e-4,1.0492822830916442e-4,2.8208373270245966e-4,-2.2471601193441298e-4,-1.7853312942171448e-4,-1.5727944289964708e-4,-5.7297914981209624e-5,9.149543874811248e-5,3.8309959545070274e-5,1.6949049400508766e-4,2.652317879704505e-4,-3.191559102907545e-4,4.214058570971438e-4,1.4372619238027618e-4,6.3271945021316e-4,-2.5204990039106895e-4,-8.428526693869941e-4,2.600615663092059e-4,-1.1834988269406472e-4,2.088049843710546e-4,-2.96959758724854e-4,-6.788259286581934e-4,-5.858889588222996e-4,0.0010568137680494242,7.570034865027399e-4,1.1261610947323506e-4,-3.3899923843637946e-4,0.0012654468208107101,3.1269174425152527e-6,2.344541754207085e-4,-0.0011461815405641445,-3.666579429398685e-4,-0.007533784565527012,0.0063835173724100264,0.004967328616425374,-0.0027256631623395707,0.003008147504758488,-4.316848229729074e-4,-0.0010865051000827726,-9.063325932377568e-6,-6.830532241575844e-6,5.027829349219716e-5,-2.8373256357615285e-5,8.791434175711687e-5,-2.8287533478649326e-5,5.0840686168342124e-5,-6.565825673484675e-5,-5.342776045941013e-5,3.0183468021120982e-5,-3.191268115311721e-5,-7.647858998247089e-6,-7.338552215687452e-5,2.4381579219378297e-5,1.3628972191489642e-6,-2.348120787516288e-5,-6.784454736085807e-6,2.3615511624141317e-5,-7.751834783325111e-6,-7.879878578419999e-7,-1.0522520962995201e-5,1.7848107931779917e-5,-7.226379757223782e-6,5.944552042352661e-6,4.3196857633907105e-6,-2.4990940430853047e-6,-2.851513473866777e-6
C15-C15m-C15ds,-0.07214816137566152,-0.00413132976640814,0.003459377538720355,0.0035077293387036452,-0.00244772966191754,-0.0011986086659961392,-8.998795262210219e-4,1.5279732840647664e-4,9.013675327687648e-4,-6.949374328620844e-4,0.0013264717403986877,-5.28269574204726e-4,5.013012356497318e-4,0.003058968818735585,0.008896830714571048,5.463640684674156e-4,-0.0020101460132729643,-0.006735794576523206,0.0025672903740062434,0.0096725947002871,-0.0027783602411503737,0.010855644496134477,0.002716922618353811,-0.005004082808992691,0.002168597794769903,0.0020099812065225253,5.609646802882494e-5,0.0010704521452865924,6.58009525005638e-4,-7.902347997187256e-4,-3.899824960347854e-4,-9.030096849139703e-4,-7.164422191435491e-4,0.013059167042194307,-0.0025482344551404313,0.0019371023297685712,0.0018281541140546045,-0.015541143097779958,-0.002979815504981522,-0.0012736858366911715,-0.003164412211829637,-0.004581344833224249,8.745114849686334e-4,-0.002480309894518013,-0.0010623152060840967,0.003258091289167511,-0.001062797837917736,0.0014852823061631993,-0.002997993456242739,0.0020909750023036127,0.003781868711320335,1.424649397686381e-4,-7.985683803373737e-4,0.00115172971676141,0.0011945288499432512,-5.531477209811104e-4,0.004167616731523631,5.790247371435353e-4,0.0029052582456451036,-0.0029916594862500062,0.011059228260222367,0.007913171586828718,-0.001929049585067391,0.00270362581926412,-0.003596202842773535,1.1550249595899281e-4,0.001234542707574344,9.001363878676575e-4,2.9553356464932996e-4,-0.0032310278177877087,0.0032973194402479795,0.0012734060324233402,0.008892253736010694,-0.0012604819220046763,-9.514744335744733e-4,-0.002634735648981696,-4.8495194700307737e-4,0.0069130031337751845,-0.003464664520297994,5.325774279888142e-4,6.270104373636128e-4,8.232101301889273e-4,6.90552328442813e-4,-1.3564995019668444e-4,-5.3992032752016845e-5,-3.582674404939154e-5,6.326251718948281e-4,3.37411208450859e-4,-5.301626157738154e-5,1.0024962434230725e-4,1.3517415236615163e-4,-2.3359364328851746e-5,-4.178737202332808e-4,-6.483299700522043e-4,-5.580826115740287e-4,-3.210306379995146e-4,-1.5920456975027905e-4,-1.822913261297647e-4,1.687927134781781e-4,4.548149420684017e-5,1.3327488097769608e-4,9.25363339344784e-4,-1.2539545346099e-4,-4.8045699471144144e-5,-2.2327645691535333e-6,2.350746774158082e-4,0.0011392375348542017,-1.1344010632974564e-4,-1.5319325196262485e-4,-2.9148770509542795e-4,2.3597578125668725e-4,1.724472309381594e-5,9.029450158923446e-5,-6.220835018676295e-5,-1.4048639553565846e-5,-1.26060716403341e-4,1.0801399387341726e-5,-1.5685302771877804e-5,-1.2749214583255273e-4,1.0308699017007951e-4,2.0974785321467758e-4,-1.237569688346691e-4,1.1071930844422355e-4,-1.0752686696011951e-4,-1.0622921897356042e-6,3.624323342111271e-5,7.308134320559936e-5,-2.0666295477073945e-5,-4.100943647315649e-6,5.140966616839183e-5,1.2126010999226625e-4,2.9300761346491404e-4,8.969535688925747e-5,9.183611020344938e-6,1.4702705006788443e-5,-2.9293646682335337e-7,4.311454685994413e-6,6.4653543728995465e-6,1.3651365887584877e-6,-3.7618500193233442e-6,-2.4199944927475943e-6,-1.1237228912789856e-6
C15-C15mc,5.532987751116768e-4,8.241912845261812e-4,0.0021585544920456564,-0.002369844440290404,-0.002499802135483816,-0.0010444102771854818,-0.0014761891763787577,-3.719792646892469e-4,3.152486824807558e-4,0.001052197040450519,-0.0010657552789859843,-1.2741839944843878e-4,3.0173540911721723e-4,0.0035141920156320024,-0.00166923121634512,0.0010941807590581787,0.001001246409807682,0.0010967486914453884,-0.0012463879199650725,4.111913314182576e-4,0.002193376726871338,5.499003255786501e-4,-2.684404219875416e-4,-2.1297677640944385e-4,-8.851587453868024e-4,8.467098906452503e-4,-2.483764655686969e-4,-1.883745309816464e-4,-3.6896788468428876e-4,9.8484256285861e-5,-6.832708539784825e-4,-9.650683868571726e-4,-9.335925563432973e-4,1.2821857973312035e-4,-2.817082778859412e-4,0.0017743161947056938,-0.0011997689862242769,0.0011989367769846832,-6.848479749464191e-4,8.353667149439572e-4,-1.6355718863071087e-4,6.326689190169864e-4,3.454031640426813e-4,-1.2918994077054863e-4,-1.7925727487893612e-4,-0.0011266590924656945,-9.999711118223954e-4,5.965091742970245e-4,0.002686161436211882,-0.005303546736671074,0.022504930896789697,-8.183911791012647e-4,-0.0024489059514199367,1.0698283696110075e-4,-0.004810327976137557,-0.013394273034300299,-0.002487742872839298,-1.9207521106728452e-4,-0.002350333000279187,-5.688136463889755e-4,-0.0019113909248229953,-8.261183196606896e-4,-6.013970280185813e-4,5.711926001936791e-4,0.0010336383109208248,-7.233736318102192e-4,2.525816700450995e-4,-3.1939245794853873e-4,5.640498232204015e-4,6.68382413160749e-4,-1.5434677185828207e-4,-1.6539882226448887e-4,-4.495607288175597e-4,-4.09082909188167e-4,4.076178906258181e-4,-1.498341501499344e-4,-5.007003609161433e-4,-1.409389595916946e-4,4.20925396287089e-4,1.0468170769274396e-4,-1.7586170933172734e-4,3.587661491749307e-4,5.051761892457742e-4,-3.9678666173264073e-4,-1.809116887762118e-5,-2.1412816231988166e-4,2.78899322411144e-4,6.050460548810493e-4,-2.515457375873417e-5,-1.2007876016834632e-4,0.0012898086988111313,-5.100579197132598e-4,6.970563925230067e-4,-5.652453581757978e-4,-8.628115424890244e-4,-7.317213263447516e-4,9.688000763169154e-5,1.6156591102944228e-4,6.852976798407328e-4,-6.991059088772649e-4,1.805574497908096e-4,7.90296787748049e-5,-1.1834304583965532e-4,1.1683438189855203e-4,-6.253087908671477e-4,8.423855735128158e-4,-2.322243939963852e-4,-2.689640217535443e-4,-9.766683849150696e-4,-0.0014654145772272583,2.3279058642979418e-4,-1.7542181204918984e-4,-1.6727964416928535e-4,-9.201787187540584e-5,-4.2325672992290234e-4,1.8763678327344969e-4,-5.226536634498378e-5,-1.2853477228860663e-4,-4.808100236401757e-5,-3.448192959109438e-5,1.6227640028424243e-4,5.885022437643031e-4,1.313071334277918e-4,1.6783409723476097e-4,4.007765059072223e-5,-1.5287519503878834e-5,1.0953282407021187e-4,-5.380908861617339e-4,-5.655386597889203e-5,-4.363146930124433e-5,-1.0179569325143102e-4,8.964182738218357e-6,8.694893281926684e-5,-1.8394992816329525e-5,1.8904497701812133e-4,1.7169275196713187e-5,-6.55621961837768e-5,-1.6591035444380897e-6,2.2924543672888016e-5,4.75337605444666e-6,-1.68280925592919e-5,3.935370252049642e-6
C15-C15mj,0.0019808165649981267,4.632395210830471e-4,4.99166857448744e-4,-0.003135922362167977,8.335058187293646e-4,4.827648483561423e-4,-6.779314414012292e-4,-0.001043360579213239,-0.0013838914999355855,0.001596973653149417,-0.00134301671310354,2.115837416096785e-5,1.888504721763094e-4,-3.266074895659269e-4,-8.117216374650563e-4,0.002046486014125951,-1.796105435742587e-4,-0.0023678851623340036,-3.0074764288914245e-4,0.0022346867644502974,0.0016726357907248266,1.913520931492889e-4,-3.081015262012332e-4,1.1728239510187192e-4,-9.094599406981304e-4,-0.0011730967338262543,-6.896763392576395e-4,-0.0015938455072394457,-3.420903472824545e-4,0.0013503954264119647,4.7205401386344296e-4,-2.2516413078196905e-4,2.1447176522040518e-4,7.25983421145745e-4,3.911747391849749e-4,8.351275278215373e-4,-0.00219458701101397,0.0024908151689392727,-1.5046457606470318e-4,1.2642202763230864e-4,-0.0019699078986419607,-8.103531546731465e-4,6.006775358590319e-4,5.137383915962559e-4,4.3330963515138775e-4,0.0029148829773992797,0.001610594180311643,0.0024355288209739687,-0.004129199039469886,0.0012770730900774476,0.0027641352045852737,0.0020637887956069046,0.007753836315685095,-0.004299443838818464,-2.595351451456072e-4,0.002267878861137751,-0.007001683917933175,0.0069677151463633045,-7.331117709055909e-4,0.014368392698363174,0.018537315797853896,-0.018324024171830048,-0.006619851346140368,8.834409787010986e-4,-0.0026248580785525706,-0.0054935476818883,0.006361114296649942,-0.006350863843108441,0.006425705901078492,7.030274026770489e-4,3.063604030831644e-4,-0.0021053592479501914,-0.001057973402070394,-0.001781877515480638,0.002330532095573813,-1.63763837039912e-5,-9.409859432455015e-4,-7.163637691205646e-4,-0.0012360743706916783,0.002020854303556888,3.8289298716235183e-4,6.760863697828916e-4,2.1548871374302126e-4,2.1170339282647974e-6,-0.002495673371969794,-0.0021915673938980784,5.275676763937438e-4,-0.0026188885295309375,-7.887261576885036e-4,1.9670678413322517e-4,-0.0018735552267736193,0.001947280691501599,-2.532121012219313e-4,6.076443602918574e-4,0.0012167322058937034,0.001452878640625679,0.0015489925142921997,-1.8898511596675784e-4,-1.0207770953993214e-5,-0.0017204605586815607,9.049105807508487e-6,6.041971202073656e-5,-5.066164774316958e-4,6.280739395077697e-4,-1.1415744716059298e-4,3.30335826556218e-4,-1.236237910082138e-4,-4.373156271572542e-4,-6.740344476481731e-4,-3.9415883559570827e-4,-6.366144904941724e-5,2.557632590550784e-4,-3.941124248100151e-4,1.330822613384687e-4,2.71767358530489e-4,-2.12808200999386e-5,6.094424261785798e-5,4.1697492180472947e-4,-5.157129241035301e-4,-5.319800126396196e-4,1.2226418954542357e-4,1.2725804393341983e-4,-4.1887546649458095e-4,-1.61141780767284e-4,-3.8666227251906495e-4,-6.518074448979558e-6,-1.0187287997342376e-4,8.605135942325177e-5,-1.980709528470166e-4,4.4038208940407166e-5,9.068855990150695e-5,-2.1419602232686767e-5,-1.8220611270688436e-5,-1.2162156948002015e-5,-3.73615665950478e-5,2.5881798172448976e-6,-8.743755888973238e-5,3.82142972460502e-5,-5.130008911407678e-6,-3.206148016656388e-6,1.3359135891316712e-5,-1.1619072842273482e-7
C15-C15mj-C15kl-C15jk,0.0017831261970611893,5.738673179543919e-4,8.205788141925729e-4,-0.003151135838238258,8.768428747173827e-4,6.636119628098649e-4,-5.888203801386419e-4,-0.0015254138995508123,-0.003343949783089049,0.006830941534135506,0.0031665476149944907,-5.040261680383603e-4,4.2957902344991906e-4,0.002283255551513145,-0.0014169080834118347,0.0014586534083086884,4.691699940142022e-4,-3.551227944825668e-4,-0.0011107815286670421,0.00119849448488652,8.818928453797119e-4,1.669061585643719e-4,-4.94243765720111e-4,0.00032431786586575514,-4.5365743847626403e-4,1.1280776472167221e-4,-4.7248530753916983e-4,-5.972003962286601e-4,9.176570995431146e-5,-4.299927861373594e-4,-7.717138225537486e-4,-7.380380992981254e-4,5.178571754062124e-4,8.005259783704767e-4,0.0012780915140699531,-4.317762162138094e-4,-0.002507766044345798,0.0030496510774192715,-0.0019913055826465587,8.473581212743785e-4,-0.004780725024898297,-0.003890360421594584,0.003655681074956483,0.0037559535949058497,-1.9089651752825576e-4,0.005639814551941205,0.008397045439463702,7.363116512093772e-4,-0.013688209432888485,-0.004089646151464657,9.31033696004188e-4,0.006247734633854961,0.009021693735880774,-0.00898657418327181,-0.0017420313576621026,7.394123078788106e-4,-0.0036367807917299794,7.131609183702319e-4,-9.63344536927053e-4,0.005558472937796793,0.0058470634815594,-0.006614089483660107,-0.0033236255782014244,0.0015914921323325463,0.0013722953113131685,-1.2750070840344236e-5,-0.0010264489030538172,0.0011448276640998838,-0.0020657746196260348,0.0016175367186051501,5.945513817350542e-4,0.0011003199411187441,1.2628966473319017e-4,5.634702128948154e-4,-0.002170214860809638,-6.510601544052801e-4,0.001034345651696902,-2.0554747965594253e-5,0.001555238882345459,-0.0017887301129051983,7.382476484605175e-4,-0.0012708090500856853,7.442851924144075e-4,-9.264179146196679e-4,0.0034665058142447362,0.0035029899331225187,-7.577948898746731e-4,0.004608846833676383,4.5862735802204883e-4,-2.267767283640166e-4,0.003557948466704829,-0.003370315273661517,0.0011745783211739185,-0.0019220717688741686,-0.002445059784720892,-0.002805247969486765,-0.0030451566094347425,4.976388570197826e-4,3.071190227957338e-4,0.0029734616611758755,-8.178670581392536e-5,-1.8094647758031305e-4,0.0012073952985982785,-0.0017034282853181826,2.786400086307376e-4,-9.286003035063739e-4,1.8427227665481668e-4,0.0011544702158961188,0.0020692522992941127,8.031270171054095e-4,1.2384461977093186e-4,-7.438251501770216e-4,0.0012232346800549504,-2.8705183305689563e-4,-9.305771351683737e-4,-1.4675738600888498e-5,-1.57422393908519e-4,-0.0010931424257547618,0.0013389518106201547,0.0014671531917720517,-3.736136093854475e-4,-3.2308656252911415e-4,0.0010524806712903698,4.376606604643479e-4,0.0010463250247800952,-4.9749769533048463e-5,2.695514003619206e-4,-2.795669385496324e-4,5.52101272652917e-4,-1.1966107441893738e-4,-2.6854928036210824e-4,5.6196331313975057e-5,7.80533595059539e-5,2.688987184555924e-5,1.0574473340022146e-4,-1.422220099681951e-5,2.547953370336758e-4,-1.1065927240072645e-4,1.9117999717829943e-5,1.2956591919412791e-5,-3.8083714837840527e-5,-2.245459079009998e-6
C15-C15n-C15gg-C15l-C15afg-C15bb,0.004311505427646208,2.534142482214263e-4,-0.0021625281915079848,-0.0067090223656929675,0.005569580470620749,-0.002042057229910849,7.645023421725036e-4,-0.0021721176235302243,-0.00076826084093409395,0.0020452445947061115,-0.0013570433729334533,1.1335697510764883e-5,2.3000373125561463e-4,-0.0073620842810665655,7.383587527522395e-4,0.011460953710759787,-0.016072469392229113,-0.005561694473850624,-0.008357303404427158,-0.002974555831710468,-0.03672252405916769,-0.013166729268552682,0.0034546553705865827,0.008880942412479387,0.012586254949924823,0.002402629715924797,6.857529765096541e-4,0.0020529633485020927,0.002670093657884139,-0.0020137975529585903,-0.007857952470286521,-0.0024680225557839972,-9.232008527007393e-4,1.9496342775191013e-4,0.0030287330226559744,-0.01584313215622348,0.002461661516949678,-0.0018382961774021129,0.002975018505600541,-0.0042284235706884785,0.0011712464879478476,0.004522037670263198,-8.628523349622599e-4,-0.011516912815669876,-0.0012133186941294157,3.4781892798043686e-4,-0.003718819208030022,0.0012961811518282522,-0.002077687730766189,-0.0031618288219406663,-5.726058836772924e-4,-0.023590013181510428,0.0021014383450212127,-0.0026096468479533583,-0.00532795269881033,0.0024815438328873976,-3.82155973170394e-4,0.0013069147879555707,-0.0038060828017028297,-8.019470015594444e-4,0.003353662012839185,-0.0018027617288188936,2.657148232937477e-4,-0.002301570978863324,9.99731035713546e-4,-0.0015246709286295735,-7.842580526787785e-5,0.0013903556303788182,8.718228962475617e-4,-0.005440532400118899,-0.005553097135537373,-0.0012252374840205447,8.779741991593371e-4,0.0013692780982775437,-0.0012784334266495055,-0.0011044731383303538,0.0012834402413152968,3.9003474514352234e-4,0.0020858602640613138,-0.0020530642586285425,7.456862890727013e-5,-0.0013067058383861023,7.779194845085039e-4,-8.77610878120005e-4,0.002902317100040023,0.0022018136796012663,8.114906392656471e-4,0.002119348830209998,4.022304925973757e-4,0.0015299257882209567,8.953298010227167e-4,3.0992529521710837e-4,-9.994848956568317e-5,-1.96692485618689e-4,-2.4635467865835646e-4,5.447134341011449e-5,-2.9374987265528966e-4,-1.8153976060226396e-4,-5.353991529333304e-4,6.502997679270112e-6,-0.0016396661230490123,2.3094485742008203e-4,8.354711439192621e-4,5.140945680004945e-5,-1.0967176269464166e-4,1.0257512765398292e-4,1.4566837468055834e-4,-3.088718764175199e-4,-2.733564058035456e-4,1.943899202567849e-4,-2.2407798060857485e-4,3.792848082044295e-4,-4.0535526541141966e-4,1.7544816506503332e-4,-2.731293917226965e-4,1.1038420232425788e-4,-1.744644583549077e-5,-5.4422242063033966e-5,3.363291563804503e-4,4.919134970009614e-4,4.603342482027094e-5,5.3438499415032237e-5,-9.383637755096686e-5,4.490290335199318e-4,-2.009194795071198e-5,-3.83222752470933e-5,-8.539062439046716e-6,1.0555808189115223e-4,3.336962749371967e-5,2.631121467632504e-5,2.864312415426872e-5,-3.853425138615125e-5,8.297217321873905e-5,-1.1093739931844315e-5,2.789181120428165e-5,-9.357048976242992e-6,1.1065913170474875e-7,1.8032416236003214e-5,-1.604735730772777e-7,-3.695867223237046e-7,1.8792375414234143e-5,3.193717770314647e-6
C15-C15pg-C15jr,-8.433481447707092e-5,9.230017309189147e-4,0.0030170840366751557,-0.0010922691471275637,-0.0013987737280641266,-0.0011202703975826667,-0.001597929370553921,-2.9994236116135065e-4,6.053258505509707e-4,0.0010327449414556061,-0.00111483456135123,-1.5961740591443122e-4,3.2055303354044267e-4,0.004540465044383615,-0.0018234979662098375,9.211652828783091e-4,0.0013012045570673747,0.002039657386439335,-0.0015389000109621248,-9.873172304374971e-5,0.0023739659142503295,6.184853861649084e-4,-3.242872408221331e-4,-2.511865495934859e-4,-8.878876989788033e-4,0.0015634861693582045,-1.2040031157774916e-5,1.6113416234250023e-4,-4.425863788640409e-4,-3.044294010423558e-4,-0.0012083984638277434,-3.1549869179434755e-4,-0.001521148634258081,-1.7849381385503848e-4,-1.187065389184513e-4,0.0019952453276179225,-0.0010027615642043373,7.37972947660252e-5,-8.541799768722766e-4,8.031775649889886e-4,1.8175001709843841e-4,7.947836100881849e-4,3.67864336625028e-4,2.17748781130745e-4,-7.209384951298673e-5,-8.661272095061473e-4,-2.8770336139426206e-4,-1.6915976620930003e-4,0.0016602939000118827,0.0012570849245206782,-5.152729086034637e-5,-3.1969035421698416e-4,6.33841079043147e-4,-4.712630224674763e-4,2.326815203816607e-4,1.2738634376956571e-4,-2.1228890570780033e-4,2.065587973062059e-4,9.346584685262335e-5,-1.9986184561570765e-4,1.567210672335962e-4,-1.8545276523987186e-4,-1.0389411501393313e-4,-1.7564864768013932e-4,5.873596765753912e-4,3.0538141364675777e-4,6.302296244690657e-6,5.026268658118135e-4,-4.5219319309168656e-4,2.649219352279348e-4,-2.2465681039684018e-4,-1.6871385445252176e-6,3.1062866479974636e-4,-5.240042971588327e-4,-4.4501039135341823e-4,-5.258155803791915e-4,-2.804325978583426e-4,-2.9800767048546935e-5,2.9537243730571537e-4,-9.258526800241607e-5,6.305669784960947e-5,-2.223689485449567e-4,1.5415691396599871e-4,-9.928283584684122e-5,-5.599267610496403e-6,2.0839900183617255e-4,2.7895647681092236e-4,-2.498523894231482e-4,1.5199636331560427e-4,1.7083370293834903e-4,6.659100960846705e-4,-1.772784698876251e-4,-5.303230636524092e-4,-2.53947932683791e-5,-1.3441990758287248e-4,1.8760466679751335e-4,-2.6266101103681813e-4,-5.384380526405391e-4,-3.5267946188209724e-4,4.153038703317675e-4,4.917392363228123e-4,3.707484838186988e-5,-1.7005895559189373e-4,5.571409890364377e-4,2.077297375051549e-5,-1.569461794604217e-5,-5.867710816760091e-4,-2.090664012453232e-5,-9.104159224027978e-5,-9.87606717452073e-5,-1.8267517837845847e-4,4.1786205450562605e-4,-4.105405398098938e-4,2.5285442161475884e-4,7.148091590066861e-4,-1.410312811440665e-4,2.9979834499130658e-5,-2.0304964192047526e-4,7.870002433449548e-5,-3.4520319328264286e-5,-2.1408769205610875e-4,-4.4057160760385846e-4,7.536371207562526e-5,7.815166399984256e-4,-3.3558177437561235e-4,0.005944928691613654,-1.8468658940710622e-4,-4.533534860483e-4,1.2818060775563798e-4,8.483934419456607e-6,-4.6462384736852616e-5,-5.304326332657399e-5,2.6313791871013626e-5,-1.3823618716028918e-05,-1.3314700250353042e-5,-2.8767887269959928e-5,3.29335875830009e-5,-1.5186041000273719e-5,1.2806830744411158e-5,8.781593176973458e-6,-6.89580174590479e-6,-5.789633729873248e-6
C15-C15qm,0.0012716473224636826,6.075339957449408e-4,0.0013382564543605836,-0.0024097503264728856,-1.0443734043007941e-5,-1.1227116184601548e-4,-9.782689687086402e-4,-7.719823367153146e-4,-5.33586212502654e-4,0.0013709578601223368,-0.001234725495415349,-1.3140290480632318e-4,2.570352872373305e-4,0.0014339403685520039,-0.0011471956972053897,0.0016332308756353267,3.683012836648676e-4,-6.649603357755659e-4,-6.587566712700686e-4,0.001335057563203311,0.0018694179083780663,4.2089914923281596e-4,-2.6582914512834286e-4,3.18274879705403e-5,-8.938779369411523e-4,-9.565308812365701e-5,-3.9555512201475183e-4,-7.84169770264348e-4,-3.6939798226327125e-4,7.430810972469978e-4,-2.044481846184997e-4,-1.9525927855284454e-4,-4.770383862959228e-4,2.5206218091825515e-4,1.6868364846040515e-4,0.0012778742988155463,-0.00143278027041233,0.0012155462214313492,-2.436053851919576e-4,4.5767021643318363e-4,-4.30184305689254e-4,3.4526683542943835e-4,2.1722682970728717e-4,-3.487565833937799e-5,1.9030853363193105e-4,3.429574444865094e-4,-2.695262876414156e-4,9.70731385801817e-4,8.334928498872452e-4,0.001788014656799363,9.022429992386816e-4,-6.654082220673077e-4,0.0010793293998815237,1.8850000745380683e-4,5.678061193470696e-4,4.6433869939919894e-4,-0.0010860164749138858,0.0016334882048130413,2.191264341908346e-4,7.23471295598631e-4,9.99489226045933e-4,-2.9593892921657e-4,6.017396057645766e-4,-5.907035108801941e-4,-1.2990499598276235e-4,0.0011645036438094382,-8.998874548785285e-4,0.0015886865552523393,-0.001554732777315563,-0.001710511880455888,-8.870464711110277e-4,7.523305369050965e-4,0.0011000425229309085,6.025905429506695e-4,-8.63919173368078e-4,-4.824209445211634e-5,-4.343107523597215e-4,0.0016030423337397841,-3.129171967431205e-5,-0.0033499501934552657,-0.00968074728456355,0.0015598304549248614,-0.01989730736661753,-0.009647353167626748,-0.0037187087705822753,-6.464220997638435e-4,2.7114685264038326e-4,0.0015202687633270838,-0.002624901578266404,1.4270937572238572e-4,4.657950871677403e-5,2.86805109021386e-4,0.0011922924080921395,-9.236333146863021e-4,-6.32545105786842e-5,-1.2325213484905845e-4,1.277511754650442e-4,2.7994380165037895e-4,4.1356140650061985e-4,-7.737460396544632e-4,-9.686617057102888e-5,-5.260636258145829e-5,1.1824034826835887e-4,-2.823758478500656e-4,1.9454383275065498e-5,-1.0977129102834865e-4,2.3899136933430367e-6,9.703848472109905e-5,2.703434096815913e-4,-1.0433153809737883e-4,1.3207420580624781e-5,-1.0550647835857885e-4,1.5675434721747731e-4,5.674703529268826e-6,-1.6010494568049905e-4,-2.306004285356298e-5,9.091164745897093e-7,-1.413347241424192e-6,-1.1448142957484363e-5,3.947882645632418e-5,-1.9104381354784413e-5,2.0114151561823575e-5,-2.5569215690421993e-5,6.964004206033059e-6,1.8290063239087767e-5,-3.199270611773309e-5,-1.550940866164108e-5,-2.9639096197509775e-5,4.373172050655583e-6,3.2461607591159756e-7,-1.204185359742101e-5,-2.2929376643593626e-6,1.6258510392851205e-5,-5.555726321192122e-6,1.4361296421947367e-9,-3.486438481134014e-6,1.0646238286986728e-5,-1.3189067986186685e-6,1.8612730535719267e-6,1.4422331109444523e-6,-1.3133826243728311e-6,-5.375736235251287e-8
C15-C15rz-C15sa-C15m,-0.006645319537551118,1.2009476361496783e-4,0.0018048390906811851,-0.001588883084143505,-5.034185793838894e-4,-3.7323089670633473e-4,-0.001055178810820365,-5.909306036240358e-4,-2.3412626383504954e-4,0.0010972096403933293,-9.243378203808536e-4,-2.4224126891114961e-4,3.1553329624953744e-4,0.0012873208038850143,-0.0013774979120750497,0.0015721598444864797,3.682201190277482e-4,-0.001665225845011918,1.3722176701949226e-5,0.0038233200972510816,8.386227102313153e-4,0.004085505363303785,7.710224829096125e-4,-0.0017643922562022704,-9.278648822446632e-5,0.0012244829535686503,-1.1375142570555572e-4,-9.938114101061256e-5,-1.889990952903192e-4,2.672807314100222e-4,-2.952983840839697e-4,-5.326087307438742e-4,-5.78623693024549e-4,0.0057511668862405925,-6.931941938220067e-4,0.0014321901886418698,-6.101029899214914e-4,-2.3944603515524477e-4,-4.96779232845833e-4,6.527933035808663e-4,2.771020335411624e-4,5.576274817080825e-4,3.9185104409411283e-4,1.0953747111265818e-4,4.865052909331987e-5,-8.028884104210314e-4,-6.14260391759315e-5,6.373917342897422e-4,0.0010545680640159025,0.0022637264219711887,8.560422986328245e-4,-5.627384134246925e-4,7.148178112510484e-4,-3.6577452719916244e-4,7.06640857123928e-4,3.7659615422119363e-4,7.515516359438573e-6,0.0011940446473003691,8.921369826659811e-4,-5.940568642935734e-4,0.004313074631799124,0.0026046631072105457,-0.001153907323217445,0.0015191443665648495,0.003648009675257035,0.0015324434230350955,-0.0027428768993877444,-3.3029447607728314e-4,-0.005544457610145827,-0.010723915786646597,0.006505767290860157,-0.0028243141225233253,-0.014209357429170063,0.0072775378210084615,0.004357895777445481,0.002078904651121856,-3.788637113987632e-4,0.002979517293127654,-0.0019450703280153223,0.0013643998533515082,0.001466667769602787,9.529301787859494e-4,8.93095054219097e-4,-5.095849047151371e-4,-1.38757991436048e-4,-3.4221598684211073e-4,-4.609804207785372e-4,6.223343548945884e-4,-8.895146038312308e-4,1.5339810063810647e-4,-0.0013673452732568554,7.938461479764242e-4,-7.36070571217506e-4,-0.0026505769481230163,-0.0013316522262092356,-0.0010223074138377042,-2.9400610700398505e-5,3.3517536882883304e-4,9.630950180094122e-4,-0.0018309972458662167,-0.00114790763893393,-0.00433587933933979,8.750594009255603e-4,-0.00180770166138234,2.3071694537290139e-4,-7.041035010352999e-4,-0.004968969370110078,4.883948053654109e-4,-2.415539407285637e-4,2.0418916217130958e-4,-2.3254722184278407e-4,1.0784344688678318e-4,-2.6228187460432256e-4,1.8014419845192826e-4,1.475605681542648e-4,-4.13859478903475e-5,7.318961516282341e-5,1.2547617837344877e-5,-3.775046739526641e-5,7.50132807845536e-5,2.9528549535315432e-5,-8.043586181494557e-7,-2.0073797952634435e-5,-6.8928967136237355e-6,9.592329757927276e-6,-1.3250268253677157e-5,-4.6654151000108506e-5,-1.7798879504702328e-5,-1.9415633629634255e-6,-2.518770071385068e-5,-7.38181004635202e-5,-1.714816654713165e-4,-6.165829378483351e-5,-1.8216932969034375e-5,-1.3753932860806213e-5,-1.4723766073457714e-5,-1.5079079401734391e-5,1.6835380910276862e-6,-3.11502073009272e-6,5.846703981633907e-6,-3.481665482568921e-6,-2.8071939404718927e-6
C15-C15s,0.0013841577761995031,6.082991411024078e-4,0.001250569227017159,-0.002636968393819727,2.845594979442068e-4,1.358464295313081e-4,-9.616557518335771e-4,-9.059238398410941e-4,-0.0010567597253336423,0.0015820036939532141,-0.0014642083823135966,8.99204380341223e-5,2.551224696865686e-4,-4.095886676725974e-5,-8.267728030411635e-4,0.0023611294603592963,-2.96661796100574e-4,-0.0055062868750739465,9.170746856496059e-4,0.009662629104688163,0.006744562052627573,-0.015712939178374408,-0.006556614232029015,-0.011073845547887127,0.0023635948792046224,0.004337894435520182,4.42255205473971e-4,0.0015503133662966725,-9.649258546030926e-5,-0.0010523739724902473,-0.0012819450076364718,-2.8464380060573774e-4,-0.0014601193038735578,-1.4113423134899756e-4,-2.1768541123183983e-4,0.0013434928578030818,-2.2022863779112758e-4,-1.7485930708559125e-4,-6.901692408315679e-4,6.524881058689665e-4,3.820837071572413e-4,5.298801797660689e-4,2.8037637297995355e-4,-3.0309987693717233e-5,1.2119802564664263e-4,-0.001499023432851732,-3.1418125329197335e-4,-2.512557657346486e-4,0.0033317980751662955,0.0017136676524831277,4.012615501389917e-4,0.001579253017147406,0.003645080431813935,-0.004712642898806857,-0.004364811184259612,0.0011410097767700633,0.0012895425140415986,0.0011939835998297703,0.0010414829525975636,-0.0020699148227173326,-6.012225354682397e-5,0.0012511757970391944,0.0015550553631923892,-0.00195001506253572,-0.008074705787229724,-0.0100232747202568,-0.01383371101401729,-0.0017054967503776243,0.002532802574556947,0.0014328416641040597,-1.5103309886647297e-4,-4.985968683908279e-4,-0.0013240693380867695,-1.1564141144979748e-4,3.954119795974018e-4,0.0011859347984488297,-0.00141851606743679,0.0024798174549054276,6.298117179545208e-4,-2.4831247251243645e-4,2.0422391423958555e-5,-7.098548034984487e-4,1.3374402578591539e-5,-8.714700385021554e-4,0.0014250802274710188,-0.001127822107144121,0.002530245362126738,-0.002688716991497431,-2.2314448554132797e-4,-4.284134812584354e-4,0.001110795109915535,9.653510192789868e-5,-3.6125733716190297e-4,-5.304795775778966e-4,-0.001804621444987914,4.3097427043192293e-4,6.808822973460302e-4,0.0019209680980349629,-0.0016330458109560105,1.3969696187509016e-4,4.181752925805121e-4,5.1440927140395e-4,4.0755307674625747e-4,0.0016622085345451732,4.891882360555008e-4,-5.24190927446799e-4,-2.328745883011595e-4,0.002136370290471034,-2.4015320808460887e-4,3.653493155114035e-5,-2.0350173569156813e-4,1.4816885307555896e-4,-5.853891603962399e-4,-4.4118797441219747e-4,-1.3643796919613973e-4,-2.9376765238565045e-5,-1.4412168506228636e-5,-2.1358725790447664e-5,2.4724036426133105e-5,4.560475812686757e-6,-3.8651091287732284e-4,9.308991948875017e-5,-5.548857768135172e-5,2.1171082217252244e-5,7.13629940766118e-6,-4.050740732029233e-5,-1.8151756143241826e-4,-9.970932864574616e-5,1.2343667659239804e-4,-6.415922926186362e-5,5.229871322229223e-5,1.5420659755217612e-6,-1.931661159756106e-5,1.0290931236979969e-5,1.887187923329099e-5,8.297814813429257e-5,6.536343380357735e-6,5.174216038861146e-6,-1.7762486147339015e-6,1.53699240271107e-6,-1.7467358335964692e-6,-1.0629918597234964e-6
C15-C15x-C15v-C15ab-C15u-C15c-C15d,-0.03483041544172342,-0.0023097364936993676,-0.0032187045364894104,-0.003988546004678005,0.003699973372538672,0.0031956524775929567,8.598808608870648e-4,-0.0019223301431574445,-0.00401044350356999,0.002679260776361571,-0.0025021518592543146,-2.178759453894805e-4,2.1140184734189416e-4,0.0071175369535522994,0.05327425525352085,0.0067930899758693215,-0.013303561344628258,-0.04344846383985305,0.016749532146564446,0.0630574964289694,-0.022406484441597763,0.0734522708464734,0.021729794329164477,-0.03604463746186706,0.015874338726024916,0.021483840565178988,0.0062670686894887185,0.006064163872792959,-1.2174026783293542e-4,-0.004849346820250863,-0.003007263167028531,-4.1423512083626906e-5,-0.00229783095820097,-0.001463921347186105,-9.164043534240726e-4,9.922803593492375e-4,0.0022832572252619414,-0.01000159221486917,-0.0015189590004736169,-7.940723504011323e-4,-0.0011061458598175425,-7.988216782317268e-4,2.653326586485101e-4,-2.9366838566130055e-4,0.003365462056146652,-0.01230406476472542,0.0030140192813576934,0.004914705202840565,-0.005767550306924107,0.00221977759155863,0.0013556727507524097,1.102526215233894e-4,-0.0013892661195576846,9.853758998564295e-5,1.8603047550093594e-4,4.511975571280211e-5,0.0019337022954188515,-9.350439887506744e-4,8.306257888136746e-4,-0.001721568746676884,0.003973315389681319,0.003675866174497131,-0.0019815481815712455,0.0026902395086719493,0.002423310902513217,-0.0010742668348532203,-5.18668687016869e-4,-0.0023955505023913735,2.2924018268279694e-4,-9.528926630557307e-5,-2.903971371464068e-4,-1.658483028001265e-4,-8.092964852224206e-4,-3.4993172363385216e-4,-3.609837353802348e-5,4.149588054152327e-4,3.1710132357150403e-4,-0.0014953521883911758,9.677673050767239e-4,-3.223202489503869e-4,-4.123061275064925e-4,-3.7502966874662153e-4,-4.0059811393107535e-4,1.6678651281720134e-4,1.5436460053798757e-4,-1.795912958305599e-5,-1.0971404027958693e-4,-3.9414805057057614e-4,1.0449461721519542e-4,-2.7373906280864306e-5,-3.77315584278068e-4,2.263331759420798e-4,-6.358811540560182e-4,-3.334014785634075e-4,-2.0451793721219577e-4,-1.1911343758817758e-4,-1.3331929248743278e-4,-7.241706704578179e-5,-9.837334297447738e-5,2.2084057417297e-4,8.825417736604972e-5,3.4460088845667355e-4,-4.499972558247888e-5,-1.661357410691357e-7,-1.1123498861681642e-5,5.648388724805089e-5,3.06688201826068e-4,-2.8060938620660473e-5,-2.224609641386106e-5,1.1266225681853532e-5,-7.145067992232267e-6,-8.060958163940145e-6,-1.096086875327777e-5,-6.878716655561324e-7,1.4520402656656175e-5,1.195894050340757e-6,-2.3832503506253216e-5,1.8903438859797884e-6,4.434163886920973e-6,5.990849766830566e-6,2.0054718419873906e-7,3.644849626283875e-6,2.037115552324243e-7,1.0313819744535828e-5,-1.2803550092245031e-6,2.210504963868182e-8,-6.925551935679859e-6,1.1456551575084421e-5,1.6496412344305633e-6,-7.88269518767119e-6,-1.336944740968932e-5,-4.0450970947336726e-5,-1.3701287260482389e-5,5.7765721319269194e-8,-7.824192545636184e-7,2.4933900758199476e-6,-5.115820041871794e-7,-1.2924502781844058e-6,-8.786050837710488e-8,3.3062171596639837e-7,2.9512223982637586e-7,2.0940492327570038e-7
C15-C15y-C15df-C15x-C15a-C15z-C15aa-C15w-C15ab,-6.176818034515431e-4,-0.0011096715122031883,-0.00238440676099466,-0.004676565228135718,0.002646814414459455,0.0018815928368385907,2.3246140978482222e-5,-0.0015741681176492934,-0.0026355162682674582,0.0011347378491953263,-2.502887300882082e-4,-3.3007084532907835e-4,2.707083553136438e-4,-0.003555970957355955,0.006758862555195015,0.0031469349070454016,-0.003280401826016508,-0.013259477916592533,0.00434463119716036,0.016323144961607333,-0.004167905624826697,0.015055931334365634,0.0037621879246813737,-0.0065008401545865475,0.002522774964313665,-0.002918988504385563,-0.005088061999765338,0.0017166578334631409,6.420811145381158e-4,-1.0135186782901189e-5,7.557361333010189e-4,0.0010049674752204503,0.0010464046830812714,-0.011059511329204758,0.001659692961506386,-0.00230842739206535,-0.0015335354349683486,0.020230335725498875,0.00154169245627,0.0021119617953161826,0.004326862534776353,-2.174503426838875e-4,-2.252815471541378e-4,-6.882609924339261e-4,-0.009993936619050457,0.0305228845414413,-0.0075669470624548174,-0.013233611114209023,0.013758626595186285,-0.0039147328080046725,-8.808927221919287e-4,0.0010148452716419348,0.002112282702761224,-0.001079477927167734,3.156043077256717e-5,-5.113288136767512e-4,6.074290852338793e-4,0.0011374398518218698,8.031128532887885e-4,2.549997605575146e-4,0.0026317057146026984,5.859304805804051e-4,5.282297211702408e-4,-7.526538718100725e-4,-0.003280460962753817,0.0028477982379762545,-4.872475543444375e-4,0.0038342070726717164,-0.002178963378673819,-0.0037973688855287933,0.004813207229570436,-8.607836875372301e-4,0.002125120044115328,-2.2323467040051998e-4,7.465445632197887e-5,-0.001745565441621629,-5.15547731977193e-4,0.0043164437090887795,-0.0012935186798753613,6.594788914820117e-4,0.0010777885427511375,6.006566838507378e-4,0.0012823290092672467,-1.5176682596277063e-4,-9.430689410670263e-4,7.675742858862714e-4,-0.001995696221381559,0.001649756423367488,-4.468574142588631e-4,5.980950613141909e-4,-0.0026647171819275456,0.001746655328469158,-0.00401355697228436,-0.004218635303708825,-0.0031329445885251005,-7.048188154578908e-4,1.2908277355338084e-4,-3.3983513747099013e-4,7.039370420018284e-4,-5.446166403940849e-4,1.7249606078993142e-5,0.0025505782336788345,-7.356082629532039e-4,9.683067441337907e-4,3.984608378917383e-5,1.3179218141207144e-4,0.0016587802181454218,-1.3011389953848493e-5,4.053140314667224e-4,-3.5055390680394414e-4,3.124375921038117e-4,-1.0590653838482984e-4,4.3382824245860894e-4,-1.371938670817647e-4,-3.337247677306877e-4,1.7944962320782523e-4,-9.56332569292215e-5,-7.291610424191635e-6,9.531445383575353e-5,-2.331444250849924e-4,-2.991283376987535e-4,9.53367765413717e-5,-1.3974226282660905e-4,5.68234139353038e-5,1.094777243761925e-5,-1.7341729426053618e-5,-2.4715540509737645e-5,-6.539408693684437e-5,4.303276065616761e-6,-5.127095376462594e-6,-2.6763230717329652e-5,-1.3923582907759271e-5,1.0202572225505095e-5,3.474237948043221e-6,-7.355770645353205e-7,-2.0665086143931293e-6,5.9901101169500765e-6,2.322945425334206e-6,2.2114025938695925e-6,1.5306892243903074e-6,2.1761494651395194e-6,-8.45116178847678e-9
C15-C15zn,0.0018414669437896941,4.902839347346958e-4,6.435523756954883e-4,-0.0029796701186105105,5.792512465249407e-4,3.168363870268437e-4,-7.232357338801967e-4,-9.947090239124333e-4,-0.0010120419391491785,0.001539934568270176,-0.0013379981875147433,-9.354921838162079e-5,1.6523917190734057e-4,1.5583037776056757e-4,-8.818020102538977e-4,0.0019777822714715106,-3.3904981244792396e-5,-0.0019152960216189236,-2.993462402255041e-4,0.0021735712836559455,0.0018441010165635306,4.203156449061959e-5,-3.9575815892698866e-4,-6.509087437882766e-5,-8.732271823168983e-4,-7.359816694048906e-4,-5.639702788542571e-4,-0.0012330518797559757,-3.5809455445189335e-4,0.0013346940129891334,1.4018951514647155e-4,-1.7452572513769335e-4,-3.145671977372377e-5,4.8821655540329744e-4,4.385094636182751e-4,0.0013402286421903013,-0.0020412812346778117,0.0023061474370937936,-2.4421875508085254e-4,4.675314761449525e-4,-8.302327263783314e-4,2.8642995316143746e-4,2.61552986456359e-4,3.100193256656196e-4,-4.6297133052761847e-4,0.003317165207091341,3.301275601041603e-5,0.0015876931815199467,-0.006096196549300366,-3.1315869089753264e-6,3.4373016392228866e-4,-0.006921130269973325,-0.008935817081696265,0.014725513161947125,0.015909233550944157,-0.0025688460715700954,-0.006032777735573909,-4.758835522120818e-4,-0.0018802985716172,0.006093867035831001,0.004098580954418099,-0.004128317178875513,-0.0025025772213835462,0.0018760558341061684,9.628547633013655e-4,0.0014015348217817174,-0.017534026849702698,0.004443898154359596,-0.0034279489502559417,0.004192713448503669,-5.113783425636059e-4,-0.0013957007956057184,0.0010825531797458484,-0.002306080615040812,-9.768838031212986e-4,-7.289594994385351e-4,-9.025426794481946e-4,4.945283708975719e-4,0.0011426157301025108,2.3520395909018907e-4,7.84719754106298e-4,4.944121743901083e-4,0.0011975194878320141,-1.4044041213475173e-4,-9.99417624312812e-4,7.076348932401419e-4,-0.0011608689348132104,0.0016295306261173421,-2.133916001596319e-4,2.3717986684148207e-4,-1.6440397631101568e-4,1.4436652288946146e-4,5.069881699796201e-5,3.467961039236586e-4,1.2715557806057833e-4,7.978926261528525e-4,5.095978347590073e-4,7.597087581009402e-5,-3.378078854372727e-4,-3.0378103679992274e-4,1.466487383220192e-4,-1.5585240931718843e-4,1.7340724183220532e-4,2.262790007948624e-5,1.6386000238929573e-4,-1.8156219245526692e-6,-1.9506494144451862e-4,6.702379586901416e-4,-3.488314426303168e-4,-3.620925068007203e-4,4.3536507912512434e-5,9.632183376253246e-5,-3.488064119619961e-4,-1.6356133893762553e-4,-1.0152403769960831e-4,-8.353014201563947e-4,4.9058666045299714e-5,-7.357443229914017e-5,-5.862968277324449e-4,4.3139167001277626e-4,0.0015170677929110144,-4.233354384345706e-4,3.365227790315425e-4,-4.068503954074994e-5,4.7175599336228326e-5,1.4090724042157036e-5,1.5543891452715123e-4,1.2477366501157994e-4,1.2672360291363313e-6,-1.5767012654064808e-5,-7.022996626319047e-5,6.989865251671173e-5,-9.540211247934435e-5,4.5227646985723614e-5,-3.763116016856492e-5,-1.627525659897461e-5,-5.739580796417986e-5,2.0784944508882313e-5,-3.5529539162029176e-6,-3.762319515400438e-6,1.1131275190759327e-5,-1.4819675439199238e-6
C15-C15zn-C15bc-C15by,0.001997476432772494,5.444600403986487e-4,5.759459695369937e-4,-0.0033254521486956357,9.524026522436904e-4,6.858343833581411e-4,-6.460273496492534e-4,-0.0013157291694833335,-0.002237087134249585,0.002906649684379879,-0.004054489497176018,0.0023402273344414037,-0.006007266437312335,7.093574723115647e-4,-0.001368957540375698,0.0018450962164213883,1.300790782809702e-5,-0.003408018326796745,2.222077089321717e-4,0.005802242747151049,0.00438149712902579,-0.006941620192865061,-0.0033108784890326396,-0.005116786961994119,5.190196350048126e-4,0.0014179779756364238,-1.4500564526352753e-4,3.1522013652572766e-5,-3.178890298539181e-4,5.872189459492738e-4,-8.352544747748904e-4,-1.0015059784335167e-4,-1.3640483081897852e-4,2.7308017804426876e-4,7.846942015774367e-4,0.002437305771890007,-0.0020635906732492998,0.00272381204633403,-0.0013529681514785573,6.324833159414648e-4,-1.6370532161292059e-4,5.109822809362725e-4,4.729189566763566e-4,0.0015950737851260308,-0.0023092616698581914,0.005445197181059918,8.023435982402944e-4,-5.569332851731567e-4,-0.013591711105052707,-0.003928590761451328,-0.0021341761220167164,-0.007688630867297817,-0.013237866852822409,0.016661305235480352,0.014519143093896453,-0.0031639825715529925,-0.0031721258624379687,-0.0031646403087294125,-0.0016446722319974389,0.00225807472029479,8.034792327229829e-4,-0.001741573633782402,-0.001963166845847444,0.0013121054919282677,5.654106445909194e-4,-7.4228785017444e-4,-5.558112605198726e-4,-8.951839784951974e-4,9.038426184222412e-4,5.73824240452706e-4,4.0959852991316907e-4,-7.01645766740899e-5,-6.282409369890976e-4,1.034757471704002e-4,4.3609008638311305e-4,7.912613989318861e-5,3.190144383698287e-4,-5.241696927688492e-4,-3.6337369226042737e-4,2.3117911640278696e-4,2.656076003043905e-4,-3.696814400927127e-4,-4.264989281207786e-5,-2.1116714129197333e-4,4.2380189299940274e-4,-3.79809391884454e-4,8.171482881164609e-4,-8.716527033943418e-4,-3.4353549966661734e-4,-1.0494829235396464e-4,2.4076869926179775e-4,-7.327879772882234e-5,2.6538113699534863e-4,-6.171695536483382e-4,-1.411360297704886e-4,-6.418692809842772e-4,-3.7659581792276345e-4,-1.326182765204464e-5,4.2587838860585206e-4,-6.56236029011412e-5,-1.3535069475603155e-4,1.1596261367684889e-4,-1.1294597939865604e-4,-1.6167266048497953e-4,-1.581789356107808e-4,-6.943574096084783e-5,1.5184381002226137e-4,-6.32318559097378e-4,5.782053163704678e-4,3.0670398786642497e-4,-4.6888963350059686e-5,-1.7959682398347004e-4,4.8589362061298065e-4,2.001101530530252e-4,-8.576223140327852e-6,9.241479874025782e-4,-5.6078172869539275e-5,8.400507078657816e-5,6.728866658005058e-4,-4.7025543467595456e-4,-0.001800548314362383,5.159470351842256e-4,-4.216466314983752e-4,5.712731493993851e-5,-4.1408264534423305e-5,-4.912844455876103e-5,-1.9900617140248248e-4,-1.826624751093315e-4,3.185688197077841e-6,1.9179035984506265e-5,7.424108072240558e-5,-8.756210680659911e-5,1.3321662641479465e-4,-5.982987769168992e-5,4.865228125821598e-5,1.6490773286594852e-5,8.051503594829893e-5,-2.6688796289983176e-5,5.999592770096786e-6,5.647867987863709e-6,-1.5299425934476495e-5,2.1267077064526117e-6
C15-C15zu,2.1915759455777423e-4,8.721779770467742e-4,0.002655597132292471,-0.001475314156437306,-9.97275292653872e-4,-9.162066717281245e-4,-0.0013819961478459964,-3.95224866608817e-4,2.496702128154622e-4,0.0012393512222219408,-0.0012939585215844855,-1.4388347374396764e-4,3.0114001500221115e-4,0.0020468703205097547,-8.76297289477035e-4,0.004058146279828354,-0.004823789624161274,0.0056136047187915795,-9.735630082564421e-4,-7.788787833774175e-4,0.004436052406259783,0.001615004280239655,-4.6899419234051713e-4,-0.0018313032653951016,-0.002131910552064932,0.0012939726049281954,-1.1494777060702678e-4,-2.3899749932463921e-4,-0.0022740403886738667,-2.5043185255583183e-4,-1.1529320156821299e-4,-6.339776035377655e-5,-0.0014934533799424166,-9.868336046896099e-5,-1.442699452103259e-4,0.0027944586359025395,-0.0010246394384487685,3.7899179710553595e-4,-0.001321242066235755,-0.0010689416547918717,4.7318557465936354e-4,9.336365623588858e-4,3.9810600311639686e-4,-0.0020681859985243333,-2.6069677262282145e-4,-9.717007084014612e-4,6.076040662290474e-4,-4.965207034084905e-4,0.0013877176693450422,5.580073291475693e-4,-2.721726011155974e-4,1.621507619905426e-4,5.383538738030353e-4,-9.09584036125579e-4,4.4009077978677494e-4,-1.6553996629707957e-4,1.0509712167565044e-4,-5.454179173019714e-4,-1.7915779046023166e-4,-4.041879544065309e-4,-4.932189101900128e-4,9.330952191333019e-5,-0.00291160877605024,-8.764948121189489e-4,-4.988650876644396e-4,9.262487185224029e-4,-3.2184561831688946e-4,-3.2988131716261184e-4,-4.0174849235955385e-4,2.8645084949981825e-4,-2.3389216265793568e-4,3.9280604566969995e-4,-0.001163790752697783,0.0019119575323550085,-0.002641668778892501,-0.00800931649286087,-0.0043894430254488885,-0.0018202239184407249,-5.535791663366403e-4,-5.756511851324285e-4,-2.5487403813145127e-4,-5.376592087345742e-4,3.3997847585548073e-4,-2.236907920705218e-4,-3.708438322938521e-4,-1.959633295817891e-4,0.0012275805956580407,-8.403837612049646e-4,-6.148257161437079e-5,6.219390449281922e-4,-5.811315914608258e-4,-1.2736455419757857e-4,-3.058890512210955e-4,-4.3398188549284333e-05,1.0992636886075987e-4,-3.5822374390757474e-5,1.3126159638937018e-5,-3.307509003237018e-4,-2.424440684173114e-5,6.470156556763774e-4,5.073290011581019e-4,4.244424003693119e-5,-1.4759634974502062e-4,5.506302927744323e-4,3.260446124614352e-4,-3.114980971073158e-5,-4.1047408307850217e-4,2.2884953373843205e-4,6.103539422718023e-5,-1.1357302252877577e-4,-1.2231401158386578e-4,-1.0090148334491661e-4,-1.8258788921179044e-4,1.522699505948303e-4,-3.0401478008671577e-6,6.655661877299189e-4,-1.928812789930956e-6,1.1010097543085357e-4,8.484034924221339e-7,1.1101183903066226e-4,2.677086371348986e-6,-2.1590930578789945e-4,1.3500388055865797e-4,-3.813650514939335e-4,1.0402374015110951e-4,1.0388363665941715e-5,-1.3575436642021785e-4,7.08365948424637e-5,-1.4158873677471622e-4,1.4726565564965194e-5,4.1070465433444374e-5,-1.594027678951023e-5,1.2785031861975734e-5,-1.1809975633759264e-4,1.0722547264312463e-4,2.0825427251420656e-5,2.8432352962617824e-5,-1.2705681391023412e-6,-7.667457629910085e-6,-4.5045332465831946e-7,-1.10544521010994e-5,5.1603990196914115e-6
C15-C3adu,-0.009894281822835013,3.096965321934411e-4,0.0034977571876665743,-1.7379458950481642e-4,-0.0018953481390254871,-0.0013765260338957836,-0.0016559034015166205,-1.4296908719773938e-4,9.171288128228798e-4,6.911698620475132e-4,-7.155733983844082e-4,-2.3697469115276773e-4,3.7131862877990047e-4,0.004295329364930099,-0.0018851182066666329,8.107598769380513e-4,0.0011678421831821805,8.346616160090735e-4,-8.390007695828542e-4,0.0025881077651088422,0.0011617722846819177,0.004463903841239278,7.524350624178132e-4,-0.0021547724808301913,5.24884455062962e-5,0.0029543863717514042,3.232895501601118e-4,8.287955868437846e-4,-2.776592458044271e-4,-8.21614311963337e-4,-0.0013467181440253854,-5.612497107279631e-4,-0.0016100901581654382,0.003970597114735565,-8.505660195712514e-4,0.002045282312118922,-1.909849201176244e-4,-0.0019557971387034164,-0.0012006803816451246,7.810529510338085e-4,4.6528604543368706e-4,7.246771177906091e-4,3.8795057108556737e-4,2.2835861758081376e-4,6.797978178433472e-5,-0.0022339754846838838,1.1877205000462805e-4,-6.585343814986422e-5,0.0011222765948655353,0.0013029641803466124,-7.74389805963264e-5,-1.5033679741141058e-4,1.4271003247521324e-4,-6.370873475397431e-4,1.9748177263680195e-4,6.69938606005629e-5,5.202082161208022e-4,-3.5606368572911644e-4,3.173308975422293e-4,-9.023119700515603e-4,0.001354501984821022,0.0011007694463581628,-0.0010055124444241484,0.001015857248137457,0.0025175894039396298,-1.5201704290683418e-4,-6.861284787566636e-4,-0.0014152628878191696,-0.00107669555370147,-0.0010286878573379627,7.01030370914563e-4,-7.59550441142071e-4,-0.002659225496776482,1.4329740395888042e-4,2.2885373822087757e-4,2.5149948497449706e-4,-3.3636851089630996e-6,-0.0015486126729132713,0.0013208548264646272,-1.0443498611096904e-4,4.2424222721815856e-5,-5.803906236601754e-4,1.830151938410757e-5,-8.156487607278044e-5,1.4594282955499808e-7,2.3502084820446598e-4,-5.557020006668442e-4,-4.2230540957356586e-4,-1.1178337102379674e-4,2.398644306790436e-4,-0.0012522256838827098,0.0010575575291055417,-0.0031372549585008303,-0.0028152797686537105,-0.0018393100889511893,-5.966175415178116e-4,-5.542692964081968e-4,-6.045506594739989e-4,-1.810581490031961e-5,1.1923373452950927e-4,3.272492146468082e-4,6.723374796207868e-4,-2.0332904056385051e-4,6.414911761367613e-6,1.2722161057734452e-4,-5.803100658462715e-5,-5.601319118450961e-4,1.4189497261067634e-4,1.2513297252757257e-4,-2.8207010065351654e-4,-1.1832951096288369e-5,1.7608253675511433e-4,-2.9110611212245466e-5,1.7356018088755202e-4,5.377215957398383e-5,-1.7669803343903613e-5,-1.2347594166638338e-4,-7.456586203908377e-5,5.91872284539178e-5,-7.144529445736923e-5,-3.5605921189833497e-4,1.2788073952883292e-4,-1.904033276832164e-4,2.5513430577029235e-4,9.584968208150456e-5,-2.485855559974638e-4,-2.4564305571996736e-4,-6.021442467885725e-5,3.228162302040058e-5,-3.170157907286845e-4,-9.10470557406455e-4,-0.002062676596238271,-6.247726150464588e-4,-1.559300032005574e-4,-1.0912214261928363e-4,-8.330377433623551e-5,-5.676571064054895e-5,1.7209941181745943e-5,-2.4728452480495097e-5,1.6559209501781268e-5,8.909339336115941e-6,1.3914410887870961e-5
C15-C42a-C15ch-C15ct-C1,0.01934537263828937,-1.257475702905005e-4,-0.028199878608271924,0.014805663017000254,0.011296599576598407,0.015103075847393252,0.008427986520717646,-0.0196159627701591,-0.11656076872648084,-0.10836326681095362,0.02618560306977582,-0.0043068343453716755,0.0014703694211067968,0.01813792198035668,-9.042246267573118e-4,-0.027443859651160016,-0.001620801138864081,0.013041440028349267,0.007075120488728374,-0.012916364428187086,4.1099338888485565e-4,-0.0028599609764368497,0.0097094032869108,-0.001500623484124136,0.0017592130112953704,0.014130833314688783,0.011875807572582393,6.660680901791118e-4,0.00123131555079408,-0.007341960881781356,-8.303676105606097e-4,0.011173000993517373,0.0029767223419840914,-0.0014651877775320097,-0.013724721672026697,-0.004681926110237187,0.0032157082677865085,0.0011715417334709334,-0.010084900346490412,0.0024712854832174354,0.007545855067069263,-0.003949233639674615,-0.0018534085606061192,-0.0013753408845675974,-0.0024223932956548002,-0.0015566425316004375,8.862842057415718e-4,4.7607084666454673e-4,-2.466715231349977e-4,-9.74183412514882e-4,-0.0029691512823937735,1.9557922701030707e-4,0.0011501624579841783,9.593230147426855e-4,-0.001112725546997089,-0.004312827968753388,-3.3936645073834033e-4,-1.1187796255817545e-4,-3.4735044183356617e-4,0.001095223726287087,2.4045472906736486e-4,1.9666987397850237e-4,2.7580588894351695e-4,-6.694849978016082e-5,-6.498927420388946e-4,1.4418298257591773e-4,4.264186544813295e-5,-2.1209981769134808e-4,-4.1730549734463176e-4,-7.145693931286937e-4,-2.727744626427415e-5,-4.823737113177665e-4,-5.342623826698403e-4,-0.001072033647513626,-0.0017767561710459675,8.061578332112783e-4,-4.7098759734189396e-4,-1.892476481310163e-4,-5.694310021148293e-4,9.236923101679338e-6,1.2838013535806733e-4,-7.211445442473973e-4,-3.113424004138105e-4,4.943318673757849e-4,-1.873113419990766e-4,3.0990661035852537e-4,1.6991872263960242e-4,-8.738364895846107e-5,-5.0268852905707785e-5,-1.0282282474768537e-4,2.023304193846985e-4,9.538499779012506e-6,1.1044237974993045e-4,3.341507305959643e-4,-1.1899572192760007e-4,1.3230863107593078e-4,-2.891487660534006e-4,-1.0492507785018577e-4,1.3863325150531805e-4,1.36085135573819e-5,-3.970779747495105e-4,-1.9472175606749317e-4,-5.477473866857638e-4,-1.4779688990876336e-4,7.199449586155917e-4,-1.1250157934625954e-4,-1.3271232949374277e-5,2.2282728780916874e-4,-1.3368932845211995e-4,-1.8037790150639987e-4,-1.0200965490932339e-4,4.544131197817981e-4,5.368824196131389e-4,-3.074170616839203e-6,-7.202790019379996e-5,-3.64983605071165e-5,1.0540674144403255e-5,-7.935671339996008e-5,-3.8288828263268494e-5,-1.60093821069915e-5,-1.8407996438288426e-5,-2.0790742355887058e-5,-1.4181578134653519e-5,-5.897771939106804e-5,2.4131498495620986e-5,-2.8948709180679064e-6,3.1344073664140824e-5,-7.325133606293268e-5,-4.697625071354694e-6,-1.893431211669216e-6,-1.5323185662783086e-5,-9.541261905930734e-7,2.7479090574700926e-5,-9.105312801655048e-6,-1.0266988316258576e-5,4.452132622101146e-6,7.0837977688469866e-6,1.292024877119747e-5,-9.152503928306149e-6,8.020911731977109e-7,1.0708712112057437e-6,-1.8648874856673935e-6
C15-C93l-C15ad,9.616485861043038e-4,7.497800572098073e-4,0.0016856302978386709,-0.0023334495919834055,6.88677865995376e-4,-0.003410166580057481,-0.001856208989706516,-3.243468004288209e-4,3.2791066976727484e-4,0.0010077169865376294,-0.001060728524096726,-6.938513171904409e-5,3.912439160021566e-4,0.0032536765464186534,-0.001706862390220937,4.8535799326150696e-4,0.0013979399502475887,3.46877516866356e-4,-5.62495999402685e-4,0.0011711466429040638,0.0042718849442618615,0.001565484605127052,-0.0014260786698525737,-5.422484459431748e-4,-0.0011936031372860349,-0.0013329822704711265,-1.9432202998855762e-4,-0.002490641300527916,-0.006677143625993793,0.003616127538711791,0.013902857865192398,0.0012191295042526173,-0.008901920237472147,-0.002074171772804926,4.299392143406352e-4,-0.012559641607048637,0.0036283478914451166,-0.00415962472962124,0.00152548108704433,0.006542688613927537,-0.002192679837042982,0.0011529032815625587,-1.4102527337507564e-4,0.0026579041576967007,-3.498845691409509e-4,-2.612821636134871e-4,-3.661351177335343e-4,-6.914460315608497e-4,4.621289829341891e-5,4.475647879788145e-4,-5.471176512411428e-4,-1.7599868408718386e-4,9.94089444478818e-4,9.160205851741531e-4,-9.211573988652028e-4,-9.87085107924056e-4,0.0015927963784492054,-0.0028656241030766885,-3.033919972175212e-4,-0.004043404929686943,9.29165058911652e-4,-0.0037922000861435254,2.506093552213542e-4,1.9366749028620982e-5,8.268005012006538e-4,1.4804430813456198e-4,-3.129184796987295e-4,6.480998993327913e-4,-3.59641173799206e-4,-4.2882530250919974e-4,-6.864547256030305e-4,-1.1440953013329063e-4,-4.8087981312777396e-4,-2.441819483737347e-4,-0.0020994676108840003,-4.0841997784167404e-4,-6.401832208854728e-4,3.282319611017192e-4,6.024235803703548e-4,-4.0349388310082326e-4,6.946948235471199e-4,0.0017267926195113,-2.279720464422496e-4,0.0012856290936353832,-9.720120496158325e-4,6.138696848908184e-4,0.0015535501961536171,-9.542051209180416e-4,-5.693807699252859e-4,-2.2602160676525918e-4,1.3555179131101143e-4,2.7999171965249395e-4,1.1083111946314743e-4,-2.724787880123158e-4,-6.386264474100101e-4,2.2124717793581045e-4,-2.1514300048891817e-4,3.092992635597204e-4,2.1939870214225085e-4,-3.2817856303717584e-4,1.1856784730895437e-4,2.494179002835649e-6,-5.443948436823772e-4,-2.0739186105913368e-4,-4.8222633632973435e-5,1.8956711996696748e-5,-1.1374594667624219e-4,-0.0014259021491565558,3.3429460430494935e-4,3.1515008646398115e-4,-0.0012943343943660963,-3.244215733805618e-4,2.66715900395809e-4,-5.35419441804264e-4,-0.001605330686918912,5.520275728034985e-4,1.3955651398174463e-4,5.182595204049582e-4,-0.002270436483490415,0.0014804133627624463,-1.8306030599891682e-4,7.121395261855323e-4,-0.0010417653456656407,1.5113628026596407e-4,-8.692891266302617e-6,5.153694133007201e-5,-5.204693324993443e-4,8.618882634779806e-5,-2.1085120722239426e-4,8.425796642724054e-5,-1.809784747313051e-5,-1.7748156466001233e-4,6.671138605183005e-4,-2.961916894386519e-4,-3.7865036758002465e-4,1.4344630975785257e-4,2.952063523649026e-4,-1.3194397865364777e-4,3.7776816530091214e-5,7.961442515025766e-7,4.7731220587469495e-6,2.04511025684135e-5
C15-C93l-C15ael,0.001957212963807527,5.75810841073563e-4,3.837148869036683e-4,-0.0031603528927537,0.0019436288755346164,-0.002426712275074108,-0.001255268058564021,-0.0012651345404879962,-0.004728509958051336,-0.003224264001719857,5.538788956022735e-5,-2.759818224142997e-4,3.200529738757465e-4,0.0033648340169119373,-0.0018307958806324535,0.0018025801419809396,0.0015955902159258345,-5.448223888902181e-4,-7.337401933523092e-4,0.0021479990537618295,0.004077790502763051,0.0017160502310130444,-0.001753106806212887,-4.371417402924674e-4,-0.0012069306973002045,-0.003843535356677523,-0.004428687084957158,-0.001844553347612076,-0.007430080337652778,0.0037461618930311473,0.015304249458612898,0.001256993153461861,-0.00943834174596536,-0.0024589544412093414,3.5083652833628687e-4,-0.014805916033710368,0.0037623543462213453,-0.0053555859017356666,-4.137851508886621e-4,0.00615858017245786,-1.891443427423866e-5,0.0037008875645987006,0.005156306418578174,0.0053264982142298845,-0.0011280867840357484,2.0194479776732146e-4,-7.637243216643433e-4,4.716134048696462e-4,-6.189233821071163e-4,0.0019922218578260044,2.658777944032779e-4,-0.001075564399637524,2.826711195081218e-4,9.436848510381578e-6,-7.310363945643135e-4,-2.9523763515474527e-4,0.0016093864171572883,-0.0030630099689248455,-4.57575947028224e-4,-0.004671597316544764,5.727624740042352e-4,-0.00433974161835331,1.392848462310926e-4,1.1998233310995385e-4,0.0019032081545783774,-7.30373998359846e-4,-2.462997838958695e-4,9.65297572430815e-4,3.520852062399242e-4,4.921120906669495e-5,-0.0021367964995779158,1.7098836925862792e-4,-6.501379972022872e-4,4.398773223366734e-4,-0.002092972694310823,-2.3163231206389497e-4,-0.0018501446737832477,8.8633745849158e-4,-4.97025353987966e-4,-6.988887141510173e-4,6.825877352007129e-4,0.0048792931223315015,-7.243117717214318e-4,0.0033850240966627823,-0.0024917108196253683,0.001535586520690001,0.0018163825743128434,-0.0013792021943124777,-0.0011927804803757852,-0.0011880938376563222,-0.00063528476557255225,0.0016336786111490254,7.650094817075551e-4,-4.953693738551345e-5,-2.5096640777317393e-4,-3.025716588828118e-4,-3.126589758210022e-4,7.95893081433011e-4,5.017013596179425e-4,6.24358257253115e-4,-0.00120116571926162,1.6009282809033887e-5,0.0013177311720574925,-4.77988858075449e-4,-0.0023572921801021,4.0304996691075354e-5,-2.44250251426968e-4,9.995243561246822e-4,0.0027454105182090106,-6.12482570239323e-4,0.007375000625181868,0.0029821736232958874,-7.665628674687374e-4,-2.587701882549912e-4,2.224570161456466e-4,-7.291132814390673e-5,-3.915974209698351e-5,-1.2437629034664982e-4,5.610659095210943e-4,-4.8194011196080156e-4,-6.863877388307517e-5,-5.545887276829194e-4,1.5593153798291765e-4,-1.1945809903409037e-5,8.477944980578304e-6,4.819710505357181e-6,2.9707124297436056e-4,-1.722429708130219e-5,7.020395406327994e-5,-3.929790219382091e-5,1.0033716944894496e-5,8.684088736842875e-5,-3.1780020001575583e-4,1.4804643079319112e-4,1.4809680950320892e-4,-5.813636902573731e-5,-1.3565144671578668e-4,5.260493451449721e-5,-1.9402577861038325e-5,-8.739554682448458e-7,-3.723681331297058e-7,-9.274077854797062e-6
C15/C1/C1c,0.013321330868148415,4.687045255442954e-6,-0.014795327546160447,-0.01071737180060139,0.016533868279363886,0.01656276313299186,0.00866980563648845,-0.018652026281708763,-0.10628686539428464,-0.09588664339243617,0.02205766622442434,-0.003475334848303628,0.0010231656001463262,0.03107319338178813,-0.007551427020427657,0.027469522445217436,0.013417160662756934,0.0067464886862469795,-0.007691557909927689,7.204829756512004e-4,1.2236666491423565e-4,0.001330539848649743,-0.0030871493160770204,-8.593864289749889e-6,-1.1910682641470938e-4,0.004153219249446281,0.005758560697380599,-0.003085997808321549,2.6700471167675853e-4,0.005998434270949192,5.246059209129505e-4,-0.007766635289051173,-0.002374722908086903,0.0014664307812182742,0.011348648308869624,0.004123636048952918,-0.00172687448343491,-9.040096614899635e-4,0.007819349704179608,-0.0031168649104877416,-0.01082805329982238,0.0068287092936999885,0.0016672362730577503,0.0022320340471090783,0.00830837834453241,-6.555847638098075e-4,-0.0026769251180326263,-0.003765192739634186,0.002075637588132375,-0.009215851222906987,-0.002416708584016792,5.716123725437322e-4,0.0010977234786965042,0.0014329631776044455,5.111957927038174e-4,-0.0013181818381595158,5.071821329944444e-4,0.0014559725649345258,0.0010504681367759618,3.9661060911171944e-4,0.0021478220101563534,9.427098548978379e-4,8.285298944385198e-4,-7.041510879724996e-4,-0.0036269190488355998,0.0013168520231811034,-1.6679887640168696e-4,6.404085228532295e-4,-5.865177210534435e-4,-0.005293221158768448,0.007824566694093493,-0.003276965935278056,6.469842910581406e-4,-0.005525835537802054,-0.001190982678700453,-0.001405072238796498,0.0012674268205766423,-0.0028772823009984424,0.0058387150559820996,-0.0019378212463082528,-0.001793160393402233,-0.0033242185094838885,-0.0014457325804623372,0.003330555915139428,-0.0011247138895897984,0.002341227124355873,6.000224390178507e-4,-0.0032109448574421497,1.645142997469929e-5,0.0026375792105106867,2.555042106111746e-4,-0.0012861907889677572,8.84630922590332e-4,0.0013773401113000145,-3.795681009506879e-4,6.603295550512043e-4,-1.9871135601527614e-4,4.96961387692585e-4,-7.313803689668197e-4,8.640664641622366e-4,-3.476224765123577e-4,-6.437542852965638e-4,-0.0015861307928496061,-4.380553304275344e-4,-0.0018781800136677528,-1.1837413987208547e-5,-2.998133429529117e-4,5.952481217489576e-4,2.541868803839872e-4,1.6745410089708776e-5,7.342363643736316e-4,-1.1907125311788445e-4,-7.427940253514705e-4,1.850967601129511e-4,4.325660008505918e-4,4.431652626508469e-5,-3.2141896875625575e-5,1.6222164985839284e-4,2.958348150073258e-4,4.522594476561455e-5,4.3935191047442826e-4,0.0017328393466036103,6.863427254064994e-4,-2.151464447182604e-4,7.793185131059465e-5,8.358455826315865e-5,-1.2356619430325684e-4,1.088826893093495e-4,2.158185276314252e-6,7.046974101761236e-6,-1.0331233733075942e-6,-8.964854348265052e-6,2.4750670927059273e-5,-1.2560149465333676e-5,1.434377553643285e-5,-8.389571504005726e-7,4.38378135661496e-6,-9.05134881081757e-6,2.119217190760656e-5,-3.84968156105882e-6,-1.1430457313295776e-7,3.884926132537181e-6
C15/C116,0.0036638889945820596,-0.0013522529635790594,-9.926518083163648e-4,0.008217024714652339,-0.0030489619443033267,-0.0015686840020781984,-0.0013579470124394156,1.7330254878076743e-4,0.0025559250993307282,0.0026302675795562523,-0.001302787400855062,-2.0534876040162253e-4,3.0536670869554377e-4,0.003411596763317119,-0.0014454339399083802,0.017040101322248813,0.009145668786775413,-0.0034754315052611673,0.02859286990055979,-0.012474329100967196,-0.0010105607255469378,1.3166195969857583e-4,-9.246417382882223e-4,-5.162083649137472e-4,3.5805043503349626e-4,0.002663388080883301,-5.717541206033596e-4,8.823326702821804e-4,-1.977908872728899e-4,5.712612111550151e-4,-0.0025078711185642162,0.0010720795199950536,-0.002278606894751592,-6.319472440549828e-4,-7.122081937546314e-4,0.0032530915044822533,0.006715599122832818,-0.0010058304111539582,0.004828759654531286,-0.002714793308500215,0.0018420694009642984,0.002329558309805476,0.004177950991711109,0.0026291553922649065,-0.008752080631671728,-0.002836211691562976,0.00186452937836158,9.18079059299894e-4,0.0014968468925491425,-0.0032456746417068045,-3.9191937706022274e-4,4.136057759383889e-4,0.002516205969801395,0.001804713516078399,2.893068337025066e-4,5.633379760008318e-4,6.534039613276261e-5,1.5205098420177724e-4,1.3779180030661458e-4,-5.629879437082938e-4,6.208299639856125e-5,-2.3341581107283723e-4,-1.4518146944582545e-4,1.9358519411399034e-4,-4.468138934833168e-5,1.871261334595622e-4,-8.603085688610949e-5,2.4241598385911487e-5,4.74196317439789e-4,-7.428440563184435e-4,9.966605977252806e-4,-0.0011111235118264563,-6.722728422116393e-4,-0.002568664011749389,-0.002003879425692031,-6.02706333865615e-4,6.847837214493549e-4,-0.0012038993713972682,-5.517244907467903e-4,5.334447839785619e-4,0.0022418643440653397,0.002601421483042827,-3.3474880010764187e-4,-0.002290985424443992,0.0023778292045373343,-8.314219685235884e-4,-1.4468263226198076e-4,6.277268349385687e-4,1.5490544933482377e-4,-3.1341025114028887e-4,9.482582722447905e-4,-2.695543403754478e-4,-3.327865561341253e-4,-0.003675540664349805,0.0038068365807663812,-9.316611172349501e-4,0.003265043246911823,8.19913217411762e-4,-0.0011493656545172699,7.795827212700427e-4,5.705697528796534e-4,3.967152605122251e-4,0.0014191844106404914,4.653107256739745e-4,-0.003088912182570138,3.294196430402739e-4,-2.4034821194429356e-4,-5.939857045075206e-4,3.0585243660724093e-4,6.27381002281953e-4,-1.7579562315623803e-4,-0.001308519795766378,-0.001643922749876776,4.482421743853431e-5,6.609452343263391e-6,-5.053329480756834e-4,-1.575748854286049e-4,0.0014214300589866,0.0011089015492647865,5.578054881508533e-4,5.925743924382287e-4,4.038949881774931e-4,-0.001002061068466626,-7.1926790876655e-4,2.6003112387630464e-5,4.521946840529284e-5,9.729427399287849e-4,-0.0013204467444922472,9.819559802569875e-6,-2.3125087388754026e-5,2.482300836374918e-5,-7.686789901505261e-5,7.973163206217055e-5,-3.674462087741597e-5,-3.193515367349812e-4,8.674407744373615e-5,1.6240136517932407e-4,7.503853058956234e-5,-7.515410509409774e-5,-8.791011952244422e-6,4.8198050522687726e-5,-1.5316539585239002e-5
C15/C116-C15h,0.0018427319888032353,-6.350204170095847e-4,0.001870740979439549,0.002520441121090487,-0.0016304049381439983,-4.4260441921426625e-4,-7.08129426241251e-4,-0.004016974736341803,0.004153540838196962,9.443762219992557e-4,-6.873497980435869e-4,-2.0213880293348655e-4,3.5255748564753204e-4,0.004910794075508451,-0.0017454727399900034,0.007792914303160219,0.005513611939176137,7.240047524438051e-4,0.011685617142871313,-0.006241040744798337,9.204740441740285e-4,6.315813907752153e-4,-0.0010254104059683699,-4.444473624652638e-4,-2.9010793438522225e-4,0.002740653083087445,1.8302052749581427e-4,0.0013077211723579894,-4.138178838205452e-4,-0.0038832000291640196,-5.59645514506103e-4,0.0025991832384708135,-0.0011711027118676872,-4.320363849438456e-4,-9.259863619234071e-4,0.0024624450421597646,0.004072043906759425,-6.856012478788839e-4,0.006499125721606654,-0.0015389360098597275,8.151907197237352e-4,9.877464298000233e-4,0.002656216589531943,-6.55569884666359e-5,-0.0011636257060627451,-7.020260024048158e-4,8.895160157897069e-4,-5.569696560238949e-4,0.0010819412079893507,-5.912138872123217e-4,-1.4445037308992098e-4,3.201136377389895e-4,-0.00427823160929651,-0.005300255658736634,0.0021819275023646652,3.1371146716414487e-4,-0.0020199739612930603,0.0013491417286144371,0.0020560195255951035,-0.0016383239475954022,3.1460447501799896e-4,-3.5067396863879924e-4,-5.401688998166373e-4,-1.8369105123432664e-4,-7.460135175376864e-5,-4.293750495056913e-4,6.189490793024257e-4,1.3610326873751656e-4,-0.002000020099011833,0.0018228329721390393,0.0017160547534766021,-2.324108146979677e-4,4.125925758987438e-4,3.619664332244142e-4,-0.0020894110289629967,4.580221850428773e-4,-2.602100629304803e-4,-5.193485710688451e-4,0.0010492488230442877,7.015033983302484e-4,0.0013164083583986751,-0.0023913202988237897,-2.8761497657586528e-5,-7.472584385526051e-4,-1.8841801168588664e-4,-2.880050442101683e-4,0.0010608944831885815,0.001139845020067049,-8.91977342946942e-4,-0.004851010443263272,0.0017071736699069077,0.003134205424289625,1.0941327166573876e-4,5.23713720868938e-4,3.170206131515623e-4,2.1950165795195647e-4,-0.0013985078275058336,-5.377311164711596e-4,0.002106473256201744,6.63929529141283e-5,-0.005219278615486259,4.1978684793082187e-4,5.101560255407414e-6,-4.771761238603995e-4,-0.0010494724284573734,-1.904079368413274e-4,7.025000522685817e-4,0.0023984426584640504,-1.2487724169337836e-6,-3.819641936904409e-4,5.817626043210317e-4,-0.0028011287715688357,-8.224318311029741e-4,9.548760815440261e-4,0.0012950749828727023,1.4693010513997167e-5,1.0484010998749019e-4,-5.839587275335393e-5,-0.0011149443839884629,-1.821285797451139e-5,-5.30914260747195e-4,-2.7187584517550823e-4,3.2181276194647807e-4,5.728330500854597e-4,-4.479305908820839e-4,-6.495727305388462e-5,-5.812044130154298e-4,6.22739981305953e-4,1.5226224024763917e-5,2.6810539809375845e-5,-1.0282962244933233e-4,-4.9468020376769155e-5,3.533407766736019e-4,-1.3160144509768973e-4,7.08539490109893e-5,3.509047542368398e-5,-7.285312776011641e-5,3.68220867390191e-5,-1.3242731851324168e-5,2.1263151617648438e-6,2.961072731076947e-6,1.6337549380872778e-6
C15/C116a-C116v-C116x,0.009967874647195545,-0.002580859911520944,-0.008582532495119241,0.006518005437074791,0.0018523098312360718,0.002260641869570462,0.001005103483018174,-0.00164701964261742,-0.0018620469084864705,0.005316559293167301,-0.0028653608764513685,2.2146801468564953e-4,-1.269289475997094e-5,-0.01135758142568016,0.003084518895456745,0.03298116246089915,0.013119962599354279,-0.023138738001635854,0.0824907000399101,-0.028050265209620756,-0.009222426789613554,-0.001123214698663634,-0.006631953148047323,2.799244072515573e-4,0.001928104606030963,-0.003884790135058546,-0.004607914853536246,-0.006959756714428661,-4.516876694966932e-4,0.03150580666634537,-0.008351519172632474,-0.011528479244827106,-0.0024110671232820523,1.1755976626000364e-4,-0.005373606063246597,-0.011667319065347329,-0.04634004696079117,-0.0035610313388718317,-0.019086453293283397,0.00957906268014698,5.037880648448045e-4,-0.002381621524200413,-0.0059959315259051175,-0.003569749054156766,0.012882641495293126,0.00102148008031794,-0.0024772729682229046,-0.0037245063883795566,3.8922534104483e-4,0.0028981977430252953,-8.441790397820286e-4,-5.646259335264524e-5,-0.004637628984773625,-0.004308109934617331,2.8659442598776024e-4,-6.399532960061145e-4,-1.0608279936985355e-4,2.1794632965888833e-4,4.1313952509688565e-4,-0.0011816765658307167,-2.4400141358406772e-4,9.419976392852973e-5,-4.292111336147958e-4,-8.759175284056901e-5,4.254597584459149e-4,-1.367669709462134e-4,2.8177500727134255e-4,-2.1497506603084803e-4,-6.100819601650577e-5,7.181814986673775e-4,-3.390175115493287e-4,2.8059113109827797e-4,1.0369366743479603e-4,3.7857262972908223e-4,-2.470194583263648e-6,1.0044565985080363e-4,-2.6360615470042006e-4,1.6821431536316492e-4,-8.414742904961999e-6,4.043003296281252e-5,-3.133215579649412e-5,-9.581974801357128e-4,1.3450450377914622e-4,5.687791990277985e-4,-6.487496395417132e-4,4.5846969407391236e-4,6.493720272685278e-5,-2.086779549611505e-4,-2.524878257403236e-4,2.120438248701044e-4,3.5720983658475525e-5,2.034596514827514e-5,1.1261761986747718e-4,5.7115439556177255e-5,-3.188528126046957e-4,9.363917456498993e-5,-2.0625757934380017e-4,-9.308117793628395e-5,6.508122410857836e-5,-1.692957725126284e-4,-1.816659293312397e-5,1.7025800077667042e-05,1.0907401791869854e-4,-1.3185559968131358e-5,-1.0809482298848403e-4,-2.668223008848596e-5,-6.997288069646385e-5,2.1673260557751428e-5,1.2902365721669396e-4,-2.728766537970188e-5,-3.938564523465595e-5,-1.4416204737677113e-4,-2.3008458884544693e-5,1.2234145430292295e-5,-3.8642187283004304e-5,-7.832634170307042e-5,-1.6997766212231927e-5,1.7664107723405295e-4,7.721475285764463e-5,8.37959141120956e-5,3.856575700974703e-5,4.058438269992372e-5,-1.358658883388218e-4,-7.777231839913772e-5,-2.3863020605783855e-5,-1.5167634930171279e-5,1.2614707798065618e-4,-1.7858486915037515e-4,1.2274883678433585e-5,-2.8168462017298795e-6,-1.530598836786083e-6,-1.3262117827073549e-5,2.664461759316061e-5,-9.162604286648074e-6,-5.014523623316024e-5,1.3290030680756238e-5,2.4798218685250053e-5,1.2796638031221622e-5,-1.242952670467228e-5,-1.166725183038345e-6,8.315460315069804e-6,-2.9005744952270537e-6
C15/C116f,0.0016945176892300142,-5.170373453080047e-4,0.0019443617634108833,0.0023477134868138687,-0.001887046099552853,-0.0011740564689278563,-0.0014525491550204674,-2.045288498927024e-4,0.0011626936503361888,0.0017239089873625569,-0.001239198387562634,-1.515098185115385e-4,3.1492798858170294e-4,0.003112774013769814,-0.0011469553525084314,0.007946497040460325,0.005343866045955358,-1.0738995489170015e-4,0.011694489394491405,-0.005714321655361123,8.586863234025822e-4,6.860512482723197e-4,-0.0014859724812030497,-3.8072163285079167e-4,-4.090938662430791e-4,0.0023704437266477345,1.590487693021668e-4,0.0011295303779700794,-4.0282929536957906e-4,-0.0056371495699168075,9.395485743727263e-4,0.0028716852015857864,2.2092215789922936e-4,-3.096952904185889e-4,-7.741800374673622e-4,0.0028425190367430343,0.004625353556365622,-2.740857421519651e-4,0.008281587820109515,-0.002080971182204579,9.135207203800954e-4,0.0010470062484316354,0.0030237946715929876,4.3366263143563926e-4,0.002461945765875942,0.0011100894994405175,-0.0013196437059958502,-2.7803414749268e-4,-1.235923785432718e-4,0.0010843873717072342,0.001118229582182078,-1.448310494395528e-4,-0.006148572205062284,-0.005851561969774532,0.0017682400021887838,0.0017045029792467825,-0.0015999592796832557,0.002650243673292932,7.834067940082258e-4,-0.001470993957642464,7.005732274536062e-4,-8.653180095435557e-4,1.8275872412755513e-4,-6.521485042152122e-4,4.878411126209353e-4,7.797245291969167e-4,-5.599718763755002e-4,1.751130209609448e-4,6.873588615463894e-4,-2.7876552786607257e-4,-0.0017059842510366095,0.001162955113046448,4.019336312275012e-4,0.0013490282592792421,6.542522336278496e-4,2.981513418303755e-4,2.106498374277707e-4,6.378569945808365e-4,-6.834836473303105e-4,-4.641081099125177e-4,-8.478397297133118e-4,-0.0012247643840368626,-7.401914529572191e-4,0.0032542125338301735,-0.002306649713796202,0.0012249214955926777,0.00040678233142681677,-8.640209931765774e-4,1.0718932690143841e-4,0.001987780558550852,-0.001325380919344088,-0.001075254599363799,1.2953062881605382e-4,0.002465426443839665,-0.0027215929739983803,3.306778191385454e-4,-0.001901408621933827,-0.001222671222539119,5.023247976326823e-4,-6.471958173567313e-4,0.0028037239242259767,-2.5649916773886033e-4,6.0253819215943306e-5,5.844559027030604e-4,0.003208769920689406,-2.548952375549784e-4,-4.4415753066844445e-4,2.0025692839992758e-4,-6.81483592074727e-4,-6.570383650494415e-4,-4.4075331281387024e-4,0.0029341588586201876,0.0018729730337781537,1.1001551097960087e-4,-4.979336282293109e-4,-1.9826118565954517e-4,-6.944789306299235e-5,-6.540303700858216e-5,8.219159381380381e-4,8.522864436749708e-5,3.1428737273832155e-4,3.134560287903529e-4,-5.777879282003569e-4,-5.46517419283398e-4,4.5681005772275945e-4,-1.885775424669267e-5,3.4592991354994004e-4,-6.653697881681064e-4,-1.3817928789598767e-4,-5.921781978775513e-6,2.1954978915153867e-5,1.0526443058295685e-5,-5.870472224189355e-5,1.1773371537153434e-6,-1.6078386431477818e-4,7.875550728434426e-6,1.3800796276709467e-4,-1.296181987340305e-4,4.715590841591503e-5,6.70789737726024e-8,-3.734044937881508e-5,6.942869801062159e-6
C15/C15ai,2.1823421856436548e-4,8.645209897382848e-4,0.002694760482942463,-0.00143923255394855,-0.0010173651137846548,-8.237670949039172e-4,-0.0014364543642081784,-4.82464813500507e-4,9.273700519059779e-5,0.0013424615381931934,-0.0016855763510483723,-7.313216381132041e-4,3.765688405169665e-4,0.003749509777396139,-0.0017798659906614264,0.0011955263101165333,0.0010234140937555474,7.589368741010035e-4,-9.196301098375187e-4,9.491883111597047e-4,0.0024837116026439417,5.670624491865473e-4,-3.8516394174447743e-4,1.4259622711486328e-4,-9.804307106555396e-4,-0.006311037658720188,0.007993448428203976,0.0020907753894669643,-3.9812766450170216e-4,-0.0012203100950972988,-0.0017702675912656602,-3.467842210701215e-4,-0.0016898978637516638,-4.624551392892951e-4,-2.874195244518924e-4,0.002018983256366061,-6.682574840750021e-4,-5.765092938915545e-4,-0.0010075857808876964,7.570531465853028e-4,3.2570563223339197e-4,6.544389959581301e-4,3.0893092785404174e-5,1.7641924992296e-4,-1.0116700892647058e-4,-9.209593520221989e-4,-2.3958819200176618e-4,1.4933873937501234e-5,0.00165110562993477,5.66305887252598e-4,-5.616599487953575e-4,-1.2231668299524752e-4,1.592334417289281e-4,-5.970396960359224e-4,1.8931294068689385e-4,2.913433596755483e-5,-4.864794671847653e-5,-3.3230138886341257e-4,-3.827880925289554e-5,-6.084825165153223e-4,-4.524602637223007e-4,-2.0960435072182824e-4,-4.0321207160200304e-4,1.613032808831197e-5,8.949769488569984e-4,-7.921129924014151e-4,9.277724180447427e-4,-2.671702401094646e-4,5.571966019691765e-4,0.001219363842119701,1.3580092082800903e-4,-5.210202505614887e-4,-7.36711756429216e-4,-0.0013993607522768605,-7.679586230652558e-4,2.5795956498721434e-4,-0.002924060075825502,0.0030718733374153484,0.0029411567220795,-4.896327817848522e-4,2.5658675271020484e-5,3.825708950503478e-4,3.7469274406975984e-4,-2.5043917183634813e-4,-2.2838060990625455e-4,0.001119509915380198,-0.0023781981260439125,0.001122624225578648,2.965687857556075e-4,9.997457280096233e-4,-8.325914922065539e-4,5.1411273432289986e-5,-2.42385413799098e-4,3.2455705790154673e-4,0.001378518714769893,-1.5844439926894973e-4,-8.746613423934587e-4,-7.787538581376693e-4,-7.384974785886088e-4,2.464042468002402e-4,3.9899679123231354e-4,-1.5844936335152838e-4,8.442386014068378e-4,-5.244522722956733e-4,4.1914388205834175e-4,-8.942011678457185e-5,-4.559625181725354e-5,0.0023255281337617273,-4.536004251787852e-4,-8.280852375033966e-4,3.1283141180664744e-4,-4.1654436778346474e-4,1.5847351076699102e-4,0.0021457087952712205,1.7356060141988464e-4,3.4131709482318153e-4,1.4787518475027813e-5,1.5523132815088866e-4,-2.0246832699761835e-4,4.7566457178018997e-4,1.7884523726466274e-4,-8.425109139131692e-5,-4.2646809301382597e-4,-2.7678728681558736e-4,4.059403580369082e-4,6.172410408336727e-5,5.4213122586772274e-5,2.52059164807891e-4,-7.770109253609284e-5,3.199694209974088e-5,3.993320525395497e-5,7.491608745527879e-5,-3.6910981355471214e-5,2.685824834998715e-5,-9.876528330342799e-5,-3.253193938067298e-5,1.1161402010391829e-4,-8.925223394820427e-5,1.7761505995414674e-5,-8.19002451532536e-6,-4.111442384923148e-5,2.4795199736095584e-6
C15/C15b,-5.430645730897637e-4,0.0010366328215242909,0.0035883171726594954,-6.632974447546058e-4,-0.0018731877109822597,-0.0014579876529630003,-0.0017873316004839738,-1.4912746559940558e-4,0.0010062771918949583,9.231934788689217e-4,-0.0010961685897263494,-1.7441339337541533e-4,3.4260693055051514e-4,0.005589190992131332,-0.0020437590072732575,7.017512573649166e-4,0.0016210828836652413,0.0029438032651638467,-0.0018233162691409543,-5.706234143790355e-4,0.002561072383662991,6.837599939654852e-4,-3.3480353309069637e-4,-3.3700881841028076e-4,-8.983528050206977e-4,0.0021269168211957043,1.2820608179198512e-4,4.63348133745032e-4,-4.622561551298294e-4,-6.219751914909167e-4,-0.0015569557244589647,-3.633009463584597e-4,-0.001870527581610251,-3.2196323705958716e-4,-1.7484170984433215e-4,0.0022715226268424015,-8.959756573568739e-4,-2.9418241519365564e-4,-0.001053454867118526,9.356196458286155e-4,3.719281697833386e-4,9.908302109041737e-4,4.1781768703839207e-4,2.973408675214612e-4,-1.3579855146453838e-4,-0.0012351013458128694,-2.7675537216986345e-4,-4.866138829195267e-4,0.0019885242191232163,0.001178626980114226,-3.00130799082091e-4,-2.706508563601414e-4,5.732747666361111e-4,-6.291101520440145e-4,1.8903012027644118e-4,6.638187679321495e-5,-5.988890755394254e-5,-5.768799766440865e-5,8.369498893225046e-5,-3.9864561705004234e-4,1.45405271693335e-6,-1.827593806233835e-4,-2.339801777107072e-4,-1.0392942934149117e-4,7.788975326143352e-4,2.1050754533781212e-4,1.2747453078168537e-4,4.2432238248887996e-4,-3.8834882807996685e-4,5.519642067778543e-4,-1.7935420453638512e-4,-1.0066846786461484e-4,2.74240158303045e-4,-7.427906161145249e-4,-4.859865684819382e-4,-6.833750400513972e-4,-3.2202247573419936e-4,-1.4070343013144495e-4,3.592680581855345e-4,2.6111222872447207e-5,2.71023232027624e-4,-2.694758815555893e-4,3.4358993862804865e-4,-2.622606928105348e-4,-4.5727708325351496e-5,2.1460954986194048e-4,3.286041806970111e-4,-2.4142224358689716e-4,-1.582019078623941e-5,2.4354451446744206e-4,8.136012943623234e-4,-1.699099164083969e-4,-4.2046846650152406e-4,-2.3139405394011602e-4,-1.5304704602765753e-4,1.8344933556638143e-4,-2.6273015961160705e-4,-5.580405921847298e-4,-3.010367619426063e-4,1.6847507608377992e-4,5.270277712197381e-4,2.233509056169937e-5,-1.1517210432756486e-4,4.597682042855781e-4,2.5685573888544914e-5,-9.765156504230645e-5,-6.452520819782374e-4,5.0050713799512875e-5,1.9298932867951432e-4,-2.0501888354181725e-4,-1.8225302091434489e-4,2.8007149174504015e-4,-1.8389099279155524e-4,2.336220310004335e-4,2.718400024240046e-4,-1.8947459962332828e-4,1.7448623707422636e-5,-1.0372304797934234e-4,8.7314854709607e-5,9.157188922602744e-5,-1.1338048500732166e-4,1.80297399638218e-5,-2.8873433231709092e-5,1.9287727524002046e-4,1.7962320751017406e-5,-3.3402224739557636e-4,2.096944010831172e-5,7.981468060097742e-5,-7.644000973482163e-5,1.8175139705262358e-6,-5.448319362586071e-5,1.5991128399171518e-4,6.862884599470477e-5,-1.730551020069055e-5,-1.795052523632505e-5,1.9834027595260526e-5,-4.432134453470909e-5,5.0756888675650646e-5,-2.24708832104694e-5,-6.710772782784408e-6,2.2332070918341653e-5,6.210620889960263e-5
C15/C15bc,0.0021950913413155524,4.4657076628332887e-4,2.7901616514678035e-4,-0.0034751602145690432,0.0011950349000249862,7.872326641466988e-4,-5.483418743030029e-4,-0.0012589803733482259,-0.0019752701485202923,0.0019030751146315835,-0.0016552262486034602,1.9537685273993932e-4,1.3721828523028596e-4,-0.002522413808433758,-2.694810074368265e-4,0.003142945089398292,-0.0011613260183598426,-0.009462120505817835,0.0021925362167775097,0.014643335295727748,0.00891993252424074,-0.023853572410789656,-0.009647209686952417,-0.01640016817153317,0.00397698668635415,0.0055862264809642855,6.183178799432379e-4,0.00211952828088159,7.049273143297285e-5,-0.001263181107664357,-0.0012448074634175577,-2.3873498699964022e-4,-0.0012546369626025157,-8.464311425984828e-5,-1.6750717327354656e-4,0.0010532429989351725,-4.9440322710302804e-5,8.667499366952189e-5,-6.302158036101293e-4,5.104384362063232e-4,3.236524874131715e-4,3.091533892660063e-4,2.686439598641993e-4,1.4241553953876112e-4,-3.00472415754648e-4,4.706450308160717e-5,-2.333060259164327e-5,-2.3288377962778797e-4,-9.032841435954233e-4,-3.2442709014643195e-4,-2.602319638233155e-4,-0.0014081840719466622,-0.002623761357555074,0.0034320571752423992,0.003932594882258335,-9.036935851188707e-4,-9.936349346388825e-4,-9.875376789936488e-4,-8.110492818832313e-4,0.0017084593401812153,3.8941674612068077e-4,-0.0011450944409783185,-0.0016430200778875736,0.0018753051766766773,0.008911941540466086,0.011277105492490102,0.014880600914633068,0.002257191489179975,-0.003191082357374469,-0.0014486600759902185,1.4966497353892356e-4,4.3463027267131205e-4,0.0017462481170619957,-3.1789713187761265e-4,-7.217916748772533e-4,-0.0014130375938156002,9.813297756931804e-4,-0.002152406756240707,-1.9145741156563793e-4,1.245643029178533e-4,1.5207497345965701e-5,4.607122945400321e-4,1.1788571538635187e-4,6.269585580628765e-4,-0.001207465607603591,0.0010064579194047055,-0.002018542517508641,0.001990228211765622,2.6336464380537217e-4,3.3835039053907093e-4,-6.749831399843347e-4,-3.063677180925489e-5,-1.2444253244848285e-4,4.6921679712567536e-4,0.0011490710669726156,-4.9778917498226194e-5,-4.7089191794601843e-4,-0.001354983774418584,7.492181399000384e-4,2.05651852967017e-4,-4.6546074575900215e-5,-2.755201092672076e-4,-1.9494766195997168e-4,-6.889341515561034e-4,-2.2261911527800453e-4,2.9838244328208376e-4,-2.7443045286064942e-5,-9.317164262015926e-4,9.394007991250379e-6,-9.288510883321729e-5,7.358733909474596e-5,1.653032664639075e-5,1.1440970718203103e-4,1.7748819036659573e-4,1.0291824012191976e-4,-2.0513904199907294e-4,1.150822261516282e-5,-1.0845439794640686e-5,-1.4421589210597134e-4,1.031301328992971e-4,5.442828695290162e-4,-1.442044748042102e-4,1.16828824155717e-4,-1.0879832654358679e-5,4.410316957036794e-6,1.690337795801771e-5,1.1218091417740268e-4,8.76949867314148e-5,-4.625395091396581e-5,1.730790267957263e-5,-3.2670629429884675e-5,1.9529547849024374e-5,-2.462867794381046e-5,1.1965333204019213e-5,-1.7039789563406447e-5,-3.0712986909835674e-5,-2.1913393101935625e-5,3.6022960420499775e-6,-2.3016242821034637e-6,-1.8857621512147464e-6,4.168541675443142e-6,-7.137168939220542e-8
C15/C15bi,-5.430645730897665e-4,0.0010366328215242998,0.003588317172659499,-6.632974447546e-4,-0.001873187710982263,-0.001457987652962997,-0.0017873316004839797,-1.4912746559939802e-4,0.0010062771918949614,9.231934788689215e-4,-0.0010961685897263474,-1.7441339337540872e-4,3.426069305505075e-4,0.005589190992131342,-0.002043759007273246,7.017512573649259e-4,0.0016210828836652452,0.0029438032651638384,-0.0018233162691409603,-5.706234143790481e-4,0.002561072383662996,6.837599939654911e-4,-3.348035330906974e-4,-3.370088184102787e-4,-8.983528050206923e-4,0.002126916821195702,1.2820608179198853e-4,4.6334813374503033e-4,-4.622561551298307e-4,-6.219751914909146e-4,-0.0015569557244589725,-3.633009463584525e-4,-0.0018705275816102637,-3.219632370595937e-4,-1.7484170984433746e-4,0.002271522626842414,-8.959756573568769e-4,-2.941824151936733e-4,-0.001053454867118523,9.356196458286146e-4,3.719281697833309e-4,9.908302109041711e-4,4.1781768703838946e-4,2.973408675214594e-4,-1.3579855146454522e-4,-0.001235101345812862,-2.767553721698709e-4,-4.866138829195293e-4,0.0019885242191232068,0.0011786269801142115,-3.001307990821082e-4,-2.706508563601354e-4,5.732747666361088e-4,-6.291101520440117e-4,1.890301202764449e-4,6.638187679319901e-5,-5.9888907553948564e-5,-5.768799766439954e-5,8.369498893224278e-5,-3.986456170500348e-4,1.4540527169397316e-6,-1.8275938062338286e-4,-2.339801777107066e-4,-1.039294293414832e-4,7.788975326142994e-4,2.1050754533780285e-4,1.2747453078167247e-4,4.2432238248888375e-4,-3.8834882807997216e-4,5.519642067778611e-4,-1.7935420453635205e-4,-1.0066846786462831e-4,2.7424015830303217e-4,-7.42790616114508e-4,-4.859865684819648e-4,-6.833750400514008e-4,-3.2202247573420766e-4,-1.4070343013142857e-4,3.592680581855746e-4,2.611122287244855e-5,2.710232320276328e-4,-2.694758815555636e-4,3.4358993862803694e-4,-2.622606928105276e-4,-4.5727708325370876e-5,2.1460954986194994e-4,3.28604180697021e-4,-2.4142224358688626e-4,-1.5820190786238632e-5,2.4354451446742954e-4,8.136012943623353e-4,-1.6990991640840068e-4,-4.20468466501519e-4,-2.3139405394008292e-4,-1.5304704602768523e-4,1.8344933556638365e-4,-2.6273015961162174e-4,-0.00055804059218468355,-3.010367619426305e-4,1.684750760838539e-4,5.270277712197402e-4,2.2335090561664422e-5,-1.1517210432757876e-4,4.597682042855923e-4,2.568557388854529e-5,-9.765156504234597e-5,-6.452520819782569e-4,5.00507137994752e-5,1.9298932867949586e-4,-2.0501888354195494e-4,-1.8225302091430065e-4,2.800714917449922e-4,-1.8389099279154074e-4,2.3362203100041706e-4,2.71840002423972e-4,-1.8947459962339488e-4,1.7448623707247334e-5,-1.037230479793266e-4,8.731485470947064e-5,9.15718892259835e-5,-1.1338048500733765e-4,1.8029739963901472e-5,-2.8873433231737837e-5,1.9287727523996267e-4,1.796232075103534e-5,-3.3402224739555837e-4,2.0969440108187387e-5,7.981468060092815e-5,-7.644000973477381e-5,1.8175139708687625e-6,-5.448319362587854e-5,1.5991128399167587e-4,6.862884599461275e-5,-1.730551020053915e-5,-1.7950525236455175e-5,1.983402759514814e-5,-4.432134453460044e-5,5.0756888675588656e-5,-2.2470883210499768e-5,-6.7107727827312934e-6,2.233207091765282e-5,6.210620889921987e-5
C15/C15bi-C15bb,0.02144583714691414,0.0027944055650451806,-0.02521147669890886,-0.049164075265202486,0.09413785308959309,-0.18961583343420776,-0.03118213719702102,0.017170644067325668,0.02833358674466225,-0.011586809810294259,0.007945769024771458,-0.0011462493869855595,5.565256062779807e-4,0.0164976119672486,-0.003090034759193445,-0.006601817262850005,0.007425164206481424,0.009323094288272632,-0.0016811649505215883,-0.0058204126928887365,0.0013847998939010742,8.853776676667035e-4,5.520864939839679e-4,-0.0028734844822980417,0.008370334636677508,0.0024811473140074424,0.0014997431363070485,0.0024546218067029303,0.004099075039583125,-0.004285597020728083,-0.013728708023439583,-6.268917361637581e-4,0.0063524543777372785,7.503357056206341e-4,-9.99464963356073e-4,0.014658332469539397,-0.003868107704191343,0.0018846875471714064,-0.0010149474247212063,-0.0046109054811106776,7.744214619222976e-4,-9.113908595410682e-4,-0.003058855109049891,-0.006722816722142371,-7.571432171780824e-5,-0.0010238421402717776,0.0021118704585077527,-5.6640527074806e-4,0.0012311746842319652,-0.001387614809385925,-0.0017667112429953084,0.0023290689508493633,-2.7442814689439883e-4,-0.0012943755604369993,-4.2151114834233705e-5,4.357151728292915e-4,-0.0034757284229136472,0.0022113587625282303,-0.0012843682614781134,0.004943129984428021,-0.005710386752343222,0.0020823835066463028,-0.002829295026057236,0.0035786161583028584,0.008160495666582392,-0.009902948540006094,5.693497267997401e-4,0.008405649603331294,0.001791622573902288,-0.0012716290052874465,0.0026832057168315934,-0.0023433207736505983,0.0021857379519249465,-0.0019169282256306273,0.004181610957393522,9.157146195941338e-5,-0.002116884915154663,-0.0015441567547132143,-0.005535751988198015,-0.0028365403303181034,-0.0017282621910024378,0.003275760312807183,-7.618907265972889e-4,0.003613739903644169,3.546647848189896e-4,0.003105375995149154,0.0025687618850061904,-6.251317104544925e-4,-0.00041863599672694837,9.195359662212954e-4,-2.789788056583514e-4,0.0014231255371224996,-2.3881158582713332e-4,-3.466785267741916e-4,-5.5151638029861916e-5,-1.1268527565684468e-4,4.690003158632448e-5,-4.845113132240265e-4,-1.7191593064662186e-4,4.834124857636748e-4,-0.0015510063299949647,3.161368213174751e-4,8.297985218341761e-4,1.0539552391803293e-4,-2.8870945930666605e-4,-1.2355403423176697e-4,-5.0865832260546404e-5,4.134986272022048e-4,6.903343596557852e-4,-2.4997225955554323e-4,-4.9121183451549605e-5,-9.205354598127652e-4,0.0011323974179933852,-3.650396207551909e-4,3.9176222619731825e-5,-2.9524943473271665e-4,-6.468503266604306e-5,2.8482267056960056e-4,-2.0472716066308926e-4,1.9725363079486823e-5,-3.495890467591372e-5,9.469082942480022e-5,-1.4319413040012825e-4,-3.2790228349647486e-4,-1.3877471295906514e-4,6.562294294543406e-5,3.7062906461834865e-5,8.17643931823692e-6,1.2118303650108077e-5,-2.2064822073190846e-5,-5.4675408188525895e-5,1.878362779521671e-5,-1.678342194832404e-5,-1.334728965356116e-5,-6.526474176990695e-6,8.511489648457436e-6,-6.484877846986878e-6,-1.7152149173524354e-5,6.9047284705130736e-6,5.069085810176814e-7,-7.164347394917009e-6,1.1471680530846254e-6
C15/C15bi-C15km-C15ko-C93l-C15gb,0.01885963233627731,0.0015808610114699064,-0.022059917584124594,-0.0411546237590965,0.07804920888285836,-0.1562149447573272,-0.026898150966415346,0.01278513022517437,0.02208189855847225,-0.009701482225525084,0.00697234739843175,-0.0010795133225052513,5.716824597044528e-4,0.0131398038096869,-0.003866620303484153,-0.010404720809725243,0.013178418148164013,0.0019898660618087424,0.002599191577382677,0.0015971252240650567,0.01470423174101211,0.005963003499299011,-0.0031344656535094747,-0.003347540767609209,-5.499147933625522e-4,-0.004366074752503677,-0.0019832246157690295,-0.007084353339282872,-0.019138104687530275,0.007993473950972484,0.03031172893539062,0.002966745708021367,-0.013271186599094023,-0.0034266380077864196,1.5135814773401142e-4,-0.018290145584109123,0.00606471257926379,-0.0064544538807271455,-3.598394281608733e-4,0.007182445826369316,-0.001191303237247831,0.00585100999720296,0.006705713000667959,5.418080214657487e-4,-0.0010359063169348333,4.773858140541045e-4,4.725225475958087e-4,-4.6285225091287796e-4,-9.427468450772563e-4,1.2881543745829513e-5,-1.831913371433565e-4,0.0014483112754020825,-1.9178081593377474e-4,0.0012900752645193753,-6.397561824041251e-4,-4.949826514347994e-4,0.001476810054629949,-0.002663446776529065,-1.738206867653154e-4,-0.002846969299410774,0.0011421221994687772,-0.00242269346388581,1.746520876523079e-4,-3.9074778013719653e-4,-9.793677371000235e-4,5.147081247832473e-4,1.475424430750418e-4,-9.081236915463298e-4,-6.81678727471098e-4,-3.0231430796162845e-4,-9.518777121216112e-4,5.622740672030258e-4,-6.894850796859708e-4,7.415909200145229e-4,-0.002338221184241916,-1.0238889651771644e-5,1.7742978806767215e-4,4.595120413044853e-4,0.001191964858953985,-7.445048176336594e-5,6.581120246756545e-4,-1.3721638698930243e-4,3.917191620965191e-6,2.224083589604572e-4,-5.197847676814329e-4,-5.713110577500046e-5,6.478695739454328e-4,4.414278765296592e-4,-1.4395240002178485e-4,-2.7353526239856223e-4,-3.467277544697684e-5,-1.1906018067922736e-4,9.822658057632168e-5,-2.0022303772037993e-4,4.145067905956547e-5,5.632131314574833e-5,2.8636254239803694e-5,1.650272369635518e-4,2.021714656905814e-4,-2.189263417010641e-4,1.993852256563813e-4,-6.342606982278409e-6,-1.3949715721369425e-4,-2.2629826009711855e-5,-2.080558118691928e-4,3.7267318534937208e-6,-1.0702705600550625e-6,-4.526289683119162e-5,-1.7292707699720204e-4,-2.6142704486206128e-5,-2.9924598260983807e-4,1.1695143569051241e-4,1.075850119554326e-4,5.3066348736041634e-5,-1.1226069888755265e-4,1.4935625067978744e-5,1.581113275458189e-5,6.0736917913740937e-5,-1.359853946398973e-4,7.227658090679651e-5,3.4049610173769453e-6,7.291649794361453e-5,-1.0286648364341691e-4,1.5636922158372006e-5,-8.599489824186213e-6,-4.787528590304382e-6,-1.423524054900546e-6,-3.082876493340695e-5,-2.0172532135246196e-5,7.450560501945962e-6,-4.69686767332952e-6,-9.12718819302335e-6,4.468282592776965e-5,-1.6384162797582467e-5,-1.3382882848447285e-5,4.2262640085375936e-6,8.688495390020183e-6,-3.245384425638898e-6,2.3776090589582597e-6,3.464057315174184e-7,4.6683693495187774e-7,1.2623528888597719e-6
C15/C15bn-C15en,0.0016717480467922192,5.419208575490901e-4,9.06551798977302e-4,-0.002872933072881767,3.341116276056028e-4,1.6867032567553e-4,-8.311779404927787e-4,-9.090913711382085e-4,-9.106859514413067e-4,0.0015938973918001344,-0.001426574045617302,-1.36765137195658e-4,2.0347658432484937e-4,4.697988126182321e-4,-9.77740136818201e-4,0.0022076134371155913,2.5811777883324083e-4,-0.001825383229963998,-6.295092425396349e-4,0.0025763682077564374,0.0025107884795479304,6.301295700365036e-4,-5.939079981161528e-4,2.1023014125231597e-4,-0.0014159091446957885,-0.0015647370602182914,-8.536455589028442e-4,-0.0033287211359732892,-0.001303784913023065,0.009839746725390145,-0.0011091641708590896,0.00683439177894995,0.024364026617262537,-0.0022779884911796984,0.007988861285015466,-0.0026964247234202697,0.0035774240954518327,-0.005281697904272238,1.1542275545524236e-4,0.005248237532996212,6.302823815684862e-4,0.0010006770741014135,1.852279121784146e-4,-4.2677433055589184e-4,-0.0010790941116714699,-0.0013752953744776144,-1.095066696858255e-5,-2.772728271297631e-4,0.001897498412660848,-4.453359865331627e-5,-8.653244387482334e-6,2.1936072473096812e-4,3.69366217239687e-4,-5.184020402399004e-4,6.454743818977316e-4,-8.118261527171636e-5,-4.825642851090562e-4,4.741588864802672e-4,2.211693774522544e-4,-2.7681489116029926e-4,1.5803267388391322e-4,-1.8575717546971899e-4,-4.6331069507573897e-4,2.7391076336747154e-5,-7.669387080213098e-5,2.0239127989306796e-4,-2.59364233184299e-4,2.2185277664400822e-4,-0.0010807645223123894,5.329641551987974e-5,-3.3843998134743355e-4,-2.247996662091296e-4,-9.595204192768908e-5,-1.5536901610083666e-4,-2.759238555691797e-4,-0.0010706341550263479,-5.460450478144196e-4,-3.5923879098400194e-4,-4.905939406066208e-4,-5.5934858784500995e-5,-1.7428477443936762e-4,1.5277545430167672e-4,-1.0684248002912343e-4,2.021866766775686e-4,8.148453010129666e-5,1.209425709895218e-5,-4.731208273690226e-4,-4.644251099324232e-4,2.911381831605093e-4,-1.88755699104453e-4,0.0012756176603813652,1.057753440026293e-4,-8.414107282988786e-4,-9.106886572181854e-5,8.537369238777639e-4,-6.06207877544403e-5,-0.0014263929650795515,-7.707289404730685e-4,-7.312916560089098e-4,-4.664138988856078e-4,1.0690435691878872e-4,5.6753639525284336e-5,1.4727112955116014e-4,1.6621536078355754e-4,3.068011574959595e-4,9.710600249661239e-5,-1.621776921394863e-4,1.406462197412656e-4,-3.6396991692017966e-4,-5.256214998495443e-4,3.479530729147752e-5,3.339801197478421e-4,6.188559555889283e-4,-5.916207252945549e-4,0.0010297740125198203,8.408633107563587e-4,1.2243548837025925e-4,-2.2172716465314362e-4,-7.37712913656759e-4,3.736195090027862e-5,-3.63332159256305e-4,5.846338146129943e-4,6.51076097276331e-4,0.001326243876211367,-0.0011704404109487163,-2.692055521337777e-4,8.235494229075368e-4,-7.954655746350834e-4,3.8130036229904547e-4,1.6765845093401714e-5,4.0870273410992096e-4,1.2519000718596088e-4,-6.685843194379058e-4,-6.383947820261926e-5,-5.919524579981501e-4,7.75843377717742e-5,-3.481841674901594e-4,-6.30436823761245e-4,3.460980865774687e-4,-4.942554511916769e-5,3.9601188805684224e-5,7.382304169017287e-6
C15/C15bo,-5.430645730897747e-4,0.0010366328215242872,0.0035883171726594923,-6.632974447546066e-4,-0.0018731877109822651,-0.0014579876529630094,-0.0017873316004839786,-1.4912746559940117e-4,0.001006277191894961,9.231934788689278e-4,-0.0010961685897263604,-1.7441339337539638e-4,3.4260693055049914e-4,0.005589190992131356,-0.0020437590072732215,7.017512573649116e-4,0.0016210828836652473,0.002943803265163845,-0.001823316269140949,-5.70623414379059e-4,0.0025610723836629874,6.837599939654854e-4,-3.348035330906951e-4,-3.370088184102688e-4,-8.98352805020693e-4,0.0021269168211956986,1.2820608179198588e-4,4.6334813374502887e-4,-4.622561551298411e-4,-6.219751914909151e-4,-0.001556955724458962,-3.633009463584423e-4,-0.0018705275816102772,-3.2196323705960874e-4,-1.7484170984434142e-4,0.002271522626842405,-8.959756573568679e-4,-2.9418241519367874e-4,-0.0010534548671185266,9.356196458286186e-4,3.719281697833361e-4,9.908302109041844e-4,4.178176870384118e-4,2.9734086752146525e-4,-1.3579855146455327e-4,-0.0012351013458128696,-2.767553721698773e-4,-4.8661388291952487e-4,0.0019885242191232133,0.001178626980114221,-3.0013079908213045e-4,-2.7065085636012863e-4,5.73274766636127e-4,-6.291101520440158e-4,1.8903012027644782e-4,6.63818767931657e-5,-5.988890755393633e-5,-5.7687997664382516e-5,8.369498893224478e-5,-3.986456170500588e-4,1.4540527169636473e-6,-1.8275938062341473e-4,-2.339801777106957e-4,-1.0392942934150357e-4,7.788975326142706e-4,2.105075453378184e-4,1.2747453078166906e-4,4.2432238248892707e-4,-3.883488280799868e-4,5.519642067778387e-4,-1.7935420453635582e-4,-1.0066846786460848e-4,2.7424015830302924e-4,-7.42790616114473e-4,-4.859865684819627e-4,-6.833750400513388e-4,-3.2202247573426203e-4,-1.4070343013145007e-4,3.5926805818554724e-4,2.611122287245291e-5,2.710232320276139e-4,-2.6947588155557304e-4,3.435899386280374e-4,-2.622606928105587e-4,-4.572770832534239e-5,2.146095498619579e-4,3.2860418069696523e-4,-2.4142224358687683e-4,-1.5820190786229836e-5,2.435445144673761e-4,8.136012943622696e-4,-1.6990991640836018e-4,-4.2046846650155235e-4,-2.3139405394002663e-4,-1.5304704602764278e-4,1.8344933556635918e-4,-2.627301596115913e-4,-5.58040592184646e-4,-3.010367619426748e-4,1.6847507608429548e-4,5.270277712197368e-4,2.233509056158745e-5,-1.1517210432748547e-4,4.5976820428582127e-4,2.5685573888513167e-5,-9.765156504228217e-5,-6.452520819784744e-4,5.0050713799348605e-5,1.929893286793241e-4,-2.050188835425049e-4,-1.8225302091425292e-4,2.8007149174486776e-4,-1.8389099279147926e-4,2.336220310003028e-4,2.7184000242374645e-4,-1.8947459962338775e-4,1.744862370717743e-5,-1.0372304797939729e-4,8.73148547094974e-5,9.157188922579503e-5,-1.1338048500734143e-4,1.8029739963949936e-5,-2.8873433231697478e-5,1.9287727524002504e-4,1.796232075117551e-5,-3.340222473955595e-4,2.0969440108110643e-5,7.981468060097123e-5,-7.644000973474022e-5,1.81751397111365e-6,-5.4483193626086295e-5,1.5991128399172529e-4,6.862884599465379e-5,-1.7305510200592794e-5,-1.7950525236343685e-5,1.9834027595221813e-5,-4.43213445345171e-5,5.075688867561966e-5,-2.2470883210268806e-5,-6.7107727826449715e-6,2.2332070917679446e-5,6.210620890046671e-5
C15/C15ch-C15cq,0.006429854566955838,-1.4368651051594044e-4,-0.005492360903947408,-0.0024233379193112953,0.0039650321226262705,0.003519239767850011,9.815357779068548e-4,-0.0035151405969329206,-0.010741804939600861,-9.659114140333067e-4,-0.0013507291798334354,-2.4962788309557774e-5,1.6192500578583694e-5,-0.034834772479332296,0.01877121615946349,-0.021434603984552398,0.007880414921952761,0.0022526677788211125,0.007110022485693432,-0.0034365810029899795,0.009187973837426245,-0.015544498617223889,0.053936821354995904,-0.0021866212888678425,0.003273892229793614,-0.00338260146015933,-0.002591271899413846,3.110344031264192e-4,2.2590173262037672e-4,0.008458571240257283,-0.00842076494740822,0.02920355840570263,-0.016513791320601243,0.006652171840944096,0.023607792419208275,0.003126442167648577,-0.005578496712366348,2.339667419755857e-4,0.004858349487804283,-7.356826508827693e-4,-0.006277693330868321,0.0031006387799416553,0.0017530777068951,0.0014733449961119502,-0.0012981650934889269,7.686647325062225e-4,3.4807071411914662e-6,-3.6119516975009183e-4,0.001119129304961496,7.31228598901815e-4,0.006050840650251903,7.340243911887914e-5,-0.0023623215699870178,-0.0020480473214076196,0.001486961937528292,0.007347165972878588,0.0024021759372496376,-0.004870373863195831,-0.0010463352366117977,0.001656371078612923,1.0313216252671353e-5,-1.5217223620226584e-4,4.078993560618198e-4,1.2760400742231555e-4,1.230144995298573e-4,-7.125661360600108e-4,2.0295242768990628e-4,-4.031219490340611e-5,-0.0012700820435392328,6.187384145833072e-4,-0.0016741278282508022,4.378867787268387e-4,-3.451976888529407e-4,6.988843677105958e-4,-9.778671148040646e-4,6.93593282020023e-4,1.4445204701148457e-4,7.106342175581256e-4,-0.0021211166857581765,1.6487741098409128e-5,-4.312920163931752e-4,-2.98287801800183e-4,-1.0400278921125555e-4,6.259451851435389e-4,-4.13306994591608e-5,8.549806131972514e-4,-0.0010579042947502857,-0.001174934407579524,-9.24718575134596e-5,0.0012640952643872875,7.62626407845575e-5,-2.624373348528352e-4,-4.736212309180392e-5,-0.0010755630883456987,0.0010246352569127169,-9.992009474297928e-5,0.001111814703829491,4.4385088504651234e-4,-9.098724905806573e-4,6.814961780941066e-4,-0.00084309317577893725,-3.3095010176413336e-4,-0.0016724096991466862,-4.332678283476747e-4,6.605624171158182e-4,-1.0652775799057876e-4,1.7175261257909577e-4,4.934343459979062e-5,1.3100687841126156e-4,8.051912890969998e-5,8.34835261169769e-5,-2.250814971551308e-4,-1.7139840572907852e-4,2.011600781079191e-5,2.086407261819601e-5,1.0013898699644297e-5,-5.425671153031777e-6,3.915756024243988e-5,6.919205118218702e-7,9.07138139725495e-6,1.4146940616161605e-6,-1.1400849021217625e-5,7.311821619322429e-6,2.1115694989966564e-5,-2.6814407574006027e-5,-2.7492370375069462e-8,-6.185730972908144e-6,3.310133906377884e-5,9.491852577889726e-6,2.4702514976276514e-6,6.153836215347797e-6,1.4730253890274386e-6,-4.103989946516339e-6,8.373261236975941e-7,-3.808310304613683e-7,-1.6731100314915446e-6,-2.1296144154501482e-6,-3.827013375653701e-6,1.4541564060933854e-6,9.591849197813837e-8,8.559556519499964e-7,2.5999478995054648e-8
C15/C15cn-C15cq-C15dz-C15fz,0.002723174986782429,3.9651450700852137e-4,-3.8970368161204256e-4,-0.0031150724746096667,0.0013520442246598768,0.0010735676730694605,-4.7431511726366997e-4,-0.001786167915666996,-0.003000790561577509,0.0024059101297989704,-0.0020974427861828755,-1.7001233980928103e-5,2.52496326243934e-4,-0.019998741711190166,0.01317413739068364,0.002373522632335838,0.017241168544944122,0.00813757292004249,-0.0065090985769672895,5.62888351548765e-5,9.287151343614434e-4,0.001530084285971506,-0.0030084121917907415,-1.6908539922843235e-4,-5.112424949361037e-4,9.58362977695405e-4,-2.578335458180961e-4,6.350191750084426e-5,-2.7275635867423737e-4,0.0035296397708220266,-0.002567038535385521,-8.832799862709121e-4,-3.8231189999927913e-4,-9.381052546515855e-4,-0.0037413883308846053,0.001847197284960111,0.0030959058522083737,-2.0577834218677864e-4,0.0036887882021020904,9.200788965937986e-4,0.007597824097415687,-0.003442221195279556,0.004840428958120001,-0.002820819479686694,0.01483519549223174,0.0036270948733781293,-0.001314774444804583,-0.0014588628205026177,-7.347146961889352e-4,0.003545862607470665,1.6963416424558433e-4,-4.516867262230075e-4,0.0046346812305171165,0.004612626867081012,-0.0030154210510236995,-0.001142430307585098,0.004355165483289095,-0.007223960532937196,-0.0026385561733180962,0.0033168313503838948,-3.43334507828758e-4,3.973802457281418e-4,2.0776686629479226e-4,4.7916393464585144e-4,8.261201742590188e-4,1.4695157356650136e-5,-1.4150234775450675e-4,4.6742370576366877e-4,0.002036135807350206,8.537091452029063e-4,0.0019878853782238476,4.2232286317513314e-4,0.0014702438191591186,0.001491064846426436,0.004902139431599447,-0.0018245103423527073,-1.679211199921049e-4,-3.308467233161267e-4,0.003951830205247535,2.3119093308393993e-4,8.248357337512959e-4,1.4408198654137068e-4,2.44035394071538e-4,-9.749182521983038e-4,-1.2808660948295634e-4,-0.0010987397499568354,0.001327514433304834,0.0018281975587780416,-1.6833625504048742e-4,-0.0016544664677377867,6.763651626317755e-4,2.80907721613839e-4,3.6020770222951496e-4,-0.002134807939708722,0.001921272433106835,-9.550393963381079e-4,0.0020701529836965175,6.079289414053809e-4,-7.12627387958781e-4,5.491243871690898e-4,-4.8515126368194863e-4,-4.4672414755268855e-5,-5.773067338904308e-4,-2.8050192745375047e-4,-0.001566030300161015,8.689968499224203e-5,1.0125417232038884e-4,1.8754979052183835e-4,-1.2170193205662383e-5,1.3649761036782631e-4,7.364111984174086e-5,-4.6754245179815086e-4,-6.785857804857893e-4,3.506107280285295e-4,-1.4170316162134044e-4,-2.3279975449583823e-4,-6.412505591750576e-5,1.7489723914960886e-4,6.204771031812228e-4,-9.896469660398491e-6,1.7566585794495532e-4,-3.0289009590294116e-6,-3.012489408546129e-4,-5.578306536940782e-4,4.573617417484208e-4,7.452624589851978e-5,6.656438800878368e-5,-7.679105667754448e-5,-7.607054112942493e-5,-2.4606436967085137e-6,-2.75638675190129e-5,1.4178230667655064e-5,-2.826337777891428e-5,-8.737155712110562e-6,-4.002187190914971e-5,-8.975014988227622e-6,3.700170081628096e-5,-5.613399455739869e-5,2.3344976985294625e-5,3.0748496643296935e-6,-3.2613593920078436e-5,-1.125572570038532e-6
C15/C15cp,-5.430645730897828e-4,0.001036632821524287,0.0035883171726594867,-6.632974447546126e-4,-0.0018731877109822734,-0.0014579876529630155,-0.0017873316004839831,-1.491274655994063e-4,0.0010062771918949594,9.231934788689315e-4,-0.0010961685897263671,-1.7441339337538828e-4,3.426069305504848e-4,0.0055891909921313605,-0.0020437590072732337,7.017512573649138e-4,0.0016210828836652463,0.002943803265163847,-0.0018233162691409423,-5.706234143790589e-4,0.002561072383662991,6.837599939654891e-4,-3.3480353309070515e-4,-3.3700881841027046e-4,-8.98352805020695e-4,0.002126916821195698,1.2820608179199715e-4,4.633481337450281e-4,-4.622561551298376e-4,-6.219751914909228e-4,-0.001556955724458956,-3.6330094635844673e-4,-0.0018705275816102791,-3.2196323705962863e-4,-1.7484170984435063e-4,0.0022715226268424094,-8.959756573568568e-4,-2.9418241519369397e-4,-0.0010534548671185136,9.356196458286155e-4,3.719281697833307e-4,9.90830210904172e-4,4.178176870383929e-4,2.97340867521451e-4,-1.357985514645383e-4,-0.0012351013458128683,-2.7675537216987706e-4,-4.866138829195219e-4,0.0019885242191232,0.0011786269801142368,-3.001307990821613e-4,-2.706508563601155e-4,5.732747666361209e-4,-6.291101520440278e-4,1.890301202764595e-4,6.638187679318896e-5,-5.988890755393623e-5,-5.768799766434123e-5,8.369498893217197e-5,-3.986456170500609e-4,1.4540527169660745e-6,-1.8275938062340487e-4,-2.3398017771070998e-4,-1.039294293415001e-4,7.788975326142791e-4,2.1050754533781147e-4,1.2747453078166396e-4,4.243223824889378e-4,-3.883488280800067e-4,5.519642067778415e-4,-1.793542045363139e-4,-1.0066846786464361e-4,2.742401583030431e-4,-7.427906161144766e-4,-4.859865684819824e-4,-6.833750400513336e-4,-3.22022475734269e-4,-1.4070343013146842e-4,3.5926805818557793e-4,2.6111222872454898e-5,2.710232320276358e-4,-2.6947588155558697e-4,3.43589938628041e-4,-2.6226069281056966e-4,-4.572770832537124e-5,2.1460954986193476e-4,3.2860418069698263e-4,-2.4142224358685108e-4,-1.5820190786220058e-5,2.4354451446738232e-4,8.136012943622685e-4,-1.6990991640837514e-4,-4.204684665015594e-4,-2.3139405394005034e-4,-1.5304704602766238e-4,1.8344933556635595e-4,-2.6273015961161296e-4,-5.580405921846619e-4,-3.0103676194264664e-4,1.6847507608428082e-4,5.270277712197656e-4,2.233509056160588e-5,-1.1517210432745356e-4,4.597682042858096e-4,2.568557388849241e-5,-9.76515650422818e-5,-6.452520819784648e-4,5.005071379936009e-5,1.9298932867930525e-4,-2.0501888354261823e-4,-1.8225302091426598e-4,2.800714917448685e-4,-1.8389099279149244e-4,2.3362203100034526e-4,2.718400024236933e-4,-1.8947459962329714e-4,1.744862370702168e-5,-1.0372304797943075e-4,8.731485470944703e-5,9.157188922588299e-5,-1.1338048500732048e-4,1.80297399639399e-5,-2.8873433231755567e-5,1.9287727524000154e-4,1.796232075118217e-5,-3.3402224739551673e-4,2.0969440108210037e-5,7.981468060094357e-5,-7.644000973486586e-5,1.8175139708328115e-6,-5.448319362608052e-5,1.5991128399181267e-4,6.862884599470632e-5,-1.730551020065561e-5,-1.795052523645377e-5,1.9834027595451996e-5,-4.4321344534618295e-5,5.0756888675441266e-5,-2.247088321035446e-5,-6.710772782948904e-6,2.2332070917513546e-5,6.210620890074928e-5
C15/C15cp-C15ch-C15cq,0.006715942940596966,-0.0012207388269898838,-0.004058251121051617,-0.0013543533563683933,0.0034152727001649187,0.0031823467615290876,7.723498829083253e-4,-0.0034118008544697675,-0.010588468772487569,-0.0012877251821930117,-0.001103078648139581,-5.356020970361818e-5,5.635116193994098e-5,-0.03316841440971307,0.01731904454726761,-0.025151752883964606,0.004829923078818144,0.0013313178400660075,0.008252601884973917,-0.0034021693008473826,0.011074086436727228,-0.017238262111680103,0.0602043833752458,-0.002439304910133093,0.003297961693782569,-0.0041153095351188764,-0.004053321821328078,3.386413012045907e-4,-5.77522381815489e-4,0.004896216811348841,0.0027959130180815668,-0.021565811136714415,0.0027172821631854804,-0.001740039308633334,0.0050595878196423374,0.002914281975388302,-0.0034073681072115045,-0.004382201770219677,0.01591728752777021,-0.0037475810159054877,-0.002567243507233667,0.001828288012727321,0.002212528991581262,0.0018236497407593541,-0.007071503465966634,7.89328700608487e-4,0.002032010447427129,7.072787512753305e-4,-0.001230096773879505,0.007898304949208311,-0.005366980474905971,-5.861243793931224e-4,-0.0010799433000580419,-0.0017405969771001268,-0.0022242773407559722,-0.01057774559449283,-0.0016857815961378788,0.0013226847866594608,3.5815700828152147e-4,-0.0016632557376749873,-2.1611749419929858e-4,-2.054301997951905e-4,-5.714990408051521e-4,1.5929327869865253e-4,2.248258793719002e-4,-2.9619890752051296e-4,2.8885863327060503e-4,-7.451622989021889e-6,6.55157628588073e-5,6.720695611378576e-4,7.433687861279408e-4,1.7543101430944505e-4,5.187933065077977e-4,5.924370434542844e-4,8.527734639056794e-4,-3.263962212773715e-4,4.213007564066204e-5,-5.096116063617512e-4,0.0010856641384401802,3.760692251990801e-5,1.150170608497312e-5,-9.334580491420066e-5,4.2637816176014645e-4,-4.2394853544203083e-4,1.1289339904952391e-4,3.1119405499475196e-5,-2.9515762707061074e-5,-1.8031363888410066e-4,-1.255692685840019e-4,4.438406325215208e-4,1.5999697053510375e-5,-2.2109495711847713e-4,2.086120789649022e-4,3.020078459028056e-4,-6.639332526379454e-4,2.381173872631804e-4,-5.272128742439924e-4,2.906661682550404e-5,4.0185765293005316e-4,-4.6879483712109003e-4,3.5529790122651824e-4,4.272145250536458e-5,2.833923648638213e-4,-3.736659540437329e-5,-6.810551619233388e-4,1.0659497245911558e-5,-1.2228612371116494e-4,1.1768370929476453e-4,-1.0669103313076853e-5,-1.672793402048477e-4,-8.8543628709613e-5,1.6736371401380283e-4,2.5814941540501437e-4,-1.0540232750516547e-5,-1.1238358868290551e-4,1.434779428242144e-5,1.667074345382045e-5,-1.1595920830368342e-4,-5.6046235822903385e-5,6.033219703983894e-6,-3.2591212296354894e-5,-2.6982550733118842e-5,-2.2756217696581563e-5,2.666401530585721e-5,2.2674838757174308e-5,-3.54862537974072e-5,3.131898239461156e-5,-1.1846870955401643e-4,-5.855467731965232e-6,-5.6636345136591725e-6,-2.261076756718217e-5,3.316718991659143e-6,1.3961015698269626e-5,-1.8080095344009536e-6,1.5085057743471863e-5,-2.5079730237626634e-6,1.2783094670346316e-6,-3.6975736336743318e-6,-3.0787819078669088e-6,2.292056738752758e-7,-2.505913170476851e-6,-4.783316850082676e-7
C15/C15cp-C15cq-C15ch-C15dz,0.004173696289641354,-7.77333206285222e-4,-9.09160263719396e-4,-0.0011703560979476298,0.0014499136386286486,0.001481604684896559,-2.1278784062130123e-4,-0.0023535415164681636,-0.006077722282373526,3.3156723040568504e-5,-0.0012763066577120745,-1.1311412485847465e-4,2.4963830423225245e-4,-0.023374232013792674,0.013915634706698432,-0.011035520670498811,0.011331586928343428,0.006258747506692891,0.001476203832475202,-0.0033141638216164925,0.004753649579516424,-0.005587953296352799,0.02112758845055771,-0.0012112377343120426,0.0011498898896502672,0.001034879507303839,-0.0011470751933128787,0.002347437944919514,-1.1105791770195642e-4,-0.011018224117022413,0.007869710295881911,-0.019310630473505674,0.008630348129934653,-0.001998722181264737,2.825619616590381e-4,0.0013468550216505816,-0.0011046520768738801,-0.001668134149826832,0.001309019580899635,8.921067698114624e-4,0.004962756331896286,-0.001803620749841247,0.0014581884408766414,-0.002346950095024048,0.011201745507888942,0.001980725782944228,-0.0020328131963759503,-0.0018700814578840792,-5.453515959080617e-4,6.873918023546083e-4,-0.0013759147127401427,2.1584492022927055e-4,0.002542258118287353,0.003285372271202134,-0.002375322599126605,3.3184278847627147e-4,0.005026898717399238,-0.008805363478611553,-0.003282669452047434,0.005746507944897247,4.1600481463013417e-4,6.632922849492836e-4,0.0015783544879172538,4.321796774831499e-4,-0.0016081658988169488,-4.917770179214182e-4,3.7707492715961306e-4,-7.559005521465322e-4,-0.0015448244646528886,-0.002147912086993469,-0.0013024895496733702,-0.002219947390269313,-0.0022139643832202664,-0.004454393074388054,-0.0036790891189973237,9.079872953501676e-4,-8.83269279606563e-4,-1.7848170033280995e-4,-0.002503942656223127,-3.078117749388054e-5,-4.915404703202292e-4,0.0019200684850870628,6.536748302095845e-4,-0.0010163268484856451,1.6510192096713615e-4,-0.0012853519949562915,3.43559506751831e-4,0.0012273872337561773,2.3192016186437362e-4,-0.001885750782341722,2.0404293064285462e-4,8.047430587027864e-4,-5.865300200528052e-4,3.254617428960312e-4,1.1234681838477042e-4,-1.221592402361482e-5,-4.8718393163045353e-4,-4.338124741923578e-4,2.568099462671271e-4,-3.914294709768252e-6,3.459105791610841e-4,2.736565500544575e-4,9.905140858624706e-4,3.3350184369221726e-4,5.976722212021428e-5,9.239421541408597e-5,4.344310970630725e-5,-2.9671579000720746e-4,1.4422838285792553e-4,2.6391621662658245e-4,1.5012524307655867e-4,-5.715656186625726e-4,-6.937111484801303e-4,-2.8139499941285472e-5,2.038114826670397e-4,1.1783125535579852e-4,3.030163419896825e-6,1.0657144325138366e-4,-3.3255278437815914e-5,6.170261080552653e-5,4.64705766095631e-5,5.2582277437100595e-5,2.6709994514869475e-5,1.8041508960446595e-4,-1.258042784140201e-4,-1.4041593286726096e-5,2.9209220070620802e-5,-5.6236916413235846e-5,5.019266830810894e-7,-1.5474251254819215e-7,1.5730871944266037e-5,1.0427314128752914e-5,-3.143882745038485e-5,1.2935585959878318e-5,3.3647809405196884e-5,-5.81337950380998e-6,-2.5372014936376555e-5,-6.769633199675476e-6,1.0653493126174236e-5,7.383307006599639e-7,3.951091653669696e-6,2.5799124939536227e-6
C15/C15cs-C15cr-C15bb,0.004376157500441965,4.2269504641301444e-4,-0.002484914527892933,-0.008837705353921423,0.00789333319125368,0.010321063021854765,0.02697463568638498,0.024589461832931182,0.011411305318685885,-0.0034793643791778198,0.002259603532929065,-1.7673572099632394e-4,2.9918392239391717e-4,0.005481018383501191,-0.0021264294357036303,-0.001049790865206974,0.002254580425286518,0.0018701957827761827,-7.723627513453047e-4,-1.2508633738445528e-4,0.0012629094357515828,6.501455891940007e-4,-2.729975789121449e-4,-1.0785935788812496e-4,-3.104390523856215e-4,4.0398033167454896e-4,-6.313003447648471e-4,0.0019052981242605187,0.010020966693072177,0.0025555102145176497,0.005846324090080971,0.0011678393295821662,-0.0015502067960205365,-9.670837939577822e-4,-7.61533617205508e-4,0.0030784434060064903,-4.157219651909057e-4,-9.725609759938376e-4,-0.0010860831572460938,1.8800411456755629e-4,2.8059494857155356e-4,0.0014390854743032407,6.928696835608747e-4,-0.0018412499841390759,-1.775325412136615e-4,-7.213652693743471e-4,3.005792938626514e-4,-5.345107608800111e-4,0.0012771568330178173,2.6105970733727367e-4,-9.978988446983127e-4,2.1857017150704852e-4,-4.904185296237002e-4,2.481675392971102e-4,-0.002788489900563186,0.0014797377472315937,-0.006380695448301159,-0.00309512878046263,-5.752997119667699e-4,-0.0013563560128633675,-0.001875978675730523,-7.244633600532305e-4,-0.0020392046593366475,0.008995414083469882,-0.0037449876308536813,0.00137142970167256,-8.405048731410432e-5,-1.3865583801973055e-4,6.521323023400891e-5,-0.0014095906255533926,-9.341352178760308e-5,4.896404302426076e-4,6.572948988448683e-4,8.173398483469796e-4,-3.1157722071817524e-4,1.757700867684929e-4,1.0819461643077177e-4,9.932584352300178e-5,4.544212909905884e-4,4.2883937140189777e-4,1.0138907339445948e-4,-3.2164571410695647e-4,-6.0641396393236436e-5,-5.6755490037228496e-5,-2.2658781615603088e-4,-3.142013986146172e-4,-2.0415878248779179e-4,2.0080861435400104e-4,1.024537840514298e-4,-1.479966572472136e-4,-3.901431161955549e-4,1.0052426599614467e-4,-3.053988795732783e-4,2.606915791239315e-4,2.332458300145662e-6,2.2222136445963997e-4,-1.930668614507248e-4,1.0373763821907161e-4,-8.57673302368158e-5,3.0789499491214525e-4,2.1561252254865228e-4,-4.144105921995943e-5,-3.2089446851483257e-4,1.1830037205602209e-4,4.2607106814713874e-5,1.4520163744939194e-5,-3.410129637488242e-5,1.2246966319978708e-4,-1.3008306742465927e-4,-1.262556014221092e-4,-1.389640523574294e-4,3.465857384446151e-4,4.034068265765697e-4,-5.055719183367974e-5,-6.795185611369665e-5,-1.600533158181637e-4,-6.749669644299459e-5,0.001731206318266596,-3.133234981521506e-5,-4.018872213920263e-5,-1.525230635676254e-4,-2.283941369111707e-4,6.153345535926459e-4,3.6770374470716755e-4,5.473867752637758e-4,1.4447577163555903e-5,-3.1926566233154996e-4,-3.0774799429108033e-4,-6.127916843661417e-4,2.435896939018207e-5,-1.0972102648839263e-4,1.4080215094130103e-4,-1.6228652346220035e-4,-2.549922322229064e-4,-6.567426531200951e-4,7.860704545501862e-5,1.3261001351592955e-4,1.6979593580568556e-4,-6.0815534103537296e-5,-2.5992611850282433e-5,2.0049305275539697e-4,1.816967988797151e-5
C15/C15cs-C15cr-C15bb-C15eb,0.004171965317769345,4.784638257440523e-4,-0.0022167671691049524,-0.008588013885421979,0.008222353415473735,0.004585764733400073,0.020785910120766044,0.019740616867714274,0.009421422861463243,-0.002499471519656303,0.0016473454689846104,-1.9485102555213447e-4,3.268903136072791e-4,0.0029176562004776096,-0.0013744372883207454,0.003171786488842634,-0.005113648645156318,0.004852860400418827,-0.0022857016295212257,-0.002159234849143809,-0.004311469424753667,-9.662885000858955e-4,3.438101622769953e-4,-6.676876025756232e-5,0.001911537540188567,0.001652554392824927,-4.228129198219234e-4,0.0048531472695422986,0.018973204226474295,0.0012177738687463918,4.1404071014724506e-4,7.970269526301586e-5,-6.243980447112944e-4,-8.378798815259923e-4,-9.597533804484139e-5,6.301146049485649e-4,-1.5814967687784526e-4,-0.001361597885063229,2.1484759844635257e-5,-3.7332912034215766e-6,7.012561697041172e-4,-0.001426211170409555,-0.001554694759655687,0.004945174728211748,6.314116177041515e-4,-8.293606194502946e-4,-0.0015023033471242076,-3.652791040423579e-4,0.0011872683249409507,-1.593569758828336e-5,-4.2915906089969683e-4,-0.005164244890812793,9.701907405870456e-4,-0.0023639573320690856,1.7366814297836263e-4,2.776057366513591e-4,0.0012989809522695077,5.060399631641044e-4,3.149892526834006e-4,-7.64349446853661e-5,-0.0036132599901600843,-0.001887554553202845,-0.0019188604911966592,0.00946377499630374,-0.002652836085335021,0.001925662862483127,-6.001007877857634e-4,-1.8708337223321024e-4,9.192079848030027e-4,-5.095956004808859e-4,2.769400491788572e-4,2.8712168573486987e-4,1.7184011167147232e-4,-0.0012214760910998388,0.0016842138624630803,-2.199754454949107e-4,-8.192313641006501e-4,-0.00029655324409979666,-0.0011189652846000707,0.0013499765536769065,-6.592517492890455e-4,0.0010553845564616777,-2.3909903481288438e-5,4.34943827031922e-4,-0.0011441657067557244,-3.531804566291157e-4,-0.0012817447611794815,-0.0017574002763470927,-3.8826350904184217e-4,2.324597714219045e-5,1.1808772247936637e-4,8.849310363601617e-4,5.715236233416142e-4,-1.432799969213521e-4,-6.30628273686027e-5,-8.292658613379323e-4,1.3406038687693083e-4,2.4972339004140465e-4,-7.819540614380842e-6,4.5735067507073974e-4,5.59080426318885e-4,-3.196667241116914e-5,5.866573207231395e-4,-4.3168726593519085e-4,-2.301060704509033e-5,-1.6866944829116058e-4,6.581679326893038e-5,9.434391270714321e-5,0.0010778970444074497,4.44897353388585e-4,5.059715615711957e-4,-0.0015064152756702849,-2.0996426962181558e-4,-1.3152021383118427e-4,-5.2489738056561674e-06,6.884789841271766e-4,1.5360459152680917e-4,-0.0032035629305041257,-4.373944280837407e-4,-5.71628918373283e-4,-1.4746479962280526e-4,-3.13573103436402e-4,0.001068224625859458,-3.6217639598371123e-4,0.001141544311631207,2.0425459679670012e-5,-5.377463880952591e-4,-7.400846389384453e-4,-7.513699075218894e-4,-1.030298572774329e-5,-1.1662553205006595e-5,8.692021807579386e-5,-1.1517010030455891e-4,8.114075677756298e-6,-3.073868291008088e-5,2.5867529593725798e-5,-5.5842912571765535e-5,-8.791856877651587e-5,3.2304295446169157e-6,7.935765262685089e-6,-8.622423487296913e-5,-8.111682716659433e-6
C15/C15cs-C15cr-C15bb-C15ec,0.009069033007584455,1.242307814233223e-4,-0.00818641992649239,-0.017227514315348337,0.01853266519685805,0.01607745110890464,0.051002863097267676,0.04608042095170549,0.02097832007233459,-0.0070594088588671585,0.004926869346302891,-2.5074026421617883e-4,3.045950603989482e-4,0.0030918369692657824,-0.0012255570761322868,0.003082972935636666,-0.007656507307026749,0.0058796074273368025,-0.0027326121469003622,-0.0033523776703984847,-0.009003035339887078,-0.0021494840553552136,7.714138768002487e-4,4.093641976160099e-4,0.00350014736085475,0.0015795771379255672,-4.34158708445589e-4,0.006332240354180413,0.023260346297651988,9.944731563096862e-4,-2.6951541117023063e-4,-3.483965831246619e-4,-4.006479382796886e-4,-5.536747450564626e-4,5.018855995197599e-4,-0.003746704746729767,0.0011357443567255768,-0.0010088465983768796,8.692818373190839e-4,-1.6368756057373663e-5,5.85354127906272e-4,-0.0027324023586298225,-0.0016339674244994877,0.007173064531994267,4.816834336682694e-4,-1.4417621333410227e-4,-0.0013633859157176041,9.340935364770579e-5,-4.4672323815135454e-4,-1.5869261932609187e-4,0.0011892200037426043,-0.004979974961959781,0.0023974749644144976,-0.0031773519203561855,0.005882044101839933,-0.002757497555673944,0.012516861804470108,0.004570166454330226,9.733499354557826e-4,9.64155817608167e-4,3.067644716168888e-5,-6.140936470606357e-4,0.0018165941504509424,-0.005911831565561103,0.0027350625144126075,8.813463231624672e-4,-4.8074236170069504e-4,-7.563685633060802e-4,0.0012028756190939711,0.0012381737968313537,-5.016134426714133e-4,3.257459621826916e-4,-0.0011516055585625827,-0.0026377944530252546,0.0013489733331881718,-9.604829170611975e-4,-0.0011213409314799554,-6.987658309219996e-5,-2.527890659680568e-4,0.006632883396314197,-0.00361116709011646,0.0016620059777624414,-8.783437784646717e-5,0.0015151629161482235,0.001375730269495985,0.0024854802293260876,6.256850563325287e-4,-0.001047398464284756,-6.299585264266949e-4,9.251416964603217e-5,1.7240095879912144e-4,4.966772188108532e-4,2.895888861303218e-4,-2.4400429782478434e-4,-1.5649258944153732e-4,-6.918359554733759e-5,8.817055006364099e-5,-2.481280689624391e-4,-2.541424611723781e-4,-2.0019439979903066e-4,-0.001464207814192428,2.0463205813661393e-4,6.509672136959333e-4,-2.9793109752303194e-5,-1.7258416459919337e-4,-5.279561679654717e-5,2.8163512329966233e-7,5.0520617474476075e-5,2.2156632417016798e-4,-7.611473834916085e-5,-1.7678834605676377e-4,-8.289352536691216e-5,5.420687101807823e-4,-1.0867599879468103e-4,-1.9448896202780276e-4,-1.7287134236500812e-4,-7.857505480986132e-5,0.00137825640709822,1.0575981072192418e-4,1.3006154746607543e-4,-1.1046589361637451e-4,-1.525575335521618e-4,3.8179002601155274e-4,2.6297885512741037e-4,1.3985462748722786e-4,-1.1028722919767619e-5,-4.0421140385555775e-6,4.0975380505620034e-5,7.864984831002139e-5,-1.1341744995659712e-5,-1.2740426317481327e-5,-2.6293371701308796e-6,1.144459009959071e-5,1.6264509395390627e-5,6.244267530170542e-5,-4.233324156247872e-6,-9.00682320584134e-6,-1.020262114332121e-5,5.397767856001754e-6,1.8197214574946674e-6,-6.031248826024302e-6,3.4367490979038494e-7
C15/C15cs-C15cr-C15bb-C15gm-C15eb-C15ec,0.007975301306714862,1.5864902688654203e-4,-0.006794369584721555,-0.0148664159278616,0.015823484441801483,0.0121893306274041,0.04051346970721817,0.03649051436115886,0.016092592155829817,-0.005110625062727858,0.0036038567017676265,-8.307556515482405e-5,2.6441064610268066e-4,1.2477591535999346e-4,-4.390358843162597e-4,0.005974550674939676,-0.012059218091668043,0.006805125525448863,-0.0027009134318568564,-0.0033959458649721087,-0.009548740675351134,-0.002288573552202632,7.935335341837008e-4,-9.376851961634065e-5,0.0035113209484401993,0.0011220293439507605,-8.845210957427483e-4,0.008029261278084189,0.034936009843400756,0.003759568438423989,0.005747688049571739,0.0010182183912559079,-9.244554447134565e-4,-0.0018744266537085658,-3.6410471108501576e-4,-0.0020278865291359716,0.001006810580061989,-0.003436674635700532,8.063368503917465e-4,0.0012663753673553505,5.723124244311052e-4,-0.002870684981199977,-0.0020621720652971077,0.011344329316224058,0.0011728350228601137,-2.9423704160160105e-4,-0.0038056083120984797,-1.5355634537278702e-4,0.0011266347612143772,5.602628467598823e-4,-8.060892784820646e-4,-0.001726212055540747,-0.0021375633723396846,0.0028354445289571414,-0.007888123655601561,0.0037683747829036058,-0.01453232938813132,-0.006689018209118376,-3.3118288121858634e-4,-0.0024123296304196036,0.003355819084801383,0.0027417891159003407,7.357322830267935e-4,-0.001452170645681824,-1.2533812931889526e-5,-2.8138795589389146e-4,5.213489042574183e-4,1.0625944758887563e-4,-5.366331773861955e-4,9.406344009458427e-4,0.0014247674891762379,-8.618732869873277e-4,6.68957014746988e-4,2.559296122333945e-4,4.4436701396513985e-4,6.182240721164955e-4,-6.083943021359673e-5,-4.799748961101049e-4,-0.0017671567052901867,-0.010698837263230867,0.005271385336819861,-7.900776429926282e-4,4.8486443656342755e-4,-0.001340632327365766,-0.0035266353495130936,-0.0030271272651327917,-0.0016549637870019538,-0.001023950665897586,4.539237590122091e-6,9.796496588902871e-5,1.5671297344478413e-4,3.2379907746610677e-4,1.4304295558169094e-4,1.8477088648510122e-5,2.612645777678967e-7,-2.1282575522178272e-4,6.376323941284706e-6,1.3817751933571307e-4,-3.4629941038130195e-5,1.9395478966030913e-4,2.2854562177524902e-4,-1.0165776110284807e-5,6.833697614924603e-5,3.972794190272284e-6,-1.0509496409313248e-5,-1.0499033100200905e-5,-3.0118648933800483e-5,3.738470211580027e-5,1.3452050309037587e-4,1.5081005585329696e-5,3.6685982490545106e-6,-1.2392479992727468e-4,8.916961401054454e-5,-2.9770127936350747e-5,-1.1855910005106453e-5,1.273726372170549e-5,-1.5958046841398526e-5,1.5963225752341822e-4,-1.7488850379040943e-5,-2.8397553946990176e-5,-3.6894127264651525e-5,-5.0996609091933585e-5,1.4155002981948523e-4,3.498943507533406e-5,8.618565517810539e-5,-2.314257136239659e-6,-3.258811419327693e-5,-3.390152328586126e-5,-2.4201958582207735e-5,-6.00120471463113e-6,-7.301788458518825e-6,6.023111109327336e-6,-9.560498048138943e-6,1.9372012379663786e-6,1.0659434468304557e-5,1.6506269897111014e-6,-2.6139518739470054e-6,-6.434529786874305e-6,2.225325165209379e-6,1.1230752447752862e-6,-3.9471849001423455e-6,2.4393001487749716e-7
C15/C15cs-C15cr-C15bb-C15gx,0.004875482101326016,3.9755108839872205e-4,-0.0030575775103437917,-0.009597969134874942,0.009440951965747586,0.0051339624028027015,0.02251455583575749,0.020976533230487017,0.009618410059552461,-0.002487383212584452,0.0016704707950738577,-1.7367134839700504e-4,3.114147489910384e-4,3.708373593568075e-4,-5.356078382525647e-4,0.006259704226221044,-0.011130656905446224,0.007348316558258512,-0.0024753628916513084,-0.0030647668198658645,-0.005995413236410662,-0.0012327754831962855,5.145614056959657e-4,-6.830693986828903e-4,0.0021854913650194638,0.001640407852896737,-5.795645661551942e-4,0.0061300152320002904,0.024406600143165622,0.0017507240190537655,0.0016391068473597125,2.384536991392069e-4,-8.366021043236164e-4,-0.0011505703235759844,-2.208892386046275e-4,-6.831663308159496e-4,5.195590232136135e-4,-0.002149007423790043,5.527084876135908e-4,0.0018448990762155503,6.331817251774328e-4,-0.0024852979327702105,-0.0018026227945129678,0.01006719273974026,9.905187117743401e-4,-8.130423947462906e-4,-0.0031938018666486617,-3.3276324087501457e-4,0.0015015862478827175,7.414987552296404e-4,-8.006469617067906e-5,-0.0038490903190815198,-6.707600283506846e-4,-1.2946898360428186e-4,-0.0011060144452188561,3.692164835946797e-4,0.003029592950293483,0.0010896383740363802,0.002031601412966906,2.124710538750712e-4,-0.002592906483293569,-0.003504244304113834,-0.0019149166916967233,0.008274899847018895,-0.002551559545944535,-5.648907571842035e-4,4.436989092383685e-4,3.2084871943038716e-4,-0.001566118661456507,-3.9490749248873947e-4,2.7254018283036276e-4,1.0654060299242904e-5,4.733858438803699e-4,0.001395274204087572,-0.001131104081545947,2.9006351334526367e-4,6.744580364695985e-4,1.5564784273039325e-4,6.725298304369661e-4,1.1322168763889458e-4,-3.816612329761252e-4,-5.114461875847697e-4,-1.564206908080454e-4,-7.871195356281002e-6,0.0015291382563053962,9.497326105523342e-4,0.0010075017504495658,0.0011932977631376768,2.3818423858520824e-4,-1.1789549780879262e-4,-2.3320046103661506e-4,-4.545249428647268e-4,-5.183068169953232e-4,5.394516050021752e-5,1.60465207633513e-4,5.809199235859464e-4,-1.8108509038275605e-5,-2.9601926626956647e-4,-1.1822397180608726e-4,-2.1006839974307883e-4,-8.812721080679113e-4,1.6668850494792984e-4,1.0359342173736768e-4,3.9418344711613355e-4,-5.867311038658029e-6,1.9517293106974454e-4,-8.900365040689257e-6,-2.345018390371946e-4,-6.971582680339517e-4,-1.8684274834054602e-4,-2.3049286081958158e-4,7.309118924455544e-4,-3.6891143245961665e-4,1.4328450524373986e-4,6.0358127089064025e-5,-2.5413514243840396e-4,-2.8112694975675815e-5,-2.956373687535283e-4,3.033907452105084e-4,4.516659625685876e-4,3.168958474846969e-4,5.682906060397877e-4,-0.001584857701792553,-2.966492900207057e-4,-0.0012757104253076396,6.168431545106225e-6,4.914114818202508e-4,5.738677088703801e-4,5.789564947536367e-4,7.702160415082229e-6,-1.8704483804086312e-6,-5.758941195125793e-5,8.051457679407108e-5,-8.788506070127193e-6,1.9986676417741593e-5,-2.5076930557741078e-5,3.977830102265245e-5,5.716003750535307e-5,1.5985286680647138e-6,-5.7366895950973284e-6,5.393794929467329e-5,5.684761107523027e-6
C15/C15cs-C15da-C15cr,0.010447568589965343,4.217679935948291e-5,-0.009912275066663404,-0.019287615567328772,0.02046859779132711,0.026002981493124355,0.06533675509829903,0.05778420998770851,0.025627130664941166,-0.009360269732489103,0.00638003200788894,-4.07440440493519e-5,1.621443458941228e-4,0.007123103079343815,-0.001985405463182134,-0.004735049757532196,0.005340662165424235,5.650487436136489e-4,6.515476336500642e-4,1.2843514422145906e-4,0.00291613345801542,0.0010516989171541664,-3.753612348025037e-4,-1.5074569437586863e-4,-8.817522637285877e-4,-4.616255214073028e-4,2.523656418607777e-4,-0.0037699654436493075,-0.020197110856201295,-0.003577210569422712,-0.00751204868307267,-0.0017746217899467021,0.0011679439766422084,0.002287187893422381,9.88788262020261e-4,-0.002070751548854895,1.8919571189006527e-5,0.0037783943062424112,4.665916040199855e-4,1.493655883604198e-4,-4.2019267960220974e-4,-4.344562022586165e-4,5.06322095568322e-4,-0.0019379146969306115,-2.809619085172034e-4,0.0011468159784874916,4.943277021337791e-4,9.75194948171497e-4,-0.0014541668556563292,8.348818301498933e-4,0.001532121323283561,0.003308995590565377,-7.640444018097255e-5,0.001875191827896351,2.2837675100611737e-4,1.9928471054555462e-4,-0.0037445107433058036,-9.062341596414007e-4,-0.0010250161331429714,-3.971375506118849e-4,0.008151637375867113,0.00634404129646978,0.004839523322234087,-0.02078715323984622,0.005982478420149732,-8.265560643243152e-4,1.2152084554125817e-4,1.390322272827938e-5,2.637754790946202e-4,0.001660631053844248,3.144566240051173e-4,-2.985870170718726e-4,-4.716537826898115e-4,-0.0017155547398026456,5.79261643502476e-4,-6.106368691591226e-4,-4.1948639618720284e-4,-3.493933730836322e-4,-4.2681111981975777e-4,1.1735696617333447e-4,-2.1900220144564962e-4,3.2410025803717525e-4,1.650104485603517e-4,2.874566665283985e-6,1.987517498313929e-4,4.021618846434624e-4,-4.0591473764703864e-5,-3.762847848742954e-4,-1.0679705485141513e-4,8.026285543746456e-5,1.695821919613304e-4,1.191576871059836e-4,-3.686085091174828e-5,-1.4401142686255768e-4,3.222441953127946e-5,-7.536330204454458e-5,2.5783158826265494e-5,-1.1100969039249134e-4,-1.3961362034538042e-4,1.5360425598884614e-4,-1.4564364085386348e-4,7.211705173548105e-5,2.458430277675088e-4,9.11743242366203e-5,-2.562477770908304e-5,2.419601825464092e-5,-2.580573721400751e-5,-5.9608234179870275e-5,3.077372424615051e-5,8.136475051954846e-5,5.98327462909877e-6,-4.3572771916015844e-5,-1.7055611249827237e-4,2.4275380732897453e-5,7.613564993179377e-5,3.58794507856501e-5,5.878751818645079e-6,-5.989634487408116e-4,4.314509447077802e-5,6.351490555669087e-5,8.200848962569133e-5,1.4281886898529872e-4,-3.941783847669201e-4,-1.9756982039651768e-4,-3.645745008136969e-4,1.1023054199733673e-5,1.4976868606387237e-4,1.7672954334355516e-4,2.1205712226304976e-4,-1.1634942913730032e-5,9.193119604472293e-6,-2.577277877418421e-5,2.0424868103194858e-5,3.0204653072740134e-5,7.609100925506133e-5,-4.831747990031268e-6,-5.028490238284647e-6,-4.444775857356431e-6,3.319795664217259e-6,1.924477291634483e-6,-6.833168499629228e-6,-9.213766550672124e-7
C15/C15cs-C15tx-C15cr-C15eb-C15bb,0.008391460281915989,1.6929840106730164e-5,-0.007283301537990425,-0.014722892478824138,0.014797463029644235,0.01773456001696144,0.04334065354081027,0.03767881461394106,0.015763041923488614,-0.005349804932445662,0.00368088723588208,9.25250845163377e-6,1.7967451112145446e-4,0.002140976542602436,-0.0014332945926324061,-4.435526505822705e-4,4.2352618255261107e-4,-0.0012412409486909988,1.1655003019118199e-4,0.0016257013823862485,-0.0017883899743705931,-7.386131631514976e-5,-1.190407444324666e-4,3.165020346562852e-4,7.510429110511431e-4,-0.0029060430336965075,-0.0025587011005307803,0.006961366618459353,0.04899336467310034,0.013750091157625365,0.03069860814072299,0.0063149302704573985,-0.0025126255775414145,-0.004260790962440801,-0.0030019793618958294,0.009190789068063263,-8.005046115815524e-4,-0.004113938436567987,-0.0023367604385732274,-0.0022557465322193774,-8.49061898902316e-4,0.005266210446276057,0.0028193351467893013,-0.01396838304775982,-0.0010199494413706542,4.0190234445844136e-4,0.003917855129903671,-4.8824205731116667e-4,-3.693255654414291e-4,-0.001367956947635512,-0.0018296713798457345,0.005709635067183693,-8.054428262238271e-4,0.0016223262000583847,-0.003358260786718911,0.001794250376028929,-0.012639872020422051,-0.005080102775224093,-0.003035515805082256,-0.0012820154333117123,6.293975688512394e-4,0.0027345451449251224,-1.7027516581932513e-4,-5.370062427854249e-4,-6.073499203791107e-4,0.0011938979020319621,-5.147407012098757e-4,-5.465505276933157e-4,0.0015089217182525452,-0.0012259060930220136,-0.0012100224458815186,9.624420896618567e-4,-5.257565706629541e-4,-3.0222512597963226e-4,4.444723978914395e-5,-3.735446580417663e-4,-5.169439213674301e-5,3.6168360079479327e-4,0.0012673717839558638,0.008086293573204891,-0.0038190986128487513,6.340998518764683e-4,-3.6801935207201095e-4,0.0010085042972781879,0.0023900843838587592,0.001965821721585497,0.0011275762680146026,8.403546730868856e-4,1.3158460781390052e-5,-1.2446038352652693e-4,-2.825564108284682e-4,-2.2978345082295054e-4,-9.29183265568597e-5,6.674262484506743e-5,3.946368109149992e-6,1.615251906217357e-4,7.212026514174984e-6,3.387105016364265e-5,3.8929228627523386e-5,-5.746502325795307e-5,1.655493554326806e-5,-3.9868244815229766e-5,-1.5139752906677178e-4,-4.589131267486872e-5,1.3864813894262527e-5,-3.017365566102283e-5,5.857636468658933e-5,1.7289148073969844e-5,-8.539994002306003e-5,5.690219281346112e-5,-8.722485020081405e-6,1.4021258360177727e-4,-3.189638422057433e-6,1.0908774126782121e-5,5.139713940365948e-5,-2.392143660143146e-5,8.795800278458945e-6,1.4861709664697949e-4,-5.632876402103981e-6,1.4654052219627459e-5,1.0566732551745157e-5,4.6891940324731495e-6,-3.989999029229059e-5,4.28975787443814e-6,-6.277027646482812e-5,6.824818813645398e-6,3.5865540221599466e-5,4.792864270335383e-5,6.605497130279046e-5,-7.808053891213782e-7,1.4969205313968477e-5,-1.8353943415757863e-5,1.830877813714347e-5,1.7059691157296425e-5,3.727146021010212e-5,-5.456616492528304e-7,-5.973737939316039e-6,-3.471952175802526e-6,3.5546944149569906e-7,9.58563893945619e-7,-8.039856283883015e-6,-1.5077711029742806e-6
C15/C15cs-C15xu-C15cr-C15eb,0.008257749125470608,1.1379879678528068e-4,-0.007264304986100895,-0.01557684212163343,0.015882551640779764,0.020313506529221367,0.05159627622036902,0.045954988463453,0.020736478812842726,-0.007310245861777587,0.004968778226282199,-1.9429701161855417e-4,2.5071976701619486e-4,0.006587907071605004,-0.0022179455919858143,-0.0032399948427037804,0.003949155298272619,0.0013034046584269445,-1.1440920847622454e-6,4.779082302377487e-5,0.001856463937774575,9.468531647966572e-4,-3.1367803132483163e-4,-1.3931331063299422e-4,-5.120176944422393e-4,-2.858720950149761e-4,-4.227043625290162e-4,-1.1549508673785916e-4,-5.784875725527391e-4,6.879984110201511e-4,0.0021712320083266986,2.986759502332645e-4,-4.836361104673562e-4,3.1058734504256166e-4,-1.9196830670075511e-4,0.0015459221639295608,-8.939848608535603e-5,0.0012818357296965413,-6.188193088458466e-4,-1.4349550536176485e-4,-4.49748980498322e-5,0.001260711983060446,0.0010393834868297391,-0.004267078899488789,-6.033382893637384e-4,-1.786019493480144e-5,0.0012405084364432708,-6.0445286044593077e-5,-2.7797183774035567e-4,1.6808812908046658e-4,4.339643685844625e-4,0.00131276570145892,4.953670246198396e-4,-6.030040523749098e-4,0.002495859132813154,-0.00120697684437637,0.004504164374827562,0.0019854400691752595,1.3882531796041914e-4,5.801722141661821e-4,-3.170682317565493e-4,-3.656252882406283e-4,-2.0510822386418362e-5,-7.159233563146614e-4,-4.134032263518265e-5,2.0995504659817587e-4,-1.1473320359500503e-4,-3.693945032552297e-5,6.176439950378106e-5,-4.884168142023194e-4,-5.730482190972452e-4,4.8701213696728023e-4,-1.1288071106512105e-4,-1.129715620760434e-4,-3.417030663125739e-4,-4.219713678421907e-4,6.3936946230102355e-6,2.3514997748999485e-4,0.0011506733853618551,0.006905189499876069,-0.0033450127080419186,4.2772837666176883e-4,-2.880812598339516e-4,9.029878627277961e-4,0.002345136901198718,0.002113158981930183,0.0010761863920588702,7.185184169330143e-4,-4.945517817015159e-5,-1.7418650618399717e-4,-2.7144335223050893e-4,-1.2725685680386998e-4,-2.5759394705334777e-4,4.911836673058374e-5,-1.9647575389781977e-5,2.827408187096716e-4,-9.187218298798188e-5,-7.982068772158816e-5,-6.635992673091207e-5,2.6902433518654732e-5,-2.633008494049273e-4,4.0483272312173606e-6,-1.4935073627579936e-4,6.889851159719687e-5,2.7746540273572845e-6,1.2088957621599695e-5,6.651167966448378e-6,4.7847277082712424e-5,-1.6587415770082028e-4,-1.305187455723422e-4,-1.3763481964551658e-4,4.281313720394869e-4,3.5624766632076784e-4,-6.807764489119525e-6,-1.4834568115860375e-4,-2.708888881202523e-4,-1.0016481991325933e-4,0.003378122683422181,9.474508364222275e-5,1.0665577888860916e-6,-3.45122949681212e-4,-5.851311382379076e-4,0.0015164135509948863,0.0012058372863622314,0.0012107343896557202,-8.104869653345739e-5,-4.2633481801077874e-4,-2.705453961594508e-4,-3.7873031562404093e-4,3.5615066564386975e-5,6.58458890391761e-5,-1.342313749137299e-5,2.5351367489045442e-5,4.021856958967851e-5,1.1369221729424325e-4,-2.450713718486038e-5,-6.119636010383582e-5,-5.598026030658531e-5,2.323796077477133e-5,7.9869361294842e-6,-5.9434350665998545e-5,-2.993868108601569e-6
C15/C15cu-C15cv-C15cw-C15co,0.01793334496208441,-0.04804631125475954,0.05807655401995762,0.009561868552281041,-0.005811913485334934,-0.002685756245546818,-0.0014955029090120767,6.85961698709357e-4,0.0018113371319622837,-0.00121973536676352,0.00144471675895793,-5.918742341921316e-4,5.717688259850012e-4,7.798825475106277e-4,-0.0022334158234252137,-5.554090555028497e-4,-9.049638585193598e-4,-0.0011248361501179668,-0.0033710763565802577,0.003438688254275921,5.301052234610791e-4,0.001081209299582324,-0.0012159058214829502,1.6440977618953484e-4,-3.992246890252212e-4,-0.002084136709160331,-0.0011460852226121312,-7.828616391440957e-4,6.769036041965008e-4,0.0017926697031229418,7.454137053178726e-5,0.0011508309621563102,-4.247174276705758e-4,0.0022020554723517017,0.0010953330186341005,-1.414891305415212e-4,-0.001299833600564578,0.003614400185732435,-0.001039597867352457,4.6034856604929117e-4,-8.346328227206793e-4,-9.0493989877139e-4,5.802919942756435e-4,-6.92316773274752e-4,-3.409789181591305e-4,8.740436504273354e-4,-6.831034769051569e-4,8.497687205852695e-4,-6.776823484733857e-4,0.0015057563631977655,0.0022670035254793506,-1.8216751450587584e-4,5.927252743090215e-5,3.855617123409588e-4,0.0011999511085361756,0.0015541994485803626,0.0011159488434717682,0.0012932449258273348,0.0014281431697198458,-3.8010408771411844e-4,0.0036770320055256943,0.001534802482116858,9.444862222952029e-4,-0.0013453887423924876,-0.004384191813765875,0.002187740933809792,3.3593903468475956e-4,0.0016377352031080245,-0.0022441825746912537,-0.004460144915145936,0.0013118780087800366,0.0021825540315381017,0.007108502057681843,0.004624943936083275,-2.8244694381318017e-4,0.010311404757712205,-0.014650114706734446,-0.009804348579635415,0.001976813860277655,8.82802177566675e-5,-3.172183276817504e-4,0.0026769101401500975,0.0020684553065851994,-0.002043492890133969,0.0012567456565829031,-2.5026723330844405e-4,5.059393945057296e-4,-7.578572573376489e-5,-1.8335503063053132e-4,0.0010009924743245714,6.715559386784797e-4,-6.425943797328182e-4,7.092262246728429e-4,-4.395680109560944e-4,-5.265244457533732e-5,-2.3958503560241991e-4,3.8049788771707084e-4,3.4636929800340276e-5,5.87296286657176e-7,-2.2724706236508098e-4,1.5517530038488446e-4,-4.270941186610428e-5,2.3342114651562682e-4,7.097230008708976e-5,-1.796416868011639e-5,2.0388054191359145e-5,-1.0856935957911061e-4,-7.859672229580756e-5,8.038981168912539e-6,-5.3667758891816534e-5,6.144266549041033e-6,-2.5476976842937365e-5,2.1535297556251638e-5,-9.796880226753476e-6,2.894789037962467e-5,2.2133761026403893e-6,6.205875012327585e-5,2.701698681579121e-6,-9.072640826183326e-6,1.5712149253752144e-5,-1.1149290540956189e-5,-3.1776961497090616e-7,1.4393973593522842e-6,3.2029572263235125e-5,-2.7908194645699194e-5,2.8860174514541527e-6,-1.710747031706233e-5,2.0274513669779932e-5,4.070301191985053e-6,-9.446414032077717e-6,6.70655699880332e-6,-1.4062416676710225e-5,2.0766216700065715e-6,4.201032741049413e-6,-2.158604323587222e-6,1.6030830123201635e-5,3.408288318574248e-7,1.774743839403145e-7,-3.127082536011895e-6,9.303901116363703e-8,2.172292439575136e-6,-6.248839248792804e-7
C15/C15ed,7.462008561178471e-4,8.53367522227755e-4,0.00191770245808717,-0.0026535002069356054,8.291578085404625e-4,0.003784261848829025,-0.01004457094224532,0.00285106728883233,0.003002802138900386,4.561027370065257e-5,-3.2433499367855536e-4,-2.4368675630552297e-4,3.5998890968733604e-4,0.005352366815393064,-0.002093496816087625,4.427347770646545e-4,0.0015226868087019163,0.0026116962044656785,-0.001544904389182971,-4.146466529060597e-4,0.002290903091980371,6.674548158766036e-4,-3.574411969738065e-4,-3.1186143247649247e-4,-7.537329571214409e-4,0.001662940705848139,-4.875956375929337e-5,4.0409568420551905e-4,-3.586566239404246e-4,-4.774246611839561e-4,-0.0012513058857188668,-3.4238802558909123e-4,-0.0016194959889654283,-1.1154744647509773e-4,-1.4233375188166828e-4,0.0019734736910551904,-8.04456205537188e-4,1.4848836243740982e-4,-9.446071827538875e-4,8.830373238230821e-4,3.220984822156938e-4,7.805561820711212e-4,4.193360826099435e-4,1.897463456067441e-4,-1.7640558334566483e-4,-0.0010013968203979788,-2.6140940450410945e-4,-3.544584593001332e-4,0.0016950900367938575,0.001325755590474371,-3.4393657450754456e-5,-2.8384698188427466e-4,5.739780707287399e-4,-5.860192022581752e-4,9.852218759865595e-5,9.555107925224181e-5,1.0882266008934486e-4,-2.3955531616816595e-5,3.32543630809873e-4,-6.818977603426318e-4,3.2779608114790067e-4,7.656122861678645e-5,4.173720630824971e-6,-4.149468074942036e-4,-4.968753475267189e-4,-7.226892038941218e-4,-6.335509919118713e-4,6.791524684175193e-5,-1.9216123732655833e-4,1.1198131799944195e-4,1.2298858462162139e-4,8.796829605079268e-5,5.151893029208414e-4,-3.7744466923648264e-4,-3.75184980471034e-4,-8.993797474536956e-4,4.0031637120390334e-4,-0.0013075172383051233,-8.150547024112944e-5,1.5489015473042452e-4,1.8912028969825758e-4,6.389704884802983e-5,2.0539841155463648e-4,3.1170075741036884e-4,-7.873305490605538e-4,7.557667453171418e-4,-0.0012658862609136855,0.0013922052582584538,1.1672249342233207e-4,3.6732695910771226e-4,-3.0597882545488445e-4,-1.224646706972883e-4,-1.621857032122842e-4,2.3950068698237075e-4,0.0012812753924495394,-2.582146605853374e-4,-8.738015005410348e-4,-0.0019497503783887408,0.0010692835889205682,2.8428965880177167e-4,2.7366975670524822e-5,-4.176176478400715e-4,-4.422535334309255e-4,-0.0012413295593349412,-4.765174533629245e-4,4.923764378164609e-4,-1.412660100881234e-4,-0.0022469983256916144,4.088916108626566e-4,-1.3913149252781058e-4,1.4118949797765903e-4,-1.0469633723358804e-5,6.395473359702247e-4,8.2815058621035e-4,5.081565908998639e-4,1.125538294895559e-5,-4.246532888628269e-6,-6.491064013690916e-6,2.463716349155907e-4,8.759881766207829e-5,1.6954658503375215e-4,-1.1950864997740506e-4,-7.059296161938386e-5,-6.185317058037602e-5,-1.3311875271349485e-4,-1.7724274229499281e-4,-0.0010577617185542584,-5.880549422405346e-4,8.043617734987332e-4,-1.1369251592503769e-4,4.38417131414785e-4,-3.73802905558325e-5,5.7433645330293045e-5,-1.0144406531998514e-4,-8.308362533849938e-6,3.6271737580411784e-4,-3.8288304357633e-5,1.7496199087259495e-4,-1.9969665576420063e-5,-3.8558754778820545e-5,1.0187140958176095e-4,8.428079305435392e-5
C15/C15ei-C116w-C15fo-C15dy-C15fn,0.03451858750453528,-0.0028397178152652003,-0.06936986502879741,0.13507517482798584,-0.030695289223055762,-0.01265727427225744,-0.0027820410950506916,0.007077136233506229,0.02009569674359167,0.005850136682394733,0.0013748356952655182,-1.617633901449076e-4,1.1264611556992114e-4,0.006386276330078665,-0.0033529725123659887,0.028641607731317176,0.012739352420533579,-0.00778808947621895,0.045793751454790844,-0.018701781164235494,-0.007206267954758401,0.0022842945087168543,-0.010373919230477,-1.6524279586236314e-4,0.0016519789110773005,-7.267599415569591e-4,-0.0035255732668347806,9.294988297758814e-4,0.0011671255717438205,0.014116898919338481,-0.0071232478535424165,-0.015615372342541107,-0.008815542734261312,9.750048999291486e-4,0.018048289282608168,0.010587404064176993,0.03237812367298451,0.0046454068920050344,-0.01428097397214563,-0.0027686450433361868,-0.005569426072683591,0.002935384071410491,6.451962510779988e-5,0.0029748765330746916,-0.012153275890715503,-0.0012387682851098573,0.002404769157521706,0.003036488336057936,6.801685584680801e-4,0.0022032668145341764,0.0014120160956992713,-7.279774690515035e-4,0.011362413939177652,0.010382729212173586,-0.003091758958701833,8.111855596520114e-4,0.004134436652572226,-0.0065609476707085175,-0.0024650267800134388,0.0038695073182470987,-5.077245524193803e-4,7.581285722125833e-4,4.398492968440405e-4,4.604721234523861e-4,6.564957171308351e-5,-5.418820964442449e-4,1.6652081346644424e-4,2.7894911818906033e-4,-3.7459586074544354e-4,5.689614243286315e-4,-2.3146771616971493e-4,4.848910692028571e-4,7.764266295247915e-4,0.0016744315158241949,0.003028645417199356,-1.987815303463705e-4,-6.979806540506813e-4,5.887024454749975e-4,0.0012393532034728793,-5.349965277087343e-4,-0.001936527607070394,-0.0010037888789020022,7.47660448890759e-4,8.119992687413126e-4,-0.0013726374822876138,1.672605037805142e-5,0.00033558597834685596,-9.500731107078504e-5,-3.0242526872954285e-5,-4.316652671797787e-5,-4.576065974217173e-4,1.2496197371136125e-4,1.8926028541950085e-4,0.0020916149190482168,-0.00221103249215054,5.405419805732094e-4,-0.0017844581270591113,-4.9598446748472e-4,6.168647945913994e-4,-4.3398858935297523e-4,-2.0915829096350818e-4,-1.7686139513459675e-4,-5.414776652224244e-4,-2.222280366878779e-4,9.358004580916551e-4,-1.144876278355473e-4,1.9815352544340857e-5,1.497572902000458e-4,3.615928324480629e-5,-1.55318753936671e-4,1.0280050548303985e-5,6.408026569368043e-5,2.2265456362677473e-4,8.140908534883702e-6,-6.459545734086697e-5,-5.6251785071195655e-5,-8.721244487509383e-6,1.6115283369058615e-4,5.401612203960101e-5,8.183307903429702e-5,5.358900443901092e-5,4.9042411300575984e-5,-1.82793758499012e-4,-1.263117872167803e-4,-4.086678170399976e-5,-1.3729760918331763e-5,2.3059522316082193e-4,-3.2275077142784897e-4,2.772409572991655e-5,-4.517039807739824e-6,2.0439223159069e-6,-2.6826260871157325e-5,4.98483325428513e-5,-1.6167747596550925e-5,-1.0713941041169861e-4,2.751749975906128e-5,5.4202660409015784e-5,2.7137270754562608e-5,-2.9003950479506505e-5,-3.4044813738281266e-6,1.8003507379175915e-5,-6.511929339324936e-6
C15/C15ej-C15cq,0.0014099825592211127,6.505337936133832e-4,0.0011067670193333446,-0.002736403839007366,0.0011640184094045066,-0.0031311452180468307,-0.0017038492689463965,-4.41227653095585e-4,2.114392216981439e-6,0.0010679241620620953,-0.00101011200478229,-1.437271340085666e-4,2.8651572228239887e-4,0.002238336505858787,-0.0014542565905577907,5.786681279044645e-4,0.0010356887810860965,-4.504047587447057e-4,-5.002314178976516e-4,0.0016460356466949744,0.004068130420119333,0.0015345229687193087,-0.0014180906864176537,-4.932560992714142e-4,-0.0011564135704656528,-0.0012221359927434602,-0.001103880138036894,-0.003075087283510584,-0.006899922245831156,0.0043754556368562425,0.01489650940138046,0.001067306604867674,-0.00873574987323375,-0.002101970061729291,6.946175895068002e-4,-0.013796935382632814,0.0032515051324807955,-0.004370800297804289,-1.8141825774449058e-4,0.005670275074009772,-7.433348104580248e-4,0.003911943014785209,0.005029790723868272,0.00485244454942789,-3.792473627154216e-4,5.44304344867962e-4,-9.843671752109253e-4,2.7497507701249507e-4,-2.493476117990317e-4,8.488578058571712e-4,-7.673216373681504e-5,-8.035365857729097e-4,5.907556851240877e-4,4.1984386418275534e-4,-6.089498029477937e-4,-8.286264030615523e-4,0.0013583413041643876,-0.0023384800393633086,-2.0967056702943335e-4,-0.0040977307731393416,0.0011612720545329475,-0.003915671821903717,4.316211641941322e-4,-1.7196771569500684e-4,7.003367254945812e-4,-1.1778271770347355e-4,-3.13979123854457e-4,9.93021534943991e-4,-1.6627543151649836e-4,-0.0010840190342791191,-7.553840470189744e-4,-1.5254330883621807e-4,-4.019842939714208e-4,-2.4438380028775683e-4,-0.002370464460221247,-2.661433390714678e-4,-0.001286237266296789,6.149125947194725e-4,5.299178258065054e-4,-8.007722327223166e-4,4.7262627955895354e-4,0.003425201177150821,-9.139077420884783e-4,0.00296973943430416,-0.0020274473967665557,0.00140953732291415,0.0013256551891177109,-0.0011720385734628645,-6.526979353772248e-4,-5.463478442889913e-4,-6.684940249066745e-4,0.0010030074635706055,1.99824421748324e-4,6.250699521278318e-5,-5.068979500779363e-4,-7.80740435854773e-5,-3.5931033777609084e-4,4.715748838128509e-4,3.683868169612509e-4,2.8680164720412736e-4,-4.981681699349339e-4,3.4135578933524577e-4,-6.770784367371911e-5,1.030063703621095e-4,6.630333842392502e-5,-1.2374622616094675e-5,5.03166426829426e-4,1.5251138711330257e-4,-0.002472384374324203,5.24786390964241e-4,-0.0064944552692899745,-0.003134298944557534,0.0013828734395321118,9.533834216415477e-4,6.095095577540961e-4,-2.8101195253318157e-4,-1.27635749199899e-4,-6.109444388416671e-4,0.0013556755339245807,-8.638761056887765e-4,2.5907652385943127e-4,-1.0424275866625593e-5,0.0010097152368819032,-2.955842506619384e-4,2.4428200902307717e-4,4.3457830284498836e-5,4.7364594920960206e-4,-1.6008893959673862e-4,1.192523590914489e-4,-7.275845307979516e-5,-3.48870704596627e-5,1.5944277864729427e-4,-5.303059431175848e-4,2.442383940390615e-4,2.9101976331636986e-4,-1.2572912860239096e-4,-2.324713118715948e-4,9.364902568350386e-5,-2.7127732985505164e-5,2.807661719068463e-6,-1.1494652690351788e-5,-1.9463724526137375e-5
C15/C15eo-C15ep-C15eq-C15.5,0.005330063271012615,9.154263047895703e-5,-0.004020727162336252,-0.005673346587227159,0.00559988338973318,0.0053488399532240095,0.0020910709312882193,-0.006378757000496451,-0.0328219816898094,-0.027569708052917696,0.005907461836082808,-0.0010469869648019122,4.6414181186559884e-4,0.00857016992809139,-0.0034588620708365936,0.011647536207212214,0.004228256757075597,-0.0021629312191442673,-0.0027049374131791863,0.005639897090969818,0.001221871407121568,0.0013771112392055797,-0.0019630399488400002,6.094684104843733e-4,-0.0011298472123128069,-0.0203950137258949,-0.026123824942756127,0.009355358900314019,-0.002244008631276091,-0.004384554902510208,-0.004254381100502285,-0.001369907009481437,-0.002948979726495559,-0.0013307945052882428,0.002154539267000654,0.004174258197014831,-6.776852279923207e-4,-0.00599764196460392,0.0015920289962417483,-0.0011735760407190967,-0.0055114369276447845,0.0060955021874604135,8.610110018329473e-4,0.002787790613658042,0.008208449515373499,-0.008053299663131633,-0.0012983961512124224,-0.003114808530052049,0.0031860669081385253,-0.01232330076239025,-0.006922703460418751,2.499374547690357e-4,0.003036441289884781,0.0015016525171295573,9.043785026911688e-5,-0.005378511992322191,-0.0013155376993595636,0.0016889313250842614,6.462747132650801e-4,6.181150801212891e-4,0.0017508463418274744,-3.456864619675306e-4,3.131169942702999e-4,-6.43978995266856e-4,0.0013366035488913749,-2.2136351883010136e-4,-1.7331638499355612e-4,5.919422115501301e-4,-6.953104773560436e-4,0.00458325804316917,-0.007423423116518326,0.004888650047188765,0.0013114671036790974,0.00927821383000753,0.002917207653120875,0.0015953681169217715,-0.0011179498383775462,0.004369058188513284,-0.005852747707320447,0.0017262327436127236,0.0011804901004876058,0.002761969042430968,0.0011323076119105987,-0.002139655378602393,5.663273740157618e-4,-0.0013651419766884357,-0.0019535569342086973,0.0021588129535075394,8.513645256886833e-6,-0.0011867261539650687,-0.002024359899718371,0.0014176328550356357,-0.0017568845516342572,-0.0014472393411992083,-6.44000802658523e-4,-4.278331445722804e-4,2.2097487280582184e-4,1.5101068742467781e-5,2.773425277533788e-4,-5.86548728725342e-5,-5.870420754710143e-5,9.49184354284518e-4,-1.411498304629568e-4,1.0916187715524455e-4,-2.617347202465694e-4,7.885057861372293e-5,9.364504885341041e-4,1.748017666562843e-5,1.4712643557062322e-4,2.7425530204032797e-4,3.3392929458854784e-4,-9.868769888017301e-5,-2.9358269809373085e-4,-1.749364691495345e-5,2.6056645220830655e-4,1.5492843505454998e-4,-1.0446403182209923e-4,2.0964207905971348e-4,4.876847135871663e-4,-9.37784882803595e-5,6.017905349832374e-4,0.0029331076689632645,0.001193847513186243,-4.964035268271928e-4,1.5081000366757566e-4,2.392410958230692e-4,-3.599039655308846e-4,5.179442689030022e-4,6.701584169562574e-5,1.755537283921555e-5,4.087899789634121e-5,-1.620920573192902e-5,-1.6513703336760885e-5,1.752103505227873e-5,-3.921557333635751e-5,-7.565059243948391e-6,3.450755809234191e-5,-1.103029526666138e-5,-1.8889013218484988e-6,9.255275127867929e-6,5.142234462347263e-6,-7.373440855441019e-6
C15/C15eo-C15ep-C15gh-C15gi-C15ed,0.009525417250106112,-0.002221851131618873,-0.009910248841094834,-0.009969279163503313,0.01001408538174286,0.008409889195173168,0.003750783369585223,-0.007523826111336543,-0.034257588530002006,-0.025356137192397096,0.0070053349743587085,-0.0011070620451827074,4.961458694831438e-4,-0.005232319692164835,-0.0024201209142076254,0.013553260851699335,2.2145746334478153e-4,-0.016763365495303828,0.002058905669121533,0.016858036792361038,-0.0019352545851932213,0.0028272095597393085,-0.0028926586288807654,0.002091584973244744,-0.0012534763807456328,-0.060209152640451936,-0.07153846562013971,0.024960370584495344,-0.003330482888879447,-0.014482935158059087,-0.006148415137607014,0.005889192434345709,6.843988420735065e-4,-0.0030830955889539864,-0.008568999572784864,-0.001964602366535794,0.0027070426732122878,-0.0027966041500519113,-0.004958431571548194,0.0014513023286246087,0.008727616182723073,-0.006088229017717012,-0.0015564036006116978,-0.0023956131216402114,-0.008043939821279673,0.003859761400854398,0.0024001106173599626,0.0029893240350531126,-0.003076173139856707,0.010516697515825884,0.005150527225630486,-1.1544282442551124e-4,-0.0030224131817556594,-0.0017325389123199891,-1.5612439153070214e-4,0.004655238554264952,7.759944131317386e-4,-0.0017852267854321538,-7.844346888006934e-4,-5.244675470191235e-4,-0.0022078488520598585,1.768860892898121e-4,-5.906638706154978e-4,7.854223497764409e-4,2.7848626967692334e-5,-3.5176534123182804e-4,2.0237059730106432e-4,-7.505863068805813e-4,8.301707743866397e-4,-0.0016181935734451897,0.003389093364298179,-0.002349559655465895,-8.953886652875278e-4,-0.004432010264059671,-9.09051571996697e-4,-8.291431511638961e-4,7.525979931386803e-4,-0.0021836918519503134,0.0027578712086475375,-6.816673057413058e-4,-5.292971569271861e-4,-0.0012135965329407217,-3.595660864770728e-4,5.346893612389919e-4,-2.2359538308298026e-5,3.272018624340688e-4,7.77477722133282e-4,-7.330236674434936e-4,3.701882566816458e-5,5.199811718060851e-4,8.245054724370772e-4,-6.611049109172772e-4,7.671888273991246e-4,4.850794497915235e-4,3.4746937894373874e-4,1.0727885111601359e-4,4.8263035023027096e-5,4.99475748691399e-5,-1.2612829378077026e-4,-7.53506390482198e-5,1.5526202743090255e-4,-2.598242557901504e-4,1.312218874867149e-4,-2.7046995803131667e-5,-1.2210797520674995e-4,1.3807483054849791e-5,-1.9857620537846283e-4,-9.520762679643542e-5,-1.0244719684819838e-4,4.9399505667153216e-5,-3.172045760507235e-4,-3.114851111974183e-4,-1.5290625436740026e-4,1.804360207942103e-5,7.811237491246158e-6,6.405187811177817e-6,4.5038970110341384e-6,3.7133390763460637e-5,-2.062876402559746e-5,3.8144224502096796e-5,2.5258393684555686e-5,5.956307706822719e-5,1.4225818063944404e-5,1.8808704309133333e-5,-7.54201796969141e-6,3.859559856879963e-6,-3.595571190766465e-5,4.119140894687393e-5,-2.1404566166361373e-7,4.2485690771541564e-06,7.303925269588678e-6,-5.031850744655563e-6,3.3291589746499164e-6,-4.0737601915053254e-6,-4.228651641939135e-6,-3.554630413007865e-7,5.236198170311226e-6,-8.635854124222319e-6,7.931932217374196e-6,-4.732167409935541e-7,-4.44476540872544e-7,1.4978474764549454e-6
C15/C15ev,4.557009457844602e-5,8.998118286913156e-4,0.0028813938245625314,-0.0012550738171248146,-0.0012468231630773242,-0.0010159595912913322,-0.00154374190285134,-3.6386901661950195e-4,4.475828594950462e-4,0.0010943244826962203,-0.0011801681925403295,-1.271485903285313e-4,2.992101416100339e-4,0.004194696986330402,-0.0017846958360806014,0.001166720142644953,0.0010077503646773538,0.0018421599972444876,-0.0014801885249499124,1.6935843171888567e-4,0.0027465934378315938,7.143625624345412e-4,-3.9745327133130094e-4,-3.742700332296183e-4,-0.00112229850022146,0.0012194654050262496,-1.9360275575107754e-4,-4.6841233656723147e-4,-0.001201776025523148,7.947339860534087e-4,3.038311905446736e-4,3.170742153584779e-4,-3.985344866205532e-4,-3.361196856618477e-4,0.001030939712449999,6.761132957967672e-4,-0.0013382114771622335,1.0246092959939104e-4,-0.0020772057429261316,-0.007390201691681631,0.0015166038559505386,-0.0011521990350695462,-0.0014225811491492817,9.109031385066218e-4,1.9876518246501117e-4,-0.0012526090275531785,-4.0438274683845935e-4,-4.7162765693472587e-4,0.0019561532786891425,8.814575501507852e-4,-2.0024075598340055e-4,3.532960738533995e-5,3.3676375414706664e-4,-4.120045487044189e-4,4.812121483777063e-5,1.1869231131791831e-4,-1.3680707227694443e-4,1.5227270487921655e-4,1.6150392842703974e-4,-1.2672880126056029e-4,2.196008637917114e-4,-1.110926929005626e-4,5.32071980930988e-4,1.622681858928072e-4,7.048015820450899e-4,1.4679370131378912e-4,1.4662343525653732e-4,3.4449709740026074e-4,-6.71552730134343e-4,5.259223460200575e-4,-4.200279669817981e-4,-1.6742304464691132e-4,4.0881325723154987e-4,-0.0011820091210592246,-2.888130926697555e-4,9.880031698162625e-4,7.809793562213952e-4,2.916702029481618e-4,6.678515947051938e-4,2.0439275515083e-5,-6.103684248046887e-5,-1.940916803265404e-4,0.0010283980289367443,-6.621602142559529e-4,-3.884047319638323e-4,-1.1267305350532202e-4,0.001098656067348433,3.090332473923899e-4,-5.536449484328434e-4,3.22535675933785e-4,-0.00114479320409747,-3.374103999196623e-4,9.656497440523002e-4,-3.791445323972333e-4,-5.84367051942905e-4,-6.995992853946496e-4,7.976156327556275e-5,9.12406930887514e-4,4.156250854918742e-4,8.026844526356441e-4,1.7171225452330624e-4,-3.3401770646138634e-5,1.3808661405349828e-4,-2.2400094906214972e-4,-1.6612776435991468e-4,-1.9315905916015522e-4,1.4687423116426382e-5,-1.1324341136649404e-4,5.962525035962868e-4,6.489111226109217e-4,-1.1593527384093636e-4,2.6177703225212234e-4,3.6499439797859186e-5,0.0021528246472931408,-0.0016696380926077153,-0.002250527824123205,-1.1573405805190455e-4,-1.779882707241841e-4,-6.720265649853179e-5,-3.165932544123754e-4,7.458285515851462e-5,1.5758762856881618e-5,4.731386615829392e-4,2.3927754317442014e-4,-8.728786678239809e-4,-3.857932072096192e-5,-8.968667933607182e-5,-9.541019527921548e-5,-1.1815955350871357e-4,-8.34180459879684e-5,-3.0456785537345924e-4,-7.435785966525583e-5,4.4393532682126256e-4,0.0010618089220769229,-3.9588882850478583e-4,-1.0250650785660543e-4,-5.3419509445339305e-5,-8.42212333130967e-5,6.5145888216555e-5,-4.706926803016749e-6,1.388956353354182e-4,4.051474591025338e-6
C15/C15ev-C15bt-C116,0.0032548640290429058,3.0649112891736934e-4,-9.55764233987389e-4,-0.004694510010925166,0.0024584164347234033,0.001302188796189423,5.250233392531957e-5,-0.0014814747268131186,-0.002846101198545351,0.002478882301373485,-0.002138175653403539,1.2185932757718367e-4,6.301994124008071e-5,-0.009307859597344228,0.0025145302156594305,0.013415289076765716,-0.02194666015056525,0.00993622362720977,0.0016114672749637773,3.843589691279759e-4,0.010023941601111478,0.004030589939408037,-0.001060668282226091,-0.005745323874644151,-0.00592369516341776,-0.0026464633569027347,-0.001498897998916832,-0.00471252526637916,-0.009443784582592917,0.0048227745872630534,0.009803558441505794,0.002596375733104407,0.0019436677302876707,4.596709300303527e-5,0.003701292579384951,-0.001594414003523686,-0.003163195727216659,0.002764438442339353,-0.00631258134012813,-0.03704129656041508,0.0052440794912996126,-0.006810233231084317,-0.006318180462316367,-0.0038903916800732616,8.86553701275172e-4,-0.0010281524319511756,0.0017368896745429863,-9.758422673889829e-4,5.301600112103057e-4,-0.0016957100836679892,-4.191086682979493e-4,0.0018242654118863658,-4.235025472724492e-4,-6.995707923224654e-4,1.1272221732142371e-4,-4.8520044602825283e-4,5.008540792931144e-4,-0.0012974699633418458,-5.351314143364748e-4,4.075174927175376e-4,-8.918966399553417e-4,5.661946764635973e-4,-0.004270919911931116,-9.399305459477883e-4,-0.0017563773691502019,0.0014985288290093426,-8.841508679531563e-4,-0.0013946660543433201,1.4723399880697764e-4,2.3758150476449008e-4,7.04269965908392e-5,8.789670129607109e-4,-0.002172814304520074,0.0040717183834303615,-0.003415310175668605,-0.010408964022918488,-0.00566248638441835,-0.002284254488866429,-7.997042360088196e-4,-4.649185784986614e-4,0.00021405835857540991,-5.75437634205001e-4,-2.7415464516686967e-4,-8.201436250567656e-5,-2.221249626613126e-4,-4.30525454361567e-4,7.388603423990882e-4,-6.444152809518021e-4,2.5587678170713147e-5,3.5636004774846356e-4,-6.34177435967422e-4,-2.6358047962609017e-5,-1.331334272191173e-4,3.540873472717743e-5,2.5702934309357236e-4,2.9862004536401995e-5,9.75778495082928e-5,-1.1824232064883446e-5,3.0903196204392556e-4,2.118951826881918e-4,1.703711901939025e-4,2.0127555545706452e-5,-3.007742671646529e-5,1.1802885166988085e-4,6.496293746583951e-5,-1.6999589385821504e-5,-2.5559672106457024e-5,2.0347444143025434e-4,1.0086181913371803e-4,4.643654013922239e-6,8.939007083715322e-5,-9.875034816924654e-5,6.75744274911657e-5,2.9787468084190206e-4,-2.4077097356655047e-4,2.4391713802221563e-4,-9.18140490272945e-6,5.029006969501813e-5,6.832950617675686e-6,-6.694569088367429e-5,1.2381522584636797e-5,-4.519450295372256e-5,7.435119417729465e-5,-1.1427823047742869e-4,2.7381107945559813e-5,3.392627458876041e-5,1.4910213354018664e-5,-3.313757884725964e-6,1.4797870127872887e-5,-5.601612785272269e-6,-5.718411313377117e-6,5.021915770204891e-6,-1.468397237644941e-5,3.1213197317300785e-5,-5.9829318965793735e-6,-4.109878837657887e-6,-2.4982593719763168e-5,-4.840755959887835e-6,4.236960692913245e-6,2.598813209470341e-7,-8.242751643234694e-8,-2.2787334327219376e-6
C15/C15ew,-5.430645730897589e-4,0.0010366328215242707,0.0035883171726594806,-6.63297444754594e-4,-0.0018731877109822823,-0.0014579876529630135,-0.0017873316004839864,-1.4912746559940846e-4,0.0010062771918949555,9.231934788689277e-4,-0.0010961685897263635,-1.7441339337537172e-4,3.4260693055049643e-4,0.005589190992131357,-0.0020437590072732623,7.017512573649414e-4,0.0016210828836652374,0.0029438032651638428,-0.0018233162691409313,-5.706234143790317e-4,0.0025610723836629874,6.837599939654899e-4,-3.3480353309072255e-4,-3.370088184102928e-4,-8.983528050206996e-4,0.00212691682119572,1.2820608179202708e-4,4.6334813374501385e-4,-4.6225615512986926e-4,-6.219751914909111e-4,-0.0015569557244589907,-3.633009463583919e-4,-0.0018705275816103069,-3.219632370595959e-4,-1.7484170984432868e-4,0.0022715226268423994,-8.959756573568442e-4,-2.9418241519373506e-4,-0.001053454867118526,9.356196458286264e-4,3.719281697832912e-4,9.908302109041776e-4,4.178176870384092e-4,2.973408675214474e-4,-1.3579855146456863e-4,-0.0012351013458128325,-2.767553721698937e-4,-4.866138829195098e-4,0.001988524219123198,0.0011786269801142618,-3.0013079908216287e-4,-2.706508563601133e-4,5.732747666361775e-4,-6.291101520440091e-4,1.8903012027645026e-4,6.638187679312187e-5,-5.988890755390043e-5,-5.768799766426216e-5,8.369498893210868e-5,-3.986456170500771e-4,1.454052716984759e-6,-1.8275938062341135e-4,-2.3398017771071868e-4,-1.0392942934154908e-4,7.788975326142492e-4,2.1050754533783738e-4,1.2747453078167724e-4,4.2432238248899754e-4,-3.883488280800363e-4,5.519642067778629e-4,-1.7935420453628546e-4,-1.0066846786465291e-4,2.7424015830300246e-4,-7.427906161144845e-4,-4.859865684819588e-4,-6.833750400513562e-4,-3.22022475734191e-4,-1.4070343013146227e-4,3.5926805818566634e-4,2.6111222872467614e-5,2.7102323202769064e-4,-2.69475881555553e-4,3.4358993862807256e-4,-2.622606928105992e-4,-4.5727708325364316e-5,2.1460954986189345e-4,3.286041806969694e-4,-2.4142224358691594e-4,-1.5820190786247302e-5,2.435445144673437e-4,8.13601294362289e-4,-1.6990991640840485e-4,-4.2046846650159843e-4,-2.3139405394002313e-4,-1.5304704602769144e-4,1.8344933556639607e-4,-2.6273015961158846e-4,-5.580405921846724e-4,-3.010367619426677e-4,1.6847507608448706e-4,5.270277712198687e-4,2.2335090561581982e-5,-1.1517210432743321e-4,4.597682042858933e-4,2.5685573888581363e-5,-9.765156504256821e-5,-6.452520819785324e-4,5.0050713799222925e-5,1.9298932867912365e-4,-2.0501888354283707e-4,-1.82253020914251e-4,2.800714917448364e-4,-1.8389099279145942e-4,2.3362203100024505e-4,2.718400024235594e-4,-1.8947459962314548e-4,1.7448623706931117e-5,-1.0372304797974143e-4,8.731485470942118e-5,9.157188922587979e-5,-1.1338048500736321e-4,1.8029739963516533e-5,-2.8873433232057263e-5,1.9287727524003618e-4,1.7962320751233125e-5,-3.340222473955927e-4,2.0969440108220266e-5,7.981468060104589e-5,-7.644000973470734e-5,1.8175139706432195e-6,-5.4483193625932175e-5,1.5991128399176188e-4,6.86288459948025e-5,-1.7305510201289658e-5,-1.7950525235863933e-5,1.9834027594773502e-5,-4.432134453464602e-5,5.075688867538656e-5,-2.247088321027895e-5,-6.710772782628226e-6,2.2332070915920992e-5,6.210620890386654e-5
C15/C15ew-C15ft-C15fq-C15fs-C15fr,0.009858098902495229,8.338431238169136e-5,-0.008453755880501549,-0.014182634986843095,0.014054431101738114,0.012686596348084611,0.006372612982405741,-0.012045063605781907,-0.04398897291818074,0.08875326281224637,0.07032365323445845,-0.007759416733118686,0.004554808492398007,0.016685002057389077,-0.004597630155487622,-0.004632182449604589,0.003141897039431326,0.004634054923481246,-4.592388702707456e-4,-0.0011617991595217927,2.706012397528941e-4,9.734234274644627e-4,-2.7105064789887144e-4,-3.1152234855261337e-4,3.257528683934812e-5,-2.2282727740850314e-4,-6.672870961040132e-4,4.973181787298756e-4,6.369848886494663e-4,-6.968602379046077e-4,7.863446465919125e-4,-5.94290024390749e-4,8.659149870769556e-4,0.0018905618149330668,6.245268443321593e-4,-0.00184522327420074,-6.007380866191638e-4,0.00537598354659985,-0.001674233046905175,5.292353215086723e-4,-0.01064898869267168,-0.016863790234428896,0.014478957918175012,-0.0026209593995874967,-0.0016314934836656558,-0.0024634815910273724,0.0057466078969384115,-0.0013575546468217272,0.004752672551134124,-0.001879827076792971,-0.001865464835942444,-0.002146952573612635,-0.004881431523690645,0.002315931336529528,-0.003327381747698701,5.708633031327432e-4,0.0010840002712796024,0.0018815254219603963,8.249672938824325e-4,-8.050398499345333e-4,1.5766878063811353e-4,6.947956407054801e-4,3.251291540110173e-4,-3.5295654765911066e-5,-0.0033267703107462874,-0.0027248319132505863,0.002395828202114756,-0.0011272390997081046,-0.009932182075242033,-9.462828828105703e-4,-0.007482272170259608,-0.0033105163015568475,2.4109017707681034e-4,-0.0057509545573809365,0.009004599400129916,-0.0028127019434017724,-0.003574818268514193,-3.9859646579249185e-4,0.0010185736777695012,0.0030156698135098067,0.006816839222850429,-3.861341451341166e-4,-0.004385628183978696,0.001826848162300928,-8.945616484091726e-4,-1.0823539475945522e-4,4.702160574101851e-4,-1.5238665229159662e-4,1.6416712817179807e-4,5.6795985576158e-4,2.3142897267258238e-5,-1.247340406143898e-4,-1.794748473065116e-4,-5.090744138009822e-4,7.142506095878138e-4,4.265602711783454e-4,-1.9156810807276006e-4,0.0011469385515612115,9.495558593788231e-4,1.8545115136436226e-4,4.3669933206515665e-4,-2.3306421584491848e-5,-4.0393117362919436e-5,1.7119825056121662e-5,1.2558030339943874e-4,-9.174994365987119e-6,2.9228961304183078e-5,6.801827441479843e-5,-1.858520685707986e-4,-2.4526116203604345e-5,-6.0375259577318486e-5,2.0778602396395504e-4,1.633221717576379e-5,6.389048087929443e-5,-3.623421333141932e-5,-3.910661747340191e-5,-1.0464440984219601e-5,5.459174888297942e-5,9.655438227661905e-5,6.61694993741891e-5,4.22200342194657e-5,3.478871619694374e-5,-7.555036589050975e-5,5.824260732949562e-5,-3.385537537763106e-5,2.0998026623745113e-6,1.0839344053049236e-5,1.1216876128079144e-5,-5.974585622354401e-6,8.414583602360168e-6,1.8580248862309278e-5,-5.002948240331967e-6,-1.7718133057882379e-6,3.1252443830737663e-6,-1.1665971492382689e-5,-3.989670264972428e-6,2.220903775038124e-5,1.7548646108778854e-5,-9.52107024908803e-6,7.986250128262411e-7,-1.679921792246042e-6,1.9793309641080373e-6
C15/C15ew-C15ft-C15gj-C15fr,0.007043419114048869,6.673912243574057e-5,-0.005324824097177703,-0.010196438723602878,0.009252139346384374,0.008243770174484173,0.003771616205956542,-0.008087181354716826,-0.028516692607204512,0.05700855788425849,0.04449663802514052,-0.004970169280285595,0.003035587422433321,0.010235703931576825,-0.0033513463215330873,-0.002183366499950403,0.0020317624259159808,0.002074836604147947,-5.584988201295539e-4,2.752924907035891e-4,3.596130618266413e-4,7.883599308815391e-4,-7.012800972294328e-4,-3.261749794041158e-5,-1.45078455984933e-4,-7.881719497014481e-4,-9.418895969363112e-4,-9.587743821758135e-5,6.696828768380175e-4,-3.3394653087749605e-4,5.956018009414348e-4,-8.182229321743777e-4,0.0013171353964185003,0.002461552818319466,2.468389900918304e-4,-0.002574290117199239,-0.0013845819423217432,0.008015597176721297,-0.0025178833877271337,8.594833003933251e-4,-0.017228801868353037,-0.02680237205882686,0.023325000695275183,-0.0036211087047384734,-0.001994609719825339,-0.004220304709239509,0.009148317177145192,-0.002348201013505553,0.008441283266431702,-0.0025361634391714927,-0.003633700949780544,-0.004014438990657187,-0.00780703439646007,0.0032287033583535667,-0.0071470636986310475,0.0015527858871617302,0.0021239343805863915,0.002590425256940483,-5.999008568493049e-4,0.0014783785351019977,-2.556828057753055e-4,-8.776952722882041e-4,2.8438335759210483e-4,8.755723343755562e-5,0.0022569769228566595,0.0023399206343924037,-0.0017021889441246874,-2.461990573665853e-4,0.006399624809453865,3.2038275061561965e-4,0.0025659101370244654,5.631153331401206e-4,-8.803229820618797e-4,0.0014279145240809461,-0.0039492881082331946,0.0013409238428371821,0.0012372940096309322,3.1715419108511284e-4,-0.0012305808212478902,-0.0011182456400167888,-0.004031594278678276,9.842894686522999e-4,0.002659773314206237,-6.169997193120125e-4,-9.48701630757584e-4,-7.27669031644531e-4,-1.5361133580341863e-4,7.355584642403935e-5,-1.231565917879862e-4,-3.333399837530219e-4,4.6370135527381376e-5,2.5110381123772226e-4,2.1717627207618287e-4,3.105319867512058e-4,-5.418586026745297e-4,-4.2793154301342057e-4,1.1045716003618861e-4,-7.53243383715939e-4,-5.869712467370512e-4,-2.0046093136390778e-4,1.1844948841760104e-4,-5.1796293231754847e-5,-2.515682804874851e-4,-6.320846667757305e-5,-1.6518731807657014e-4,-1.4081584997202789e-5,-3.7970477145488e-5,1.498345387939934e-5,7.45991703376654e-5,-1.598841917622852e-5,-1.9580585712958746e-6,-8.283562800354106e-5,-4.750334112038102e-5,-4.888264577679159e-5,-2.7336615744948922e-5,4.143516258232836e-5,-4.6602984304804854e-7,1.0279624776015233e-5,2.271784606161868e-5,2.0436543582838286e-5,1.2438351957713662e-5,-1.2490830965738124e-5,-1.309207091262771e-5,-1.7086666596164354e-5,1.9066765777376694e-5,-8.739911268722169e-6,-5.794774035164746e-7,-1.4951421043716009e-5,4.505832390198598e-6,-9.265174301276662e-7,-4.216931325501786e-7,3.0051529158320964e-6,-6.303615101355256e-6,-3.982539380829698e-6,-3.963987129930887e-6,1.0512566733387542e-6,-9.993101253830428e-6,-2.390306535867241e-5,1.3204574411636126e-5,-1.3239414287743705e-6,2.657293073092118e-6,1.1556567805395978e-7
C15/C15h,0.002831792013204416,5.325067859111145e-4,-6.665753816432325e-4,-0.005727574699550149,0.0039965412650194085,0.005844704385436051,0.0041687688562771245,-0.02448737812661787,0.014959248622256891,-0.003101884927515399,0.0016266840572349308,-1.8586765076487595e-4,3.7040646014196006e-4,0.005839405008429311,-0.002190260335910467,-3.308421135124703e-4,0.0017797283369496287,0.0026312219404832312,-0.0011249226763033612,-3.605670691929115e-4,0.0019301294318404512,7.908470505871645e-4,-4.744437753044058e-4,-2.5856163991233913e-4,-5.068881195012897e-4,0.0011460432440704629,-1.955234320915034e-4,4.779318988107955e-4,-2.1386075737501236e-4,-0.0010349315984860066,-7.138435412614243e-4,-5.347800566049239e-4,-9.700690496040964e-4,2.3189604618367517e-4,3.7879426523284996e-4,2.8043688595504447e-4,-6.362236069738006e-4,7.874327216693596e-4,-0.001404204520637149,3.6106472003771773e-4,-6.630073772927198e-4,0.0014087374993307054,0.0011515717201971728,-0.003062230881116842,-1.1094260374070203e-4,-1.963804904751572e-4,0.001577465305306596,-2.1912301344324434e-4,0.0010836115159043862,0.0010539497603474018,3.4139438420646104e-4,-4.6737315859716577e-4,0.0012569390889909163,-4.985107307459712e-4,7.197283851161811e-4,-1.8628426122247838e-4,-0.001127133730884272,-0.001886204737034698,0.003594962244317453,-8.351126446519881e-4,-7.248957987797463e-5,2.1499851066988031e-4,-8.392223779403931e-4,3.9982190152061203e-4,-6.790782681141633e-4,-0.0018285473020476885,0.0016089516884432247,3.9121353347227743e-4,-0.0056487978116085535,0.005040519198973166,0.004721619194322471,-8.670623340962405e-4,0.0012518234502284348,0.002293787237315474,-0.0023273243444626125,4.2452767063943104e-4,0.0012814713301734506,-5.106238232307559e-4,0.001087662755482728,0.0013571958160047476,-5.690163878180253e-5,-0.0019695207630241874,3.5307389179404944e-4,-0.0020620489071746548,9.479728312609085e-4,-3.579664333883464e-4,-0.0020232416953885027,-0.0033509368858450723,-0.001101766764346746,-0.0018690187569031277,5.008168441506606e-4,0.0031735727058319453,9.574490172633339e-4,0.001168277191055439,-8.205335630014855e-5,-0.00025719627185929713,3.894574024514549e-4,-6.334030102107107e-4,4.8218467962441976e-4,-8.725684038858332e-4,-0.0031521372690231694,3.543588402930299e-4,7.815601296710397e-4,3.2290451012833584e-4,4.7433208531624734e-4,1.9405860591736884e-4,1.7174080269981239e-4,-2.2633746140248944e-4,-6.467847757047663e-4,-2.7833373651602603e-4,-1.4267778578661697e-4,9.919314379229275e-4,4.2757721083181186e-4,-3.7294390782073133e-4,-4.1876402588814446e-4,-3.4922663807996306e-4,-8.562542763094931e-5,4.4499826249416675e-4,4.262017911049327e-4,-4.8521262666928645e-4,4.509417179814847e-4,1.8448735627303535e-4,-6.801248231773103e-4,-0.0010666122272139883,1.0322816172177925e-4,1.3969616808292014e-4,2.1897017635325567e-4,-3.5667237071805954e-4,-2.0420774098474655e-4,1.0065561727924427e-5,1.5458567723676937e-4,2.9686992679886317e-5,-2.8980997849280444e-4,6.0092668893359396e-5,-1.9148403971298197e-4,-1.4833743296217936e-5,1.9483766707088927e-5,-6.47064098802947e-5,2.325294643168969e-5,-2.784577776897254e-6,-2.879546073800127e-5,8.50619469828629e-7
C15/C15jr,-5.363514259246618e-4,0.0010349261765870167,0.0035776520658762656,-6.601312401415806e-4,-0.0018718391297650907,-0.0014581927704945513,-0.0017912428543853836,-1.4743577824477056e-4,0.0010085039371679565,9.267940428181514e-4,-0.0010873846433025096,-1.807102299338821e-4,3.4435921141184655e-4,0.005589706091422658,-0.0020413668436743567,6.989678749210666e-4,0.001618425781905668,0.0029468367423281907,-0.001819642712723276,-5.696327744076768e-4,0.0025554775428769327,6.911914867770743e-4,-3.3376132187418867e-4,-3.3493704671534605e-4,-8.969163733194586e-4,0.002129203508725169,1.2784535985391773e-4,4.695002588691794e-4,-4.653429687323143e-4,-6.230297501689305e-4,-0.0015530075794944272,-3.577608407851624e-4,-0.001870709773240875,-3.28276969212591e-4,-1.8005366511247506e-4,0.0022646994638665123,-8.925659978355145e-4,-2.9337140109675467e-4,-0.0010522332900424728,9.392190047089625e-4,3.829597800125299e-4,9.8420471378185e-4,4.2350674628895927e-4,2.9722280189007375e-4,-1.4235525294103196e-4,-0.0012328939117160827,-2.7189999310599266e-4,-4.7800020799544494e-4,0.0019848992875717555,0.0011863936607236763,-3.0024826585408986e-4,-2.69178066524345e-4,5.671967391973037e-4,-6.347549331968606e-4,1.9291941467063453e-4,6.260195611051226e-5,-6.075130094401339e-5,-6.420582550958753e-5,8.234199251012307e-5,-3.988886433852815e-4,-2.8940242168750404e-6,-1.7865001313417745e-4,-2.33710332474015e-4,-1.0295913923907916e-4,7.768935900747905e-4,2.0796422978920667e-4,1.2638715076298315e-4,4.23995827115361e-4,-3.9410368353969856e-4,5.51492251670759e-4,-1.7943876828845095e-4,-9.351035649240152e-5,2.7069149119601663e-4,-7.408680951265406e-4,-4.89516905116398e-4,-6.836551373845932e-4,-3.2200612450978893e-4,-1.4309751418568558e-4,3.544062803704179e-4,2.133203074694811e-5,2.6973376960391133e-4,-2.77262343853866e-4,3.463009088647437e-4,-2.642020767431479e-4,-4.523019142819089e-5,2.2671553435888597e-4,3.307028398703678e-4,-2.3782255872675345e-4,-1.9034243622876312e-5,2.3705680312883216e-4,8.11254336368311e-4,-1.6727869242694622e-4,-4.153992873736289e-4,-2.3083107404293582e-4,-1.5928730012979312e-4,1.8945046752483105e-4,-2.696774176462468e-4,-5.582229255900024e-4,-2.949773281561692e-4,1.656023250570806e-4,5.152290411198038e-4,2.045534685810182e-5,-1.2398166415273986e-4,4.523272276944506e-4,2.481063798732737e-5,-9.942806544593694e-5,-6.425529988409502e-4,5.2449647256759134e-5,1.968882177029546e-4,-2.0652378052153997e-4,-1.8273271607039602e-4,2.798939639177025e-4,-1.771121250332429e-4,2.3047822985763293e-4,2.703817741422683e-4,-1.8536605266673286e-4,1.863901099886386e-5,-1.1089971254508897e-4,8.020921528500151e-5,9.549583756406549e-5,-1.273467454635259e-4,-3.057188873918658e-6,-2.853769961046997e-5,1.9831135935946352e-4,1.7002075369825416e-5,-3.290448640166034e-4,1.536238911519291e-5,5.408586976182462e-5,-6.60684127728355e-5,-2.865593688310274e-6,-6.454422425594138e-5,1.516794930504881e-4,9.441730935297667e-5,-1.9170718129523557e-5,3.817776116544137e-6,2.4694499449415725e-5,-1.1740486228211393e-5,3.226509429294811e-5,-1.8263261887308932e-5,-2.4992924875370162e-6,4.1844939433721665e-5,2.448190194653559e-5
C15/C15m,-0.02814826414388946,-0.0010662993004831596,0.0034334683186111013,8.790730917900796e-4,-0.0020310079038300256,-0.0012912005602017749,-0.0014270168996422204,-8.60332794479673e-5,8.447367312739258e-4,2.1595462773058382e-4,4.4650748838984996e-5,-3.5241792669503554e-4,4.2052378035601815e-4,0.0018450693492708774,-0.002668196929709122,8.122408366221547e-4,6.674577038445498e-4,-0.001549631798558577,3.154811979894058e-4,0.005711653259606887,-3.7195603441964677e-4,0.007907640629645236,0.0017313602320817001,-0.00376891687621005,9.963883875891313e-4,0.0031680812079041467,3.604989171701201e-4,9.811570903720587e-4,7.909442456212394e-5,-7.532354781949625e-4,-7.001788778156177e-4,-9.521787994391354e-4,-8.889335711444892e-4,0.012330641371533045,-0.002003213386713488,0.001558970432553136,8.160334558404893e-4,-0.0045365795809183896,-0.001237173591089354,4.626540769267948e-4,5.08118865908686e-4,3.834795272898511e-4,2.8967838955815947e-4,1.591468317308454e-4,7.63303507149261e-5,-0.002199782620543077,3.925277388283454e-4,-4.7401496090969345e-5,4.2641863478381657e-4,6.933065948695605e-4,-2.866094698936443e-4,-2.3768483117520595e-5,-2.5101617844115184e-4,-0.00051057604154982705,-1.8700163955803897e-5,7.306105245079392e-5,3.989458739586351e-4,-7.231521844552672e-4,-6.741900425613342e-5,-6.170491089602437e-4,-1.7874503502980654e-4,3.052237357692528e-4,-8.462557654176346e-4,9.177843577741357e-4,0.0035741677315789468,-7.571605576430188e-4,-0.0010419421012459113,-0.003527219710670619,-6.892905546549901e-4,1.392600454509182e-4,-6.127938477807576e-4,-6.901004615982181e-4,-0.003285440937046369,-1.1242910138379789e-4,1.838086247884195e-4,0.001246421053107366,4.2269242097552886e-4,-0.00470647971804416,0.002970171335135992,-6.739114102299669e-4,-7.648395296601186e-4,-0.0011586433074675382,-7.790254508414697e-4,2.2887831103536005e-4,2.5569994622076783e-4,7.822112696734413e-5,-9.181645565215756e-4,-0.0011056715228551055,2.0184901154967009e-4,-7.4501113762431e-5,-0.00201734752122664,0.0014184836522620108,-0.003850341042134184,-0.00245346797394158,-0.0016462044885171827,-5.754218728252686e-4,-7.512591470303729e-4,-6.14205023476173e-4,-4.2463626014261404e-4,0.0012970928079962122,7.220827858115276e-4,0.0029891309996169803,-4.605629774447916e-4,3.9420075303230626e-4,-2.4301016513217483e-5,5.438285938754649e-4,0.0030276745516235283,-2.2203272592563814e-4,-6.146859291237645e-5,-4.5354392143337756e-4,2.759996481300187e-4,-9.754915994814836e-6,2.4855106437702396e-4,-9.172979237105961e-5,-5.213856840411267e-5,-2.0710681499706772e-4,3.4155227420362503e-6,-1.6789301797919722e-5,-1.684846059945095e-4,2.013311740659936e-4,3.3823461503013725e-4,-1.940997924401069e-4,1.6026264553949829e-4,-1.7572113000031752e-4,-3.013041414779558e-5,7.653127763466731e-5,1.5655833152433506e-4,-6.94135932318825e-6,-1.6991726834535975e-5,1.6437202949137237e-4,4.332456935580543e-4,0.0010154075299836287,3.2271018251964824e-4,5.897385910432694e-5,4.837928928187869e-5,2.6424759063947328e-5,3.4475954694350794e-5,4.0950910371095506e-06,2.170797245506319e-5,-8.81131636208935e-6,-4.455474041609669e-6,-5.9875270374819435e-6
C15/C15m-C15ae,-0.09588262122377336,-0.00569765075882573,0.004152128886028384,0.005392087596214116,-0.003164384495169757,-0.001448234761886934,-7.788880420467574e-4,4.130801259497308e-4,0.0013145611233017045,-0.0015048741416776917,0.0026975559829355627,-6.728638410705475e-4,5.111589287268148e-4,-0.00672345632077492,-0.011785694458803248,2.1594951778855048e-6,9.193264549213512e-4,-0.0014244350673745466,6.618763726237346e-4,0.002043607882675859,-1.195608490221188e-4,0.0011800962290834027,-1.499458557050526e-4,-1.0813043831961609e-4,5.697111460636898e-5,-0.002313661737140698,-0.0013561432639886818,-3.1902484627799674e-4,0.0011049403324233517,0.0012438819154797027,0.0017568256118864825,-7.127245323718601e-4,0.0013039772322423872,0.00890862241052441,-2.9617640009170834e-4,-0.0013349020563674133,6.037547963533623e-4,0.0069324103932068455,0.0010494510808381566,6.267400533180508e-4,0.0011354529918714683,9.527423069061462e-4,8.980533623330224e-5,9.621235373179305e-5,2.9512954802194546e-4,-0.00235891899236119,1.9695820272328315e-4,6.804327030870256e-4,-0.0010806939969141608,0.0010825842310466945,0.001122425342263117,6.764049233032559e-5,-4.214636084112315e-4,2.107255232897218e-4,5.361770195014582e-4,-2.2613843445582428e-4,0.002149186791002161,-1.086304741605978e-4,0.0017273690069539776,-0.0019075001526432398,0.006652705965281348,0.005019809829311845,-0.0013071223720147987,0.0017272635253227173,-0.006322769072415338,6.809268221484276e-4,0.0033493253339912134,0.010901237172086922,0.0036219761100688254,0.0033691299876290955,-0.001112836283488372,-6.755923830276181e-4,-0.0023652320418008238,-0.0010197073278241564,-2.733833275572575e-4,-7.052284725278794e-4,1.1800023918423083e-5,0.0011452409366280631,-4.956784457261347e-4,1.8072230610700243e-4,3.023185025958915e-4,1.842538061537524e-4,3.750196864280473e-4,-1.0951714366255002e-4,-4.269688676157537e-5,1.1232312162819722e-4,6.947005166716755e-4,2.1588201039797478e-4,-1.501026736571685e-4,3.3841636286511076e-4,8.171637166337742e-4,-4.499536358939764e-4,5.517442313549842e-4,-3.023907293979126e-4,-1.8177172653308739e-4,-1.3391870265676205e-4,8.009400676862954e-5,-1.0988020530750618e-4,3.337224345680158e-4,-7.999902132034786e-4,-3.965526478569829e-5,5.1100888398215584e-5,-7.004815497298856e-5,-1.5443521825374355e-4,8.870220616463003e-6,-2.9286671217368318e-5,1.271499033942058e-4,-8.958211337054806e-6,-6.636016117483907e-5,-2.4871020493016195e-4,7.035566360233939e-5,-8.194338950117124e-5,7.72457227091919e-5,-2.6271235621898514e-5,-7.296789384544919e-5,-4.595633227884205e-5,-4.623443291651229e-4,-4.144272612033902e-5,-1.5418302617461853e-4,2.7420223367662208e-5,7.958881439535662e-5,-5.70525942199133e-5,3.184937702247436e-5,-7.827727554695313e-5,1.742687284371257e-5,5.058759040518139e-7,3.995717087909921e-5,-6.082039460585215e-5,-1.2271316876816204e-5,4.720066847015861e-5,4.718740768117893e-5,1.7864707265349293e-4,6.607571662979706e-5,-1.4977573573644817e-5,-5.084187979712087e-6,-2.4652105209804858e-5,5.935115350981767e-6,8.447398993271455e-6,8.68611601406266e-6,-2.034704269928767e-6,-1.2011290226077549e-6,9.070663753636653e-8
C15/C15m-C15bx-C15fv,-0.058749597271248906,-0.0034314866258274993,0.00275245648187156,0.0021393686882575746,-0.0016757272689223125,-7.385060429590078e-4,-7.886396623711871e-4,-1.7146059807688737e-4,2.3756505108029315e-4,-3.719243454211825e-4,0.0012515888833496685,-4.697987934066868e-4,4.4799802603584857e-4,-0.004471498910124227,-0.006852421807926001,9.828694002169665e-4,1.1158795555323584e-4,-0.0043205473856500155,0.0014575336717744592,0.007107519389316026,-0.0011899881998505325,0.00736908406426965,0.0016651555721091654,-0.003256121490659693,0.0011109639544034326,-6.460519815601926e-7,-7.626081392809482e-4,-2.9421333497103326e-4,9.573367849713038e-4,0.0011329298121537479,0.0020745944604489176,-0.0019063633775428111,0.001822407524712827,0.032883281719893354,-0.004161743685685767,-3.2097926897988653e-4,0.0021123988650129325,-0.003357374902991158,-1.7335768539371413e-4,3.2678732863582183e-4,0.0014138182845135018,5.157510870268309e-4,-1.1890697082411206e-4,1.334909297024347e-4,-0.0018614869768512408,0.005180522283773284,-0.0013239842499634437,-0.0027895302881483365,0.0024978517206803164,-0.001235870420850579,-6.418512034160009e-4,1.3705499125728188e-4,1.5220864923231415e-4,1.4422679318991042e-5,9.841930300027198e-6,-3.6615939859529925e-4,1.0394982543890267e-4,8.717101674990743e-5,1.0375321974738558e-4,5.1361478600263945e-5,-3.8070889445239556e-4,-5.138186477569567e-4,8.261177822284027e-4,-0.0012472540551526875,-0.0036149650612525668,5.241728385995436e-4,0.0014815775537968079,0.002179982174071636,6.164087890590771e-4,3.5144006986239843e-4,8.830018578441526e-4,0.001337575597021714,0.00754932450880405,-0.0012502895174246569,-9.781138414832425e-4,-0.0024370374369028563,-8.213156476072955e-4,0.0058066410896453445,-0.0036795404642652792,9.421668814122251e-4,0.0012562059774198298,0.001174388262362327,0.0012360059971104793,-6.052589131236254e-4,-3.520221973826169e-4,-2.807193694777135e-5,0.0014958280472326347,0.001119177898064837,-3.2023457130994117e-4,3.9953558836166356e-5,0.003235665840977913,-0.002028688119236928,0.005479516833511399,0.0039101347912860384,0.002713532797037521,0.001134757467919565,8.322017178173155e-4,6.873191243543318e-4,1.7750113253259378e-4,-0.0010907104968433893,-6.035832928244299e-4,-0.003616193974582766,6.405995061825443e-4,-2.15259374389451e-4,-2.707161480609506e-5,-6.444164885893756e-4,-0.0035019537260708306,2.4662137710681277e-4,2.601269121635789e-4,6.440783143444206e-4,-4.7046030064403725e-4,-2.536866502013868e-6,-2.9222483466905105e-4,1.3832508869459042e-4,6.574728435901322e-5,2.1407846539678568e-4,1.892791510982255e-4,4.887057455444384e-5,2.64213143423722e-4,-1.724617799011373e-4,-3.467210812865893e-4,2.296442107775784e-4,-1.6470719020095787e-4,1.9187571379121498e-4,-2.0641980026085515e-6,-5.786791242076631e-5,-1.2346860558998376e-4,5.9138522155855285e-5,1.7248532428651808e-5,-1.0063632087678066e-4,-2.048329549395184e-4,-5.208789582237037e-4,-1.6657951268257313e-4,-5.3515091822281144e-6,-1.3623006849017758e-5,1.2191708993646137e-5,-1.2863811705125546e-5,-1.9798233894830837e-5,-1.6182285600370697e-5,5.860959423778983e-6,3.374285121597329e-6,1.77834458101785e-6
C15/C15n-C15l-C15il-C15.8,0.0025945457885275356,4.260333627981176e-4,-1.2541692639204412e-4,-0.004066256133548079,0.0017524690507811846,6.814242161993007e-4,-3.930898599042361e-4,-0.0022558169462696866,-0.0012235683198901803,0.0020353563883285537,-0.0015366978929222883,-5.440616198357193e-5,2.4903637848144335e-4,-0.003196316996236695,-3.744287571979934e-4,0.006069940984268518,-0.0057221274846600036,-0.01255191653022675,-0.008778549264311044,-0.0053191624734786535,-0.020171217485936095,-0.007322550415224625,0.001844728597251327,0.006128012109302076,0.006983796617152305,0.0019845485135797235,4.7515747880585025e-4,-0.0010416254319239738,-0.007470058574585316,3.434161436073235e-5,0.0015451158329442191,1.1435491382905694e-4,-0.0020919442587792525,-4.4916166036947135e-4,2.512247549817397e-4,-0.0021527434292357385,7.027820837028832e-4,-7.779524707198018e-4,-4.119024649557158e-4,-0.0010006577064740382,7.144411826323616e-4,0.004351033620780888,0.00182310087106347,-0.008776688546241921,-0.0010629929813102531,-7.041932095224183e-4,6.462077878676889e-4,-4.1148725139390237e-4,8.709257124656319e-4,9.222753376479533e-4,-5.847947629389757e-4,0.010193951790572722,-0.002919326785536687,0.0034573644890403153,2.4480566998152086e-5,-3.7958505768819146e-4,4.3443510088588623e-4,0.002054679854678267,-0.0026302260079247995,0.0010569433266551115,-5.334632122342032e-4,-6.063609877772995e-4,7.094166524331432e-5,0.0018921291219730627,-0.00132393085534911,0.0013564065049375762,-8.849943912731024e-4,-4.355873351039115e-4,0.0024851205604082124,-0.004824160552019029,-0.003962105366597813,0.006168378918044026,-0.0015518761389246743,-0.0017293423918243037,7.392134667047376e-4,-8.397227476224944e-4,6.073592178365667e-4,9.538053367826653e-5,0.0010847625527819578,-0.0016959027774178432,0.0012264217951191358,-0.0014570935979864635,8.401711329280189e-4,-0.0015035008842137962,-4.38450660307852e-4,-0.002094613306298632,0.0026531603655922673,0.004162176729537616,0.002995223913357281,0.011225754825655377,0.004009870875761603,0.008968336310087593,-2.3824952852056065e-05,0.0014245551449623905,-8.506034618833088e-4,-8.505614167422686e-4,-5.802060837017997e-4,-3.639047342897419e-4,-0.0018393664490875088,9.590443020625724e-4,-0.003933004026634972,4.184164069379277e-4,0.001717435913988676,7.312741661144313e-5,-4.8682087894845704e-5,2.741419444111952e-4,3.027380665833945e-4,-7.157760029777465e-4,-5.281496918616767e-4,4.6391940862377216e-4,-2.9206288655033255e-4,8.966906050802211e-4,-8.61785976508438e-4,3.900662140402928e-4,-1.6600675607372e-4,1.7683443149483529e-4,3.608685979523835e-5,-2.006022748381359e-4,3.4861597726001087e-7,-7.969153176131442e-5,-6.368617658756452e-5,-6.491515493997598e-5,1.67099965801079e-4,-9.249657761450522e-6,1.340874086460403e-4,-4.9306188045268225e-5,1.8206843620172412e-5,-6.995375597442995e-5,8.40295710399089e-5,-3.0538245822599735e-5,-9.057851661464921e-5,4.3179345839222746e-5,-1.6087403096710965e-5,-1.0111526600150247e-5,9.600816491588766e-6,-6.348212581598951e-6,3.9872690911816536e-5,-9.344198907365487e-6,-2.056252070152905e-6,6.165953609953316e-7,-7.547938155910286e-7,-7.830134831533032e-7
C15/C15r,0.0010458860474850174,6.570567197503168e-4,0.0016179945412067801,-0.0021891024352110686,-2.433819929784821e-4,-2.805080625365466e-4,-0.0010801530977097035,-6.940716423446513e-4,-3.4326453130967586e-4,0.0013118981540406627,-0.001212877186280394,-1.3648042405143301e-4,2.6762894650729144e-4,0.0019508259321460262,-0.0012620714259253807,0.0015124942422309825,5.273889463313995e-4,-2.0901462425950402e-4,-8.016964130500761e-4,0.0010899751499263554,0.0019531264848942805,4.534911774113094e-4,-2.732870289113449e-4,-1.6160498099040845e-5,-8.933864458077082e-4,1.8490573507910633e-4,-3.3306609256337154e-4,-6.152900930338788e-4,-3.8332911898855134e-4,5.476112077694905e-4,-3.722190684308979e-4,-2.14923664217787e-4,-6.533732079210651e-4,1.764922228678135e-4,1.1065369551432089e-4,0.0014007289949313866,-0.001346038495730778,0.00100503411664084,-3.384080476175643e-4,5.086663512018092e-4,-3.103599251712315e-4,4.1795704093093203e-4,2.4760051363209904e-4,1.4481140944207883e-5,1.31469052337381e-4,1.051934898220452e-4,-2.6418372789278975e-4,7.235229665761859e-4,9.699524856944053e-4,0.0016510545415936353,6.880942982384054e-4,-5.786564960593502e-4,9.425742689886339e-4,3.86366224764773e-5,4.7492283226508114e-4,3.675441276383858e-4,-8.49663784092904e-4,0.0012469120165575285,1.8344803507838587e-4,4.743109611424163e-4,7.589150405746909e-4,-2.5244947323666277e-4,3.9230700580800143e-4,-4.628001159620076e-4,6.174414809596801e-5,8.484505545737248e-4,-5.767900309350357e-4,0.0011495357234298264,-0.0011181858957703958,-9.443174929350188e-4,-5.468302469664747e-4,4.2128722926898965e-4,6.808114569314392e-4,1.4928756369049476e-4,-5.913111305174446e-4,-2.484933264360738e-4,-3.175731952474029e-4,6.207770210413123e-4,1.2536060116677297e-4,-0.00100090238775754,-0.0017992124681000736,-1.9284319916981165e-5,-0.00168932946064574,9.07262579095648e-4,0.00043115657373623835,3.523073125124792e-4,1.618167543322097e-4,-0.0031826935558846546,0.020210387031900083,-0.0038385036055921264,-0.003069833949225839,0.0016914712652121872,0.0043039231875845645,-0.0023750132630545365,-5.907523040523034e-5,-4.50490676532156e-4,3.9921360109811355e-4,8.072238397994843e-4,8.560750401930803e-4,-0.0012995285526726352,-2.3827312050407775e-4,-8.125890827563876e-5,1.7604399010094513e-4,-4.4599246079513917e-4,2.0592124742144642e-5,-1.4325659417066273e-4,6.252440105387922e-5,1.3047506669008823e-4,3.3004702459688375e-4,-1.211942646076259e-4,2.1668469930527952e-5,-1.3849164186264206e-4,2.0469272766260622e-4,-3.1302681625396737e-6,-2.0234033728179626e-4,-2.6264900908867826e-5,5.705888589375242e-7,1.9961906997194455e-6,-1.2536473452041247e-5,4.38268393518933e-5,-1.7858898179467786e-5,2.2869222101215312e-5,-2.8392443012128716e-5,3.842642794296973e-6,1.8552575866229124e-5,-3.431019123135785e-5,-1.5111918155641431e-5,-3.351973455942835e-5,6.538278039744747e-6,3.562024409603882e-7,-1.3041183439044083e-5,-2.384925446594521e-6,1.6181462684013905e-5,-5.734925331140924e-6,-1.2713773340135635e-6,-4.192017072679074e-6,1.2141071621970071e-5,-1.7733935463191698e-6,2.1936433070207177e-6,1.838797574422209e-6,-1.578564358854055e-6,-3.5291465302994255e-7
C15/C15u-C15df-C15v-C15y-C15x-C15aa-C15z,0.0036829276675404855,-8.779707691637972e-5,-0.00296194968968413,-0.0058750587526252155,0.0037430132714590704,0.0027338881524164643,3.6290121490571177e-4,-0.0020035507445702073,-0.0037455865698824494,0.0027196147809215687,-0.002133944281379306,-4.342200760307178e-5,2.755047437014801e-5,-0.005613928972794568,0.01096039181851826,0.005449884448268408,-0.0052490911105547485,-0.023705240287727112,0.008562555546919853,0.03556192582537889,-0.011277177816485932,0.04048048111734445,0.011928166099169264,-0.01984788833897081,0.008137324522515144,0.010811582757842069,0.0024486315017806363,0.002708108898114633,-5.010379218551409e-4,-0.0016313547458370928,-0.0012243367001509764,0.0012514807491075626,-7.037373672372098e-4,-0.025517726143739747,0.004365185522102492,-0.0021769478259926907,-0.0023515338377507497,0.025740515307584498,0.0035523349281665084,0.0023114780299153645,0.004528081326208584,0.005308502322905746,-6.899585033392657e-4,0.002510197781483254,-0.0020979618790025285,0.0065780973232690354,-0.0022154864343924847,-0.007277069831251657,0.007848766265091242,-0.004874230289781563,-0.004573668329288565,4.650019911910671e-4,0.001366410289753065,-0.0011398599101191899,-0.0010412285795109828,-9.191350799816715e-4,-0.001964491388296565,-9.104383470835442e-4,-0.00153476186752818,0.0010772347557042306,-0.004881225151835775,-0.0034253796850287287,2.6213808023260596e-4,-5.599664351680774e-4,0.002195100213878543,-6.511171720635299e-4,-1.3285270896565583e-4,-3.4349730564999436e-4,0.0010890450183440755,0.004469948911420008,-0.0041021243289626926,7.316883581413164e-4,-6.774981489727039e-4,-2.8468799210097745e-5,-3.053675897494117e-4,6.591315978079011e-4,-6.437459531135066e-5,-0.0020101734249948684,3.3147683659245014e-4,-7.905592215664378e-5,-1.7152257280773754e-4,1.021808165964618e-4,-1.5935605973292386e-4,-1.1527825131004381e-4,1.0077373168123472e-4,-2.0842638781619496e-4,9.022907837602062e-4,4.29152554476752e-5,1.3271266580971278e-4,-2.49335833961265e-4,0.002206464309759047,-0.0014801031195097961,0.003766766033560736,0.003449526096035642,0.0023940670516605037,9.157048331545208e-4,4.469108668730948e-4,4.39840822522674e-4,-2.354223400163098e-4,-1.2712419386343642e-4,-2.2912814970644211e-4,-0.002047266951220339,3.883882594119433e-4,-1.2617891264673375e-4,-3.543990970842483e-5,-2.509231040405744e-4,-0.0016110072712086328,6.92597938238585e-5,-2.824984176252563e-6,3.318667427758172e-4,-2.333456852261611e-4,1.7659037949221847e-5,-2.0281294802918502e-4,6.285714079040491e-5,8.574788817715849e-5,4.857076358067626e-5,6.697027811721116e-5,2.0179488127498268e-5,6.53626099562822e-5,-2.1949747698346243e-5,-3.197901383149487e-5,4.612660031870559e-5,-1.38875654684638e-5,3.238497848842384e-5,-8.058463935000847e-6,3.715469878818588e-6,-1.4428479559130958e-5,3.0770958923023606e-5,-1.1972922754185658e-6,-1.1595494121511322e-6,1.1427275816841903e-5,2.1963418455959916e-6,-3.479711555321079e-6,6.349791365667459e-6,1.3255224772107773e-6,4.632863658434139e-6,-1.2531319712302305e-6,-4.47752708989458e-6,-2.771458489928637e-6,-1.0558711586359027e-7,2.6162537359423345e-8,2.4905297105067523e-7
C15/C22b,-5.430645730897557e-4,0.0010366328215242824,0.0035883171726594954,-6.632974447545946e-4,-0.0018731877109822853,-0.0014579876529630153,-0.001787331600483991,-1.491274655994167e-4,0.001006277191894963,9.231934788689188e-4,-0.0010961685897263671,-1.7441339337533458e-4,3.426069305504995e-4,0.005589190992131367,-0.002043759007273265,7.017512573649562e-4,0.001621082883665235,0.002943803265163846,-0.0018233162691409482,-5.706234143790423e-4,0.0025610723836630065,6.837599939654963e-4,-3.3480353309072786e-4,-3.370088184102784e-4,-8.983528050207002e-4,0.0021269168211957277,1.2820608179203575e-4,4.633481337450141e-4,-4.622561551298577e-4,-6.21975191490916e-4,-0.0015569557244589755,-3.633009463583983e-4,-0.0018705275816103032,-3.219632370596113e-4,-1.7484170984432296e-4,0.0022715226268424206,-8.959756573568461e-4,-2.941824151937554e-4,-0.0010534548671185073,9.356196458286398e-4,3.719281697832956e-4,9.908302109041857e-4,4.1781768703839754e-4,2.973408675214715e-4,-1.3579855146453866e-4,-0.001235101345812828,-2.767553721699195e-4,-4.866138829195034e-4,0.0019885242191231773,0.0011786269801143162,-3.00130799082189e-4,-2.706508563601311e-4,5.732747666361852e-4,-6.29110152044067e-4,1.8903012027648842e-4,6.638187679319408e-5,-5.9888907553864566e-5,-5.7687997664234915e-5,8.369498893205139e-5,-3.9864561705006435e-4,1.4540527169766188e-6,-1.8275938062338825e-4,-2.3398017771069908e-4,-1.0392942934154437e-4,7.788975326143038e-4,2.1050754533781353e-4,1.274745307816919e-4,4.2432238248898545e-4,-3.8834882808004947e-4,5.519642067778774e-4,-1.79354204536273e-4,-1.0066846786467366e-4,2.74240158303048e-4,-7.427906161144355e-4,-4.859865684818865e-4,-6.833750400513437e-4,-3.220224757342441e-4,-1.4070343013146148e-4,3.5926805818562574e-4,2.611122287245153e-5,2.7102323202767535e-4,-2.694758815555675e-4,3.435899386280996e-4,-2.62260692810559e-4,-4.572770832543022e-5,2.1460954986192112e-4,3.286041806969791e-4,-2.4142224358686363e-4,-1.5820190786358135e-5,2.4354451446725428e-4,8.136012943622511e-4,-1.6990991640850487e-4,-4.204684665016607e-4,-2.313940539399783e-4,-1.530470460277443e-4,1.8344933556641387e-4,-2.627301596116274e-4,-5.58040592184645e-4,-3.0103676194269055e-4,1.6847507608461546e-4,5.270277712198981e-4,2.2335090561533413e-5,-1.1517210432754193e-4,4.597682042859969e-4,2.5685573888563406e-5,-9.765156504270313e-5,-6.452520819787514e-4,5.0050713799079147e-5,1.9298932867909516e-4,-2.0501888354324481e-4,-1.8225302091418293e-4,2.8007149174459265e-4,-1.8389099279144785e-4,2.3362203100023456e-4,2.7184000242338243e-4,-1.894745996231987e-4,1.7448623706663468e-5,-1.0372304797965573e-4,8.731485470927927e-5,9.15718892257475e-5,-1.1338048500743027e-4,1.802973996354869e-5,-2.887343323214554e-5,1.9287727524006955e-4,1.7962320751229852e-5,-3.340222473957149e-4,2.0969440108268038e-5,7.981468060086427e-5,-7.644000973448436e-5,1.8175139710463532e-6,-5.448319362634952e-5,1.5991128399151755e-4,6.862884599466883e-5,-1.7305510201049253e-5,-1.7950525235832914e-5,1.983402759562338e-5,-4.432134453464323e-5,5.0756888675393236e-5,-2.2470883210503207e-5,-6.710772782474419e-6,2.2332070915194936e-5,6.210620890863858e-5
C15/C42a-C15ct-C1,0.010621828915882535,-2.0080718056925535e-4,-0.013837740363333302,0.004360958142677002,0.0066790757288150366,0.008229088767877748,0.0041750404003101215,-0.010567992102028446,-0.06084714235872829,-0.05607278304665248,0.013457384297512837,-0.0022899176854236382,8.607213783994019e-4,0.014854419980887068,-0.003973922634525542,-0.0013266031283453892,0.0018795158259055152,0.005712791157009731,-0.0014838714664107667,-0.0032441982423993907,-0.0011916281665822184,0.0024383277487991604,-0.007626337070972701,-1.8685719866695237e-4,-1.7874879771768174e-4,0.011756741596924775,0.013905278702434886,-0.0046425808710994255,0.0013732335889860474,0.0019405196305800475,0.002466297934054757,3.766599203180783e-4,0.0018917507673632521,5.356293007412577e-4,-0.005443189621263718,-0.003731284436669062,1.8827000886643865e-5,0.005061143941176308,-0.003062957381462984,0.003676735437092451,0.013779984834887965,-0.010120422158514183,-8.336489740289254e-4,-0.0034912311375272054,-0.014382206416367747,0.005408621890398142,0.0035653720215888065,0.006150391444977148,-0.003705700667938138,0.017738890027988216,0.008790836205709474,-9.857944462785782e-4,-0.0034939553965903946,-0.0033013543758711587,6.904406809093204e-4,0.007199389050281946,2.953121341890084e-4,-0.0017609347074235462,-7.20603099018539e-4,-0.0017490971603174143,-0.002368585522080435,-8.878263153463068e-4,-0.00109957082112421,7.302549565433164e-4,0.0032591639755787374,-0.0010876606474782382,1.4471519566033232e-4,-3.0614257078212027e-4,7.940156868044182e-4,0.0037858816519714474,-0.00427074550765813,0.002211234082556572,1.8066152207831912e-4,0.00380373721727173,0.002164948587802658,-4.764636470417946e-5,-1.7389921329140275e-4,0.0013966374413466028,-0.002018904432645448,7.847373626195833e-4,5.818471683058078e-4,0.001813617695436932,7.856152901802542e-4,-0.0015593905569587637,5.3684468241557e-4,-0.0010390149026814463,-3.820295018998608e-4,9.272159080396886e-4,5.1242427122987385e-5,-5.612181314796442e-4,-3.154397650197967e-4,2.9845620759646736e-4,-3.1580102152852646e-4,-4.5175269712977804e-4,1.5769711546369307e-4,-1.8248830993937938e-4,2.4020468803433387e-4,3.7904922977821926e-5,-6.927081270157876e-5,5.511335763724116e-5,3.0340357500628656e-4,1.7722021406491793e-4,4.0917239608864747e-4,1.234156280815198e-4,-6.041219653723437e-4,9.240116577512855e-5,2.4270376026261215e-5,-1.1172164293133072e-4,1.4068529959993193e-4,1.5011781770273483e-4,2.0409775920756737e-4,-3.1389296146445197e-4,-4.893224877571475e-4,2.7318289958117983e-5,1.4145401086347866e-4,4.037542346336108e-5,-2.0560081068532024e-5,9.250512437835508e-5,1.0557761412823056e-4,1.4176831189139026e-5,1.211712998495749e-4,4.594963750107773e-4,1.9069909742998624e-4,-2.0886925063788127e-5,3.582171732571178e-6,3.0524605748637625e-5,-5.5200747195790585e-5,8.5631832776373e-5,6.0029008198484435e-6,1.4978029687618532e-6,1.132071585183231e-5,-2.4167100484612888e-6,-1.634689273591947e-5,5.9497935688004205e-6,1.2027669024136655e-5,-2.2317399071340622e-6,-4.814843176701663e-6,-9.840431765784549e-6,1.0792790113044702e-5,-1.0745401899601388e-6,-5.286899474791436e-7,1.6613736759357652e-6
C15/C42a/C1/C42.2/C3-C1b,0.014470508265559979,1.7982072916077266e-4,-0.016352487947796604,-0.01118754824760985,0.01815092415984818,0.018336321436305345,0.009718993941439212,-0.02076083431945492,-0.11926394506915713,-0.10815761874747248,0.02485632480697678,-0.0039054272876169254,0.0011276379386224397,0.03564330691186597,-0.008207345264676041,0.029129210555628796,0.014887217364879576,0.009027894344834895,-0.008350349994921112,-8.433819629129642e-4,2.8719676453330207e-5,0.0013307985793857009,-0.003343530287473572,-1.9690674549227468e-4,5.212204391977689e-5,0.009106380473454922,0.011430342596490572,-0.004716086615973763,6.834213976174629e-4,0.006277380383139198,0.001066022322719941,-0.0066597356242225165,-0.0016625375901165524,0.0013080532152638699,0.00849832947239818,0.002520177531675754,-0.0012530835041053437,5.709342732154554e-4,0.005203795090652181,-0.0013240096242490252,-0.0037372289030463196,0.0015401379318315904,7.740475028573437e-4,1.5868471167175956e-4,-1.923339855363121e-4,0.0022149515240188853,-1.539929175151275e-4,3.8114702972190605e-5,-2.7810604255085013e-4,0.0037856249072128183,0.0028112194379130225,-1.4155405361555775e-4,-0.0014274943235413062,-0.001103485053723187,3.407372573045844e-4,0.0033637408344375573,4.5896385597417425e-4,-8.557298113584503e-4,-2.5958843399640386e-4,-8.236533433512228e-4,-0.0012713771492178913,-2.1157687371917548e-4,-5.696829592833618e-4,4.6432238622229197e-4,0.001636435978742198,-6.249502141087506e-4,1.6021948313544798e-4,-3.578197291505764e-4,6.4151802711522e-4,0.002298608652999076,-0.002691362227026116,0.001037691081891201,-3.2356581017870667e-4,0.0017491491938200169,0.0011058551985671647,2.2151006862355463e-5,-2.8209219180581023e-4,0.0010172352778374484,-0.0022581593254210317,9.973514006563766e-4,9.753593345875875e-4,0.002050367401058889,0.0010475719326681243,-0.0023714496792798284,8.336290609520188e-4,-0.001618296127666519,-2.2845711694316405e-4,0.0021130900989273517,4.157196893367247e-6,-0.0017209461734866093,5.203878525275295e-5,7.552756331232587e-4,-5.343599527435015e-4,-0.001158983441391316,4.634263306269009e-4,-5.439886631695179e-4,3.081161253407196e-4,-3.856765190742477e-4,4.696404432770931e-4,-7.766212005006116e-4,6.244132014572836e-4,5.905098870596752e-4,0.0017527886171201333,5.060360967789535e-4,0.0013127851395656352,6.722785090411964e-5,1.668671479077762e-4,-7.192493019785955e-4,-2.1006831550658437e-4,8.935283096994301e-5,-8.610630136827909e-4,-2.7243302980834176e-4,3.802096364801539e-4,-1.5843451137185488e-4,-3.883791970521306e-4,-3.108076892966412e-5,2.9730591709382563e-5,-1.0892262736209016e-4,-2.949566230488717e-4,-8.884908785396888e-6,-4.3547456174450945e-4,-0.0017389816312731977,-6.980969269143279e-4,2.712650838166255e-4,-9.595471327717355e-5,-9.457415083003044e-5,8.931560127159242e-5,-5.396859135821232e-5,-2.1677095402438924e-6,-3.3630047017071703e-6,1.1792161610704301e-5,6.394805699785575e-6,-2.9893823811811245e-5,1.1678232650190751e-5,-1.3586441818216512e-5,-1.57751720452614e-7,-2.177536018561729e-6,-5.012481148161797e-6,-1.1761348410693022e-5,2.288540285355394e-6,-7.033792762334944e-7,-1.129829989095575e-6
C15/C60a-C15b-C15e,0.003675049221041645,-8.507053400356307e-4,3.192738653683482e-4,-0.003289024927065747,0.0018594796306290193,0.001404749083604351,-1.3783787341903195e-4,-0.001646505820970134,-0.003371355995735386,0.0017882043358209841,-0.001331769849558421,7.727993145177159e-5,1.5096457168141393e-5,-0.007645733992769982,0.002258892736911275,-0.004215590709957143,-0.0014183781417283477,-0.004303430711970175,0.0026346265785133893,0.0025235178575727427,0.0053597824065643555,-0.006000014299409238,0.021076514819303848,-4.739659676937486e-4,2.881749263152212e-4,-0.004582891329797084,-0.0032345305655660014,-0.0020453963221746157,-8.920241186449207e-4,0.0019388638638119819,0.00910619480926537,-0.040749475948724245,0.01386305167450087,-0.004797241377184526,-0.007613804433471399,0.0015250138663112072,-0.0030699211851991756,-0.0025375385598921355,0.016098870857350747,-0.005850034519489005,-0.00876574665182725,0.004451524953837646,8.20835197692024e-4,0.0029219227312456096,-0.00962596510079802,0.0029104434109924722,0.0013765614551769676,0.0025507301618314655,-0.0025944112706291324,0.014533884448967981,-0.005856474771212083,-0.0017873171082106846,-4.2928486321619063e-4,-0.001266837896533785,-0.00291089043981383,-0.011730895533529729,-0.002841675954171857,0.0038641302038842475,7.517669888631374e-4,-0.0028479077361584135,-4.894595693808936e-4,-3.6729554368004316e-4,-7.467164186943191e-4,-3.9787925427180144e-7,0.001019731408914804,1.143762612294369e-4,-2.925240740825927e-5,3.2736300577315637e-4,5.81585381932952e-4,8.320695043561977e-4,-3.154971829572604e-4,8.008908508459702e-4,8.249179818889623e-4,0.0013292466411832626,0.001025172527275532,2.1353671673460204e-4,-5.516804848429886e-4,-5.294091603614573e-5,-1.966659567410673e-4,1.1489945379499011e-4,9.175334606983182e-5,-3.790373234826638e-4,-8.848150859313508e-5,3.751145097525043e-4,-9.965553905327753e-5,5.408605230923427e-4,-4.267537661697971e-4,-5.970754126583813e-4,-9.047841168159392e-5,8.934222157163189e-4,2.5638067871815726e-4,-3.0020823438436895e-4,3.33802452390886e-5,-0.0013848415691753244,0.0012704263262860763,-4.108359972870793e-4,0.0015786080293818294,3.5165952762600944e-4,-0.0013484509625826548,0.0011688573808327995,-0.0012665442701283614,-5.836847567931225e-4,-0.002937479361784018,-6.303220327330329e-4,0.0012913979899965122,-2.0052571298128128e-4,2.275093419844378e-4,2.656717499670259e-4,6.635907350047283e-5,1.86586110484069e-5,1.2280744441764193e-4,-5.091464041801914e-5,-1.1071073527521699e-4,9.66330559713358e-5,1.2399644858030907e-5,-1.3422741616312263e-5,-3.966502403884228e-6,1.6762070445057102e-5,4.7692127708306e-5,9.32186170759543e-6,-1.1637953134650152e-6,-2.6872185059953913e-5,-2.069496667770976e-5,-4.8853201743319795e-6,7.355410509862079e-6,3.767469179217384e-6,-1.908806900283578e-5,6.670795581656546e-5,6.051353251989877e-6,3.7369166897759856e-6,1.1755648799814341e-5,-1.9407100018311334e-6,-3.6703503549442687e-6,-9.979957425567052e-7,-1.968558495147084e-5,2.4685863341641924e-6,9.6915911622897145e-06,-4.67405008589229e-7,-3.3840527682147852e-6,-6.667912146270442e-7,1.5455527192110185e-6,4.864910472239804e-7
C15/C93a,0.0024208509822701597,4.11763807821269e-4,-6.5377790029761e-5,-0.0037001559128757642,0.0013693034490255905,6.968064657780549e-4,-3.152474451017138e-4,-0.0011211771986202126,-0.0017284294418962824,0.0019397559617754018,-0.0016731538620150302,-7.715044328718039e-5,1.8769602296472886e-4,-0.004941216891916423,0.0011225822273991193,0.008406634750940816,-0.012754298713683162,0.005725328503875108,8.133798527156024e-4,4.2933726104371265e-4,0.005809197574047579,0.0023666161273881046,-5.480431005574173e-4,-0.003117104393442176,-0.003394346706905078,-0.0012241343736035457,-6.70906566210791e-4,-0.0018121319803010405,-0.0037874344443451337,9.492192128120218e-4,0.0016463604460154827,8.373118221860974e-5,-2.6027062037653817e-4,6.535145422990124e-4,-3.845881554147855e-4,0.0034545288598538267,-0.0013093837056364738,0.002141662506438011,1.1130776173714871e-4,0.005625124585511414,-0.0017364104585957298,0.003081476911043898,0.002584054821722056,-0.006413935623676515,-6.513257346740591e-4,0.0015303824048706418,0.002064895839651759,0.0017489390267470721,-9.93689759601882e-4,0.0013409849044472442,0.0017337857857626553,-0.0010783800684380273,0.003069468599188716,-5.303889445333556e-4,0.0038411556450186927,1.6681825369202296e-4,-0.0034820360866715254,0.005181356024480398,-0.0011195567195218064,0.001828818738156801,0.005259697023488436,0.002137357874519843,0.031635355588832965,0.011985282340478083,0.0035518566488538825,-0.0018754083033929716,0.0013098608935139056,-9.643627156524545e-4,0.0014833412313571726,0.00200541103101016,6.163535589276454e-4,-1.956260211991162e-4,7.405070283266708e-5,-6.664392060717073e-4,2.957569759504757e-4,6.634166549307804e-4,5.089806094633915e-4,-5.735495378865653e-5,6.254355077978578e-4,4.7986133662766334e-4,0.0012678009914545813,-3.7214394599855555e-4,1.0559640374585734e-5,-2.3985267469546438e-4,6.27457795679221e-5,4.87473707855108e-5,-6.581911627156844e-5,3.198121963828879e-5,-1.8555075195754886e-4,-6.0370357783211855e-6,4.6448299227115685e-4,-1.748270813742684e-5,-6.246207104770704e-5,-2.2158826345334117e-4,4.318495065681635e-5,1.8267390753124495e-4,-3.7500184822250274e-5,-1.0031966894175377e-4,1.8627089714024717e-4,-1.0708759544370785e-4,1.6136639210751356e-4,-1.0089990568441613e-5,-1.2881507085912124e-5,3.431976840353405e-5,-1.608585876587724e-5,-5.2740127099526684e-5,-1.1427587297980475e-4,1.3885242030308516e-4,1.7702505295418878e-4,-5.521399391673789e-5,4.567518225389235e-5,-5.1747408446655104e-5,6.74014761025327e-5,2.382588088089736e-4,-1.7975497554242198e-4,1.3231248416522396e-4,-5.187797468665234e-6,3.00412533869088e-5,5.494947415429828e-6,-2.2869431815128638e-5,-4.848095214408268e-6,-3.467582071577554e-5,4.097595225566124e-5,-7.93800408182103e-5,3.152445594154313e-5,-1.5319855888844836e-6,-5.6300802652025285e-6,-1.2572747105582295e-5,-2.3706586927577596e-6,-2.3830310997414166e-6,-3.8050607528508557e-6,1.6179992966768795e-6,7.901174770966915e-7,6.2893838788300225e-6,8.925022381101562e-6,-1.0911921844408299e-6,-8.358408711476073e-6,-3.3716803551993346e-6,2.1645118783572513e-6,9.970040889225715e-8,-1.8594690771519322e-6,-2.6510681344051945e-7
C15bd-C15-C15bh-C116o-C15bu,0.025378203665224062,0.004579217645361412,-0.036511674888938174,-0.10420079644090327,-0.19053741004103383,-0.03137068821247641,-0.009636189152563769,0.009510139082622075,0.014501054953341683,-0.006888970155006276,0.005773202265625077,-3.317674402963783e-4,5.836194483286646e-4,0.009665380551010665,-0.002323308616992509,-0.0034760266633679674,0.0026313483853753323,0.00548111769016889,-0.0011956971955394008,-0.0031162880173703786,-8.129775589518911e-4,1.353866620139055e-4,5.2630234560664826e-5,-0.001954329329354642,-4.406351713268364e-4,0.0013181368721991618,4.648941142014963e-4,7.542420311293221e-4,-8.43258614364033e-5,-8.152427727964983e-4,-6.708070633056996e-4,6.615067305756077e-4,-6.745623727937973e-4,-5.216655005311232e-4,1.7014595067260163e-5,1.5923075022026732e-4,3.394318801540185e-4,-0.0016116024735034374,-1.3715391169588902e-4,-9.529224556602975e-5,3.0510230993728446e-4,1.7182758752030616e-4,-8.68777838972709e-5,2.322725598269799e-4,1.3936192518383485e-4,-6.201362454338872e-5,3.3779672153266057e-4,-5.406557289871239e-4,1.189876801828959e-4,0.002760951208051853,-0.009975538651561344,1.5911588799002007e-4,0.0011658544267248517,-1.9871424001800713e-4,0.0019948906074648684,0.004812034561808871,4.2854681653538653e-4,-1.2769342330292186e-4,6.888759159351342e-4,1.6302707436114517e-4,2.14620831430395e-4,-9.493401720243376e-5,5.606476927429293e-6,-1.0758876843216321e-4,1.9579787660260097e-4,-9.078398456488704e-5,8.356507816400964e-5,-4.2856099471595136e-5,1.0347804360302686e-4,1.8095291983049035e-4,-1.3587023702234634e-4,-2.768510410291203e-5,-2.842016686383153e-4,-2.564435788852888e-4,-1.9075342475751534e-4,-1.4053641187162974e-4,3.147318434908485e-5,7.221576955818484e-5,-1.749371844417225e-5,6.532721668600613e-5,1.7519319169322478e-5,1.4782839249650932e-5,-1.5043057916566504e-5,8.58418003101604e-5,-1.2389659121895062e-5,1.9409131488877285e-4,-1.514140222858545e-4,1.3100232826588964e-4,1.7527346922727844e-6,1.2863137643971922e-4,6.674927219348276e-4,-3.3703169861542084e-4,4.550327885848714e-4,-2.4103914355854338e-4,-4.8520198773501015e-4,-4.346652721828508e-4,6.966513351944357e-5,2.486528142476713e-4,2.7919508961258356e-4,4.935464591842567e-4,-6.963734272391703e-5,-1.1729616005866274e-4,2.4594389033496367e-4,2.740536564193946e-4,-5.575017465810864e-4,-0.008692053978094548,5.236629234670945e-4,-0.002698435824384886,-0.0027395852185495297,-0.004256352454902857,0.001088432233367394,-9.745562606860728e-4,-5.691695969541733e-4,7.371837849006142e-5,-0.0011279583304521148,2.03241114236693e-4,-2.5467017041079114e-4,-9.223116655538318e-5,1.528350429949562e-4,-3.5946318529053646e-4,7.779364585519285e-5,1.302693210194341e-4,5.2719126108721586e-6,2.6755508754278584e-4,7.794234795173381e-5,2.4121915819970493e-5,3.521585537480105e-5,6.588175511344561e-6,8.546952920846271e-5,-1.971912573139622e-5,2.1016196767872924e-5,-2.4276650937486844e-5,4.323202549570639e-6,1.936355862192133e-5,2.289141130520861e-5,7.42410887622487e-6,1.882935440323943e-5,-7.954416177440194e-6,-5.876582959718325e-6,1.0567911878736957e-6,5.1269077593545035e-6,-1.575643502116816e-6
C15bd-C15-C15fp,0.020407859165515393,0.002532676786223324,-0.02867204328198107,-0.07936294315167042,-0.14086615410621617,-0.022689248322742803,-0.0068738631605103,0.006671289554130316,0.009992369592119061,-0.005096873454192431,0.004925846276844421,-3.926566569746389e-4,5.594083704118622e-4,0.004221936165590959,-0.002373545472955731,-0.0019534813257334545,0.0011320940885274054,0.0013036169705785779,9.868486876459849e-5,-9.964544785572989e-5,-3.610449805747359e-4,5.936290745088507e-4,-2.0860456811546267e-4,-2.730444431746836e-4,2.6536611385885605e-4,-0.0010219134608786752,-6.182433572726008e-4,1.8992690326482105e-4,5.449227241598469e-4,3.5985839358284547e-4,5.521357374959369e-4,1.6112608342465948e-4,3.1571997722605166e-4,0.001099088997804206,3.567942723866334e-4,-6.346309609703634e-4,3.0088522598841334e-4,0.00224940260906626,1.782397138269482e-4,2.4853879319259416e-7,-1.2098557068107493e-4,-5.037280798688671e-4,2.2689833227264428e-4,-5.630755956078934e-4,-1.2443025919832494e-4,6.185935667695949e-4,-4.9609466662910326e-5,5.171206967127518e-4,-0.001252527249541033,0.0012282924442595087,-4.281251930055869e-4,1.394146281785385e-5,1.6466295688946783e-4,3.603898209426915e-4,3.036909806070741e-4,8.441491740720792e-5,0.0010304172213752673,5.677045809085738e-4,0.0014093430844363956,2.5581943774369295e-5,0.0016815467565595786,8.577363917381559e-4,5.08192719692369e-4,-5.011739425843478e-4,-0.0016460434415278336,8.144689015673216e-4,-1.7359775197583666e-4,4.741239179717177e-4,-7.590895261287278e-4,-0.0011765790754787184,5.952813528517488e-4,2.8666120224074077e-4,0.0014131416765808895,0.0011374663348863192,3.3617202716494454e-4,4.413373249988043e-4,1.6120367337153654e-4,-3.3312450780257854e-4,-1.7284375069101976e-4,-2.927997697067407e-4,-1.3537232633370654e-4,-1.4127500867160074e-4,-3.101244713436813e-4,4.922623449799868e-5,-7.558669615130775e-5,-4.984683409304199e-4,-3.5356604047062347e-4,-4.628623338287384e-4,2.362454192309578e-4,-8.391698858779407e-4,-0.003241600113057913,0.0017365243343029726,-0.0023480081534086555,0.0018417272071246174,0.0023901862227672533,0.001998365890151323,-5.68899879438484e-4,-0.0010322775553041653,-0.002095318949138971,0.0024391956632762724,3.6763088368352005e-4,-4.866821685575755e-5,0.0010141010497166033,7.78190151147927e-5,-4.5103038750321257e-4,-0.0025184280378648307,4.5044580995292456e-4,0.0016585302667692196,0.0037952347181182135,0.006481992347343002,-0.0016752179624648473,0.0017843344734292444,9.36419632114152e-4,-9.36044319899873e-5,0.002576069337469651,-4.3845091386977456e-4,4.1074375400188614e-4,2.4742698038421985e-4,-3.501245039654363e-4,9.336128460934543e-4,-2.0813379237148607e-4,-3.472006044406443e-4,-1.673909039713412e-5,-7.127344996611495e-4,-2.476873503525871e-4,-6.127393620548532e-5,-1.3201611043099304e-4,-4.245064513576282e-6,-2.2932201125709046e-4,6.081315231836386e-5,-3.988399552159993e-5,6.560473144618722e-5,-1.4094316519320528e-5,-6.404034413243573e-5,-8.108496434553998e-5,-5.8436767466825294e-5,-7.207818294178779e-5,2.489220835771589e-5,1.0888849276859685e-5,-4.12160656675344e-6,-1.5246999349648643e-5,4.365594857008689e-6
C15bd-C15-C15fp-C15fy,0.021674706858988542,0.0029195769148834564,-0.030599275678134877,-0.08506563056464565,-0.15181827149610627,-0.024505258497138607,-0.007461944973327913,0.00723429426724207,0.010919953341355003,-0.005454210069083136,0.005116012165914994,-0.00039402406495883386,5.745106784696025e-4,0.005206927494461019,-0.0024346749634125836,-0.0022236722560980064,0.001425830930096269,0.002000079254371903,-2.1031997391317303e-4,-4.887085260466153e-4,-1.3606310926098883e-4,4.787928722252702e-4,1.4323507964742396e-4,-5.72683167658134e-4,1.0872312341402398e-5,-6.125792637380509e-4,-5.728896176936025e-4,1.921865724711521e-4,3.155165038160077e-4,2.1004239483163382e-4,5.343943852796563e-4,-0.001999151461533807,5.853883519457149e-4,6.377264566229351e-4,-6.078104302445406e-4,1.031653402033109e-4,-1.2035495009949069e-4,0.002258998573287718,-1.0756081794340498e-4,4.473737857879596e-4,-1.8847479653019052e-4,2.2176203640351583e-5,1.594105829309149e-4,-5.25678634564446e-4,-3.340779157185916e-4,-9.776955615235928e-4,-0.0010151387741547436,6.908201479672426e-4,0.0018390634036045354,-0.008025596544160074,0.026993648188973852,-5.053605430833264e-4,-0.003434720660534857,4.250460832323438e-4,-0.005017282168105845,-0.01318861299276968,-0.0019006331946371123,-5.84093910118716e-4,-0.002020913205382538,-5.027092449953368e-4,-0.0016680456360901711,-4.301691749558648e-4,-4.524719888098815e-4,5.722681151819001e-4,3.264761558938358e-4,-6.345102791964598e-4,2.1496210924414858e-4,-4.80482393622256e-4,5.499918113145363e-4,3.147098854945575e-4,8.330030256052457e-5,-1.036316368852788e-4,-2.91933702019498e-4,-1.576398803681863e-5,3.7105351844320627e-4,8.595198799424024e-5,-1.2302938073357184e-4,-1.2341008468366412e-4,8.003606666103982e-5,1.0065546588719017e-4,-7.829720301714988e-6,1.5983350720954318e-4,1.982372612301402e-4,-1.7120614789470953e-4,-1.9899383121560844e-5,-1.3738384085177954e-4,2.368771161003199e-5,2.2226919784829613e-4,-8.585198511396706e-5,-9.528743558839181e-5,8.549643824273996e-5,-7.162494351981568e-6,1.9061885252018773e-4,-9.674995302792245e-5,-7.208388187843942e-5,-9.837816851631703e-5,3.354881433773326e-5,6.380734814677497e-5,1.1372128072487705e-4,-1.3269435905828266e-4,-7.556761990900932e-6,1.7046345550446294e-6,4.2030208068850766e-5,-4.9643903014869496e-5,-1.0442520551809991e-4,-1.2450895388488394e-5,2.165444448099238e-5,3.16524384014846e-5,5.364403825547166e-5,4.73976042256781e-5,-2.31621723382692e-5,1.3364639309766565e-5,4.443389471173558e-5,-1.5702917611674443e-5,6.377477624492871e-6,-6.035988017423976e-7,7.970971306740804e-6,-6.329512648552147e-8,-1.3111892503388057e-5,2.5191565131269787e-5,4.946332297789612e-7,2.0952980218869122e-5,1.8507098476704782e-6,-1.183050623713776e-5,-1.3654475770220544e-6,-5.108421702650206e-6,1.976379221200332e-8,-2.289356348727269e-5,-4.4924615480469075e-6,4.4043021550472895e-7,-5.220500556829571e-6,1.2656153912736995e-6,3.902773784082117e-6,-2.513127621141058e-6,2.02620577488886e-6,-1.9279414374086007e-6,-8.476366257830573e-7,-1.520341390407101e-7,1.177882465110233e-6,3.839074606849005e-7,-7.728409752267331e-7,-8.685491426737881e-8
C15bd/C15bh/C15-C116o-C116p-C15r,0.025800584667347328,0.004836522046797571,-0.03717291241832975,-0.106599883466227,-0.19547914875487077,-0.032227228745967264,-0.009991459205504634,0.009778661270538341,0.01503293162332829,-0.007049565921914769,0.005747914609056438,-3.8436865698311906e-4,5.941878831112177e-4,0.010451833520885061,-0.0023319011565516453,-0.0036707003994519757,0.002841137620748116,0.0060854833361941195,-0.0013805870817444504,-0.0035251456715523414,-8.162084455032386e-4,8.074328498399507e-5,7.76774184559202e-5,-0.0021313161809991166,-5.888083006671485e-4,0.001734386276325274,5.878226112118615e-4,8.509107712586142e-4,-1.6851916421112864e-4,-9.895081683378112e-4,-8.679940213101918e-4,7.271117074926343e-4,-8.495669642157752e-4,-7.554623934310452e-4,-2.9982984162844375e-5,3.309049158759483e-4,3.549597450086299e-4,-0.0021346886494211493,-1.90817348203786e-4,-7.649555608055166e-5,3.931296406125896e-4,2.802315239025739e-4,-1.448552684756135e-4,4.3659920665403934e-4,1.8766402286062727e-4,-2.455013045806162e-4,3.806047938076671e-4,-7.158368551737106e-4,3.700410382332919e-4,0.0029933457866837473,-0.011413459214475846,2.0527244999455442e-4,0.0013015654782188044,-3.186213316946346e-4,0.002235685882173778,0.005536314441639134,3.978653772309471e-4,-1.0143712121830696e-4,-5.070425227338363e-5,5.875833481569894e-5,9.002881620415069e-6,-2.0959568942958818e-4,-1.528684817617304e-4,1.286787280760435e-5,6.135887852481545e-4,-2.8045721690913384e-4,1.5284890278840783e-4,-1.2857854429342114e-4,1.7726815884771575e-4,4.965153902613374e-4,-2.2890947966408765e-4,-9.650498767451983e-5,-5.831196210082988e-4,-6.036238109291482e-4,-3.2740951380343174e-4,-2.6372525421934764e-4,-1.0214027016668175e-4,2.3904748776679854e-4,7.679097052888662e-5,1.2437179130990296e-4,8.40462660007908e-5,2.0035496759600913e-5,1.1112541424095857e-4,3.66735979549655e-5,2.465424307619176e-5,3.4647415390036233e-4,6.98057167166803e-5,2.066186503785315e-4,-9.934750389475032e-5,5.112987409864354e-4,0.001969714970450854,-0.001058116679998472,0.0013652394504777272,-0.0011576936022697965,-0.001645177569135647,-0.0012830868049008744,3.376498610266302e-4,7.324991989223965e-4,0.0013457061987580323,-0.001829738183059037,-2.1102139074489476e-4,1.6881606358395076e-4,-0.0010277108521710315,-1.5180571665308364e-4,9.342536040988063e-4,0.010284421651112008,-8.565756792929079e-4,0.0012921951711851842,-1.5562799440963578e-4,-5.506207588832787e-4,1.507398792118224e-4,-2.794024837708371e-4,-1.4099578991578828e-4,1.4922683688817502e-6,-5.793070965756403e-4,9.852351788613983e-5,-4.8577151692980855e-5,-5.034378198719557e-5,1.0577971569520018e-4,-2.3690556015707373e-4,5.650154936685498e-5,9.317626632076894e-5,-1.8813032266506714e-6,1.938543262964262e-4,5.961797813231342e-5,2.3672932415149817e-5,4.590132778977247e-5,2.1286001805204677e-5,5.260890922603288e-5,-2.2852442330070853e-5,9.60301859182633e-6,-2.2103878053005394e-5,-6.001828279771722e-6,2.494094226613397e-5,2.2536455624525185e-5,3.6717828055343445e-5,2.00628514716704e-5,-6.9614109307762e-6,-3.663537381120697e-6,1.0654709160302066e-6,4.3428740850559434e-6,-1.3299862627097585e-6
C15cd/C15-C15az-C15cg-C15ef-C15eg,0.009983099840487052,0.014419793241739136,0.0015471389330902752,-0.010213743715127746,4.0430164499597626e-4,0.003992482110895265,0.0019009159307328278,-0.0028950743986912615,-0.006893923653165683,0.0037627477921585105,-0.002562386886194396,6.274973790446431e-4,-1.411497110920379e-4,-0.02323767863835182,0.005482038806823066,0.014218029307157529,-0.02057498085955537,-0.023389558253267946,0.015393325959350657,0.04197326869899957,0.05561672414435325,9.638392397816769e-4,-0.00959244068976188,0.10934957803693775,0.04981532281406148,0.021390194814923838,0.0016966271253561194,0.006898330682039941,0.0022155731192162937,-0.0040670734450545835,-0.003057431256070582,-2.0141533841064858e-4,-0.002048507384193171,-9.33910783520965e-4,-4.4773290344984375e-4,-3.5781165585485036e-5,0.0014171389504090365,-0.0019521439600388329,-7.994397537783862e-4,-4.713724187521166e-4,0.0010316123235218763,3.2544571231136075e-5,-8.14586565093798e-5,6.212415683489444e-4,-5.423912659828497e-5,-8.988635013654729e-4,-1.7546916652760473e-4,-7.309308275839488e-4,0.0010276819720280075,1.3830960778004342e-5,-5.146488996802429e-4,6.530172741897937e-5,-2.1630580932034373e-4,-3.3757859361382235e-5,1.9091734952161234e-4,-4.060478515992876e-6,1.5856170683435856e-4,-3.4480350951687197e-4,-2.4754788943968505e-5,-9.993649069135777e-5,-1.2964467707243475e-5,-3.9150213876947704e-5,6.95964186960258e-6,1.2376018093048012e-4,2.9941722741807252e-5,-1.4014646551199485e-4,8.368096096484052e-5,-1.2324208779481848e-4,8.363362461745923e-5,7.256155642457655e-5,5.165569793956526e-5,2.8290371349407437e-5,1.3997282891882293e-5,-1.2530305580710201e-6,8.560302033414957e-5,-4.742946404906512e-5,3.375212241614054e-4,-3.6521964253064936e-4,-2.5651554393991364e-4,1.1685119952116502e-4,1.0843606437485042e-4,-1.6088693369018823e-5,1.4080889878062431e-5,-1.3482059354479921e-5,1.9704613725479216e-5,-7.354859834685445e-5,1.4398085389414548e-4,-9.314603090225297e-5,-6.817978578066653e-5,-5.908065581358853e-6,3.1659269611472476e-4,-1.309539352221062e-4,2.056013205457049e-4,-1.982661105603744e-4,-2.7585192046070166e-4,-2.51099974929605e-4,1.1101518157742961e-4,-1.8603481317395843e-5,3.6621917464545986e-4,3.4430128881760753e-5,-1.2007371950795119e-5,4.349356242839866e-5,-4.6476895294638854e-5,1.3199505780971073e-4,-1.1977922375206898e-5,-2.191303471176338e-5,-4.854573395401573e-6,3.848533217491741e-5,-1.940537192687492e-5,-4.071961977960911e-5,2.0124421838146942e-5,4.865947868457582e-6,3.14888135675077e-5,1.4579470587700367e-4,-9.5051837651813e-6,1.2299659543754102e-4,1.4338739465559008e-6,3.089659483872956e-5,-2.1214616130996795e-7,5.3627526535776744e-5,-3.3445847411504895e-6,-4.020702033873873e-6,-1.7566307494824036e-6,-2.9024002695447657e-5,-9.941079445167911e-6,2.7724834141181428e-6,-1.0096857783799951e-5,-3.5471720370824966e-6,-8.686532890594844e-6,7.95730045435852e-7,-7.5023276932446025e-6,-4.916181434969046e-6,1.770747437486055e-5,-6.204897050604028e-6,-2.193407344700489e-6,8.787496486057235e-7,5.2772067877562295e-6,-6.750092317302807e-6,2.6935853317884794e-6,9.730187951847548e-7,-2.340972883746031e-6,-4.4045988213437575e-7
C15cn/C15-C15dz-C15cq-C15fz,0.011747449020253016,1.0942320926513694e-4,-0.010422796843484468,-0.01144287015181792,0.011126756685817122,0.009203605670763691,0.0035150456814245362,-0.0074882409204745865,-0.015958993925108435,0.00939455698548403,-0.008007976564285901,8.114829683372055e-4,-1.5470665449706178e-4,-0.11827906178221635,0.07868269189501147,0.01643424510927816,0.09201433351879451,0.04089053754858093,-0.03470568216035461,-3.7627188559636807e-4,-0.0046441614281926315,0.005770050964069067,-0.01665196256686909,-7.31848093267737e-5,7.909774228227804e-4,0.0028660272134326376,0.0017003720783868165,0.0010509381787429236,4.6997875893095987e-4,0.009891044602792678,-0.006178164542232262,-8.039173431795136e-4,-0.0078111111565592976,-3.9766872550494865e-4,9.442706360568736e-4,-3.396518028888872e-5,-0.0017395812328509276,-0.002623818694199212,-0.0036275500257832052,0.0015729247263226325,0.0026426542081326746,-1.2604369163451087e-4,-0.003601319985117636,0.001081150384070636,-0.009374081275320524,-0.004339363139413321,5.761166737898798e-4,-3.426296976945381e-4,0.0013493222843217658,-0.003490071146813049,-0.001558387182425676,4.172807088898947e-4,-0.0016951426035047186,-0.0015209576638367465,3.787316520854958e-4,-3.531849721080766e-4,-3.592234308616702e-4,7.775235602072535e-4,1.7140820626899105e-4,-9.4248385835025e-5,1.1502484086398982e-4,2.1311685051531506e-5,-7.9363582929042e-5,-7.089447060929775e-5,9.431898174670986e-5,3.523290912267298e-4,-1.3565301618394287e-4,-1.4234609002380165e-4,7.694279968617344e-4,-1.5993422707022447e-4,2.0660436675525018e-4,-1.215371495719731e-4,-1.9886876017247864e-4,-4.7782249826661827e-4,-5.187318245516211e-4,1.889949060925148e-4,-2.4197838260394907e-4,-1.1892659594909094e-4,-1.3147572085840073e-4,2.7320008780516676e-4,9.240385154106526e-4,-2.366372127945897e-4,-4.4504905786044575e-4,8.014098824743255e-5,3.861524316921743e-5,5.876199572279849e-5,2.7853364538750534e-4,3.1714953809955224e-4,-8.48399042082792e-5,-3.116551622945254e-4,-1.8702614273506478e-4,1.1337273921350715e-4,1.2230163325574966e-4,1.8997685049477615e-4,-2.545214322692047e-4,-4.676776956723212e-5,-1.1127495233218622e-4,-1.0680919079621432e-4,1.3145658889296652e-4,-6.219794971540769e-5,1.1335586581146783e-5,6.265985486062101e-6,1.9429848715884078e-5,-8.556519988608418e-6,-9.193009869573417e-6,-2.1224657897364468e-5,-1.4393105222424157e-6,6.44982874462459e-5,9.764446851334713e-6,-1.4355820918894428e-5,-1.7086352630499994e-5,-7.095587598003354e-7,8.220756116813484e-7,2.302300486579927e-5,-4.3192056977236076e-5,-2.7144753135372964e-5,-3.5892625874964193e-6,1.0157575847481242e-5,2.1915003814629337e-5,1.9656352080753034e-5,-3.5302229579820507e-6,-1.614797081530629e-5,-3.808463208359991e-5,-3.1041859997722005e-5,2.6202787777653102e-5,-6.428979531854034e-7,-1.8920924605125385e-5,1.5688373585846828e-5,-1.9179324418717897e-6,1.3470757625516263e-6,-3.738922517439645e-7,-1.837725365054985e-6,7.349948490430152e-6,-3.097134992199996e-6,-6.039466053897946e-6,4.173569777306186e-7,8.185306886882831e-6,-5.708976738078383e-7,-2.8050208726791547e-7,4.398502491407671e-7,-1.4688168143875068e-6,1.283356642029258e-7
C15cs-C15-C15cr-C15ec-C15gm-C15lw,0.012835367368231229,7.039881721274673e-5,-0.012753617580425581,-0.02385446741354185,0.025565195102972792,0.032742039989335364,0.08239068393687855,0.07283246775291363,0.03268347283267966,-0.0119786274596884,0.008014719459703782,-2.0114554467060323e-4,1.8141562921459466e-4,0.008708754400538931,-0.0022075486939960066,-0.005381841718665057,0.005383432906324624,0.0018339370563614083,2.767317332444778e-4,-3.766715843521737e-4,0.0014206699899524508,8.448878784985054e-4,-1.8869565840616193e-4,-1.3876507277489375e-4,-4.1779432639737737e-4,-3.8132761821841807e-4,-4.627460692899438e-4,5.056453181015503e-4,0.0031272822844809656,0.001501801219964909,0.004769411625703037,9.539827699663803e-4,-3.1780822400029264e-4,-8.083600152922259e-5,-5.915209400135689e-4,0.0016081162514309795,2.0957196071401242e-4,6.012666453088095e-4,-4.4649443382331936e-4,-3.6285169122410446e-4,8.870978277796947e-5,9.62569088130123e-4,6.846786209527131e-4,-0.003438425063705771,-5.332679644711992e-4,-3.690433005382656e-4,9.997399803349078e-4,-2.5258088320521976e-4,-6.413919160304078e-4,-4.658936691516359e-4,7.631943727121513e-4,-0.0010035170150864228,7.415307057149872e-4,-0.0021773646515072195,0.005970438438850889,-0.0035191268743058695,0.017764891350902395,0.007499681630088762,0.0027261393771913366,0.002745991584342475,-0.005129978089395804,-0.0060105441033915085,-0.0021866144833849886,0.008607874997401451,-0.0017403425679652152,-0.001749562655033715,4.4567988468841594e-4,6.932876757005633e-4,-0.0017228442819524719,-2.3019453072262587e-4,4.073074998440157e-4,-7.475718694372563e-4,0.00063548060018347465,0.0024410973472577977,-0.001304146853868116,0.0010498920120911106,9.445383215427273e-4,2.2815568256742623e-4,-1.5763320506631168e-4,-0.008076241092059847,0.004080424109539383,-0.001424492175140928,1.1364112446043559e-4,-0.001391653176408363,-0.00206597381270651,-0.0026251416772259907,-8.907038889352434e-4,3.527497889507887e-4,4.73925620208461e-4,-2.7559379447804042e-6,2.220886304092048e-5,-3.3671106386692624e-4,-5.373104872444973e-5,2.507001854030051e-4,9.051078939051064e-5,2.6678317089549118e-5,-3.1498308473235334e-5,1.6308696164745552e-4,2.146422468678514e-4,-2.455441168077486e-5,7.906022648221287e-4,-1.4138838739804352e-4,-6.340534744730661e-4,-4.50481168575187e-6,6.551733115940247e-5,6.270593550760772e-5,-1.3016001034028729e-5,1.7188719871156736e-5,-3.5504577455114936e-4,-9.466762625695761e-5,-6.639435948686709e-5,4.481634817459119e-4,6.52045998707045e-5,3.273882894315977e-5,6.457012396343263e-5,-1.6540935274032484e-4,-5.954283419560817e-5,0.0015593200300986706,1.011295914202481e-4,2.4761038621926738e-5,-2.208649882808493e-5,-7.007071315707522e-5,5.574769789574693e-5,2.6379572715775886e-4,-2.0378097266687752e-4,-5.4307128556541145e-6,2.0774781063175255e-4,2.9773902166631207e-4,4.371653335376278e-4,-1.1868454851212558e-5,7.336764155643324e-5,-8.97706825935714e-5,8.584963710853932e-5,1.2799903289062236e-4,3.1780687267906216e-4,-3.627510390619242e-5,-4.989254881423795e-5,-5.547158282250088e-5,2.3334336159520437e-5,1.0252954180608686e-5,-6.696290425023341e-5,-6.818117494555981e-6
C15cs-C15-C15da-C15hi-C15cr,0.019044644352558412,0.0017195068530064786,-0.019598746552918326,-0.03699226220914156,0.04218525833498006,0.05505231762246526,0.14113818696725236,0.12571127185493297,0.056922475542291476,-0.020831519610098152,0.012943623152954241,4.407855655279272e-4,-1.435204979995891e-4,0.01980280731638371,-0.0016677323856515048,-0.011801403888797263,0.012244979926948575,0.006879363561322163,-2.1123290423892175e-4,-0.004313935293982734,0.005777846088352258,8.590265585515384e-4,-2.1272456460943046e-4,-7.462910922358958e-4,-0.0015707344982813691,0.004181777315102209,0.003211021485401782,-0.007241688074233655,-0.04749780900088777,-0.011693567719710318,-0.022744077210461223,-0.004119262162105411,0.0014224194164772172,0.0020265538697871546,0.0015607801937337802,-0.004672425302621054,1.8901679510413368e-4,1.8046570098988584e-4,0.0010239479811145497,0.0010888868956255102,4.0888479166019534e-4,-0.002053294320712831,-0.0015180526947559793,0.006962958991234591,8.604148611456765e-4,-3.4994991921976075e-4,-0.001918771924955966,-1.991968022968988e-4,0.001350698194097159,1.6313455226293948e-4,-0.001249052080713783,-0.0015916178982404291,-9.063767214268953e-4,8.92494374495776e-4,-0.0053581870541482045,0.0028402949468922935,-0.01162867906923015,-0.0051720932960610585,-0.0010391992185356247,-0.0018490428173897596,-0.0013232720264034388,1.5871246337053937e-4,-0.0017297506239159289,0.0083700197320554191,-0.0033625174156537733,0.001630075817901693,-2.734996003106551e-4,-3.574142047951813e-4,6.324491689396436e-4,-0.0011507797322835994,-1.8893886985410385e-4,5.682270497879287e-4,2.1896386248686497e-4,1.2386478501764394e-4,3.361325796674175e-4,4.846197018729473e-5,-1.3328335912314031e-4,7.94451385229029e-5,1.4916179293806637e-4,0.0022238294106385415,-0.0010509817273352663,3.053215621192768e-4,-1.5095335946888045e-4,4.1259587944902747e-4,3.608365463445412e-4,4.1644645879435185e-4,9.025166035929788e-5,4.07180858789514e-6,-5.737845177585739e-5,-8.974667559144945e-5,-2.2890476503776205e-4,1.2463591684591863e-4,-1.918685610233935e-5,6.494686126709402e-5,-4.064970346079615e-6,2.1576377185967648e-5,4.0160086057141275e-6,5.950417135268277e-5,-3.892887073413387e-5,7.635487083788949e-5,-9.324880852277533e-5,4.967318851006245e-6,7.34486914241769e-5,-3.0868324299107984e-5,-1.0426569995304441e-5,-2.5766879625471546e-5,3.0144416435228123e-5,2.3679475220186192e-5,8.848564455648587e-5,4.1524143228360254e-5,1.7377962380197655e-5,-9.669089371542015e-5,3.983127234403672e-5,-2.032918739885849e-5,-1.30306326771425e-5,3.3510576965555366e-5,1.1565911698226535e-5,-1.8106561187699612e-4,-4.3157577377349985e-5,-2.933450463208202e-5,-1.2869509408179762e-5,-2.0919164868832478e-5,8.218188737631004e-5,-2.5334938611956647e-5,1.1108689656608503e-4,3.140752297880015e-6,-7.013520749747948e-5,-9.380976266285603e-5,-1.1927121708119094e-4,1.8864871685846167e-6,-1.654376743553621e-5,2.1360635068486536e-5,-2.1114801318950483e-5,-2.6425567917191846e-5,-6.503482513296609e-5,8.432653725945889e-6,8.497720380388495e-6,8.332429532561889e-6,-4.305983430513069e-6,-2.0458200220531343e-6,1.0891374630022943e-5,1.2586681516570624e-6
C15cu-C15cv-C15-C15co-C116-C15cw,0.04951389295067071,-0.13978323087544164,0.16907902246449605,0.04299417338403632,-0.021402741032209186,-0.010031161671926234,-0.0035390864948550557,0.004482887649101278,0.009949236082344543,-0.003227769575208131,0.003041521201787052,-0.0010440822046050434,8.141392285232563e-4,0.005286312037714566,-0.0010561207179057928,0.012106244262970847,0.010221603082577925,2.892792805183771e-4,0.028395325478767296,-0.014769829214253054,-0.0034153677340095384,0.001990004083074527,-0.0070406331410805415,-4.4034385100265565e-4,7.147068678666226e-4,0.0035603077617285006,0.0013850696120873416,0.0030233144194040345,-1.593392654886365e-5,-0.009326861260283351,0.0010379823666065388,0.010634208704319255,-8.371176107914993e-4,1.069433517390951e-5,-1.7202536634113182e-4,0.002273017543238896,0.008810737932211555,-0.0010294002953710301,0.014277656524015882,-0.0028469522461582564,0.0012935645277029585,-6.021167307008374e-4,0.0017858294122492736,-1.84462438475392e-4,0.0012612739361195957,7.709946237543764e-4,-3.9179648444022445e-4,-6.116708743946179e-4,-8.067944570507282e-4,-2.795843395069928e-4,-3.9415321952687715e-4,3.171465521463691e-4,-0.0069258411351290974,-0.0062767744019396835,0.001610969267282409,-4.224161442991018e-4,-0.0016346316428763746,0.0021682749569369763,9.353004320899149e-4,-8.865379784908787e-4,6.379395243005008e-4,-2.1957523858997583e-4,5.7012724830032525e-5,-4.1641523016056623e-4,-2.931664494313207e-4,4.4248892707818554e-4,-1.0324048300430278e-4,-1.0023510345084356e-4,2.4928322173904004e-4,-2.2678435792157644e-4,2.7270295550140545e-6,2.619732030410578e-4,2.2114379825266878e-4,3.261418845718263e-4,-2.5673877187052036e-4,7.636823609991843e-4,-0.0010812674149739583,-1.6843401582559704e-4,3.727697582944223e-4,1.0156838972764997e-4,2.9375996924703494e-4,-9.921699917795296e-4,-1.5429355598106214e-4,5.498630668595853e-4,-9.657239957830265e-4,-1.9398514898679128e-4,9.617860680383619e-4,0.001177065762241313,-1.4772024471819062e-4,-0.0018845478810997531,2.247850241219937e-4,8.59135576293396e-4,-1.3283098939138847e-4,6.473880639444238e-4,-3.093242839881756e-4,2.753326883229423e-4,-0.0010256397933863307,-1.5665081440556166e-4,8.450290612671442e-4,2.0134982029599137e-4,-9.242053856415069e-4,-6.141437797643609e-6,-3.6085620434296963e-4,-1.555671233766104e-4,1.4980967893201333e-5,-6.99925339458039e-5,1.5997080794715203e-4,6.114632920922962e-4,-6.612033725428302e-5,-8.739091794225829e-5,6.280759172289701e-5,-3.1824406176473707e-4,-9.017938367151348e-5,1.5679515686519544e-4,1.6398800564225102e-4,3.7549701405207016e-5,1.925626082097996e-5,-1.3141017483350046e-5,-1.4649893539811823e-4,6.72025336364061e-5,-5.2188143095771386e-5,-1.4276273714870226e-5,7.505206990450711e-6,1.094463270175925e-4,-6.890253146718746e-5,-1.320998051254252e-5,-5.2288855041452746e-5,1.6432459952623763e-5,1.3388176295603097e-5,-3.530923622977751e-7,-4.474226603303907e-7,-9.72600742422322e-6,3.242070401725255e-5,-9.521127698381399e-6,-1.0041963881944811e-5,9.38939792895313e-6,7.765511538740148e-6,3.9388067996839843e-7,-1.9620430633116794e-6,-3.657864108427554e-8,3.57190233780529e-6,-5.894814039032132e-7
C15cu-C15cv-C15-C15co-C15cw-C15cp,0.04736694235334749,-0.136736106981446,0.1680782821760902,0.035231373590634586,-0.018879804023699393,-0.008770516054627272,-0.0031624541219244236,0.0037255833661197424,0.0066591207178736,-0.005129024614213014,0.0036310263006831384,-9.718690852185412e-4,7.221482301824388e-4,0.002041345244083299,-7.489194699670537e-4,-0.012301016669868844,-0.0032241327437661084,0.00366443899564294,-0.009036618586123061,0.002978175033364129,0.0033673792546969204,-0.0030796835751959743,0.01283603953378734,-5.610959271571046e-4,4.033448279568331e-4,-8.925894802194778e-4,-0.0016130727481602116,2.3276222314401034e-4,-3.147851970011742e-4,0.0010716141890006552,0.004253430023897363,-0.024993661232161166,0.007527549648534616,-0.0037024782601807896,-0.00841117807171534,-0.0012571500906877935,-9.842922068797278e-6,-0.0014063507201207929,-0.0030028619420853072,8.427870418189682e-4,6.090059077810137e-4,2.5651974059714023e-4,-0.0013583179421559584,5.1685731735517004e-5,-6.202042412534186e-4,-0.002615600337399305,-2.8167511745623013e-4,-0.0011693008795030351,0.0020102615079438833,-0.0087941631056186,0.0050702292610022475,0.0011021679128997498,-3.38217876935975e-5,6.559881399246987e-4,0.003242526999272561,0.012895946343212318,0.002192316331178123,-0.0020405425699586265,1.0004778138461948e-4,8.159479893380647e-4,9.114886820354477e-5,2.653253478545143e-4,1.8146511711898927e-4,-8.614549729309925e-5,-1.3521218295385457e-4,-2.7063864865757076e-5,-2.4134328809994335e-5,-1.24855311440703e-4,-2.0105580211957094e-4,1.4361885437207722e-4,-4.654504629739181e-4,3.9434034277965825e-4,1.735710424623087e-5,6.335730521512915e-4,-3.9449591321798243e-4,5.38649848881199e-4,-1.3308449533055273e-4,1.497789040391881e-4,-6.058933600713458e-4,8.324402413570134e-5,1.386606809002292e-4,-5.276322349884229e-4,-2.732664493415807e-4,5.166265435935226e-4,-1.8873607415617938e-4,5.33481351435341e-4,-3.18446474621683e-4,-4.966906358808638e-4,-1.1750210467653196e-4,5.557195428275205e-4,-1.87727677145882e-4,-7.756349937419329e-5,1.121236788708091e-4,-1.6557175850085885e-4,1.1893430843118342e-4,6.27633790359636e-5,2.1328790038576775e-4,1.935869189667226e-4,-1.962439351829106e-4,1.726522839324385e-4,-2.717264671033729e-4,-1.1145157350010881e-4,-5.187093761738913e-4,-1.7647345955812435e-4,5.04189108383412e-6,-5.751194255366476e-5,4.759657187027264e-5,1.0237636527411766e-4,7.581265597650646e-5,2.946748533732656e-5,1.597056333598275e-5,-1.4926886514792843e-4,-7.857614771512273e-5,5.173654860653983e-5,1.2376343687295908e-5,-7.206000663873422e-6,6.16375126745893e-6,2.418736916642437e-5,9.826381248990338e-6,2.6464770120719856e-5,-6.818662883371681e-6,-2.1259451011582672e-5,-3.1651173217008424e-5,1.41245792225795e-5,-6.643513317901918e-6,-9.020076901442788e-6,1.4719183837270318e-5,-2.756354974009577e-5,2.9805634679526636e-7,-1.1185346284978997e-6,-3.7349856741214782e-6,-5.027967997937833e-7,7.36843528058972e-6,-1.9726126980271936e-6,3.387895324662148e-7,1.7393261676087464e-6,6.852065823348981e-7,3.4199620207240713e-7,-7.776001355512993e-7,2.790078565148979e-7,3.732840515289705e-7,-2.6244187831510377e-7
C15cu-C15cv-C15-C15cw-C15co-C15cx,0.05036232965185832,-0.148573229811289,0.18517162380624547,0.03805311031572631,-0.021089345382738187,-0.010060934606384707,-0.003559944410615369,0.004578805136295274,0.008742630001294202,-0.005062714731274084,0.0033965305625429172,-9.077644114261738e-4,6.648425462232337e-4,0.008602690300666438,-0.0026741547090499626,-0.0047288195323874965,-0.0016506836305654334,0.004974270910702931,-0.013389531012047092,0.003950694957808016,1.7291108804977451e-4,0.001261768840313287,-0.0033695292224690835,1.223780122760638e-4,-3.9330834182357003e-4,7.402501090576897e-4,5.447030679387282e-4,-4.278790747085642e-4,1.241004488302073e-4,0.003468016954978503,-0.0036666907360697588,0.0072817602420595364,-0.00422062536722063,0.0013115834659163147,0.004223143978745892,-1.3930734583833624e-4,-0.004286472625853036,-6.2079622515766245e-6,-0.006492220478067641,0.0012737388731795102,-5.067305624453715e-4,5.331635896923694e-4,-2.3670113607258158e-4,2.937158487505113e-4,-4.1410447840487305e-4,3.7449302633656785e-4,4.81802010241689e-4,4.302291626868477e-4,-2.8423591781936475e-5,0.0044045159713596745,-0.0030327727100964747,-6.910377391886103e-4,0.0037739370308173385,0.0028834018744889407,-0.002714523349032462,-0.0064501522832989995,-3.227682264795689e-4,-5.221986005536616e-4,-8.00977533941065e-4,-3.673371298986142e-5,-8.50761508704858e-4,-1.2147365492286253e-4,-3.21203036905666e-4,4.678265249954644e-4,4.921366837085897e-4,-3.048442511828909e-4,1.4293237899213237e-4,1.8486119609656504e-4,-1.10343272261529e-4,-1.225060734517801e-4,3.5867906760607155e-4,-1.9529754428086548e-4,6.832711518520619e-4,-1.9931045454251405e-4,2.057325025132127e-4,0.001214313175925768,-0.002460032853815763,-0.002221987133434791,6.373367480847084e-4,-1.5618037477382518e-7,-1.8577996255351293e-4,0.0017140659661761188,0.001069471588213794,-0.0014420830245454506,0.0011385468663741918,-1.4640444367606793e-4,9.832292231837631e-5,-5.039892475255176e-4,-7.881585254640359e-5,0.0017984421038941105,8.925818492880931e-4,-0.0012242466172872558,8.505107285257151e-4,-0.0011519396342788652,-1.17910480515691e-4,-5.353722603133519e-4,9.781182037664948e-4,-8.279189966204404e-5,-1.4065518215980135e-4,-0.0019233456785350343,0.0010955291117165544,1.1667369769650346e-4,7.074556942327455e-4,-1.0209231499359181e-4,-1.8103846551490608e-6,-1.7469617050734942e-5,-1.1343288401261801e-4,-7.464749492288838e-4,4.396673383055679e-5,-9.581753760030704e-5,-3.118281522044797e-5,4.03392842633119e-4,3.051946274043402e-4,-2.725610636816592e-4,-4.328286778304841e-4,-4.59327929332705e-5,-6.0548063032750206e-5,-3.2178830268709107e-5,1.3310083128787286e-4,-1.2362061586822194e-4,6.42748093561621e-5,3.067705657935995e-5,2.2602994205258293e-5,-1.8852185496146456e-4,1.4739653937882093e-4,7.140464032693986e-6,7.141163601355283e-5,-5.2423440564995526e-5,-1.403077891634454e-5,2.0500560873161673e-5,-2.2215730746878654e-5,3.342374880937125e-5,-3.483323335456492e-5,-2.0541373568268383e-6,1.604891113517299e-5,-4.5088744341622294e-5,-5.932063666208137e-6,-4.63492559591164e-6,5.222176728601462e-6,-8.494672839490421e-7,-8.165886472331586e-6,2.19158052287954e-6
C15cu/C15cv-C15-C15co-C15fx,0.047038270390840395,-0.1369718851517499,0.16911075391094446,0.03408047631929671,-0.018672656212760822,-0.008743931587507381,-0.0030693515560109136,0.00393301775821544,0.007503769185259611,-0.004663733582677785,0.0035542377603900556,-9.081770447313901e-4,6.579050362930921e-4,0.006000838289052295,-0.002702391512932592,-0.004099209254558875,-0.0019382592263534348,0.002963505129782397,-0.011488532697854216,0.0045129487800981815,-1.8581495702317725e-4,0.0012820707089201751,-0.003138531801701666,2.4877530358725724e-4,-2.9343701577016573e-4,-5.237709047412179e-4,3.479495762137636e-5,-6.35701709397957e-4,4.802621353638778e-4,0.003492129797072937,-0.002602809099137718,0.0065809526112011844,-0.0032488690301608284,0.001801249888275091,0.003908942852797608,-6.27276266408973e-4,-0.0035434272940089366,0.001270607279086524,-0.005168639194029491,9.401288706797628e-4,-5.856081951528355e-4,1.5154582040060745e-4,-2.027544261795235e-4,1.0465230355080931e-5,-2.811206011223926e-4,7.229643592139739e-4,3.9931187756401897e-4,6.763852211064421e-4,-6.627284807333803e-4,0.0038737134207311,-0.0022985779308095805,-5.610354882759729e-4,0.0029035083234127,0.0024343100796464126,-0.002376644040739395,-0.0061827790378259926,-2.8315391572545913e-4,-2.5436912442149465e-4,-6.013460621054046e-4,7.191051991586482e-5,-0.0010083262776503746,-3.176449583633035e-4,-2.7461294630643e-4,4.695631988857379e-4,0.001348052704258985,-8.582131185991995e-4,-5.350881253054829e-5,-5.626627430219279e-4,8.145625158481987e-4,0.0018125663948982207,-2.9101036147638086e-4,-0.0012209843268073985,-0.003382032463596665,-0.0024057793053269614,5.258193903221914e-4,-0.0062411917690491136,0.008936364931500204,0.005746739791478348,-0.0011212599264175066,-1.7417279166903282e-4,-5.623318689532251e-5,-0.0012800925806764174,-0.0013894104371715561,0.001135529053476448,-5.241903245477858e-4,-7.723952330294203e-5,-9.651607316300041e-4,-1.3615858176315799e-4,3.826303291255427e-4,-9.389847622129942e-4,-0.0012547023641500037,7.875825796668194e-4,-0.0011557959913521948,8.899271399497591e-4,3.3573126751825606e-4,3.4491351061411254e-4,-3.865028257369441e-4,4.042311592822731e-5,-5.281582122456172e-4,0.0018229628408545624,-1.6883484233208545e-5,7.797344553882301e-6,4.620689691017852e-5,4.299511663955043e-4,-1.3542322461100275e-5,1.3541489380594935e-4,-6.568823195936033e-5,1.2229037299741672e-4,-3.1663655012756076e-5,1.8050650433254774e-4,-5.3958262677207074e-5,4.090231974477939e-5,-1.5969269417266465e-4,9.193346558469543e-5,2.7701917837331724e-4,1.4815756629329008e-5,1.7758647819500485e-5,2.248939558254188e-5,6.23190786363981e-7,4.006115581797812e-5,-9.767805788980552e-6,3.96332010595854e-6,-3.567943893286726e-6,7.172214549567749e-5,-7.389927960136168e-5,1.005510549884284e-5,-3.395008204026064e-5,5.9937339651536306e-5,1.3914407185085936e-6,-1.816636577748304e-5,2.552276731395352e-5,-2.1451720418792484e-5,-1.9300939852762022e-6,1.267147061260359e-5,-6.434824161886908e-6,3.2673757924411414e-5,-1.3357240045640266e-6,3.833359030636615e-6,-1.931475537191969e-6,6.005580229226904e-7,4.236338172236696e-6,-1.3461012282852948e-6
C15db-C15m-C15-C15xq,-0.2217991469778038,-0.01036343573345688,0.011221894963457818,0.01672560458215359,-0.008280038425494221,-0.0036747542060079673,-7.057121151257961e-4,0.0018851785566341046,0.003230252004426732,-0.0037993581949258455,0.005592761299856338,-9.507853712551845e-4,5.498114598826766e-4,-0.056345138247900786,-0.11784375465796071,9.416505322841353e-4,0.015402936217067634,0.010711780986424951,-0.0022525230306771433,0.004597772163674402,-0.0023468480729353118,0.01579311375898162,0.005657312537186728,-0.009650072588502166,0.003424250555148235,0.015012243547698412,0.0053747921978215115,0.003947972394294156,-0.003354359432068499,-0.00590551405973071,-0.0071377676822192765,0.0012317325215591278,-0.005851461447566893,-0.016907644405414,-0.0010895440435324058,0.006381389231310027,-2.2733972639316907e-4,-0.030457535126464392,-0.005563511434612113,-0.0020457380158242677,-0.004597510230704624,-0.004899786444182137,5.733656199336559e-4,-0.0018453180450878428,-0.0018199376633596309,0.007116304777589564,-0.001496109268809239,-0.0010251725484311566,9.833152004213742e-4,-4.686706890344866e-4,1.2423294310201095e-4,-5.671643678885394e-5,3.850052433462621e-4,1.0237662426702308e-4,-7.933081158515118e-5,2.7012272209664225e-5,-7.010261218314601e-4,2.1263027396604796e-4,-5.637727287189305e-4,6.544559305085366e-4,-0.002112767561357526,-0.001638713450137708,4.579416396495099e-4,-6.073706124144173e-4,0.002286242995713041,-3.423091834689692e-4,-0.0011834494931068004,-0.004408946977344317,-0.0014146421400283089,-0.0018086872781739468,0.001103341112189577,4.4125048379461366e-4,0.002759258536875513,-1.3615215104954392e-4,-2.118411750837318e-4,-4.3641441976051377e-4,-2.111102697334725e-4,0.0011896098912168918,-6.226748753026377e-4,1.1330177964724767e-4,1.0744092994654773e-4,1.5075284289732744e-4,1.520925077021944e-4,-3.033685143054478e-5,-1.1516028255382537e-5,1.79494352919787e-5,1.9494363134923122e-4,6.976929337628997e-5,-3.6261778044469445e-5,9.706005251184448e-5,1.456608047537093e-4,-7.482616899405216e-5,-1.0964425818580038e-5,-2.3405836686559293e-4,-1.639479289333795e-4,-8.811923505709557e-5,-6.050636270623446e-6,-6.412311829590388e-5,1.111366212924972e-4,-2.429398420191607e-4,1.2983429032804015e-5,1.9532492160927615e-4,-5.207930080283775e-5,-4.552741889403902e-5,3.1551257237744387e-6,1.8441455339642986e-5,2.2743029658756056e-4,-1.480770094967254e-5,-2.9052079947376334e-5,-1.0398949690516389e-4,4.780664245434512e-5,-2.4275608648062516e-5,4.112014201662366e-5,-1.5986611257518423e-5,-2.4726291901673843e-5,-1.763291389633848e-5,-2.794730148479358e-4,-1.8713743836597685e-5,-7.11495240856377e-5,1.3001462519773384e-5,3.816249437331382e-5,-2.8658567683989645e-5,1.7132218765120427e-5,-3.33352984470355e-5,7.120904552847359e-6,2.277583659011405e-6,1.825230068406474e-5,-2.3129386018269187e-5,-4.26156041769734e-6,1.9378760018514265e-5,2.232913756445025e-5,7.741047690901398e-5,2.786187011826615e-5,-4.6651787144167e-6,-7.38001391236561e-7,-8.725553826481683e-6,2.507721290816314e-6,3.2344022802068096e-6,3.247593100781917e-6,-8.923995884447241e-7,-5.625684963686462e-7,8.457597380376923e-9
C15dy/C15ei/C15-C116w,0.04765531050232621,-6.210357439544147e-4,-0.10291883295825661,0.2139115387699299,-0.05191136987120591,-0.022598316358250523,-0.005813295269831311,0.013572132897825466,0.03929016046710655,0.012292588803949317,-2.604035783743779e-4,4.4529612734911387e-4,-3.5591481937486064e-4,0.032405259468297816,-0.00887063663726043,0.06675492738969406,0.02839568491746845,0.006023345148572205,0.001956934730388967,-0.004397603051406138,0.004989675796933839,-0.004655095370661259,0.01852038616606255,-0.0013290260606014048,0.0010623925743591263,0.005030463031701154,0.002833614400386558,0.0019906856834293984,-4.231805191429587e-4,-0.011300604900947578,0.0025043103475233678,0.010077557620061212,0.0034458929031092604,-0.0015991043576012395,-0.01083795488807609,-0.0023402460156688293,-0.00507782779339063,-0.0037603768114664133,0.013107921360382671,-0.001844486444767558,0.004352892370693939,3.532436671455239e-4,0.003291931027681546,8.538913889793242e-4,-0.0021137929136624,-0.0017759306444667462,5.698861599094803e-4,-7.389102437569953e-4,6.013309573137595e-4,-0.004085938674774053,-9.847798810153948e-4,7.118899789168611e-4,-0.002815906263874592,-0.0027611958203373724,0.0013705280536203783,2.6895752212370116e-4,-0.0016205384380273123,0.0025294283074648125,9.924736282714468e-4,-0.0018781794407753184,-6.467616973704139e-5,-4.974377957101826e-4,-3.2516780024762295e-4,5.3343223413718644e-5,1.0812111823407716e-4,1.3038895145903515e-4,-7.633638534032148e-5,-1.7744998667571234e-4,4.595403525542837e-4,-3.8661927499019467e-4,6.387797301983072e-4,-8.248323465649799e-4,-8.213223719526464e-4,-0.0019637482201435635,-0.0021024912067232524,-4.002755214656383e-4,9.244516141898771e-4,-6.162619253476966e-4,-7.766711022863142e-4,4.7220113766884394e-4,0.0017296633472527764,0.0016298715141615922,-4.379505841949246e-4,-0.0013972545815473102,0.0017278411689571995,-3.4999533135942826e-4,-3.3294102719551804e-4,1.2496609923656453e-4,9.036639675069688e-5,1.3005432416647272e-4,4.7872849603880003e-4,-2.302165516895693e-4,-1.3620383963854578e-4,-0.0020491535496839587,0.0020942943358495197,-5.490417713553747e-4,0.0018229773725250704,4.8619053034620495e-4,-6.245857825640198e-4,3.055653537295014e-4,2.9996272233882257e-4,1.6022340280596258e-4,5.32103209449024e-4,2.038207807952971e-4,-9.52851894469477e-4,1.1720380606743934e-4,-4.735258840471318e-5,-2.632694270704588e-4,1.3207796977262911e-5,1.8530268625205484e-4,-1.6976312787521336e-5,-1.5019365734525835e-4,-3.53847168615742e-4,-3.380480252136139e-5,-5.2053814041097704e-6,-1.430085088197743e-5,-1.119772766631062e-5,1.0335014209259199e-6,8.497378998449354e-5,-2.216644322055946e-5,2.5009452423180063e-5,2.7504913106330976e-6,4.4042846308710275e-5,-2.7917367390828198e-6,5.783752620067722e-5,1.5760950749228655e-5,-9.361129238293034e-5,1.2253178050353585e-4,-2.2875638660738627e-5,2.474905583669362e-6,7.686913583856585e-7,1.7443094832737216e-5,-3.796887322119341e-5,1.0115261524427504e-5,5.340506497565682e-5,-1.7344638734445766e-5,-2.5849434545997387e-5,-1.7238772307535778e-5,1.76094538757898e-5,2.0645770784421493e-6,-1.202823852345635e-5,3.946493779083597e-6
C15ed,0.016181659379220226,5.746820835600866e-4,-0.017771672447352577,-0.028864205393223274,0.037115655387801,0.07935802758562864,-0.1336968715271741,0.04825716567753509,0.03587026598174619,-0.012844166079669697,0.009009904271654826,-0.0012480142019880365,5.24925738388208e-4,0.01111149125009289,-0.002547104914752539,-0.003962829557955671,0.002555461467044479,0.005186876864495779,-6.877571188776055e-4,-0.002399673426954834,-1.4292197759009816e-4,4.170744392371185e-4,3.663838472458191e-5,-1.1774721995350919e-4,3.409947631302513e-4,9.277179522041468e-4,1.658501851425528e-4,6.976401147937027e-4,1.403873463386809e-4,-5.070516965953463e-4,-2.53203538132651e-4,-2.0651918257465307e-5,-1.8739604015631346e-4,-6.0057155354416876e-5,-8.315817279718142e-5,-5.628957549879145e-5,3.413734264463989e-4,-3.0259623666736607e-4,-4.9336159891846904e-5,-2.567653107397837e-5,1.5448467855325358e-4,2.4124966426982265e-5,5.259708680682812e-5,1.4580653175648542e-5,7.996962189119095e-6,-1.4598992952214848e-4,1.3833090804541908e-5,-1.0626716572179019e-4,1.1802245828336893e-4,-1.1875239169046666e-4,-4.7328105702288697e-5,8.98496783257993e-5,-4.1114778638348425e-5,-6.630025567422529e-5,2.944386326926552e-5,-2.5192284641895193e-5,-3.630793089527988e-5,-7.00883229884589e-6,-1.8596243334459802e-4,1.875571539078116e-4,-4.0268754980204284e-5,-6.0843913472305433e-05,-1.2535701686075494e-4,1.6155303850607096e-4,4.7822309746773257e-4,5.205527556181415e-4,1.8446410793294295e-4,1.8650954636134146e-4,-1.4732675621993385e-4,1.801627286918506e-4,-6.207516418648337e-5,-9.149445686110616e-5,-6.927537694264874e-5,-1.1480647647743552e-4,-2.1179225397225835e-5,1.3488304710891624e-4,-3.321536424324242e-4,5.097302379331051e-4,1.9899920347936066e-4,-5.484135384202338e-5,1.6130976428218343e-5,-1.4511067370957513e-4,4.679102947810164e-5,-1.8704095052804215e-4,2.4360255094723444e-4,-1.7299014119715885e-4,4.493944673322379e-4,-4.685389026838695e-4,-3.8282408559694645e-5,-6.360723881754873e-5,2.1161254269490555e-4,1.5071326669345008e-5,-9.066547646029749e-5,-8.324242966935234e-5,-2.865761034248556e-4,1.058163990022834e-4,9.671125065001004e-5,2.50272202801983e-4,-2.504340995523346e-4,-1.0732170721047259e-5,7.453158510632776e-5,5.181555821009188e-5,2.9648373588306654e-5,1.1228213276581206e-4,4.324284734932988e-5,1.5895732804916076e-6,-1.163470807337995e-5,1.2114102149532907e-4,8.196377242829437e-6,3.483701618428407e-5,-5.993208007475993e-6,2.4136321239790862e-5,-2.0353465634748037e-5,2.7703900358106242e-5,3.747169391099883e-5,5.673508033608576e-6,-4.0108062039440164e-5,-3.551159401532776e-6,1.4811977048472955e-5,4.087672842272308e-6,-1.3388004367851325e-6,1.1178358016645836e-6,1.4494334893851964e-5,2.0459113742956875e-5,-6.125097366473399e-6,2.0984752633710693e-5,1.030829020110861e-4,1.2776597343381322e-4,-2.5097781774723006e-4,-0.002630534772821062,6.39043227351529e-4,4.6069234041372005e-5,3.0342935742994737e-4,-2.1643429094561384e-4,-9.603279564779223e-5,-4.770103339755558e-4,-3.1759728454956944e-5,-4.7628344164828663e-7,-4.9302954653848655e-6,-7.144643684763769e-7,9.65627115006135e-7,1.919768992571437e-9
C15ed-C15zv,0.016540128204643265,6.672372045980809e-4,-0.01820185667528309,-0.029588718835644987,0.03817704761256903,0.08173582582163227,-0.13780785478700983,0.04979338609262321,0.037025382447400966,-0.013252928991047677,0.00925147908575068,-0.0012598531087967962,5.247674120322549e-4,0.011667220643170755,-0.00254271116476866,-0.004149156696067743,0.0026803794407387876,0.005561804512548767,-7.62969365430844e-4,-0.002654312213684846,-1.4461661635762049e-4,3.828874665406621e-4,4.743367919654914e-5,-1.3645332947629336e-4,3.7704378798741265e-4,0.0011278952323086925,2.691033101004544e-4,7.535259612545269e-4,9.743445322212032e-5,-6.030101271007326e-4,-3.472086450783928e-4,-7.034023359270726e-6,-2.493708784732693e-4,-1.8685757144979765e-4,-1.0710320554444357e-4,-7.762159710658984e-6,3.699373324877623e-4,-6.226001447895577e-4,-7.977740663906616e-5,-4.907224906256876e-5,1.754400258571798e-4,7.595233381977482e-5,3.9524951008628045e-5,5.40956451820204e-5,2.2731428636369684e-5,-1.9312296974039887e-4,3.840867083543965e-5,-1.8068148075899303e-4,1.9944036361831143e-4,-2.2412962865548078e-4,-1.8197574757367554e-4,1.06759959034174e-4,-4.248563670642513e-5,-1.0923749572846563e-4,-7.255633679247017e-6,-3.260834074722994e-5,-1.4558728608446628e-4,-8.43997156075751e-5,-2.586372354929672e-4,2.573916304276774e-4,-2.3947854644487936e-4,-1.6162894998628075e-4,-1.880513458209435e-4,2.4796882760002697e-4,7.739579638912498e-4,6.239626235134352e-4,2.4926023892724123e-4,2.1686975146715357e-4,-1.309239163943372e-4,3.625208012628854e-4,-1.48080725189917e-4,-1.6124993770081486e-4,-2.14105817703885e-4,-2.2567906936843426e-4,-4.3405166035508003e-5,1.6829932434559813e-4,-4.680009449452882e-4,7.373380045710521e-4,2.889134822235794e-4,-6.016025470232468e-5,3.5999487285241846e-5,-2.1145396034572282e-4,9.920504734241388e-5,-3.0273027769704453e-4,3.8464831909868093e-4,-2.553186482421661e-4,8.033080817756353e-4,-7.560917137268367e-4,-9.642719897761908e-5,-5.597544620409084e-5,4.970263437532095e-4,-4.237651248503557e-5,-3.915574462581275e-5,-2.152459283636149e-4,-5.372215623235202e-4,1.6696263897520293e-4,2.1719624430765295e-4,4.6185267155715234e-4,-4.1137045183532153e-4,-2.637558035112052e-4,1.30020029911814e-4,9.399740317749844e-5,6.388584156709981e-5,2.2780439689906108e-4,1.0969663839765634e-4,-1.1657456970467292e-4,-6.121053808702113e-5,3.558339692915903e-4,-5.003498197233316e-6,-3.884909423010969e-5,-7.375355329955678e-6,2.4557509434116916e-5,-3.6553721587444826e-5,6.788960834308179e-5,1.7656427001758457e-5,-3.931111660440814e-5,-7.802215986610898e-6,-1.1779472942733015e-5,6.701951824363429e-5,1.4153843025199295e-5,-3.3015971043179555e-5,-3.77772673403303e-5,-5.505737431837582e-5,-7.292986942836998e-5,-3.345828447592332e-5,-9.876495259771943e-5,-4.526780300687268e-4,-3.498491534235817e-4,3.971297693814157e-4,3.4630633521206796e-4,1.8606804141586993e-4,1.6415828286083948e-6,2.3682474424479154e-4,-3.36566688179523e-4,-1.806833719258109e-4,-0.0013347572118359114,-1.398963713605415e-4,-1.5234952382510834e-6,-4.9746043166376894e-5,-8.304430998032625e-6,2.5695828875304632e-5,3.977993217089504e-6
C15ed-C15zv-C15,0.016419453784740662,6.34791028392408e-4,-0.018057869725519406,-0.029344420643653675,0.03781896621308243,0.0809336138574722,-0.13642527779710348,0.04928310320597376,0.0366333960967652,-0.013116644226495005,0.009177912112239797,-0.0012507910779963696,5.241259788970851e-4,0.011474124501523074,-0.0025414828177353715,-0.004083233811276064,0.002636428114125031,0.005430598734276377,-7.372079965295652e-4,-0.002565983484102292,-1.4517758676523506e-4,3.930590910689427e-4,4.394837816081276e-5,-1.2908450897701666e-4,3.6501674597320347e-4,0.0010554567529668904,2.3747970057218075e-4,7.340798220154277e-4,1.1042362854471149e-4,-5.704904551355745e-4,-3.1559868134478533e-4,-1.1660911347146264e-5,-2.2777485224236528e-4,-1.449477214541701e-4,-9.823707478837809e-5,-2.6817097136316058e-5,3.591124359096312e-4,-5.149733903943758e-4,-6.988498860545508e-5,-4.283013900262412e-5,1.6729719557445226e-4,6.132578070349754e-5,4.534069315577679e-5,3.228824324499152e-5,1.6446699707888575e-5,-1.737038144302247e-4,3.273268966205318e-5,-1.5482072979082923e-4,1.6922909136304104e-4,-1.8877601000656265e-4,-1.3401870262522514e-4,9.745898936158378e-5,-4.024226445590169e-5,-9.372580290512912e-5,4.443995852706725e-6,-3.240760586061786e-5,-1.1444334061781138e-4,-7.358991946398335e-5,-1.764496398975525e-4,2.4408618024970367e-4,-1.7781698383956566e-4,-1.307757984039162e-4,-1.627781296479007e-4,2.1645108050112667e-4,6.727630980474275e-4,5.865006525450526e-4,2.2475093386382206e-4,2.0473483099795055e-4,-1.3201202558704774e-4,2.9647749273781297e-4,-1.1871585331734767e-4,-1.3629216456577457e-4,-1.6454695922687957e-4,-1.8542826720906175e-4,-3.559382293724932e-5,1.560008388302743e-4,-4.149424656245427e-4,6.523487925696701e-4,2.538328837034816e-4,-5.680812607354543e-5,2.8324524886547734e-5,-1.8739032382825353e-4,7.903952571841277e-5,-2.603192958675324e-4,3.3373494503064247e-4,-2.2730403498173399e-4,6.76780362201422e-4,-6.55239598698182e-4,-7.602568067087481e-5,-6.307817412532814e-5,3.940516020410931e-4,-1.817773425290514e-5,-5.6607805036179275e-5,-1.6316060816794865e-4,-4.4635675324052575e-4,1.4540974685009047e-4,1.748899851537656e-4,3.8994059006414975e-4,-3.571539442466281e-4,-1.5250128008547856e-4,1.0698114530751454e-4,7.555709250814224e-5,5.80771956507949e-5,1.9972578871822405e-4,8.606122524543083e-5,-6.57308321710884e-5,-5.84311702378237e-5,2.71964340538521e-4,-5.073024492603016e-6,-4.0318566565618134e-5,-6.557481970805717e-6,1.6371562670073098e-5,-2.35355474466573e-5,4.969121011480981e-5,8.937190174317628e-6,-3.000268212573593e-5,-1.8514420551066403e-5,-6.982765275001336e-6,4.8339993347552054e-5,7.228461176823555e-6,-2.380848281488525e-5,-2.624332221026078e-5,-4.708979777389696e-5,-5.921149247393477e-5,-2.2087945022443648e-5,-7.940757712612646e-5,-3.7657916168408565e-4,-3.1691492703603193e-4,4.5698469316455675e-4,0.002747607286376843,-5.489356192771328e-4,-5.073938691522559e-5,-2.1276412550903957e-4,1.1399415216661647e-4,4.905536165244357e-5,1.418378807729972e-4,4.3867895769466446e-7,-1.2383151855661185e-6,-7.011050123626686e-6,-3.826131083850326e-8,5.407081983681548e-7,-8.310173978400365e-7
C15ed/C15,0.01536760529966079,4.0031639396344754e-4,-0.016788969287854602,-0.027264475039099394,0.034801896704609224,0.0742360384332991,-0.12495008593261006,0.04504090758906953,0.033417619346927746,-0.011977156173670983,0.00852710683575662,-0.0011848160073238262,5.195868493455038e-4,0.010011711668014829,-0.002534730229949203,-0.0035539890716116095,0.0023089644572810153,0.004455152279275085,-5.619890546540715e-4,-0.0018981494788578585,-1.2008819694404933e-4,4.7853663581385187e-4,1.7528294621551916e-5,-7.845094668574772e-5,2.607095111525595e-4,5.429735143447087e-4,-4.407622422129134e-6,5.963679400979173e-4,1.9985262085232683e-4,-3.3706838343502347e-4,-9.882213089305274e-5,-4.854373992341023e-5,-8.826062793615933e-5,1.5906216089306703e-4,-3.8840529407274544e-5,-1.400672349187823e-4,2.703805193052235e-4,2.722623376750383e-4,-6.153199243679884e-6,1.6750497888614313e-5,1.1592823196314005e-4,-4.307161219642766e-5,8.988296922874798e-5,-1.1216211587227926e-4,-3.580065447655547e-5,-4.0056704855823086e-5,-1.6851613271209526e-5,2.8590795215268647e-5,-2.5052757586151262e-5,7.729270258106663e-5,2.3862072709972008e-4,3.327625211138667e-5,-2.81761535852262e-5,8.814364070005372e-6,8.942369997104078e-5,-3.591719999788231e-5,1.2667694109290488e-4,3.101630481382807e-5,3.3423224906843174e-4,1.3145056782548837e-4,2.8288739627439655e-4,9.819748091896833e-5,1.1303974270019319e-5,-7.20311596311427e-6,-5.0950687694337346e-05,0.00033540691607442964,5.230613256479188e-5,1.3879487101126016e-4,-1.5571096035935688e-4,-1.7537490297005003e-4,9.572924635431148e-5,3.732950071316532e-5,1.9575345323348469e-4,8.90098373779619e-5,1.5711849113793498e-5,6.823230244671987e-5,-5.689737898233072e-5,7.530539427385777e-5,2.116080250409122e-5,-4.3133242790562965e-5,-2.0208991706167463e-5,-3.2499612477295675e-5,-6.145656413348399e-5,3.0416803155764654e-5,-1.753457131647553e-5,-3.923823755873446e-5,-1.92042962903975e-4,2.8052003511275646e-5,7.009937818465489e-5,-1.2101451811271566e-4,-3.436808653690101e-4,1.6658113813519464e-4,-2.2376729787449857e-4,2.0749384995308597e-4,1.834340359879048e-4,2.4013801827250076e-5,-1.2938295251106895e-4,-1.0781333755623956e-4,-2.600922164872862e-5,6.738487305327381e-4,-3.281442531334144e-5,-4.2305708600306506e-5,3.110469862995984e-5,2.0587239185760927e-5,-9.583244825871601e-5,4.864038516453483e-5,-6.471396707431032e-6,-3.286747437971247e-4,1.094946598800907e-5,4.8466804811110455e-6,-8.755903295449338e-6,-2.3456886659549124e-5,5.9227727423243115e-5,-5.655609932806412e-5,1.9388560326638225e-5,4.290068078158386e-5,6.439051726778989e-5,2.774268783110742e-5,-6.353885287878443e-5,-1.2364777381362405e-5,2.7732220996839333e-5,5.981519637855579e-5,6.30576324153042e-5,9.820082544047205e-5,3.641225141770228e-5,1.3958659015302495e-4,6.292724620317716e-4,5.072901582554983e-4,-5.892287713601466e-4,-6.000412153211682e-4,-2.552620624795905e-4,-7.108017109677797e-6,-3.471137316694801e-4,4.791427866206808e-4,2.512135597524044e-4,0.0018728561239399332,1.9270533308344753e-4,2.448621708135248e-6,6.968464004868963e-5,1.0730078889446391e-5,-3.1418246106192096e-5,-4.012300296533751e-6
C15ei/C15/C15dy-C116w,0.04202845106419895,0.0010517304429383265,-0.09442345086982627,0.18458271547409288,-0.04360503282739451,-0.018641531921111735,-0.004638488554236064,0.011545018487895534,0.032615228698433966,0.009094946035641168,0.001192182724959564,4.145740716796229e-4,-4.201626224647205e-4,0.029152144958777975,-0.010843685543029405,0.03965361328868936,0.009473317776951113,0.009483000378627192,-0.06106925533867647,0.027122627794353506,0.010273858309820147,-0.005113847397337209,0.02436944429459515,-1.2977352450242252e-4,-6.512939685249126e-4,-0.002563791482786167,0.001501610255650039,-0.0025321718220934738,4.938537373225561e-4,-5.434685522125952e-4,0.0029285362378572936,0.00457567419664322,0.004040383013996586,0.0015430223240206719,-0.006927394804316234,-0.007060113198856178,-0.02003413942141036,0.0018120545850968674,-0.003756772102842355,0.0033521836614474583,4.721018152762988e-4,-0.0017736709414375338,-0.0019451229263575767,-0.0018271006565775197,0.003732461567465835,9.854575149585432e-4,-7.601351610052919e-4,-8.532596893206971e-5,-6.655830467727655e-4,0.0024790580673112192,6.91113955489773e-4,-3.2200758667888394e-4,0.0011011066762063237,0.0013163092985298511,-6.830211580318875e-4,-5.753341498557418e-4,0.001377223848643324,-0.001533084448332705,-3.73989871104687e-4,0.0011026769690296082,6.204646098273709e-4,6.396010015794467e-4,3.213691395678342e-4,-1.9556528800890706e-4,-4.922085108965731e-4,9.009216433589085e-6,1.1401226784553836e-4,1.866378002692328e-4,-4.408198083773777e-4,8.818764148044054e-5,-1.780851361593488e-4,5.845982898924536e-4,8.925603908493339e-4,0.001503165845552826,0.0018177625394823252,2.092731642177436e-4,-7.306203809772228e-4,2.885977654174159e-4,7.696480027599218e-4,-3.413207311827752e-4,-0.0013673746205588066,-9.915692441190918e-4,4.332680955867864e-4,8.270051997162129e-4,-0.0012251927263334198,6.994003119934405e-5,2.0850427645455373e-4,1.9689239978422622e-5,-1.2413120909021986e-5,-2.850430991436354e-4,-5.110682654026115e-4,2.794229347985037e-4,-2.8576130030411122e-6,0.0018146171083867004,-0.0017139734385937507,5.013764674180413e-4,-0.0015942627816248787,-3.9808425787889477e-4,4.907927222797114e-4,-7.157812000370811e-5,-2.322171626508518e-4,-1.5611015003227398e-4,-5.359315889303946e-4,-1.5586063089949214e-4,8.86950410212297e-4,-9.493953727094337e-5,4.8475808412542555e-5,2.5243538672546173e-4,-2.82435004676135e-5,-1.4598702649348876e-4,2.3563897643704238e-5,2.0491395658146192e-4,3.2981837269292026e-4,4.054715307153158e-5,2.9109245539670555e-5,5.100948996822716e-5,1.4468190136447522e-5,-9.455356769301274e-5,-1.1114876083837855e-4,-1.0213872963381665e-5,-4.698931534442482e-5,-2.4094431155202768e-5,1.842915331048573e-5,5.404641931946935e-5,-4.378507434846333e-5,-1.5181350268610366e-5,2.2425024663904782e-5,-2.4389414071948336e-5,1.5578062650260026e-5,-1.3037058756319803e-6,7.898921407122554e-7,-1.0943347399464549e-5,2.1875689400569587e-5,-4.08265462013948e-6,-2.5205139868610837e-5,9.572997214047631e-6,1.3589080407323767e-5,8.307339866926205e-6,-9.875290378027394e-6,-1.1952624119939594e-6,7.152707241214402e-6,-2.140676969653091e-6
C15et/C15-C15ab-C15es,-0.31586926114502456,-0.007760204197711486,0.027709627854207306,0.03348266371341174,-0.021451285984012178,-0.01292754749061598,-0.004728848168228407,0.006809596513310635,0.013822465429527257,-0.0035629427492289622,-0.0027318753585886327,-2.2933336792550419e-4,6.121821525097121e-4,0.0878621487394097,0.1373427863369659,-0.006222493363653268,-0.012237564224211387,0.005556843481121068,-0.002593401818004066,-0.01648690639605003,0.004588540590464342,-0.01910012381465986,-0.005790313917202781,0.009445792464707795,-0.0035644590167745304,-0.003743750237583683,-5.566539427779631e-4,-3.9687509791635784e-4,-5.305712316665501e-4,-6.26505216992633e-4,-0.0015928037923087577,5.576301713973737e-4,-0.0015640971788326622,-0.008353642127406809,1.4754159417709577e-4,0.0021500911856257026,-5.441597380145401e-4,-0.010757829450447698,-0.0020523433451267083,-9.134147605238992e-4,-0.0022536390713960635,-0.00244539885795971,2.636195513873796e-4,-9.788315923317534e-4,-0.001333954304174775,0.005679352287175112,-0.001264673494500501,-0.0011346889613906789,0.001211761996168974,-6.839181547761566e-4,-5.014871945310319e-5,-8.583872085388746e-5,4.8725039722580276e-4,1.5312679154399773e-4,-5.831082175952566e-5,-2.507629190816809e-6,-8.937363545697386e-4,4.450400888037474e-4,-4.786385802212929e-4,9.204980650124789e-4,-0.002314761042539453,-0.0020140501560602336,9.649135645036811e-4,-0.0012856203840645518,-4.206273091161698e-4,2.9358016174779554e-4,7.2651740756697765e-6,4.2302244421204925e-4,-1.0144905381810085e-4,4.2336383494577285e-4,-4.2901111069895833e-4,-4.22680619704426e-5,-8.639365221071889e-4,3.6192583398386637e-4,1.5253413471833082e-4,3.099377316697472e-4,1.4887039068026512e-5,-6.060152614874656e-4,2.2475086660972776e-4,-2.0255338679372008e-5,-3.394791733804165e-5,-3.024133194366345e-5,-4.889789873500149e-5,-8.316169672988312e-6,2.1595041242555316e-6,-2.179061286944088e-5,-4.9798791835902714e-5,-1.0218427353226313e-5,6.199266608471399e-6,-3.6917846445944585e-5,4.82777090817234e-5,-3.973328566806586e-5,1.668618127148266e-4,1.819467202612649e-4,1.3014511271984674e-4,5.620740199306096e-5,2.276781804952014e-5,3.0382068742046284e-5,-2.0072368781991605e-5,-1.6167427197041515e-5,-1.606918032088665e-5,-1.307228540582686e-4,2.3771692385312153e-5,-1.7364902427015583e-5,2.1422796706036287e-6,-2.03281855012069e-5,-1.1002398877616647e-4,9.857229152874612e-6,3.0693793035369488e-6,1.8003063528242322e-5,-1.2860595851640113e-5,3.0951090453953275e-6,-7.480616378811225e-6,4.159897719503949e-6,8.087361711954177e-7,3.81281107280439e-8,2.9784087078260748e-5,3.6809879062195276e-7,3.401169579715157e-6,-5.286738546521139e-7,-1.6416422286659254e-6,2.0105739532044802e-6,-1.803871477723905e-6,-2.402078192907964e-7,3.847043336264562e-7,-9.733405054356122e-7,-4.163151631796187e-7,-1.2860249506616485e-6,-4.219637021778488e-7,4.549876118189781e-7,-1.2547351694787325e-6,-9.93995814635588e-7,-8.611174479696252e-8,-8.553448972097138e-7,-6.653813116863039e-7,-1.1646752822856555e-6,-1.170466403635546e-9,1.1451290750731986e-7,1.445709560714518e-7,1.6880483792056394e-8,-6.625514948213773e-9,2.0573040207394854e-8
C15ex,0.027616455812556312,0.2961749191856679,0.18780712951170225,0.04883730476594059,-0.020614793922297623,-0.009658504770670463,-0.003722235538818947,0.004618535727794634,0.010351342458455792,-0.0071055980626630304,0.006986041292711973,-0.0017391128593391737,0.0012089044603731114,0.006098529441366111,-0.003185287343612659,-0.0029793180741120077,0.002488245795595855,0.0050616567483658965,-0.001378147326777879,-0.0033931829709071687,-0.0015691080917277255,5.117042897569867e-4,2.0006794809544783e-4,-0.004057995210096495,-0.0016346784378320392,0.0011685099554582577,2.506309694241826e-4,8.841101867027987e-4,-3.6300506964404103e-4,-8.946715324956226e-4,-0.0010741224425862,5.9514840931666925e-5,-9.642094616990438e-4,-9.395356613483486e-4,-2.7314541701563033e-4,9.029044042076008e-4,5.56050208096961e-5,-0.0019100932998520528,-5.751150209943417e-4,3.266785284749118e-4,6.073593036144433e-4,6.779595984612483e-4,-4.0617702705645e-6,4.535191089344501e-4,-1.8857578215299742e-4,-6.389226322924273e-4,1.8300398342285356e-4,-8.085913431709877e-4,0.0012693021501731635,-2.7218808807812675e-4,-0.0012495075827717059,1.8063172846586653e-5,3.975410588750243e-5,-6.447434406951881e-4,-3.919537476110338e-4,1.434891826392228e-4,-6.071354239701155e-4,-7.682768461508624e-4,-8.28615078912997e-4,-8.020127147863265e-5,-0.0017205149856685338,-6.331121992972541e-4,-6.185245076283097e-4,6.768549847966104e-4,0.0019464386052061627,-6.18990891919536e-4,-5.66441508945759e-5,-2.2240385087108226e-4,4.7272320100440884e-4,0.001078933939313099,-1.627296481490995e-4,-6.944770428128392e-4,-0.0011446101945339403,-0.0017158343522042782,-4.846104236493602e-4,-7.552962954686167e-4,-2.542275356877553e-4,1.8179490031204309e-4,4.610500874290483e-4,1.3402841181009144e-4,4.2822828298677015e-4,-1.4222812703995163e-4,6.268549942745207e-4,-3.2476834545553074e-4,-8.313766910129079e-5,4.2764550971586987e-4,0.0013612045983813997,2.3978776269875248e-4,-5.065117801649278e-4,0.0014177105532444116,0.0022387461696783562,-0.0013040673813176228,0.0013279935402985687,-0.002234202357826308,-0.0011041951703369157,-4.849465913332384e-4,3.8793858531229754e-4,-5.449031563556825e-4,0.0015631068629103197,-0.0077300517422797975,1.7477285465376422e-4,8.363059051581985e-4,-0.0012954211768814053,-0.002788014191010849,3.041014279355902e-4,-0.0019202210062262423,0.002632526859759275,6.396047566837424e-4,-1.0222436612275894e-4,0.0024151898219060735,-8.888424996522571e-5,0.0010243116110623548,-5.815207419701023e-4,3.978425028916636e-4,7.866042080939056e-4,1.6183979884302934e-4,3.9592343897356633e-4,1.0833552244216829e-4,2.017549080565014e-4,1.4161613342684358e-4,9.176037152760628e-5,-1.2342915915540826e-5,3.22390319175882e-5,1.4153399268277003e-5,-1.0128254078536997e-4,6.566279362354135e-5,-2.702544709837467e-6,1.2756641951281673e-4,-1.0916478340302008e-5,-4.632822534792035e-5,2.9784083210759997e-5,-4.717281770747055e-5,-3.9054888388736594e-5,4.426721301053822e-5,1.4384686813293268e-5,9.225346271688712e-5,-2.9511092737081984e-6,-1.0471897175287767e-5,-1.6077426935069975e-5,9.312710412368091e-7,-3.760003161414261e-8,-2.27473894964436e-6
C15ex/C15-C15ey,0.027485419587941526,0.2691006231049157,0.16860421503247966,0.0423746829841966,-0.016736749736280216,-0.007330206269871072,-0.0026344263861313964,0.0035266615382685516,0.00795958224726954,-0.006772372805305622,0.007825040981153313,-0.001840831206750734,0.0012918866034757187,-4.6693175164157344e-4,-0.0033366156781553867,-0.00224613605449897,6.497473316122109e-4,-3.816765521899665e-4,7.529748593672933e-4,2.4408306906311276e-4,-0.0019770186496139795,7.840452114984515e-4,-6.63364774504438e-5,-0.001809126959896963,-5.253813774266802e-4,-0.002225965057354451,-9.101571040363803e-4,-7.64581819960886e-5,0.0010077162949644351,7.701626347881344e-4,0.0012447378167592346,-2.1640903204667424e-4,8.972173488097591e-4,0.001629293751906314,3.065727870000595e-4,-0.0010958626228679128,4.520821081707482e-4,0.0029723100280793467,4.503795491376817e-4,-1.1936462294325147e-4,-4.087527830686283e-4,-8.41422442480633e-4,1.859024293361794e-4,-6.566845143261934e-4,1.0649264233194533e-4,5.086694900223307e-4,-2.2410514121987298e-4,7.587981636918438e-4,-0.0014081582573717336,3.375935110015486e-4,0.0014893645810768253,2.4101150529268014e-5,-1.5614255212268048e-4,6.800070059206863e-4,4.704849283568139e-4,-2.27735038427699e-4,9.188776707913606e-4,7.762167363213947e-4,0.00102409985242638,-4.608716753693726e-5,0.0020713627146484535,8.332262008353975e-4,6.68623956538153e-4,-7.853880810130029e-4,-0.0022703677270960385,7.103320921208713e-4,1.2127717259160312e-4,2.349528725368883e-4,-5.671355488654584e-4,-0.0011940844998268743,2.5329055213110454e-4,7.679381403806146e-4,0.0013380615557696805,0.0018832102509856296,5.343994750549412e-4,8.1311040799036e-4,2.4538139796093295e-4,-2.318428047330718e-4,-4.783181985986742e-4,-1.2557966602449444e-4,-4.326289167339779e-4,1.3434018245067964e-4,-6.57838001078371e-4,3.1792680767860196e-4,7.195210299772636e-5,-4.6218430757369343e-4,-0.00153615163203697,-2.658373291520687e-4,5.402445733203366e-4,-0.0015696382350396587,-0.0025023643520192783,0.0014717902181386152,-0.0014874108324368924,0.0024582746509455764,0.001226134277194035,5.648654239947534e-4,-4.4987301385412753e-4,5.979809821197057e-4,-0.0017528397401246406,0.008507429268831052,-1.7715555266818205e-4,-9.156526940767044e-4,0.0014309730498262168,0.0030542807030704685,-3.329208441878237e-4,0.002100242252959865,-0.0028902424851669204,-6.967927731501388e-4,1.3266112728644783e-4,-0.0026340439208558998,9.134648193276647e-5,-0.0011175023241348045,6.397251368586707e-4,-4.400534834287775e-4,-8.598677487740472e-4,-1.8530034507498647e-4,-4.3489883267204196e-4,-1.2036510637010148e-4,-2.1701845264080532e-4,-1.531294460163801e-4,-1.0208317157557881e-4,1.4856921715797116e-5,-3.6553683628489755e-5,-1.1830276246839882e-5,1.1100469459736095e-4,-7.405509972425791e-5,3.092859356721511e-6,-1.390221948807801e-4,1.3429248870032834e-5,4.9817273769692674e-5,-3.2230867491847814e-5,5.131828400222782e-5,4.221997424744345e-5,-4.753953601834012e-5,-1.5162815521418626e-5,-1.0007767021953021e-4,3.532027667522641e-6,1.1436487424267672e-5,1.7233165393429532e-5,-1.1048655322909888e-6,2.3630051300369947e-7,2.4697233675268075e-6
C15fa-C15fb-C15fc-C15aj-C15-C15fd-C15fe,0.00962736133850235,-3.591263439242247e-5,-0.008950320948379074,-0.013787697494328436,0.016225673705175865,-0.014148845251800247,-0.001526765515695879,-0.0016215198956261668,-0.0033625969478180595,0.0025644424614305952,-0.002408255612409237,-1.6952347553958773e-4,-7.883067877812186e-5,-0.01583673145192757,0.003631570943370471,0.007299919051336115,-0.004772357192395948,-0.0322682627431772,0.00895723865639695,0.0345583424675096,-0.016580578165825727,-0.016234939948720058,0.006277885853464445,0.03827022278475571,-0.12472220138715184,0.020606822590662398,0.0031005444063993896,0.00761770843370028,0.0022363580781110627,-0.0043604156801812744,-0.002212663134978386,-2.1623283573556483e-4,-0.0024431054815264317,-8.491453967474814e-4,-6.734596463469105e-4,9.380358166988468e-4,0.001470599712972825,-0.0019529205794144736,-9.549685314296795e-4,5.867327044410856e-4,7.734803362831661e-4,-1.0312220001703988e-4,-6.186788587514468e-5,0.00117493146164312,-1.3622423875480122e-4,-7.02925407431341e-4,-6.261533304084137e-5,-7.391133493352897e-4,2.829466748297867e-4,-5.503239920009085e-4,-4.617257207280474e-4,-0.0014219588640529458,6.508230730158765e-6,-5.900228107053688e-4,-5.682619543549821e-4,7.006185251168826e-5,6.832354767882279e-5,-4.666070644232036e-4,1.159494828008338e-4,-3.102568589582497e-5,-2.8561833695368947e-4,-9.676441677960727e-5,-3.101200875021721e-4,9.671922287685904e-5,0.001180797876582971,-0.0018244316947044683,2.7011323314291935e-4,0.001337325885031993,-4.774284429650421e-4,-3.670702579854448e-4,5.35614847185708e-4,0.001984778874325595,-1.4579197202999942e-4,-6.997658376679822e-4,-3.667563392606048e-4,-1.849494906090498e-4,-1.1122135430410873e-4,-1.8824964089175406e-4,2.0464786237620142e-4,4.446543898306327e-4,1.9992638738186257e-4,-5.5906414065514206e-5,9.055159579726536e-5,-5.213038492966193e-5,-3.164217159932759e-4,-2.490408661502982e-4,2.9164824169769687e-5,-9.494363692408559e-5,-4.8544227489597236e-5,3.9529913407950256e-5,3.6601710670504443e-5,6.932216237657203e-5,-6.960554662550134e-5,-2.6528439315393038e-5,4.863611026673728e-6,1.6145571276440902e-5,-2.6406455253166465e-5,-6.976099702981568e-5,-1.699046851255582e-5,4.186288537546671e-5,-5.7128320032949115e-5,1.8237584127192344e-5,5.4600725673541215e-5,2.724963502892011e-5,-8.315929268728215e-6,-1.0196270202643795e-5,-2.089535510747456e-5,-4.058459223663842e-6,1.0650888233354494e-5,9.603057746827144e-6,-3.2158136201401434e-5,3.0577261960945336e-5,-2.9663071125375023e-5,4.345578751492467e-5,-1.3617266453094053e-6,1.1554632730781431e-5,1.1490348476037961e-5,2.1372078700974396e-05,-9.348381458151043e-5,-1.0600702962507071e-4,-3.0658093916175376e-6,2.378405355048001e-7,-5.994122446278047e-6,-7.379718551554275e-5,2.013346473751745e-5,-5.7028521115649215e-6,-5.2320278026285695e-6,-3.0326876534473023e-5,-9.854258400204331e-6,-1.5017947512530685e-6,-3.8385369710410685e-6,4.384552759803782e-6,-6.212956589597192e-6,4.816302394639465e-7,-1.5755681423363155e-6,-1.7246266385963233e-6,2.4255207109818648e-6,-4.874851375205461e-6,1.819689702822908e-6,4.6116726399230023e-7,-3.363281818640355e-6,1.2120307966305726e-7
C15fs-C15-C15ew-C15fq-C15fr-C15ft-C15fu,0.013928497375736279,0.0015300586854974042,-0.012132376669615506,-0.020860323417136076,0.022328390256840927,0.020728076146370168,0.011136478102946984,-0.019625186390926867,-0.07427055789710359,0.1530496068312268,0.12070996380639884,-0.01299188636569596,0.0073832132347603835,0.03385132906308444,-0.006586623672920239,-0.009411010831520655,0.006442555670163624,0.013203571758034778,-0.0018753814206412848,-0.006081936902369889,0.001457457736503756,7.260168009832856e-4,4.858036989047188e-4,-9.652496822205762e-4,3.8243970949078726e-5,0.004483475777882228,0.0014737969367108004,0.002176901484515822,-7.768118726680448e-4,-8.574691631580491e-4,-0.0022734944158972203,7.23534266383027e-4,-0.0024330655520771217,-0.003258077506628467,-8.603652588891628e-4,0.0027068935181195296,0.0017397060055015733,-0.008803726776092305,8.625577351878487e-4,-1.1735505183603303e-4,0.014695654806624799,0.024222379357499973,-0.020027873955121626,0.006587152895195344,0.005580468278035797,0.0072702269956647384,0.018103247851342544,0.0019860907033978185,0.0032761821637170255,0.001470668440828702,0.0016348048438284135,-0.001462011234531623,-0.0017808376122439658,0.0013584481325263499,-0.0018391549360145352,6.172267025771052e-4,0.001308641821015879,9.680517827985356e-4,2.980710984223326e-4,5.015462035425795e-4,0.0014527463962794869,7.2212196970922e-5,1.4105483255848062e-4,-4.039274105501606e-4,2.878455931564805e-4,0.0012848862074217025,-6.394880500716347e-4,2.9056774887890256e-4,0.002589851515569656,-4.545570703419798e-5,0.0019083773571229687,7.250340365768357e-4,3.541582910706558e-4,0.0014452152128901312,-0.00198194731421902,7.425557074642793e-4,6.231722648584918e-4,6.205161210274319e-5,-2.7092159617882905e-4,-5.70371976092394e-4,-0.0015561487698668758,1.6950066633678246e-4,9.830957133763081e-4,-3.2678840399120903e-4,2.152454149728952e-5,-8.792374130539057e-5,-2.811969629245745e-4,-6.585742417575346e-5,-3.813855995409783e-5,-1.7574488921684892e-4,-1.141511373550888e-4,1.4237703859010378e-4,-5.11416598514623e-5,1.8947397637319858e-4,-1.3671227831494335e-4,-9.546513460332192e-5,7.181357951542987e-6,-2.1490739870457992e-4,-2.6920777073880284e-4,1.6606226842159002e-4,-5.991862659021184e-5,2.5007880770345976e-6,3.2016353558157814e-5,2.684053455587587e-5,-2.5100310592170323e-5,1.2705395830371452e-5,-4.287935763145013e-6,-8.380571282591966e-6,5.0203362448925406e-5,3.513609250006141e-5,1.5082606677333376e-6,-2.4580761796364704e-5,-3.2173900802772626e-6,-1.1145806933594914e-5,1.4452622808253825e-5,9.068184922801285e-6,-6.343344770971141e-6,-7.259557178943706e-6,1.6119553263869451e-6,4.304641041390616e-6,-5.519993482642065e-6,-4.57534237547554e-6,1.3531015634663912e-5,-2.6858272058325636e-6,6.513927743382408e-6,3.7401342503761836e-7,-3.586886038003208e-6,-2.1650591911706116e-6,3.3534802145327225e-6,-3.3371198439536467e-6,-1.5650233088670239e-6,-1.116799931294899e-6,-2.1843575697521982e-7,9.819306256366682e-7,2.615112327510738e-6,2.7075814040304665e-6,-1.9163843403776263e-6,-3.103467532331954e-6,1.238668027689871e-6,-2.3517083717653562e-7,1.7382580678356884e-7,1.9554513705509781e-7
C15fv/C15-C15m,-0.15189853166096595,-0.00868147867565034,0.006768843261308731,0.010354664549229108,-0.005447261422627748,-0.0024537507283357764,-8.181517016254567e-4,0.001231590995250587,0.0027908607078593593,-0.0029105372523900936,0.004036177787892532,-7.566859116891309e-4,4.1367062120489903e-4,-0.008453390205871388,-0.015962133877341862,-0.0011614453330819508,0.0017639593355205543,0.002082929399232265,-3.894397592747e-4,-0.0038900269758686814,0.0010958571403929386,-0.005800913037113412,-0.002081759231075644,0.003400474136135278,-0.0012503467541658743,-0.004171403908409628,-0.0015961344929099745,-6.176149302054516e-4,8.700594371703587e-4,0.0011536393499056827,0.0011408318687816197,1.6513215093673055e-4,7.274946816136884e-4,-0.004893015986482624,0.0012614279826310313,-9.949120070114504e-4,-4.4127934737815666e-4,0.005098038869503334,6.131701288573469e-4,8.820256195237594e-5,-1.7847642013783785e-4,-3.484702471344385e-4,3.150541542664952e-5,-2.2724101579972239e-4,-5.317285503071948e-4,0.003193960977762427,-7.216414157049152e-4,-8.815743402674473e-4,0.001252245518797916,-0.0010103390514106772,-5.592753427647433e-4,-1.2657444414224857e-4,7.528121670692733e-4,-6.006451078038735e-6,-3.834381801494924e-4,1.836961116464116e-4,-0.0025701017984916903,6.751461516019832e-4,-0.001927328118371532,0.002889266280294156,-0.009070942789144002,-0.007387280892275026,0.002782430296355219,-0.0038344805960270185,0.0056438374441555115,-1.437558440755134e-4,-0.003569965769346886,-0.011583003366078405,-0.004449743345332937,-0.003557174332190724,9.901150997162203e-4,9.740836824984643e-4,0.0027084363732669567,0.0018920905721420448,4.582392953365997e-4,0.0011433953681411063,-7.577989902874962e-5,-0.0017445417089393745,4.997205851757628e-4,-1.3685827395370828e-4,-3.468943473468667e-4,-1.7644962894251278e-4,-4.476811184897436e-4,1.0008768255245482e-4,-5.24277304848275e-6,-2.1769954529481e-4,-8.478962457558875e-4,-2.098370857180767e-4,2.0575774648483596e-4,-5.913603965925786e-4,-7.400011404855128e-4,3.528525919082902e-4,7.608459234425306e-5,0.00129770067080864,8.137090359916818e-4,4.5644344642295617e-4,-4.257511684397316e-5,2.649802485285708e-4,-5.538026383382848e-4,0.0012130679090536231,-4.9537070592176985e-5,-6.653435634346543e-4,2.4406305531325694e-4,2.135431207181205e-4,-1.1247650627513477e-5,-3.335727332622279e-5,-6.916888002895395e-4,5.143347417073007e-5,8.949051222862142e-5,2.630179740373183e-4,-1.3492832056747578e-4,5.5815503474177605e-5,-7.339543831927114e-5,2.641979192151338e-5,6.163743416270859e-5,4.530406740743354e-6,0.0010497219038148673,4.550835409959638e-5,1.7519834935180605e-4,-8.151194011275653e-6,-6.227845877656528e-5,5.8703657754469526e-5,-3.764455534603996e-5,4.756283252527215e-5,-2.354619707446829e-5,-4.276139462017077e-7,-3.326383156423138e-5,3.960903902126849e-5,4.583740129273945e-6,-3.306239687496994e-5,-3.449749757599757e-5,-1.277986044351005e-4,-4.773795831397707e-5,6.864180736133888e-6,-3.1577365952535095e-6,1.4188857404229201e-5,-4.716610418676596e-6,-3.881223894535885e-6,-5.5369739548713325e-6,1.228432158052905e-6,1.711533748645412e-6,-1.306400844416621e-7
C15gc,0.01251316417101922,0.005415902502206453,-0.009160482805565523,-0.017952165470659802,0.018984774243435153,0.016963573471645614,0.007917992362120947,-0.01318238767168559,-0.046353757900760253,0.05371856836617515,-0.12628759706532416,0.17950059398888502,0.1608248439723316,0.03027594040581691,-0.01277208991643406,-0.012272197029002016,0.0064253824175707144,0.011230565917715827,-0.0012653832623226936,-0.0042025124423623935,-8.69531217549459e-4,0.001601129716371702,-8.466734881605421e-6,-5.473532019988954e-4,6.791107971390497e-4,0.002325867992173168,-7.74125371454676e-4,0.001756784793002242,7.483476250840487e-4,-9.382089567319349e-4,-9.214730452035482e-4,-3.338885660157315e-4,-8.316392057061826e-5,1.0642424765334576e-4,-6.802042086743003e-5,2.1128770631488177e-4,3.099945361268432e-4,-3.1167165597392835e-4,-0.0019387014237786837,-9.442724501197553e-4,0.001994694729532219,0.002454786485930952,0.004469301620828987,0.0014139385793833464,-1.8511279469534946e-4,-8.039659704008108e-5,-3.5632730704712013e-4,1.5513921074897347e-4,3.3599651122168735e-4,6.766674106607042e-5,2.512910996495838e-5,-1.6346707071542146e-4,-6.947128859688809e-4,-8.708504598252301e-4,2.810230002078609e-4,4.167983463454856e-5,-1.940171099828059e-4,3.4722975016898336e-4,1.9278353349503846e-5,5.489408446973235e-4,-3.039591106428729e-4,5.899889666654203e-4,-2.6849123143134825e-4,6.995824059225999e-5,2.495938324425041e-4,-2.072364086336654e-5,2.113895551924458e-4,-1.2240281399286383e-4,2.614605812679292e-4,4.0991592011366463e-4,5.7136436167211875e-5,-2.298838515359583e-4,-3.1445533338566667e-4,-4.363636278550784e-4,-5.1620044959609275e-5,3.1289824007684196e-4,-0.0011010666867423814,0.0011541245013761557,6.264007553030775e-4,-9.652809559498514e-5,-7.139115163984878e-6,-5.690086816881235e-4,8.290569812128747e-5,-3.123118011950772e-4,2.4600714600029174e-4,-7.037435571080634e-5,7.07425712112234e-5,-1.1105515582536982e-4,2.2980357433328195e-5,6.282452373972784e-5,-1.4852422956764414e-4,1.8008229071373304e-5,-9.066180019369541e-5,2.463444884240097e-5,2.0891548911603828e-4,-1.6982559743502357e-4,-1.7853726057266098e-4,-5.58553939873017e-4,5.897426868921965e-4,2.5737614415742517e-4,-1.0866416863789633e-4,-2.780883171315445e-5,-1.9862951553901032e-4,9.022448775432187e-5,-1.1018605045730009e-4,-3.3718288397082777e-6,-7.632501888708357e-5,-2.1348528753362153e-4,1.2090628386062985e-4,1.0349227980871151e-4,-4.140642484940233e-5,6.790791936643934e-6,-2.3003850993047223e-5,-1.3147179358316132e-4,-7.76316032715571e-5,4.290704222030229e-5,1.5755036699452952e-6,-4.7702351092009195e-6,-5.064302231457629e-5,-9.15054573652951e-6,-5.273560791528812e-6,1.7274402736085113e-5,1.5243638189152249e-5,2.747957348610505e-5,1.2855221565279917e-5,7.144152215974043e-6,7.514673883047018e-5,3.356034461434319e-5,-1.8385719993674436e-5,6.229758092115906e-6,-3.680285154814688e-6,1.6215495728135503e-6,2.6249089604957734e-6,-1.41789778202563e-6,5.844051038424493e-7,-2.9116222837166e-6,-1.1774048238318943e-6,2.6767101627002395e-6,-1.2692240115331954e-6,-8.934303471508679e-7,1.7633266112404807e-6,1.256024588000585e-6
C15gd,0.01388753607840236,0.005296184718332733,-0.011696409307795374,-0.02016748065877041,0.019005705460936304,0.01903433539924925,0.010840110393923448,-0.013985404508181079,-0.04373484449288907,0.058540974486361454,-0.1704293151704822,-0.2059193710476046,0.03651646442858698,0.03420286783847469,-0.013908462498473436,-0.0133774986175786,0.0076077890024210506,0.014327391894061878,-0.002678975367569221,-0.006587470795974929,-5.063571846575653e-4,0.0013449395304932796,-2.5991314646200693e-4,-0.0013913583188815573,0.0012163696636631768,0.016996525736067795,-0.015429373109513166,-0.0017200827090382157,4.1339137048679097e-4,1.958946372558811e-4,4.4047215147744817e-4,6.793567229587005e-5,-5.11438242715245e-4,6.980366068844397e-4,-1.0838264349805961e-5,1.1999582960944653e-4,5.68832951733894e-4,0.0010979150856655227,0.0010105124830964449,8.291625139490608e-4,-0.00064543297573520805,-0.0011124413348623495,-0.0019357117520471447,-7.246814411037947e-4,-1.0093029804005024e-4,-2.8057138177106156e-4,8.316183041022836e-5,-1.4436600504076524e-4,5.5336416937116966e-5,-4.066267911341014e-5,-5.8727655111126474e-5,9.397046539684825e-5,-1.5371604640508657e-5,1.2401407542038593e-4,-1.399931896503571e-5,-8.007761769151825e-5,2.509105200317288e-4,-3.0181542593585206e-4,9.835029843798105e-5,-3.440050346909362e-4,8.571167034935967e-5,-1.6945073174863207e-5,-4.1550683923955684e-5,-1.2649280071849652e-5,-1.0345799590289415e-6,-1.1315338743428812e-4,1.8193312785485608e-4,-6.92440919485223e-5,5.625293455861107e-5,1.1156793104132039e-4,8.934851409181609e-5,-6.581020317417723e-5,-5.471413931635698e-5,-1.0521538686503256e-4,-3.702577743473815e-5,4.351912810573114e-5,-3.0295441892363805e-4,3.1483235396714425e-4,2.873129817598597e-4,-3.5971417055627987e-5,3.9103422142641986e-6,4.377280114136892e-5,5.016962378516087e-5,-4.921294457028938e-5,1.491265702348582e-5,6.261262593244547e-5,-1.6297285103664184e-4,-1.3036251826628962e-5,2.791238620634611e-6,7.327600111847448e-5,-6.790649670179376e-5,1.398462212175762e-5,-3.5959615084840604e-5,7.660641491465436e-6,6.94523659689453e-5,-1.5131511820615768e-5,-2.5166045542538707e-5,-7.777414117405794e-5,-6.73934042022257e-6,6.732508026483307e-5,2.3709344151169445e-5,-1.069123526188557e-5,7.017223817660564e-6,2.3082855040522662e-5,-9.889659011418846e-7,-3.872401287315913e-6,-3.041063710776263e-5,-1.6085724890975034e-5,2.0316699972211317e-5,1.1336586661464984e-5,-8.955009978458243e-6,9.771868060996748e-6,-4.633332803041791e-6,-8.650906514008348e-6,3.593275498265036e-6,-1.7139609750719663e-6,-1.3531238798695851e-6,-3.1194875852078336e-6,9.214311618026844e-6,-8.777033756483863e-6,1.91704835683961e-7,-1.5895034361806782e-6,6.277708199835421e-6,4.932720633985238e-6,-1.6086969681609866e-6,-2.364642977963059e-6,9.148725618322162e-6,3.942437675943831e-6,-1.3331752875670318e-6,1.0111705644146956e-6,1.2228303535453766e-6,2.324099060244927e-6,2.4665088575526e-6,-1.3559628631049303e-7,1.5967451634786687e-7,6.839348980919072e-7,7.286651982646771e-7,3.358556540876552e-7,-3.2473016577730915e-7,-2.3576567937094873e-7,3.423956090332574e-7,3.2488555851356383e-7
C15gf,0.011246691433560161,0.005480145019477545,-0.006993594294310574,-0.017230070821742473,0.01768042163298547,0.015861424424195015,0.007254617264015624,-0.012984729119237618,-0.04448256677810164,0.052954201805767376,-0.10588078584958537,0.09032073651241486,-0.23525811767410781,0.02765721434901745,-0.011388777817574946,-0.012208503889565781,0.00595969204991594,0.010271244003924452,-4.749791644141627e-4,-0.004277842733956124,-0.0016999524202879405,0.001561413015209479,-6.620762245102941e-5,-3.850214665048851e-4,8.570199135461365e-4,0.0013588101188803346,-4.4711798390358634e-4,0.0018644976987163264,8.346480133135924e-4,-0.0011760349090204059,-1.4263360544408928e-5,-2.614204490975908e-4,-8.272218194877037e-4,4.4916416074447226e-4,-5.453086541122718e-4,-7.563331600633196e-4,0.0012681549405364311,-4.538170470902912e-4,2.2573810045675117e-4,1.8104878110219855e-4,3.0082288636899227e-4,-1.8250825244668748e-4,1.278322706497055e-4,-6.318910303465797e-4,5.556997890066443e-4,-0.0015071798092836683,-2.2925985696789028e-4,2.6787185464119374e-4,0.002789508804676989,0.0010409737084758719,6.170297229974695e-4,5.37182894968616e-4,0.0010730676477233242,-0.001021848569589644,-1.002304394354111e-4,8.428885825538492e-5,-7.388698838825482e-5,2.7165210487218737e-4,7.815131115791782e-5,3.9727558552802054e-4,6.029773683724754e-4,-1.882494396406146e-4,-1.830140012020694e-4,1.7486058181700944e-4,5.12490505326402e-4,9.481939315619866e-4,-8.907594003580723e-4,6.678700823070494e-4,-7.035911735542048e-4,3.0105030417960975e-4,2.0416244001719765e-5,-1.3420456919112207e-4,2.963265283652271e-4,-2.9824609905918957e-4,-1.7029712928185763e-4,-1.7050259537498908e-4,-6.230092036192027e-5,-1.3687908803541692e-4,1.738720130868094e-4,3.961951626937376e-5,7.472636791832485e-5,9.710310887724815e-5,0.00016474838695497125,1.9884976233691485e-5,-2.6486705885024343e-4,1.9508328802857444e-4,-4.4009887160893383e-4,4.281486161454763e-4,-2.659570697523184e-6,3.829809820335971e-5,-9.372322628729825e-5,4.3282328904100146e-5,4.2497326505585755e-5,6.49747238389389e-5,-4.467442677181998e-5,1.1738628560600981e-4,1.5429285937340468e-4,3.906607622222991e-5,7.225553518079545e-5,-9.156055300923114e-6,-4.3526471482945374e-5,1.410070250577431e-5,-5.348974618153017e-5,1.9782793579212297e-4,-1.0519568652972977e-5,-1.6874066563035013e-5,-6.945162445134135e-5,-1.79279042040498e-5,4.504526229830335e-5,7.707987981898337e-6,-6.331587616518132e-7,2.0798404022154282e-6,1.7153596132741593e-5,7.836022879892578e-6,5.433320883695896e-6,4.657101328101891e-6,1.081331477232769e-6,4.641323996502908e-6,7.1230259406052905e-6,6.000676135953893e-6,-2.074482976819896e-5,3.790863722535698e-6,-5.756654274105852e-6,-7.827413616253279e-6,-8.06359270217395e-6,-1.6447996473928702e-6,-1.1348440135567918e-6,-1.1867896166305835e-6,-5.836124837133396e-6,1.0544168224161423e-6,1.2053418899486108e-6,7.048210274394738e-6,9.114891946705589e-7,6.856417147463123e-7,-6.293584029478852e-7,-3.2566804127057543e-7,-1.566864964466177e-6,5.223268582423104e-7,-3.736136731845993e-7,-2.8695020951580434e-7,-3.609736239541175e-8,-9.092945701451471e-8
C15h,0.015527455714445424,3.1612688161115524e-4,-0.016230366999458103,-0.026711227585109455,0.028183265861707846,0.03819866131788279,0.03051793490726178,-0.1367397682192403,0.08252307969276108,-0.02187589690922566,0.012267629414866853,-2.3378643452726623e-4,4.2388420453848665e-4,0.015878514706389395,-0.0031786104248110094,-0.006550606728117894,0.004101404687948985,0.007640678578750547,4.658132260640121e-4,-0.0023058083104359464,0.0059527785337465285,0.002213217918203243,-1.9923804610397157e-4,-0.0020386419563368395,-0.0016163640244334881,9.597079057515362e-4,1.5869581642298056e-4,6.487940603466819e-4,0.0011727297712390472,4.156922497608321e-4,1.318380104015703e-5,5.009566265702628e-4,-8.299297751182944e-5,-3.809175439412422e-4,-9.192810954692587e-4,0.003271864627468097,-1.0553786106455309e-4,-7.149550873295556e-4,1.6077426170610427e-4,9.45265926354227e-4,7.0631240217301e-4,-0.0019176593239627734,-0.0010798771723853232,0.0058508275046266775,4.887403683730067e-4,-5.666625807796133e-4,-0.0013224977526424733,-2.263748272814412e-4,5.888532693209161e-4,1.9798029489651115e-4,-0.00100431485734483,0.0010749391352443752,-6.547936797596383e-4,1.7623554709993868e-5,1.2560372965511512e-4,9.676623179947625e-4,0.001600853378671802,0.004676450972950005,-0.016661701870066492,-0.0029514694487996684,0.0013627576862476035,8.12009907973459e-4,-6.738726155017072e-4,2.8502618037649203e-4,-7.012181004333094e-4,-3.05770835670599e-4,2.488898794977177e-4,7.805778814432459e-5,-5.447817779804657e-4,9.23334055212834e-5,7.353433510636923e-5,2.2516350894693946e-5,6.673155986404265e-5,5.238483199842869e-5,9.095795949637466e-5,-3.406272086017568e-5,3.6560287404641176e-6,-5.008731392465195e-5,-4.4798334555730606e-5,-1.0900051593593562e-4,-2.568655921787737e-5,8.605458989244515e-5,1.5711544313520176e-5,8.631813271387623e-5,4.827009521428767e-6,9.343447649905782e-5,6.047723035568437e-5,1.964215950623215e-4,6.565099319204752e-5,1.8009171508168363e-4,-1.2123810856874987e-5,-2.0696925254566197e-4,-6.041116682076623e-5,-8.050702760837951e-5,7.36415870632555e-6,1.5116466257504206e-5,-3.4385068713971305e-5,-1.396563841268474e-5,-7.577466999050067e-5,3.5536240270185434e-5,8.241382914068153e-5,-1.2178732596170606e-5,2.5654724722520235e-5,-3.101148226746236e-5,-3.1459441999034126e-5,-4.737930351340223e-5,-1.9785248389337782e-5,-6.8364818147471694e-6,6.12457285879297e-5,-2.4548646386700254e-5,3.0457172940998964e-5,-1.1162552716303076e-4,-6.282769865116509e-7,4.545990002898521e-6,-3.5242075741727945e-6,9.51995174080631e-6,5.773445041015204e-6,-4.1473426464520566e-5,-2.705203145772549e-5,2.70150131847514e-6,-2.2082386767413265e-5,-1.000490765252852e-5,4.2758030282962376e-5,3.275174326025119e-5,2.947951980415568e-6,-3.340464595065716e-6,-6.645766652563063e-6,1.075765103491925e-5,4.832684245655598e-6,1.162955603292088e-6,-2.1987872646343264e-6,-1.3328091539706517e-6,1.0183041613497347e-5,-4.207854415791666e-7,7.826895671796344e-6,-1.1036459469789002e-6,-4.759468521505635e-6,1.9445468204208727e-6,-1.094569429956141e-6,1.5705065533348496e-7,-2.7713638276181774e-7,-4.7234107964865704e-7
C15h-C15,0.012314587093611485,-8.349846859255897e-5,-0.012475543874258414,-0.02095785205851468,0.021455611225586643,0.02878326126433944,0.02299222502622779,-0.10309244085890998,0.06188990892205581,-0.016350823258297616,0.009528802754333137,-2.1866473795727632e-4,4.2359328265499196e-4,0.011216738795799031,-0.0029501868711516643,-0.004456233971201886,0.0029271951040114766,0.004859136133820361,3.920815940230218e-4,-9.414347897766316e-4,0.004160836231493392,0.0018699787615973663,-2.730983458223722e-4,-0.0013735223604972287,-9.870367961450537e-4,-8.130073872375145e-5,-2.9429910955948484e-4,4.3796083456091564e-4,8.149583390895489e-4,3.2143212067206655e-4,1.7770345240165962e-4,5.054702782261324e-5,3.7229407629394715e-5,3.875882412603827e-4,-2.588482848507962e-4,0.0012674502783113785,-5.444594572949266e-5,0.0010213033311366846,-1.041096665324854e-4,4.5880589106270155e-4,1.1896691840845218e-4,-5.812538289526906e-4,-7.371491682935345e-5,8.047573337053023e-4,-6.179484675402555e-5,8.732731847150225e-5,-1.488220510197944e-4,1.4489753663165023e-4,-1.3228199070526372e-4,0.00031985410255944927,9.430385395316792e-4,-4.626669054097606e-4,1.1597596255330471e-4,1.1320002822469164e-4,-3.82915997279681e-5,-4.062318990823387e-4,3.3358649016794004e-5,-0.0012063347036049613,0.005512580757806557,9.488045812319657e-4,1.7079388449938528e-4,-5.398197538696535e-5,3.9232509739046354e-4,-3.054477580564306e-4,-2.0308292852346479e-4,3.5638632690619627e-4,-1.133279721251635e-4,6.415695770941714e-5,1.9451034780867228e-4,-5.265218939023911e-4,3.1316116497229837e-6,2.5702606682689714e-4,2.2052134044541627e-4,3.0014155481788293e-5,1.5850898432095045e-4,4.387641732455131e-5,-5.315019199376462e-6,-6.594349892326874e-5,-1.125995467643774e-4,-2.8382573238312466e-4,-5.960398676283645e-5,4.535778294308039e-5,-1.0556076180243191e-4,1.84037095239281e-4,1.2780492466323308e-4,1.4286771726457e-4,1.1499939753232171e-5,2.4250006224505862e-4,1.2383386995680462e-4,-1.4859152767250647e-4,-5.022842495732792e-4,-1.3181709674426885e-4,-4.416262427505801e-4,1.6121259055657225e-4,1.4333760811022626e-4,2.1810439152266926e-4,-1.3548192525180265e-4,-5.6115906160193565e-8,-2.644865289904963e-4,7.051240619429142e-4,3.574061327437676e-4,-1.6113081543979153e-5,2.849681191662895e-6,1.8018551159509013e-4,-4.1150480770823405e-5,-2.313052311307964e-4,-3.060350185240472e-5,3.572815107061341e-5,2.1775065857027504e-4,3.963585184493523e-4,-1.2803514128392697e-4,1.603498245390867e-4,-8.105151403076368e-6,5.4052713351365964e-5,2.624164805213982e-4,6.753457769741504e-6,3.047181227552928e-5,4.224406503010187e-5,-9.480256651697816e-5,8.635176362950728e-5,-7.877490233653199e-5,-2.4425535163765368e-5,4.939658984858623e-5,5.5442672255023e-5,-4.7562847248068066e-5,-2.386005840418006e-5,-1.5325138182896057e-5,5.313699260903297e-5,1.94810081095152e-5,-1.1768186161023923e-5,-5.5398678120120834e-5,5.7851231250987105e-6,1.8424923662788573e-5,-5.895581946833389e-6,2.1704764578922616e-5,3.808773174985094e-5,7.444420206461116e-6,1.1533845184281902e-5,-2.6961688728253454e-6,1.8635052189376458e-7,6.227617051403309e-6,3.3657335810081286e-7
C15h/C15,0.015527455714445432,3.161268816111471e-4,-0.01623036699945809,-0.02671122758510946,0.02818326586170785,0.03819866131788279,0.0305179349072618,-0.13673976821924033,0.08252307969276108,-0.02187589690922564,0.012267629414866872,-2.3378643452727821e-4,4.2388420453850356e-4,0.015878514706389412,-0.0031786104248110146,-0.0065506067281179015,0.004101404687949005,0.007640678578750557,4.658132260640045e-4,-0.0023058083104359386,0.005952778533746535,0.0022132179182032577,-1.992380461039639e-4,-0.0020386419563368226,-0.0016163640244334994,9.597079057515471e-4,1.5869581642296863e-4,6.487940603466786e-4,0.001172729771239052,4.1569224976084704e-4,1.3183801040131018e-5,5.009566265702439e-4,-8.299297751185124e-5,-3.809175439412713e-4,-9.192810954692379e-4,0.0032718646274681614,-1.0553786106459928e-4,-7.149550873295265e-4,1.6077426170608712e-4,9.452659263542201e-4,7.0631240217301e-4,-0.00191765932396277,-0.0010798771723853247,0.00585082750462662,4.887403683730396e-4,-5.66662580779629e-4,-0.0013224977526424776,-2.263748272814425e-4,5.888532693209027e-4,1.9798029489651338e-4,-0.0010043148573447855,0.0010749391352443832,-6.547936797596802e-4,1.762355470999129e-5,1.256037296551053e-4,9.676623179947526e-4,0.001600853378671772,0.004676450972949904,-0.01666170187006628,-0.002951469448799658,0.0013627576862476228,8.120099079734815e-4,-6.738726155016679e-4,2.850261803765112e-4,-7.012181004332995e-4,-3.057708356706435e-4,2.488898794977241e-4,7.805778814433575e-5,-5.447817779804005e-4,9.233340552127837e-5,7.353433510636768e-5,2.2516350894721563e-5,6.673155986403658e-5,5.238483199845829e-5,9.095795949641628e-5,-3.406272086024502e-5,3.6560287403649178e-6,-5.0087313924633985e-5,-4.479833455567896e-5,-1.0900051593597818e-4,-2.5686559217947524e-5,8.605458989255936e-5,1.571154431353802e-5,8.631813271399676e-5,4.827009521450508e-6,9.343447649918367e-5,6.047723035570231e-5,1.964215950623429e-4,6.565099319199314e-5,1.8009171508156393e-4,-1.2123810856979306e-5,-2.0696925254552016e-4,-6.041116682073112e-5,-8.050702760834559e-5,7.364158706427694e-6,1.5116466257524384e-5,-3.438506871396928e-5,-1.3965638412643807e-5,-7.577466999049312e-5,3.5536240270233376e-5,8.241382914070962e-5,-1.2178732596170447e-5,2.5654724722568692e-5,-3.101148226753617e-5,-3.145944199904007e-5,-4.737930351343935e-5,-1.978524838937779e-5,-6.836481814690634e-6,6.124572858788096e-5,-2.4548646386766316e-5,3.0457172941035187e-5,-1.1162552716307852e-4,-6.282769866053761e-7,4.545990002980698e-6,-3.5242075742510472e-6,9.51995174088816e-6,5.773445040817837e-6,-4.147342646466258e-5,-2.7052031457506658e-5,2.701501318575885e-6,-2.208238676743703e-5,-1.0004907652404526e-5,4.275803028287113e-5,3.275174326037759e-5,2.9479519804718108e-6,-3.3404645950662825e-6,-6.645766652394874e-6,1.075765103475634e-5,4.832684245935149e-6,1.1629556025288776e-6,-2.198787264437751e-6,-1.3328091539030763e-6,1.018304161329547e-5,-4.207854416978422e-7,7.826895671909938e-6,-1.1036459479634164e-6,-4.75946852106936e-6,1.9445468207196068e-6,-1.0945694302276896e-6,1.5705065519166327e-7,-2.7713638134169834e-7,-4.723410802473604e-7
C15h/C15-C15dw-C15dv-C15dx-C15du,0.014621609230428045,1.6435487301969835e-4,-0.015192018481743369,-0.024936814179043816,0.026178714985348014,0.03518521965776731,0.028264801303119202,-0.1258873051827373,0.07564789627407749,-0.020043409084674366,0.011468375529981404,-1.0876559595355119e-4,3.977271093497554e-4,0.013936035093472477,-0.002975280369012795,-0.005693086478610674,0.0035658528771394843,0.006316752530635937,4.566684117159993e-4,-0.0016834337304691054,0.005005496870238983,0.0019656557098604826,-2.022809655678239e-4,-0.0017075676408279982,-0.0011528348860526192,3.464165515715072e-4,3.2880154332780385e-5,4.557861796942289e-4,8.905237831215644e-4,3.666105474288266e-4,1.1539899198597026e-4,2.483049787903504e-4,4.2520729954578905e-5,-1.4228855804938617e-5,-4.792465607163698e-4,0.0016998968909980614,-1.0127587990654958e-4,1.0519487839250883e-4,2.5289508305691593e-5,3.8090917048988373e-4,1.6033589901146299e-4,-6.006699830431064e-4,-2.0033968914823612e-4,8.011218668022424e-4,-3.4080880074117e-5,2.5717845851894167e-4,6.830283884162356e-5,1.5203581059207986e-4,-2.542922337429792e-4,-1.9000807399643736e-5,0.0014632668562645822,-9.029097255227632e-4,4.515669639121943e-4,1.4325758593535795e-4,-2.527985569182286e-4,-0.00162128032050341,-0.0019459521884327407,-0.007220275575230584,0.028673700990366032,0.006098926954626326,-0.002568677515847629,-0.001721494522339049,0.0021686858699762816,-0.0011598307289064991,0.0023595400158033727,0.002231597064221468,-0.0017960089493672417,-2.3144472751503249e-4,0.005431204848663239,-0.004534599826563448,-0.0046294512323394,7.753611325835944e-4,-8.925505804352293e-4,-0.0022197212922322827,0.0014221413870243857,-9.686060080884788e-4,-7.063462568517004e-4,3.524109089896734e-4,-3.901548195839909e-5,-7.720061801488887e-4,-2.1241227583082525e-5,5.713895812088229e-4,3.222669318048099e-4,3.623718104695757e-4,8.587043227982702e-5,5.661827621102844e-4,6.316851245129674e-4,8.933060787467222e-4,2.5216504964593184e-4,0.001085636145699598,4.7473962139594285e-4,-0.0011274934290823936,-1.8544828243088487e-5,-6.277914257795381e-4,-2.5603327892249536e-4,-9.347998233834732e-5,-4.6957147515992786e-5,3.738247659780179e-5,-1.6184156039670278e-4,-2.538301827712765e-4,2.7849638472060963e-4,-6.705417851263528e-6,1.2792761395251217e-5,-1.4811056715464016e-4,-5.329691943682321e-5,2.0487801287210445e-4,-7.129039040568294e-5,1.0694143609893359e-5,1.1038354715771985e-4,-2.02228484587047e-4,1.3591009390710932e-4,-3.770020467780021e-4,-3.734424604126737e-5,2.4326576334302765e-5,-6.401108527317037e-5,3.996220957705626e-5,-1.1555736355338453e-5,-1.27973697973775e-4,-6.766230428706477e-5,-1.4484913323497881e-5,-5.974548910301946e-5,-2.318018364220636e-5,1.2362391216260823e-4,1.0730253867305241e-4,1.2045594068751866e-5,-1.0904660667786315e-5,-2.865977171199333e-5,2.3203636805530736e-5,2.80414249695434e-5,5.32537006694136e-7,1.2147585371577277e-6,-5.062848627837763e-6,3.4387672736087867e-5,-6.287408166486417e-6,2.063671070561032e-5,-2.5322865370037692e-5,-1.435943471705282e-5,4.762982044460845e-6,-4.4404216809714474e-6,3.912117214512527e-7,-1.3323875007516998e-7,-1.3462982349554257e-6
C15m-C15-C15db-C15ae-C15bk,-0.1732621875331524,-0.009681731438328305,0.00723159988176057,0.011785588351676353,-0.005771182959808525,-0.002441140083418874,-5.61095442706781e-4,0.0012654072601378972,0.002552432284838706,-0.0033301466746972867,0.0049974242483888645,-9.127493012578208e-4,5.350744400216714e-4,-0.025547948340737134,-0.048860330538187294,-3.9460802036566696e-4,0.00571231450579947,0.003413297340939283,-4.0118378171056276e-4,-2.9771384405162814e-4,-3.8588292325162987e-4,0.0011487468494498388,2.9489755185701545e-4,-5.707659678087722e-4,3.2067578814886765e-4,4.1551861035572796e-4,-2.275030830492683e-6,4.6986215697999593e-4,1.3040946662213983e-4,-2.5096197062978885e-4,-2.3768892784231544e-4,2.9651060204854426e-4,-2.820338652294631e-4,-0.005936190260637239,7.87007633199248e-4,-3.6308875720167035e-5,-1.268566943066687e-4,-8.365622728738737e-5,-2.4157344174127515e-4,-2.4640461195946827e-4,-8.235908944271731e-4,-0.0011534184640371384,1.9645312405277976e-4,-6.809422939159999e-4,-3.376243815393843e-4,0.002002513614951051,-5.333463478125774e-4,1.2233880122887553e-4,-4.282654555907545e-4,6.45476378200157e-5,0.00102982874715967,-3.3925486629095145e-5,1.0862063643580214e-4,4.889398885585613e-4,3.270271622746522e-4,-1.612617291588688e-4,4.1378134953380056e-4,7.705282235059719e-4,7.606971749573322e-4,1.5699174953750274e-4,0.001651470783005132,6.054741216273676e-4,8.720404307755031e-4,-0.001107098490362233,-0.008117501766269443,0.0017590460425889443,0.0036542284854721176,0.014756748748432056,0.004254279490763584,0.006666354683605409,-0.004451196449796405,-0.0016343537166053801,-0.011183276177235855,0.0011368173295123116,0.001015005814441006,0.0021678271097361427,8.395510615856194e-4,-0.00554083263353623,0.002852126289855947,-5.174245781951752e-4,-5.402875287612681e-4,-6.81253599529615e-4,-6.819533714885937e-4,1.4122402949373367e-4,6.118353171917084e-5,-5.857499126396717e-5,-8.372959964208128e-4,-3.290844165312982e-4,1.4162748409455501e-4,-2.978949126421103e-4,-6.59853213322466e-4,3.468389894686463e-4,-2.6812910564734556e-4,4.722191277101985e-4,3.3626722270741654e-4,2.1047086470116856e-4,-6.3265777318051916e-6,1.5402210754637894e-4,-3.1889200496413233e-4,6.269543035238846e-4,8.90359166494097e-6,-2.919206419658497e-4,7.867130131166124e-5,1.3068929313427447e-4,-5.392300304103725e-6,-1.8352700691787988e-5,-3.6476101627319033e-4,2.550421832083615e-5,7.185052340386142e-5,2.388562708332095e-4,-9.891012648235226e-5,5.063211728806091e-5,-8.264839417929504e-5,2.775172896217579e-5,2.3553636379775607e-5,3.3092585089818304e-5,0.0010569915315460328,5.6122316927329936e-5,2.0973792057707403e-4,-3.5194492616418356e-5,-9.554143788799783e-5,7.334105347707052e-5,-4.2548030753366955e-5,8.214140549264871e-5,-1.7214060797482766e-5,-3.464717990594239e-6,-4.436421004793901e-5,5.724270593247413e-5,1.1464578409431724e-5,-4.666688949422361e-5,-5.304914939759665e-5,-1.8682333638883787e-4,-6.712148576272709e-5,1.167790839760391e-5,2.3323014352403608e-06,2.00346286308344e-5,-5.878921172507046e-6,-7.886624402375465e-6,-7.633662689851932e-6,2.1126451392961188e-6,1.3354786183999303e-6,1.3303041502475631e-8
C15m/C15-C15ae-C15bk,-0.16020436374178335,-0.009067504267477412,0.00690043861361853,0.010787608707633909,-0.005444796246098339,-0.002332979870251364,-7.008176213098928e-4,0.0011870956114935906,0.0025893533019069213,-0.002989400065915131,0.004250594574230734,-7.336605769873827e-4,3.511051858398144e-4,-0.012946360696065076,-0.023065028614274147,-9.413034290821837e-4,0.0023618416868086954,0.001496371558628924,-8.029886100094057e-5,-0.0030546271485889,8.354206562339405e-4,-0.005626531558550371,-0.0020964860165898504,0.0034954731679077184,-0.0012683789245173174,-0.006154675249593928,-0.0025134852752081204,-0.0014795298154539529,0.001866470781575048,0.0031456768966784837,0.004194788317091285,-4.309204685925573e-4,0.0036620253555582545,0.004467465245326689,0.0019386537543076986,-0.005232806466776468,-1.6744048943801937e-4,0.02872823348018624,0.005125767720118941,0.002196405243016693,0.005008878229814774,0.005771556266852575,-6.292212144306542e-4,0.002484075385721442,0.002728900161982033,-0.011141596642415728,0.0025262935196999777,0.0015825572587968018,-0.0012671645420706296,6.47209540122071e-4,-0.0010339726764409603,1.1676925516902253e-4,-6.716333713782235e-4,-5.958717926349633e-4,-2.298445054920829e-4,1.3136521848898408e-4,5.607278887842773e-4,-0.0010313375163884546,5.280615972353128e-5,-0.0010523839527953602,0.0015860853921323918,0.0018936297319108876,-0.0014963969145292075,0.0019738772417322837,0.002525392503142631,-8.130864169184665e-4,-6.678220088866029e-4,-0.002664935190922891,-3.153401215242309e-4,-8.67420720576756e-4,6.620672911822893e-4,-6.090012175458277e-6,0.0011854363885074031,-6.877352471314807e-4,-2.4825355515556007e-4,-3.6881867576747326e-4,-9.532606267854346e-5,5.158284345910731e-4,-7.244964181831017e-5,6.476846948002257e-7,2.4266522584212853e-5,-4.887723637827619e-6,8.233167902453574e-5,-9.259637517302159e-6,2.476686385497595e-5,7.69554881488087e-5,1.435011204667537e-4,-1.4888379249093417e-5,-4.250461953500895e-5,1.9822218300781852e-4,5.485421141623446e-5,-1.968355944012719e-5,-2.3946728824680348e-4,-5.462836468067494e-4,-3.4180202274134455e-4,-1.5625564123647868e-4,1.223434463871021e-5,-9.4966546513689e-5,1.606093552954215e-4,-6.245207073539758e-4,6.468671788608574e-5,2.6054954931644574e-4,-1.3955393073249712e-4,-1.9862542619723215e-4,3.6309554589127207e-5,-5.05974266084712e-5,3.107706611809372e-4,5.768122294705223e-5,1.1539740512071436e-5,4.672608589250973e-4,-5.472356223263271e-5,2.837688820605882e-4,-1.5303922073943622e-4,1.1488211741060414e-4,4.675176256432e-4,2.833399789782714e-4,-0.006821746814638553,-1.8252671187920282e-4,-6.012885915339792e-4,-1.6264495859669516e-5,2.6622460375046286e-5,-8.007662360121226e-5,2.4785866969956757e-5,-1.1483178665433737e-5,2.452062965393854e-5,-8.127684855347002e-6,2.6572414461824252e-5,-2.4739746948465382e-5,-1.034958127357379e-5,9.085207234859747e-6,8.925269402139899e-6,5.942116073792341e-5,2.084991591379559e-5,1.9412419651836374e-6,4.250597853636432e-6,1.8065585408620418e-5,6.175125766063019e-6,2.5993899769658565e-6,5.040583752416309e-6,-3.270847848779981e-7,-7.299763176226161e-7,1.3808627875102924e-7
C15m/C15-C15ae-C15ee-C15bk,-0.16266083082333144,-0.009188119456353614,0.006933612886895107,0.010927790134221467,-0.005455966908560601,-0.002318408357356565,-6.576901597309709e-4,0.0011845763833955797,0.002536980628936863,-0.0030207116231754094,0.00434550057387797,-7.606202939690994e-4,3.8505506147015387e-4,-0.01423264038741804,-0.025071067274489028,-8.585380541008056e-4,0.0025299818681645846,0.0013254563115254632,4.636010937642149e-6,-0.002826471291316342,7.756504901895935e-4,-0.005607621037122368,-0.002102486822744731,0.003538574716372697,-0.001275940638099811,-0.006743803689653133,-0.002770009160263482,-0.0017535268615307693,0.002148323357521949,0.0037476477249548217,0.005121348953515602,-6.188537780378201e-4,0.004567224450511071,0.007294743453823521,0.0021431769887138795,-0.006535750858557741,-1.0035896485888256e-4,0.03605920030155914,0.006552914977843027,0.0028552426976237587,0.0066564879572937954,0.007754049707741027,-8.619388498891582e-4,0.0033754656488682194,0.003783780668697983,-0.015762110964813,0.0036075926909018372,0.002333591785557177,-0.002023872968657567,0.0010679122738049076,-0.0013143526895253266,1.8566162397089155e-4,-0.0011453492217848296,-8.434156636117544e-4,-2.4371642282905334e-4,1.7752833174046028e-4,0.0013491221846313062,-0.0016911899926787318,5.679425283109986e-4,-0.0021710283368486633,0.004226643510430684,0.004367710617792258,-0.002862600265378058,0.0038381159828490764,0.003424126105557501,-0.001407802162643856,-6.80639590469676e-4,-0.003498981798758116,-8.31410559437077e-5,-0.0016537931751138789,0.0015302248438216989,9.15086523911027e-5,0.003108555021243767,-0.0015482343655953293,-6.232634566060253e-4,-0.0011986674010800577,-1.8822363780296566e-4,0.002248439872087535,-8.379413498126714e-4,1.1859946820693384e-4,1.8964637488728096e-4,1.529900688588887e-4,2.8003834651349274e-4,1.0104936911651606e-5,1.0969357851383521e-5,1.488298712557438e-4,4.8049992755285886e-4,7.562186751855463e-5,-9.612632328839565e-5,3.3019512552042964e-4,6.728333197104702e-5,4.8609852385877466e-5,-7.039124472754878e-4,-0.001179894068238722,-7.875008904385103e-4,-3.926083132623724e-4,-1.0412783951815408e-4,-2.3047374448944015e-4,2.692142570584267e-4,-1.4976678036301893e-4,5.746685196958078e-5,8.561257072466209e-4,-1.4984631548798692e-4,1.197428436447028e-4,-3.4570185428918384e-5,1.5258791870032933e-4,7.348133577667359e-4,-1.2844959433218757e-4,-7.513592992784385e-5,-6.920213977060042e-4,1.9594511754169325e-4,-3.1839246239110096e-4,2.4072203485192705e-4,-1.446469821547286e-4,-4.7634661226322053e-4,-2.549647427746091e-4,0.00514695558090863,1.2338497093365814e-4,3.85319484677178e-4,1.930618417398353e-5,2.390285333288974e-5,2.010447296621395e-5,7.106598709139865e-6,-2.7049330033908756e-5,-4.2698009886099e-6,9.886281086667232e-6,2.3295245949942095e-6,-8.849742139052436e-6,6.293892764323435e-6,1.768119471132169e-5,2.0335409075230417e-5,4.7517227558352396e-5,1.908924772537096e-5,-6.0772945636342304e-6,-1.1251551114236422e-6,-2.6071598623571847e-5,-1.2321901873349754e-6,1.016077017921339e-6,4.137513406288792e-7,-7.244928225975253e-7,-4.3755257305216777e-7,1.8797911988856986e-8
0,0.13164779493307088,0.10469105973502614,0.10197281828307288,0.08726279401620805,0.07339648274239051,0.0620304129900434,0.05629288317250806,0.05321083230934948,0.047349703369202224,0.042329839132585784,0.039111077813122494,0.03697161852766329,0.036233355161295874,0.02475757578479473,0.022210430108655078,0.021143777761224176,0.01965059446600098,0.014206238534333972,0.012001040140604933,0.01110674498693769,0.00973215834974317,0.009631819243810026,0.009551030074654649,0.00931121889790193,0.008985186252705146,0.00695183204884855,0.006387974189805252,0.005402080588572409,0.005072993201513229,0.0044428552331035225,0.0039062480385149835,0.0035840537163557454,0.0035079665846313056,0.0033022201013266526,0.0031292553708552567,0.0029467368922556094,0.0028701257983618287,0.0026308706833132827,0.002525622947720165,0.0021633430991294883,0.002020805342469374,0.0018705345417225955,0.0018466884331993993,0.0016739873962119064,0.0015359458133377005,0.0014344623851498478,0.0013507231112735048,0.0013410937498654115,0.0012862026666863031,0.0011143461244411616,0.0010833029533218268,9.85276348257959e-4,9.60759511440803e-4,9.420584969857948e-4,8.572373348283191e-4,8.333755918459245e-4,8.097240625375544e-4,7.71691678209456e-4,7.536736966627805e-4,7.06603675906337e-4,6.834074362450827e-4,6.727706508534414e-4,6.402934219788852e-4,6.237164626100366e-4,5.346763200305759e-4,5.212781213109796e-4,5.086284392096593e-4,4.8775093585342943e-4,4.764857308157155e-4,4.3372962120264655e-4,4.050701334233532e-4,4.012732089564246e-4,3.978915677640696e-4,3.8457580771646393e-4,3.682880851265632e-4,3.470456539113384e-4,3.4570065461871145e-4,3.3201215260295866e-4,3.220830016110177e-4,3.0631441312455114e-4,2.9259539213854916e-4,2.8241281910513166e-4,2.818990708639688e-4,2.6691416508502083e-4,2.653387107355409e-4,2.5831900641838835e-4,2.4435514760882596e-4,2.290999322471166e-4,2.1522095300036722e-4,2.1000197073652602e-4,2.0213287499351414e-4,1.9403525635850456e-4,1.8422079938919367e-4,1.776644906698295e-4,1.761016230145405e-4,1.7011514204175318e-4,1.6770808691443908e-4,1.6004316217817054e-4,1.5116758501567022e-4,1.306549820483469e-4,1.2198393179678775e-4,1.1534762368500236e-4,1.1111341258310534e-4,1.0478548628248586e-4,9.749355543873149e-5,9.145749425278338e-5,8.978212153340484e-5,8.256625606930951e-5,6.652430563972058e-5,6.42114889224906e-5,6.265121602516841e-5,5.7275233753575534e-5,5.591762968634457e-5,5.107444832749669e-5,4.160466291008355e-5,3.900465909117849e-5,3.339464374091801e-5,3.105806871057873e-5,2.994639112824802e-5,2.612978633741238e-5,2.5106709789623408e-5,2.401594596163474e-5,2.263421781249525e-5,2.1533919935723893e-5,1.853466801484722e-5,1.6549195865698796e-5,1.4258110823376497e-5,1.331641277707159e-5,9.82659633279611e-6,7.0455528112445765e-6,6.270926701198549e-6,5.994339068783708e-6,5.372482316949754e-6,4.126461454647393e-6,3.618568234655168e-6,2.9366150444783694e-6,2.209604905190509e-6,1.2778758703580216e-6,1.1820621088258697e-6,8.270548799952056e-7,3.458731092295954e-7,9.36205765908675e-8
